
=== QCD ===

[QCD] listing /pnfs/hep.ph.ic.ac.uk/data/cms/store/user/tafoyava/samples/bParking/2024
  1 PT-bin directories; taking ALL file(s) each
  -> 250923_140547/
    -> 0000/
         999 .root files collected under 0000
    -> 0001/
         1000 .root files collected under 0001
    -> 0002/
         1000 .root files collected under 0002
    -> 0003/
         746 .root files collected under 0003
       3745 .root files collected under 250923_140547
     3745 .root files collected under QCD_Bin-PT-600to800_Fil-MuEnriched_TuneCP5_13p6TeV_pythia8
  => 3745 QCD files over 1 bins

[QCD bin] QCD_Bin-PT-600to800_Fil-MuEnriched_TuneCP5_13p6TeV_pythia8  (xs = 21.27 pb, 3745 of 3745 files)
/vols/cms/jtafoyav/parking/nanoaod_base_analysis_13/dqcd/nanoaod_base_analysis/data/software/lib/python3.9/site-packages/_distutils_hack/__init__.py:11: UserWarning: Distutils was imported before Setuptools, but importing Setuptools also replaces the `distutils` module in `sys.modules`. This may lead to undesirable behaviors or errors. To avoid these issues, avoid using distutils directly, ensure that setuptools is installed in the traditional way (e.g. not an editable install), and/or make sure that setuptools is always imported before distutils.
  warnings.warn(
/vols/cms/jtafoyav/parking/nanoaod_base_analysis_13/dqcd/nanoaod_base_analysis/data/software/lib/python3.9/site-packages/_distutils_hack/__init__.py:26: UserWarning: Setuptools is replacing distutils.
  warnings.warn("Setuptools is replacing distutils.")
  [1/3745] nano_1.root
         -> 5,014 vertices (2,437 trig, 1,662 trig+kin events)
  [2/3745] nano_10.root
         -> 5,717 vertices (2,570 trig, 1,812 trig+kin events)
  [3/3745] nano_100.root
         -> 4,378 vertices (2,054 trig, 1,446 trig+kin events)
  [4/3745] nano_101.root
         -> 4,057 vertices (1,792 trig, 1,276 trig+kin events)
  [5/3745] nano_102.root
         -> 3,765 vertices (1,805 trig, 1,274 trig+kin events)
  [6/3745] nano_103.root
         -> 4,931 vertices (2,235 trig, 1,612 trig+kin events)
  [7/3745] nano_104.root
         -> 3,285 vertices (1,637 trig, 1,145 trig+kin events)
  [8/3745] nano_105.root
         -> 3,870 vertices (1,804 trig, 1,280 trig+kin events)
  [9/3745] nano_106.root
         -> 4,647 vertices (2,111 trig, 1,560 trig+kin events)
  [10/3745] nano_107.root
         -> 4,643 vertices (2,153 trig, 1,547 trig+kin events)
  [11/3745] nano_108.root
         -> 3,671 vertices (1,643 trig, 1,175 trig+kin events)
  [12/3745] nano_109.root
         -> 3,888 vertices (1,800 trig, 1,255 trig+kin events)
  [13/3745] nano_11.root
         -> 3,860 vertices (1,721 trig, 1,250 trig+kin events)
  [14/3745] nano_110.root
         -> 5,436 vertices (2,530 trig, 1,801 trig+kin events)
  [15/3745] nano_111.root
         -> 4,061 vertices (1,872 trig, 1,326 trig+kin events)
  [16/3745] nano_112.root
         -> 896 vertices (404 trig, 286 trig+kin events)
  [17/3745] nano_113.root
         -> 6,773 vertices (3,135 trig, 2,193 trig+kin events)
  [18/3745] nano_114.root
         -> 5,235 vertices (2,343 trig, 1,635 trig+kin events)
  [19/3745] nano_115.root
         -> 6,482 vertices (2,773 trig, 2,004 trig+kin events)
  [20/3745] nano_116.root
         -> 6,852 vertices (3,149 trig, 2,251 trig+kin events)
  [21/3745] nano_117.root
         -> 5,482 vertices (2,600 trig, 1,843 trig+kin events)
  [22/3745] nano_118.root
         -> 3,595 vertices (1,645 trig, 1,162 trig+kin events)
  [23/3745] nano_119.root
         -> 3,752 vertices (1,686 trig, 1,187 trig+kin events)
  [24/3745] nano_12.root
         -> 7,244 vertices (3,248 trig, 2,321 trig+kin events)
  [25/3745] nano_120.root
         -> 4,073 vertices (1,973 trig, 1,393 trig+kin events)
  [26/3745] nano_121.root
         -> 4,223 vertices (1,939 trig, 1,392 trig+kin events)
  [27/3745] nano_122.root
         -> 4,562 vertices (2,054 trig, 1,446 trig+kin events)
  [28/3745] nano_123.root
         -> 3,939 vertices (1,905 trig, 1,342 trig+kin events)
  [29/3745] nano_124.root
         -> 4,073 vertices (1,909 trig, 1,320 trig+kin events)
  [30/3745] nano_125.root
         -> 4,655 vertices (2,091 trig, 1,489 trig+kin events)
  [31/3745] nano_126.root
         -> 4,200 vertices (1,942 trig, 1,403 trig+kin events)
  [32/3745] nano_127.root
         -> 3,643 vertices (1,771 trig, 1,254 trig+kin events)
  [33/3745] nano_128.root
         -> 3,527 vertices (1,688 trig, 1,188 trig+kin events)
  [34/3745] nano_129.root
         -> 3,535 vertices (1,679 trig, 1,171 trig+kin events)
  [35/3745] nano_13.root
         -> 4,062 vertices (1,862 trig, 1,338 trig+kin events)
  [36/3745] nano_130.root
         -> 3,767 vertices (1,712 trig, 1,267 trig+kin events)
  [37/3745] nano_131.root
         -> 3,887 vertices (1,840 trig, 1,299 trig+kin events)
  [38/3745] nano_132.root
         -> 4,702 vertices (2,168 trig, 1,533 trig+kin events)
  [39/3745] nano_133.root
         -> 3,228 vertices (1,590 trig, 1,148 trig+kin events)
  [40/3745] nano_134.root
         -> 4,208 vertices (1,863 trig, 1,336 trig+kin events)
  [41/3745] nano_135.root
         -> 4,492 vertices (1,994 trig, 1,412 trig+kin events)
  [42/3745] nano_136.root
         -> 4,255 vertices (2,172 trig, 1,523 trig+kin events)
  [43/3745] nano_137.root
         -> 3,831 vertices (1,637 trig, 1,173 trig+kin events)
  [44/3745] nano_138.root
         -> 3,415 vertices (1,596 trig, 1,139 trig+kin events)
  [45/3745] nano_139.root
         -> 4,782 vertices (2,103 trig, 1,503 trig+kin events)
  [46/3745] nano_14.root
         -> 5,761 vertices (2,610 trig, 1,861 trig+kin events)
  [47/3745] nano_140.root
         -> 5,306 vertices (2,261 trig, 1,634 trig+kin events)
  [48/3745] nano_141.root
         -> 3,636 vertices (1,800 trig, 1,278 trig+kin events)
  [49/3745] nano_142.root
         -> 4,531 vertices (2,018 trig, 1,454 trig+kin events)
  [50/3745] nano_143.root
         -> 3,735 vertices (1,687 trig, 1,168 trig+kin events)
  [51/3745] nano_144.root
         -> 3,886 vertices (1,786 trig, 1,291 trig+kin events)
  [52/3745] nano_145.root
         -> 4,082 vertices (2,041 trig, 1,468 trig+kin events)
  [53/3745] nano_146.root
         -> 3,461 vertices (1,634 trig, 1,141 trig+kin events)
  [54/3745] nano_147.root
         -> 3,668 vertices (1,690 trig, 1,224 trig+kin events)
  [55/3745] nano_148.root
         -> 6,428 vertices (3,049 trig, 2,184 trig+kin events)
  [56/3745] nano_149.root
         -> 5,358 vertices (2,491 trig, 1,758 trig+kin events)
  [57/3745] nano_15.root
         -> 4,147 vertices (1,963 trig, 1,380 trig+kin events)
  [58/3745] nano_150.root
         -> 3,657 vertices (1,746 trig, 1,238 trig+kin events)
  [59/3745] nano_151.root
         -> 3,481 vertices (1,677 trig, 1,172 trig+kin events)
  [60/3745] nano_152.root
         -> 3,771 vertices (1,741 trig, 1,236 trig+kin events)
  [61/3745] nano_153.root
         -> 3,391 vertices (1,594 trig, 1,125 trig+kin events)
  [62/3745] nano_154.root
         -> 3,522 vertices (1,671 trig, 1,164 trig+kin events)
  [63/3745] nano_155.root
         -> 4,671 vertices (2,237 trig, 1,594 trig+kin events)
  [64/3745] nano_156.root
         -> 4,432 vertices (2,053 trig, 1,468 trig+kin events)
  [65/3745] nano_157.root
         -> 3,674 vertices (1,701 trig, 1,194 trig+kin events)
  [66/3745] nano_158.root
         -> 4,753 vertices (2,316 trig, 1,642 trig+kin events)
  [67/3745] nano_159.root
         -> 3,580 vertices (1,616 trig, 1,135 trig+kin events)
  [68/3745] nano_16.root
         -> 4,911 vertices (2,132 trig, 1,544 trig+kin events)
  [69/3745] nano_160.root
         -> 3,599 vertices (1,668 trig, 1,203 trig+kin events)
  [70/3745] nano_161.root
         -> 3,666 vertices (1,636 trig, 1,190 trig+kin events)
  [71/3745] nano_162.root
         -> 3,122 vertices (1,326 trig, 952 trig+kin events)
  [72/3745] nano_163.root
         -> 4,618 vertices (2,203 trig, 1,567 trig+kin events)
  [73/3745] nano_164.root
         -> 3,967 vertices (1,771 trig, 1,282 trig+kin events)
  [74/3745] nano_165.root
         -> 3,274 vertices (1,403 trig, 1,014 trig+kin events)
  [75/3745] nano_166.root
         -> 3,842 vertices (1,746 trig, 1,257 trig+kin events)
  [76/3745] nano_167.root
         -> 4,056 vertices (1,834 trig, 1,314 trig+kin events)
  [77/3745] nano_168.root
         -> 3,720 vertices (1,777 trig, 1,257 trig+kin events)
  [78/3745] nano_169.root
         -> 3,858 vertices (1,840 trig, 1,281 trig+kin events)
  [79/3745] nano_17.root
         -> 3,740 vertices (1,750 trig, 1,238 trig+kin events)
  [80/3745] nano_170.root
         -> 3,440 vertices (1,621 trig, 1,163 trig+kin events)
  [81/3745] nano_171.root
         -> 3,592 vertices (1,695 trig, 1,222 trig+kin events)
  [82/3745] nano_172.root
         -> 3,508 vertices (1,734 trig, 1,237 trig+kin events)
  [83/3745] nano_173.root
         -> 3,455 vertices (1,644 trig, 1,147 trig+kin events)
  [84/3745] nano_174.root
         -> 3,591 vertices (1,710 trig, 1,211 trig+kin events)
  [85/3745] nano_175.root
         -> 3,652 vertices (1,635 trig, 1,146 trig+kin events)
  [86/3745] nano_176.root
         -> 4,937 vertices (2,290 trig, 1,627 trig+kin events)
  [87/3745] nano_177.root
         -> 3,744 vertices (1,654 trig, 1,161 trig+kin events)
  [88/3745] nano_178.root
         -> 3,824 vertices (1,719 trig, 1,212 trig+kin events)
  [89/3745] nano_179.root
         -> 4,851 vertices (2,284 trig, 1,614 trig+kin events)
  [90/3745] nano_18.root
         -> 5,524 vertices (2,425 trig, 1,772 trig+kin events)
  [91/3745] nano_180.root
         -> 3,683 vertices (1,628 trig, 1,162 trig+kin events)
  [92/3745] nano_181.root
         -> 4,329 vertices (2,004 trig, 1,381 trig+kin events)
  [93/3745] nano_182.root
         -> 3,585 vertices (1,630 trig, 1,174 trig+kin events)
  [94/3745] nano_183.root
         -> 2,857 vertices (1,366 trig, 953 trig+kin events)
  [95/3745] nano_184.root
         -> 3,980 vertices (1,890 trig, 1,311 trig+kin events)
  [96/3745] nano_185.root
         -> 923 vertices (404 trig, 279 trig+kin events)
  [97/3745] nano_186.root
         -> 1,787 vertices (839 trig, 595 trig+kin events)
  [98/3745] nano_187.root
         -> 3,662 vertices (1,679 trig, 1,198 trig+kin events)
  [99/3745] nano_188.root
         -> 3,508 vertices (1,737 trig, 1,203 trig+kin events)
  [100/3745] nano_189.root
         -> 4,045 vertices (1,887 trig, 1,344 trig+kin events)
  [101/3745] nano_19.root
         -> 3,937 vertices (1,778 trig, 1,289 trig+kin events)
  [102/3745] nano_190.root
         -> 1,819 vertices (751 trig, 561 trig+kin events)
  [103/3745] nano_191.root
         -> 925 vertices (423 trig, 289 trig+kin events)
  [104/3745] nano_192.root
         -> 3,367 vertices (1,576 trig, 1,108 trig+kin events)
  [105/3745] nano_193.root
         -> 819 vertices (304 trig, 215 trig+kin events)
  [106/3745] nano_194.root
         -> 3,913 vertices (1,634 trig, 1,182 trig+kin events)
  [107/3745] nano_195.root
         -> 512 vertices (242 trig, 165 trig+kin events)
  [108/3745] nano_196.root
         -> 3,872 vertices (1,742 trig, 1,234 trig+kin events)
  [109/3745] nano_197.root
         -> 911 vertices (481 trig, 326 trig+kin events)
  [110/3745] nano_198.root
         -> 4,088 vertices (2,050 trig, 1,437 trig+kin events)
  [111/3745] nano_199.root
         -> 4,594 vertices (2,033 trig, 1,459 trig+kin events)
  [112/3745] nano_2.root
         -> 3,956 vertices (1,788 trig, 1,267 trig+kin events)
  [113/3745] nano_20.root
         -> 5,469 vertices (2,636 trig, 1,887 trig+kin events)
  [114/3745] nano_200.root
         -> 3,963 vertices (1,676 trig, 1,212 trig+kin events)
  [115/3745] nano_201.root
         -> 4,516 vertices (2,180 trig, 1,532 trig+kin events)
  [116/3745] nano_202.root
         -> 4,080 vertices (1,907 trig, 1,370 trig+kin events)
  [117/3745] nano_203.root
         -> 3,977 vertices (1,941 trig, 1,354 trig+kin events)
  [118/3745] nano_204.root
         -> 3,290 vertices (1,370 trig, 1,002 trig+kin events)
  [119/3745] nano_205.root
         -> 3,515 vertices (1,644 trig, 1,162 trig+kin events)
  [120/3745] nano_206.root
         -> 3,930 vertices (1,770 trig, 1,253 trig+kin events)
  [121/3745] nano_207.root
         -> 4,085 vertices (1,745 trig, 1,240 trig+kin events)
  [122/3745] nano_208.root
         -> 4,277 vertices (1,958 trig, 1,437 trig+kin events)
  [123/3745] nano_209.root
         -> 5,226 vertices (2,489 trig, 1,777 trig+kin events)
  [124/3745] nano_21.root
         -> 5,372 vertices (2,407 trig, 1,728 trig+kin events)
  [125/3745] nano_210.root
         -> 3,644 vertices (1,749 trig, 1,247 trig+kin events)
  [126/3745] nano_211.root
         -> 3,790 vertices (1,709 trig, 1,236 trig+kin events)
  [127/3745] nano_212.root
         -> 3,666 vertices (1,644 trig, 1,132 trig+kin events)
  [128/3745] nano_213.root
         -> 4,367 vertices (1,992 trig, 1,408 trig+kin events)
  [129/3745] nano_214.root
         -> 3,402 vertices (1,590 trig, 1,117 trig+kin events)
  [130/3745] nano_215.root
         -> 4,060 vertices (1,899 trig, 1,346 trig+kin events)
  [131/3745] nano_216.root
         -> 3,761 vertices (1,779 trig, 1,263 trig+kin events)
  [132/3745] nano_217.root
         -> 4,303 vertices (2,069 trig, 1,477 trig+kin events)
  [133/3745] nano_218.root
         -> 3,890 vertices (1,879 trig, 1,343 trig+kin events)
  [134/3745] nano_219.root
         -> 3,621 vertices (1,621 trig, 1,164 trig+kin events)
  [135/3745] nano_22.root
         -> 4,240 vertices (1,890 trig, 1,351 trig+kin events)
  [136/3745] nano_220.root
         -> 3,816 vertices (1,648 trig, 1,163 trig+kin events)
  [137/3745] nano_221.root
         -> 3,611 vertices (1,627 trig, 1,186 trig+kin events)
  [138/3745] nano_222.root
         -> 3,426 vertices (1,652 trig, 1,190 trig+kin events)
  [139/3745] nano_223.root
         -> 3,104 vertices (1,362 trig, 985 trig+kin events)
  [140/3745] nano_224.root
         -> 3,798 vertices (1,629 trig, 1,167 trig+kin events)
  [141/3745] nano_225.root
         -> 3,841 vertices (1,717 trig, 1,240 trig+kin events)
  [142/3745] nano_226.root
         -> 3,367 vertices (1,674 trig, 1,189 trig+kin events)
  [143/3745] nano_227.root
         -> 3,393 vertices (1,574 trig, 1,125 trig+kin events)
  [144/3745] nano_228.root
         -> 3,869 vertices (1,795 trig, 1,281 trig+kin events)
  [145/3745] nano_229.root
         -> 3,698 vertices (1,766 trig, 1,252 trig+kin events)
  [146/3745] nano_23.root
         -> 3,406 vertices (1,587 trig, 1,117 trig+kin events)
  [147/3745] nano_230.root
         -> 3,816 vertices (1,754 trig, 1,231 trig+kin events)
  [148/3745] nano_231.root
         -> 3,972 vertices (1,851 trig, 1,326 trig+kin events)
  [149/3745] nano_232.root
         -> 3,510 vertices (1,623 trig, 1,161 trig+kin events)
  [150/3745] nano_233.root
         -> 386 vertices (180 trig, 125 trig+kin events)
  [151/3745] nano_234.root
         -> 4,606 vertices (2,087 trig, 1,479 trig+kin events)
  [152/3745] nano_235.root
         -> 3,956 vertices (1,744 trig, 1,247 trig+kin events)
  [153/3745] nano_236.root
         -> 4,080 vertices (1,923 trig, 1,351 trig+kin events)
  [154/3745] nano_237.root
         -> 3,990 vertices (1,735 trig, 1,225 trig+kin events)
  [155/3745] nano_238.root
         -> 3,679 vertices (1,686 trig, 1,221 trig+kin events)
  [156/3745] nano_239.root
         -> 3,714 vertices (1,682 trig, 1,188 trig+kin events)
  [157/3745] nano_24.root
         -> 3,594 vertices (1,652 trig, 1,192 trig+kin events)
  [158/3745] nano_240.root
         -> 1,428 vertices (609 trig, 443 trig+kin events)
  [159/3745] nano_241.root
         -> 5,233 vertices (2,392 trig, 1,695 trig+kin events)
  [160/3745] nano_242.root
         -> 3,946 vertices (1,826 trig, 1,308 trig+kin events)
  [161/3745] nano_243.root
         -> 3,447 vertices (1,634 trig, 1,167 trig+kin events)
  [162/3745] nano_244.root
         -> 3,520 vertices (1,720 trig, 1,205 trig+kin events)
  [163/3745] nano_245.root
         -> 1,250 vertices (549 trig, 400 trig+kin events)
  [164/3745] nano_246.root
         -> 4,163 vertices (1,774 trig, 1,281 trig+kin events)
  [165/3745] nano_247.root
         -> 1,827 vertices (884 trig, 611 trig+kin events)
  [166/3745] nano_248.root
         -> 3,901 vertices (1,757 trig, 1,265 trig+kin events)
  [167/3745] nano_249.root
         -> 2,449 vertices (1,210 trig, 881 trig+kin events)
  [168/3745] nano_25.root
         -> 3,803 vertices (1,754 trig, 1,289 trig+kin events)
  [169/3745] nano_250.root
         -> 4,288 vertices (2,028 trig, 1,420 trig+kin events)
  [170/3745] nano_251.root
         -> 4,193 vertices (1,892 trig, 1,342 trig+kin events)
  [171/3745] nano_252.root
         -> 4,058 vertices (1,807 trig, 1,303 trig+kin events)
  [172/3745] nano_253.root
         -> 872 vertices (365 trig, 271 trig+kin events)
  [173/3745] nano_254.root
         -> 3,692 vertices (1,693 trig, 1,201 trig+kin events)
  [174/3745] nano_255.root
         -> 3,772 vertices (1,686 trig, 1,168 trig+kin events)
  [175/3745] nano_256.root
         -> 3,982 vertices (1,812 trig, 1,283 trig+kin events)
  [176/3745] nano_257.root
         -> 3,781 vertices (1,724 trig, 1,242 trig+kin events)
  [177/3745] nano_258.root
         -> 3,718 vertices (1,700 trig, 1,217 trig+kin events)
  [178/3745] nano_259.root
         -> 4,149 vertices (1,870 trig, 1,316 trig+kin events)
  [179/3745] nano_26.root
         -> 4,626 vertices (2,029 trig, 1,453 trig+kin events)
  [180/3745] nano_260.root
         -> 3,714 vertices (1,689 trig, 1,206 trig+kin events)
  [181/3745] nano_261.root
         -> 3,477 vertices (1,675 trig, 1,139 trig+kin events)
  [182/3745] nano_262.root
         -> 3,796 vertices (1,686 trig, 1,207 trig+kin events)
  [183/3745] nano_263.root
         -> 4,410 vertices (1,976 trig, 1,393 trig+kin events)
  [184/3745] nano_264.root
         -> 3,727 vertices (1,641 trig, 1,172 trig+kin events)
  [185/3745] nano_265.root
         -> 3,694 vertices (1,631 trig, 1,147 trig+kin events)
  [186/3745] nano_266.root
         -> 3,840 vertices (1,859 trig, 1,311 trig+kin events)
  [187/3745] nano_267.root
         -> 2,276 vertices (1,110 trig, 812 trig+kin events)
  [188/3745] nano_268.root
         -> 409 vertices (185 trig, 135 trig+kin events)
  [189/3745] nano_269.root
         -> 3,449 vertices (1,705 trig, 1,192 trig+kin events)
  [190/3745] nano_27.root
         -> 3,693 vertices (1,596 trig, 1,191 trig+kin events)
  [191/3745] nano_270.root
         -> 3,358 vertices (1,724 trig, 1,220 trig+kin events)
  [192/3745] nano_271.root
         -> 1,916 vertices (809 trig, 567 trig+kin events)
  [193/3745] nano_272.root
         -> 3,715 vertices (1,692 trig, 1,211 trig+kin events)
  [194/3745] nano_273.root
         -> 3,635 vertices (1,714 trig, 1,204 trig+kin events)
  [195/3745] nano_274.root
         -> 3,642 vertices (1,649 trig, 1,177 trig+kin events)
  [196/3745] nano_275.root
         -> 2,207 vertices (984 trig, 680 trig+kin events)
  [197/3745] nano_276.root
         -> 4,960 vertices (2,112 trig, 1,509 trig+kin events)
  [198/3745] nano_277.root
         -> 7,229 vertices (3,214 trig, 2,291 trig+kin events)
  [199/3745] nano_278.root
         -> 3,632 vertices (1,695 trig, 1,202 trig+kin events)
  [200/3745] nano_279.root
         -> 6,351 vertices (3,241 trig, 2,248 trig+kin events)
  [201/3745] nano_28.root
         -> 3,621 vertices (1,688 trig, 1,174 trig+kin events)
  [202/3745] nano_280.root
         -> 4,820 vertices (2,296 trig, 1,625 trig+kin events)
  [203/3745] nano_281.root
         -> 3,950 vertices (1,839 trig, 1,292 trig+kin events)
  [204/3745] nano_282.root
         -> 5,221 vertices (2,239 trig, 1,618 trig+kin events)
  [205/3745] nano_283.root
         -> 4,777 vertices (2,243 trig, 1,593 trig+kin events)
  [206/3745] nano_284.root
         -> 4,973 vertices (2,280 trig, 1,615 trig+kin events)
  [207/3745] nano_285.root
         -> 4,289 vertices (1,991 trig, 1,428 trig+kin events)
  [208/3745] nano_286.root
         -> 3,778 vertices (1,827 trig, 1,296 trig+kin events)
  [209/3745] nano_287.root
         -> 3,606 vertices (1,729 trig, 1,211 trig+kin events)
  [210/3745] nano_288.root
         -> 2,233 vertices (1,019 trig, 735 trig+kin events)
  [211/3745] nano_289.root
         -> 4,498 vertices (2,247 trig, 1,608 trig+kin events)
  [212/3745] nano_29.root
         -> 5,410 vertices (2,649 trig, 1,878 trig+kin events)
  [213/3745] nano_290.root
         -> 178 vertices (81 trig, 62 trig+kin events)
  [214/3745] nano_291.root
         -> 3,693 vertices (1,715 trig, 1,200 trig+kin events)
  [215/3745] nano_292.root
         -> 7,195 vertices (3,162 trig, 2,262 trig+kin events)
  [216/3745] nano_293.root
         -> 6,284 vertices (2,961 trig, 2,071 trig+kin events)
  [217/3745] nano_294.root
         -> 4,426 vertices (2,113 trig, 1,505 trig+kin events)
  [218/3745] nano_295.root
         -> 6,559 vertices (3,078 trig, 2,218 trig+kin events)
  [219/3745] nano_296.root
         -> 6,737 vertices (3,256 trig, 2,291 trig+kin events)
  [220/3745] nano_297.root
         -> 4,469 vertices (1,986 trig, 1,400 trig+kin events)
  [221/3745] nano_298.root
         -> 5,199 vertices (2,222 trig, 1,573 trig+kin events)
  [222/3745] nano_299.root
         -> 3,741 vertices (1,669 trig, 1,170 trig+kin events)
  [223/3745] nano_3.root
         -> 5,541 vertices (2,439 trig, 1,747 trig+kin events)
  [224/3745] nano_30.root
         -> 4,665 vertices (2,101 trig, 1,527 trig+kin events)
  [225/3745] nano_300.root
         -> 4,020 vertices (1,795 trig, 1,262 trig+kin events)
  [226/3745] nano_301.root
         -> 5,961 vertices (2,598 trig, 1,827 trig+kin events)
  [227/3745] nano_302.root
         -> 4,143 vertices (1,895 trig, 1,313 trig+kin events)
  [228/3745] nano_303.root
         -> 5,791 vertices (2,739 trig, 1,954 trig+kin events)
  [229/3745] nano_304.root
         -> 6,983 vertices (3,273 trig, 2,291 trig+kin events)
  [230/3745] nano_305.root
         -> 3,650 vertices (1,613 trig, 1,125 trig+kin events)
  [231/3745] nano_306.root
         -> 6,663 vertices (3,162 trig, 2,231 trig+kin events)
  [232/3745] nano_307.root
         -> 7,126 vertices (3,145 trig, 2,236 trig+kin events)
  [233/3745] nano_308.root
         -> 5,942 vertices (2,671 trig, 1,891 trig+kin events)
  [234/3745] nano_309.root
         -> 5,281 vertices (2,390 trig, 1,700 trig+kin events)
  [235/3745] nano_31.root
         -> 4,634 vertices (1,956 trig, 1,414 trig+kin events)
  [236/3745] nano_310.root
         -> 1,188 vertices (552 trig, 384 trig+kin events)
  [237/3745] nano_311.root
         -> 4,301 vertices (1,746 trig, 1,239 trig+kin events)
  [238/3745] nano_312.root
         -> 4,173 vertices (1,890 trig, 1,356 trig+kin events)
  [239/3745] nano_313.root
         -> 6,144 vertices (2,760 trig, 1,983 trig+kin events)
  [240/3745] nano_314.root
         -> 5,979 vertices (2,740 trig, 1,948 trig+kin events)
  [241/3745] nano_315.root
         -> 7,062 vertices (3,280 trig, 2,307 trig+kin events)
  [242/3745] nano_316.root
         -> 5,862 vertices (2,834 trig, 1,973 trig+kin events)
  [243/3745] nano_317.root
         -> 3,712 vertices (1,707 trig, 1,184 trig+kin events)
  [244/3745] nano_318.root
         -> 3,840 vertices (1,710 trig, 1,223 trig+kin events)
  [245/3745] nano_319.root
         -> 6,688 vertices (3,127 trig, 2,213 trig+kin events)
  [246/3745] nano_32.root
         -> 4,284 vertices (1,827 trig, 1,290 trig+kin events)
  [247/3745] nano_320.root
         -> 5,433 vertices (2,499 trig, 1,788 trig+kin events)
  [248/3745] nano_321.root
         -> 7,558 vertices (3,266 trig, 2,369 trig+kin events)
  [249/3745] nano_322.root
         -> 3,673 vertices (1,753 trig, 1,261 trig+kin events)
  [250/3745] nano_323.root
         -> 4,575 vertices (2,238 trig, 1,596 trig+kin events)
  [251/3745] nano_324.root
         -> 3,409 vertices (1,591 trig, 1,130 trig+kin events)
  [252/3745] nano_325.root
         -> 3,566 vertices (1,805 trig, 1,240 trig+kin events)
  [253/3745] nano_326.root
         -> 3,620 vertices (1,733 trig, 1,231 trig+kin events)
  [254/3745] nano_327.root
         -> 3,499 vertices (1,709 trig, 1,234 trig+kin events)
  [255/3745] nano_328.root
         -> 3,949 vertices (1,824 trig, 1,302 trig+kin events)
  [256/3745] nano_329.root
         -> 3,720 vertices (1,688 trig, 1,189 trig+kin events)
  [257/3745] nano_33.root
         -> 5,249 vertices (2,358 trig, 1,684 trig+kin events)
  [258/3745] nano_330.root
         -> 3,909 vertices (1,827 trig, 1,314 trig+kin events)
  [259/3745] nano_331.root
         -> 3,496 vertices (1,673 trig, 1,165 trig+kin events)
  [260/3745] nano_332.root
         -> 4,028 vertices (1,894 trig, 1,330 trig+kin events)
  [261/3745] nano_333.root
         -> 3,497 vertices (1,650 trig, 1,162 trig+kin events)
  [262/3745] nano_334.root
         -> 4,362 vertices (2,077 trig, 1,451 trig+kin events)
  [263/3745] nano_335.root
         -> 3,944 vertices (1,914 trig, 1,337 trig+kin events)
  [264/3745] nano_336.root
         -> 3,440 vertices (1,596 trig, 1,128 trig+kin events)
  [265/3745] nano_337.root
         -> 3,543 vertices (1,641 trig, 1,154 trig+kin events)
  [266/3745] nano_338.root
         -> 3,399 vertices (1,657 trig, 1,173 trig+kin events)
  [267/3745] nano_339.root
         -> 4,026 vertices (1,798 trig, 1,283 trig+kin events)
  [268/3745] nano_34.root
         -> 4,557 vertices (1,924 trig, 1,386 trig+kin events)
  [269/3745] nano_340.root
         -> 4,050 vertices (1,851 trig, 1,312 trig+kin events)
  [270/3745] nano_341.root
         -> 3,930 vertices (1,590 trig, 1,126 trig+kin events)
  [271/3745] nano_342.root
         -> 3,869 vertices (1,975 trig, 1,357 trig+kin events)
  [272/3745] nano_343.root
         -> 3,764 vertices (1,755 trig, 1,291 trig+kin events)
  [273/3745] nano_344.root
         -> 3,589 vertices (1,686 trig, 1,187 trig+kin events)
  [274/3745] nano_345.root
         -> 3,732 vertices (1,716 trig, 1,219 trig+kin events)
  [275/3745] nano_346.root
         -> 4,198 vertices (2,098 trig, 1,453 trig+kin events)
  [276/3745] nano_347.root
         -> 4,215 vertices (1,879 trig, 1,336 trig+kin events)
  [277/3745] nano_348.root
         -> 3,836 vertices (1,796 trig, 1,251 trig+kin events)
  [278/3745] nano_349.root
         -> 4,791 vertices (2,197 trig, 1,577 trig+kin events)
  [279/3745] nano_35.root
         -> 3,884 vertices (1,767 trig, 1,242 trig+kin events)
  [280/3745] nano_350.root
         -> 3,676 vertices (1,834 trig, 1,305 trig+kin events)
  [281/3745] nano_351.root
         -> 693 vertices (363 trig, 258 trig+kin events)
  [282/3745] nano_352.root
         -> 4,541 vertices (2,087 trig, 1,483 trig+kin events)
  [283/3745] nano_353.root
         -> 3,778 vertices (1,663 trig, 1,152 trig+kin events)
  [284/3745] nano_354.root
         -> 3,693 vertices (1,746 trig, 1,229 trig+kin events)
  [285/3745] nano_355.root
         -> 3,848 vertices (1,797 trig, 1,257 trig+kin events)
  [286/3745] nano_356.root
         -> 3,876 vertices (1,792 trig, 1,271 trig+kin events)
  [287/3745] nano_357.root
         -> 3,985 vertices (1,868 trig, 1,340 trig+kin events)
  [288/3745] nano_358.root
         -> 3,593 vertices (1,808 trig, 1,277 trig+kin events)
  [289/3745] nano_359.root
         -> 3,584 vertices (1,665 trig, 1,160 trig+kin events)
  [290/3745] nano_36.root
         -> 5,821 vertices (2,643 trig, 1,869 trig+kin events)
  [291/3745] nano_360.root
         -> 2,741 vertices (1,313 trig, 919 trig+kin events)
  [292/3745] nano_361.root
         -> 3,846 vertices (1,655 trig, 1,167 trig+kin events)
  [293/3745] nano_362.root
         -> 3,999 vertices (1,793 trig, 1,287 trig+kin events)
  [294/3745] nano_363.root
         -> 3,790 vertices (1,647 trig, 1,166 trig+kin events)
  [295/3745] nano_364.root
         -> 6,711 vertices (2,843 trig, 2,035 trig+kin events)
  [296/3745] nano_365.root
         -> 4,453 vertices (2,133 trig, 1,477 trig+kin events)
  [297/3745] nano_366.root
         -> 4,441 vertices (2,086 trig, 1,515 trig+kin events)
  [298/3745] nano_367.root
         -> 3,742 vertices (1,705 trig, 1,246 trig+kin events)
  [299/3745] nano_368.root
         -> 4,930 vertices (2,174 trig, 1,549 trig+kin events)
  [300/3745] nano_369.root
         -> 3,838 vertices (1,862 trig, 1,313 trig+kin events)
  [301/3745] nano_37.root
         -> 4,483 vertices (2,088 trig, 1,452 trig+kin events)
  [302/3745] nano_370.root
         -> 1,481 vertices (709 trig, 518 trig+kin events)
  [303/3745] nano_371.root
         -> 3,601 vertices (1,553 trig, 1,087 trig+kin events)
  [304/3745] nano_372.root
         -> 6,028 vertices (2,735 trig, 1,915 trig+kin events)
  [305/3745] nano_373.root
         -> 3,511 vertices (1,746 trig, 1,233 trig+kin events)
  [306/3745] nano_374.root
         -> 4,668 vertices (2,113 trig, 1,490 trig+kin events)
  [307/3745] nano_375.root
         -> 3,556 vertices (1,723 trig, 1,215 trig+kin events)
  [308/3745] nano_376.root
         -> 4,179 vertices (1,748 trig, 1,251 trig+kin events)
  [309/3745] nano_377.root
         -> 4,762 vertices (2,156 trig, 1,556 trig+kin events)
  [310/3745] nano_378.root
         -> 3,547 vertices (1,642 trig, 1,181 trig+kin events)
  [311/3745] nano_379.root
         -> 4,150 vertices (1,860 trig, 1,295 trig+kin events)
  [312/3745] nano_38.root
         -> 3,879 vertices (1,770 trig, 1,253 trig+kin events)
  [313/3745] nano_380.root
         -> 7,143 vertices (3,228 trig, 2,292 trig+kin events)
  [314/3745] nano_381.root
         -> 3,224 vertices (1,533 trig, 1,105 trig+kin events)
  [315/3745] nano_382.root
         -> 6,491 vertices (2,941 trig, 2,094 trig+kin events)
  [316/3745] nano_383.root
         -> 3,479 vertices (1,692 trig, 1,220 trig+kin events)
  [317/3745] nano_384.root
         -> 4,828 vertices (2,169 trig, 1,537 trig+kin events)
  [318/3745] nano_385.root
         -> 4,225 vertices (1,947 trig, 1,409 trig+kin events)
  [319/3745] nano_386.root
         -> 3,771 vertices (1,721 trig, 1,244 trig+kin events)
  [320/3745] nano_387.root
         -> 3,635 vertices (1,681 trig, 1,206 trig+kin events)
  [321/3745] nano_388.root
         -> 752 vertices (363 trig, 256 trig+kin events)
  [322/3745] nano_389.root
         -> 6,232 vertices (2,806 trig, 2,001 trig+kin events)
  [323/3745] nano_39.root
         -> 4,726 vertices (2,378 trig, 1,716 trig+kin events)
  [324/3745] nano_390.root
         -> 3,749 vertices (1,632 trig, 1,177 trig+kin events)
  [325/3745] nano_391.root
         -> 3,254 vertices (1,598 trig, 1,132 trig+kin events)
  [326/3745] nano_392.root
         -> 4,141 vertices (2,019 trig, 1,429 trig+kin events)
  [327/3745] nano_393.root
         -> 4,492 vertices (2,042 trig, 1,463 trig+kin events)
  [328/3745] nano_394.root
         -> 6,814 vertices (2,916 trig, 2,129 trig+kin events)
  [329/3745] nano_395.root
         -> 4,843 vertices (2,332 trig, 1,655 trig+kin events)
  [330/3745] nano_396.root
         -> 4,302 vertices (2,099 trig, 1,514 trig+kin events)
  [331/3745] nano_397.root
         -> 3,545 vertices (1,658 trig, 1,149 trig+kin events)
  [332/3745] nano_398.root
         -> 6,457 vertices (2,802 trig, 2,003 trig+kin events)
  [333/3745] nano_399.root
         -> 3,819 vertices (1,663 trig, 1,191 trig+kin events)
  [334/3745] nano_4.root
         -> 5,261 vertices (2,538 trig, 1,798 trig+kin events)
  [335/3745] nano_40.root
         -> 5,186 vertices (2,456 trig, 1,736 trig+kin events)
  [336/3745] nano_400.root
         -> 4,994 vertices (2,381 trig, 1,685 trig+kin events)
  [337/3745] nano_401.root
         -> 3,923 vertices (1,663 trig, 1,216 trig+kin events)
  [338/3745] nano_402.root
         -> 4,463 vertices (2,004 trig, 1,431 trig+kin events)
  [339/3745] nano_403.root
         -> 4,138 vertices (1,947 trig, 1,389 trig+kin events)
  [340/3745] nano_404.root
         -> 4,815 vertices (2,245 trig, 1,595 trig+kin events)
  [341/3745] nano_405.root
         -> 4,318 vertices (1,940 trig, 1,407 trig+kin events)
  [342/3745] nano_406.root
         -> 4,110 vertices (1,764 trig, 1,258 trig+kin events)
  [343/3745] nano_407.root
         -> 4,256 vertices (2,102 trig, 1,477 trig+kin events)
  [344/3745] nano_408.root
         -> 5,187 vertices (2,370 trig, 1,632 trig+kin events)
  [345/3745] nano_409.root
         -> 5,424 vertices (2,502 trig, 1,783 trig+kin events)
  [346/3745] nano_41.root
         -> 6,039 vertices (2,635 trig, 1,862 trig+kin events)
  [347/3745] nano_410.root
         -> 3,633 vertices (1,713 trig, 1,235 trig+kin events)
  [348/3745] nano_411.root
         -> 4,903 vertices (2,147 trig, 1,533 trig+kin events)
  [349/3745] nano_412.root
         -> 3,587 vertices (1,672 trig, 1,163 trig+kin events)
  [350/3745] nano_413.root
         -> 4,269 vertices (1,992 trig, 1,413 trig+kin events)
  [351/3745] nano_414.root
         -> 3,881 vertices (1,713 trig, 1,221 trig+kin events)
  [352/3745] nano_415.root
         -> 3,755 vertices (1,825 trig, 1,309 trig+kin events)
  [353/3745] nano_416.root
         -> 4,032 vertices (1,853 trig, 1,299 trig+kin events)
  [354/3745] nano_417.root
         -> 3,816 vertices (1,904 trig, 1,336 trig+kin events)
  [355/3745] nano_418.root
         -> 4,838 vertices (2,206 trig, 1,558 trig+kin events)
  [356/3745] nano_419.root
         -> 5,256 vertices (2,518 trig, 1,778 trig+kin events)
  [357/3745] nano_42.root
         -> 3,500 vertices (1,686 trig, 1,203 trig+kin events)
  [358/3745] nano_420.root
         -> 3,184 vertices (1,626 trig, 1,167 trig+kin events)
  [359/3745] nano_421.root
         -> 4,380 vertices (2,002 trig, 1,431 trig+kin events)
  [360/3745] nano_422.root
         -> 6,405 vertices (2,844 trig, 2,021 trig+kin events)
  [361/3745] nano_423.root
         -> 4,644 vertices (2,024 trig, 1,415 trig+kin events)
  [362/3745] nano_424.root
         -> 3,284 vertices (1,607 trig, 1,131 trig+kin events)
  [363/3745] nano_425.root
         -> 4,178 vertices (1,906 trig, 1,361 trig+kin events)
  [364/3745] nano_426.root
         -> 3,202 vertices (1,305 trig, 948 trig+kin events)
  [365/3745] nano_427.root
         -> 4,975 vertices (2,404 trig, 1,711 trig+kin events)
  [366/3745] nano_428.root
         -> 4,141 vertices (1,726 trig, 1,237 trig+kin events)
  [367/3745] nano_429.root
         -> 3,621 vertices (1,734 trig, 1,247 trig+kin events)
  [368/3745] nano_43.root
         -> 4,931 vertices (2,362 trig, 1,672 trig+kin events)
  [369/3745] nano_430.root
         -> 4,083 vertices (1,787 trig, 1,263 trig+kin events)
  [370/3745] nano_431.root
         -> 5,302 vertices (2,321 trig, 1,650 trig+kin events)
  [371/3745] nano_432.root
         -> 3,536 vertices (1,684 trig, 1,190 trig+kin events)
  [372/3745] nano_433.root
         -> 4,233 vertices (1,939 trig, 1,374 trig+kin events)
  [373/3745] nano_434.root
         -> 4,019 vertices (1,856 trig, 1,343 trig+kin events)
  [374/3745] nano_435.root
         -> 3,954 vertices (1,677 trig, 1,223 trig+kin events)
  [375/3745] nano_436.root
         -> 3,403 vertices (1,625 trig, 1,156 trig+kin events)
  [376/3745] nano_437.root
         -> 3,629 vertices (1,636 trig, 1,176 trig+kin events)
  [377/3745] nano_438.root
         -> 3,637 vertices (1,792 trig, 1,285 trig+kin events)
  [378/3745] nano_439.root
         -> 6,876 vertices (3,168 trig, 2,225 trig+kin events)
  [379/3745] nano_44.root
         -> 5,657 vertices (2,622 trig, 1,881 trig+kin events)
  [380/3745] nano_440.root
         -> 3,725 vertices (1,661 trig, 1,167 trig+kin events)
  [381/3745] nano_441.root
         -> 4,892 vertices (2,208 trig, 1,600 trig+kin events)
  [382/3745] nano_442.root
         -> 4,476 vertices (2,166 trig, 1,506 trig+kin events)
  [383/3745] nano_443.root
         -> 4,746 vertices (2,241 trig, 1,574 trig+kin events)
  [384/3745] nano_444.root
         -> 932 vertices (389 trig, 284 trig+kin events)
  [385/3745] nano_445.root
         -> 4,013 vertices (1,880 trig, 1,329 trig+kin events)
  [386/3745] nano_446.root
         -> 4,037 vertices (1,945 trig, 1,361 trig+kin events)
  [387/3745] nano_447.root
         -> 3,704 vertices (1,758 trig, 1,270 trig+kin events)
  [388/3745] nano_448.root
         -> 6,924 vertices (3,255 trig, 2,275 trig+kin events)
  [389/3745] nano_449.root
         -> 6,623 vertices (3,028 trig, 2,179 trig+kin events)
  [390/3745] nano_45.root
         -> 3,234 vertices (1,668 trig, 1,150 trig+kin events)
  [391/3745] nano_450.root
         -> 3,543 vertices (1,718 trig, 1,214 trig+kin events)
  [392/3745] nano_451.root
         -> 3,344 vertices (1,639 trig, 1,169 trig+kin events)
  [393/3745] nano_452.root
         -> 4,110 vertices (1,839 trig, 1,333 trig+kin events)
  [394/3745] nano_453.root
         -> 4,648 vertices (2,083 trig, 1,487 trig+kin events)
  [395/3745] nano_454.root
         -> 3,609 vertices (1,706 trig, 1,208 trig+kin events)
  [396/3745] nano_455.root
         -> 3,461 vertices (1,700 trig, 1,183 trig+kin events)
  [397/3745] nano_456.root
         -> 4,591 vertices (2,026 trig, 1,439 trig+kin events)
  [398/3745] nano_457.root
         -> 3,565 vertices (1,638 trig, 1,182 trig+kin events)
  [399/3745] nano_458.root
         -> 3,556 vertices (1,746 trig, 1,241 trig+kin events)
  [400/3745] nano_459.root
         -> 4,814 vertices (2,156 trig, 1,531 trig+kin events)
  [401/3745] nano_46.root
         -> 4,057 vertices (1,788 trig, 1,278 trig+kin events)
  [402/3745] nano_460.root
         -> 4,054 vertices (1,942 trig, 1,364 trig+kin events)
  [403/3745] nano_461.root
         -> 4,179 vertices (1,970 trig, 1,394 trig+kin events)
  [404/3745] nano_462.root
         -> 3,427 vertices (1,568 trig, 1,113 trig+kin events)
  [405/3745] nano_463.root
         -> 6,345 vertices (2,948 trig, 2,101 trig+kin events)
  [406/3745] nano_464.root
         -> 3,537 vertices (1,637 trig, 1,177 trig+kin events)
  [407/3745] nano_465.root
         -> 3,786 vertices (1,674 trig, 1,205 trig+kin events)
  [408/3745] nano_466.root
         -> 5,153 vertices (2,219 trig, 1,604 trig+kin events)
  [409/3745] nano_467.root
         -> 3,593 vertices (1,720 trig, 1,222 trig+kin events)
  [410/3745] nano_468.root
         -> 3,989 vertices (1,690 trig, 1,167 trig+kin events)
  [411/3745] nano_469.root
         -> 6,992 vertices (3,178 trig, 2,261 trig+kin events)
  [412/3745] nano_47.root
         -> 3,903 vertices (1,697 trig, 1,225 trig+kin events)
  [413/3745] nano_470.root
         -> 4,212 vertices (1,940 trig, 1,377 trig+kin events)
  [414/3745] nano_471.root
         -> 3,968 vertices (1,775 trig, 1,265 trig+kin events)
  [415/3745] nano_472.root
         -> 749 vertices (337 trig, 234 trig+kin events)
  [416/3745] nano_473.root
         -> 3,882 vertices (1,848 trig, 1,311 trig+kin events)
  [417/3745] nano_474.root
         -> 3,738 vertices (1,772 trig, 1,254 trig+kin events)
  [418/3745] nano_475.root
         -> 4,023 vertices (1,746 trig, 1,292 trig+kin events)
  [419/3745] nano_476.root
         -> 3,861 vertices (1,687 trig, 1,194 trig+kin events)
  [420/3745] nano_477.root
         -> 4,228 vertices (1,987 trig, 1,375 trig+kin events)
  [421/3745] nano_478.root
         -> 4,281 vertices (1,965 trig, 1,405 trig+kin events)
  [422/3745] nano_479.root
         -> 4,402 vertices (1,892 trig, 1,333 trig+kin events)
  [423/3745] nano_48.root
         -> 3,766 vertices (1,610 trig, 1,175 trig+kin events)
  [424/3745] nano_480.root
         -> 3,553 vertices (1,732 trig, 1,195 trig+kin events)
  [425/3745] nano_481.root
         -> 3,936 vertices (1,864 trig, 1,316 trig+kin events)
  [426/3745] nano_482.root
         -> 4,302 vertices (2,009 trig, 1,420 trig+kin events)
  [427/3745] nano_483.root
         -> 3,006 vertices (1,503 trig, 1,069 trig+kin events)
  [428/3745] nano_484.root
         -> 3,712 vertices (1,655 trig, 1,196 trig+kin events)
  [429/3745] nano_485.root
         -> 4,403 vertices (2,017 trig, 1,442 trig+kin events)
  [430/3745] nano_486.root
         -> 4,166 vertices (1,905 trig, 1,365 trig+kin events)
  [431/3745] nano_487.root
         -> 3,532 vertices (1,640 trig, 1,149 trig+kin events)
  [432/3745] nano_488.root
         -> 3,982 vertices (1,770 trig, 1,264 trig+kin events)
  [433/3745] nano_489.root
         -> 3,688 vertices (1,756 trig, 1,239 trig+kin events)
  [434/3745] nano_49.root
         -> 4,771 vertices (2,153 trig, 1,543 trig+kin events)
  [435/3745] nano_490.root
         -> 3,731 vertices (1,731 trig, 1,228 trig+kin events)
  [436/3745] nano_491.root
         -> 3,736 vertices (1,611 trig, 1,172 trig+kin events)
  [437/3745] nano_492.root
         -> 3,673 vertices (1,637 trig, 1,187 trig+kin events)
  [438/3745] nano_493.root
         -> 3,799 vertices (1,849 trig, 1,296 trig+kin events)
  [439/3745] nano_494.root
         -> 3,740 vertices (1,632 trig, 1,188 trig+kin events)
  [440/3745] nano_495.root
         -> 3,928 vertices (1,736 trig, 1,212 trig+kin events)
  [441/3745] nano_496.root
         -> 3,755 vertices (1,706 trig, 1,215 trig+kin events)
  [442/3745] nano_497.root
         -> 2,237 vertices (1,092 trig, 766 trig+kin events)
  [443/3745] nano_498.root
         -> 3,047 vertices (1,351 trig, 967 trig+kin events)
  [444/3745] nano_499.root
         -> 3,373 vertices (1,566 trig, 1,122 trig+kin events)
  [445/3745] nano_5.root
         -> 4,481 vertices (2,186 trig, 1,502 trig+kin events)
  [446/3745] nano_50.root
         -> 4,203 vertices (1,780 trig, 1,311 trig+kin events)
  [447/3745] nano_500.root
         -> 3,555 vertices (1,647 trig, 1,188 trig+kin events)
  [448/3745] nano_501.root
         -> 1,820 vertices (727 trig, 526 trig+kin events)
  [449/3745] nano_502.root
         -> 3,571 vertices (1,635 trig, 1,148 trig+kin events)
  [450/3745] nano_503.root
         -> 275 vertices (153 trig, 102 trig+kin events)
  [451/3745] nano_504.root
         -> 4,964 vertices (2,268 trig, 1,597 trig+kin events)
  [452/3745] nano_505.root
         -> 3,629 vertices (1,659 trig, 1,183 trig+kin events)
  [453/3745] nano_506.root
         -> 772 vertices (424 trig, 307 trig+kin events)
  [454/3745] nano_507.root
         -> 4,707 vertices (2,116 trig, 1,503 trig+kin events)
  [455/3745] nano_508.root
         -> 3,912 vertices (1,774 trig, 1,267 trig+kin events)
  [456/3745] nano_509.root
         -> 3,458 vertices (1,631 trig, 1,154 trig+kin events)
  [457/3745] nano_51.root
         -> 3,936 vertices (1,812 trig, 1,277 trig+kin events)
  [458/3745] nano_510.root
         -> 3,075 vertices (1,629 trig, 1,133 trig+kin events)
  [459/3745] nano_511.root
         -> 3,914 vertices (1,787 trig, 1,247 trig+kin events)
  [460/3745] nano_512.root
         -> 3,909 vertices (1,835 trig, 1,321 trig+kin events)
  [461/3745] nano_513.root
         -> 3,635 vertices (1,699 trig, 1,251 trig+kin events)
  [462/3745] nano_514.root
         -> 3,657 vertices (1,751 trig, 1,234 trig+kin events)
  [463/3745] nano_515.root
         -> 4,145 vertices (1,772 trig, 1,286 trig+kin events)
  [464/3745] nano_516.root
         -> 2,604 vertices (1,260 trig, 864 trig+kin events)
  [465/3745] nano_517.root
         -> 3,852 vertices (1,729 trig, 1,238 trig+kin events)
  [466/3745] nano_518.root
         -> 4,337 vertices (1,857 trig, 1,327 trig+kin events)
  [467/3745] nano_519.root
         -> 3,929 vertices (1,727 trig, 1,226 trig+kin events)
  [468/3745] nano_52.root
         -> 4,703 vertices (2,165 trig, 1,521 trig+kin events)
  [469/3745] nano_520.root
         -> 3,771 vertices (1,737 trig, 1,232 trig+kin events)
  [470/3745] nano_521.root
         -> 3,747 vertices (1,752 trig, 1,233 trig+kin events)
  [471/3745] nano_522.root
         -> 1,313 vertices (563 trig, 400 trig+kin events)
  [472/3745] nano_523.root
         -> 3,227 vertices (1,624 trig, 1,129 trig+kin events)
  [473/3745] nano_524.root
         -> 3,825 vertices (1,643 trig, 1,195 trig+kin events)
  [474/3745] nano_525.root
         -> 3,874 vertices (1,841 trig, 1,304 trig+kin events)
  [475/3745] nano_526.root
         -> 4,240 vertices (1,925 trig, 1,362 trig+kin events)
  [476/3745] nano_527.root
         -> 4,007 vertices (1,735 trig, 1,281 trig+kin events)
  [477/3745] nano_528.root
         -> 4,243 vertices (1,975 trig, 1,408 trig+kin events)
  [478/3745] nano_529.root
         -> 4,168 vertices (1,904 trig, 1,358 trig+kin events)
  [479/3745] nano_53.root
         -> 2,828 vertices (1,169 trig, 853 trig+kin events)
  [480/3745] nano_530.root
         -> 4,132 vertices (1,759 trig, 1,273 trig+kin events)
  [481/3745] nano_531.root
         -> 3,899 vertices (1,684 trig, 1,214 trig+kin events)
  [482/3745] nano_532.root
         -> 1,120 vertices (553 trig, 395 trig+kin events)
  [483/3745] nano_533.root
         -> 341 vertices (161 trig, 111 trig+kin events)
  [484/3745] nano_534.root
         -> 2,856 vertices (1,363 trig, 963 trig+kin events)
  [485/3745] nano_535.root
         -> 3,228 vertices (1,619 trig, 1,146 trig+kin events)
  [486/3745] nano_536.root
         -> 4,119 vertices (1,868 trig, 1,343 trig+kin events)
  [487/3745] nano_537.root
         -> 3,527 vertices (1,658 trig, 1,199 trig+kin events)
  [488/3745] nano_538.root
         -> 3,936 vertices (1,843 trig, 1,314 trig+kin events)
  [489/3745] nano_539.root
         -> 3,606 vertices (1,694 trig, 1,236 trig+kin events)
  [490/3745] nano_54.root
         -> 3,690 vertices (1,601 trig, 1,151 trig+kin events)
  [491/3745] nano_540.root
         -> 3,619 vertices (1,660 trig, 1,198 trig+kin events)
  [492/3745] nano_541.root
         -> 3,776 vertices (1,781 trig, 1,280 trig+kin events)
  [493/3745] nano_542.root
         -> 3,848 vertices (1,812 trig, 1,323 trig+kin events)
  [494/3745] nano_543.root
         -> 3,691 vertices (1,686 trig, 1,213 trig+kin events)
  [495/3745] nano_544.root
         -> 3,112 vertices (1,397 trig, 1,019 trig+kin events)
  [496/3745] nano_545.root
         -> 2,325 vertices (1,083 trig, 789 trig+kin events)
  [497/3745] nano_546.root
         -> 90 vertices (73 trig, 53 trig+kin events)
  [498/3745] nano_547.root
         -> 3,611 vertices (1,674 trig, 1,198 trig+kin events)
  [499/3745] nano_548.root
         -> 3,617 vertices (1,740 trig, 1,231 trig+kin events)
  [500/3745] nano_549.root
         -> 4,131 vertices (2,007 trig, 1,452 trig+kin events)
  [501/3745] nano_55.root
         -> 4,054 vertices (1,967 trig, 1,397 trig+kin events)
  [502/3745] nano_550.root
         -> 4,292 vertices (1,748 trig, 1,283 trig+kin events)
  [503/3745] nano_551.root
         -> 891 vertices (381 trig, 270 trig+kin events)
  [504/3745] nano_552.root
         -> 4,297 vertices (1,951 trig, 1,389 trig+kin events)
  [505/3745] nano_553.root
         -> 899 vertices (411 trig, 295 trig+kin events)
  [506/3745] nano_554.root
         -> 6,087 vertices (2,709 trig, 1,922 trig+kin events)
  [507/3745] nano_555.root
         -> 702 vertices (312 trig, 231 trig+kin events)
  [508/3745] nano_556.root
         -> 4,200 vertices (1,901 trig, 1,341 trig+kin events)
  [509/3745] nano_557.root
         -> 3,885 vertices (1,701 trig, 1,206 trig+kin events)
  [510/3745] nano_558.root
         -> 5,270 vertices (2,338 trig, 1,684 trig+kin events)
  [511/3745] nano_559.root
         -> 4,376 vertices (2,011 trig, 1,421 trig+kin events)
  [512/3745] nano_56.root
         -> 4,469 vertices (2,040 trig, 1,453 trig+kin events)
  [513/3745] nano_560.root
         -> 6,749 vertices (3,153 trig, 2,252 trig+kin events)
  [514/3745] nano_561.root
         -> 3,940 vertices (1,969 trig, 1,366 trig+kin events)
  [515/3745] nano_562.root
         -> 3,497 vertices (1,592 trig, 1,139 trig+kin events)
  [516/3745] nano_563.root
         -> 5,391 vertices (2,258 trig, 1,651 trig+kin events)
  [517/3745] nano_564.root
         -> 4,755 vertices (2,239 trig, 1,594 trig+kin events)
  [518/3745] nano_565.root
         -> 6,636 vertices (3,250 trig, 2,298 trig+kin events)
  [519/3745] nano_566.root
         -> 3,588 vertices (1,695 trig, 1,206 trig+kin events)
  [520/3745] nano_567.root
         -> 4,496 vertices (1,969 trig, 1,421 trig+kin events)
  [521/3745] nano_568.root
         -> 4,537 vertices (2,007 trig, 1,425 trig+kin events)
  [522/3745] nano_569.root
         -> 5,196 vertices (2,365 trig, 1,653 trig+kin events)
  [523/3745] nano_57.root
         -> 3,549 vertices (1,683 trig, 1,223 trig+kin events)
  [524/3745] nano_570.root
         -> 4,068 vertices (1,653 trig, 1,205 trig+kin events)
  [525/3745] nano_571.root
         -> 5,132 vertices (2,377 trig, 1,736 trig+kin events)
  [526/3745] nano_572.root
         -> 5,930 vertices (2,746 trig, 1,944 trig+kin events)
  [527/3745] nano_573.root
         -> 7,124 vertices (3,256 trig, 2,358 trig+kin events)
  [528/3745] nano_574.root
         -> 5,945 vertices (2,704 trig, 1,945 trig+kin events)
  [529/3745] nano_575.root
         -> 4,417 vertices (1,883 trig, 1,367 trig+kin events)
  [530/3745] nano_576.root
         -> 3,294 vertices (1,613 trig, 1,131 trig+kin events)
  [531/3745] nano_577.root
         -> 7,422 vertices (3,265 trig, 2,316 trig+kin events)
  [532/3745] nano_578.root
         -> 4,375 vertices (1,994 trig, 1,445 trig+kin events)
  [533/3745] nano_579.root
         -> 4,077 vertices (1,835 trig, 1,294 trig+kin events)
  [534/3745] nano_58.root
         -> 4,779 vertices (2,168 trig, 1,545 trig+kin events)
  [535/3745] nano_580.root
         -> 7,116 vertices (3,189 trig, 2,256 trig+kin events)
  [536/3745] nano_581.root
         -> 4,339 vertices (1,974 trig, 1,369 trig+kin events)
  [537/3745] nano_582.root
         -> 4,329 vertices (2,046 trig, 1,418 trig+kin events)
  [538/3745] nano_583.root
         -> 3,962 vertices (1,842 trig, 1,283 trig+kin events)
  [539/3745] nano_584.root
         -> 3,552 vertices (1,721 trig, 1,207 trig+kin events)
  [540/3745] nano_585.root
         -> 3,799 vertices (1,655 trig, 1,204 trig+kin events)
  [541/3745] nano_586.root
         -> 4,153 vertices (1,872 trig, 1,339 trig+kin events)
  [542/3745] nano_587.root
         -> 3,767 vertices (1,742 trig, 1,261 trig+kin events)
  [543/3745] nano_588.root
         -> 4,779 vertices (2,165 trig, 1,523 trig+kin events)
  [544/3745] nano_589.root
         -> 785 vertices (325 trig, 238 trig+kin events)
  [545/3745] nano_59.root
         -> 4,208 vertices (1,948 trig, 1,410 trig+kin events)
  [546/3745] nano_590.root
         -> 2,656 vertices (1,238 trig, 892 trig+kin events)
  [547/3745] nano_591.root
         -> 4,516 vertices (1,990 trig, 1,416 trig+kin events)
  [548/3745] nano_592.root
         -> 4,806 vertices (2,025 trig, 1,476 trig+kin events)
  [549/3745] nano_593.root
         -> 4,042 vertices (1,953 trig, 1,396 trig+kin events)
  [550/3745] nano_594.root
         -> 1,147 vertices (550 trig, 378 trig+kin events)
  [551/3745] nano_595.root
         -> 3,999 vertices (1,707 trig, 1,239 trig+kin events)
  [552/3745] nano_596.root
         -> 4,741 vertices (2,154 trig, 1,539 trig+kin events)
  [553/3745] nano_597.root
         -> 4,550 vertices (2,001 trig, 1,426 trig+kin events)
  [554/3745] nano_598.root
         -> 3,750 vertices (1,711 trig, 1,246 trig+kin events)
  [555/3745] nano_599.root
         -> 4,025 vertices (1,807 trig, 1,270 trig+kin events)
  [556/3745] nano_6.root
         -> 442 vertices (233 trig, 162 trig+kin events)
  [557/3745] nano_60.root
         -> 4,177 vertices (1,892 trig, 1,358 trig+kin events)
  [558/3745] nano_600.root
         -> 4,252 vertices (1,909 trig, 1,345 trig+kin events)
  [559/3745] nano_601.root
         -> 511 vertices (242 trig, 173 trig+kin events)
  [560/3745] nano_602.root
         -> 2,178 vertices (1,076 trig, 784 trig+kin events)
  [561/3745] nano_603.root
         -> 3,028 vertices (1,427 trig, 1,003 trig+kin events)
  [562/3745] nano_604.root
         -> 3,761 vertices (1,719 trig, 1,251 trig+kin events)
  [563/3745] nano_605.root
         -> 3,399 vertices (1,712 trig, 1,198 trig+kin events)
  [564/3745] nano_606.root
         -> 3,517 vertices (1,576 trig, 1,139 trig+kin events)
  [565/3745] nano_607.root
         -> 845 vertices (425 trig, 307 trig+kin events)
  [566/3745] nano_608.root
         -> 3,594 vertices (1,719 trig, 1,218 trig+kin events)
  [567/3745] nano_609.root
         -> 3,673 vertices (1,741 trig, 1,236 trig+kin events)
  [568/3745] nano_61.root
         -> 5,108 vertices (2,520 trig, 1,821 trig+kin events)
  [569/3745] nano_610.root
         -> 881 vertices (369 trig, 272 trig+kin events)
  [570/3745] nano_611.root
         -> 3,249 vertices (1,578 trig, 1,123 trig+kin events)
  [571/3745] nano_612.root
         -> 1,048 vertices (490 trig, 351 trig+kin events)
  [572/3745] nano_613.root
         -> 3,574 vertices (1,644 trig, 1,170 trig+kin events)
  [573/3745] nano_614.root
         -> 2,568 vertices (1,200 trig, 851 trig+kin events)
  [574/3745] nano_615.root
         -> 1,321 vertices (627 trig, 455 trig+kin events)
  [575/3745] nano_616.root
         -> 3,705 vertices (1,651 trig, 1,189 trig+kin events)
  [576/3745] nano_617.root
         -> 3,576 vertices (1,691 trig, 1,197 trig+kin events)
  [577/3745] nano_618.root
         -> 3,524 vertices (1,841 trig, 1,301 trig+kin events)
  [578/3745] nano_619.root
         -> 3,533 vertices (1,683 trig, 1,167 trig+kin events)
  [579/3745] nano_62.root
         -> 3,672 vertices (1,702 trig, 1,204 trig+kin events)
  [580/3745] nano_620.root
         -> 4,079 vertices (1,806 trig, 1,292 trig+kin events)
  [581/3745] nano_621.root
         -> 4,155 vertices (1,799 trig, 1,294 trig+kin events)
  [582/3745] nano_622.root
         -> 4,783 vertices (2,099 trig, 1,547 trig+kin events)
  [583/3745] nano_623.root
         -> 3,643 vertices (1,727 trig, 1,216 trig+kin events)
  [584/3745] nano_624.root
         -> 3,709 vertices (1,750 trig, 1,250 trig+kin events)
  [585/3745] nano_625.root
         -> 4,145 vertices (1,802 trig, 1,300 trig+kin events)
  [586/3745] nano_626.root
         -> 3,981 vertices (1,839 trig, 1,307 trig+kin events)
  [587/3745] nano_627.root
         -> 4,061 vertices (1,769 trig, 1,280 trig+kin events)
  [588/3745] nano_628.root
         -> 4,182 vertices (1,955 trig, 1,389 trig+kin events)
  [589/3745] nano_629.root
         -> 3,986 vertices (1,750 trig, 1,254 trig+kin events)
  [590/3745] nano_63.root
         -> 3,730 vertices (1,525 trig, 1,134 trig+kin events)
  [591/3745] nano_630.root
         -> 4,336 vertices (1,923 trig, 1,381 trig+kin events)
  [592/3745] nano_631.root
         -> 3,832 vertices (1,804 trig, 1,274 trig+kin events)
  [593/3745] nano_632.root
         -> 4,091 vertices (1,911 trig, 1,363 trig+kin events)
  [594/3745] nano_633.root
         -> 1,015 vertices (500 trig, 350 trig+kin events)
  [595/3745] nano_634.root
         -> 3,746 vertices (1,787 trig, 1,263 trig+kin events)
  [596/3745] nano_635.root
         -> 4,545 vertices (2,112 trig, 1,470 trig+kin events)
  [597/3745] nano_636.root
         -> 3,850 vertices (1,661 trig, 1,173 trig+kin events)
  [598/3745] nano_637.root
         -> 3,556 vertices (1,630 trig, 1,155 trig+kin events)
  [599/3745] nano_638.root
         -> 3,948 vertices (1,928 trig, 1,366 trig+kin events)
  [600/3745] nano_639.root
         -> 3,941 vertices (1,836 trig, 1,316 trig+kin events)
  [601/3745] nano_64.root
         -> 4,429 vertices (2,122 trig, 1,504 trig+kin events)
  [602/3745] nano_640.root
         -> 4,213 vertices (1,907 trig, 1,327 trig+kin events)
  [603/3745] nano_641.root
         -> 4,473 vertices (2,199 trig, 1,526 trig+kin events)
  [604/3745] nano_642.root
         -> 4,048 vertices (1,910 trig, 1,366 trig+kin events)
  [605/3745] nano_643.root
         -> 3,804 vertices (1,852 trig, 1,297 trig+kin events)
  [606/3745] nano_644.root
         -> 3,035 vertices (1,393 trig, 986 trig+kin events)
  [607/3745] nano_645.root
         -> 4,100 vertices (1,868 trig, 1,312 trig+kin events)
  [608/3745] nano_646.root
         -> 4,052 vertices (1,925 trig, 1,371 trig+kin events)
  [609/3745] nano_647.root
         -> 3,767 vertices (1,707 trig, 1,191 trig+kin events)
  [610/3745] nano_648.root
         -> 3,874 vertices (1,779 trig, 1,268 trig+kin events)
  [611/3745] nano_649.root
         -> 3,401 vertices (1,646 trig, 1,162 trig+kin events)
  [612/3745] nano_65.root
         -> 3,378 vertices (1,589 trig, 1,141 trig+kin events)
  [613/3745] nano_650.root
         -> 3,521 vertices (1,571 trig, 1,136 trig+kin events)
  [614/3745] nano_651.root
         -> 4,256 vertices (2,025 trig, 1,452 trig+kin events)
  [615/3745] nano_652.root
         -> 4,054 vertices (1,762 trig, 1,253 trig+kin events)
  [616/3745] nano_653.root
         -> 4,273 vertices (1,812 trig, 1,294 trig+kin events)
  [617/3745] nano_654.root
         -> 4,711 vertices (2,186 trig, 1,561 trig+kin events)
  [618/3745] nano_655.root
         -> 2,866 vertices (1,256 trig, 898 trig+kin events)
  [619/3745] nano_656.root
         -> 4,546 vertices (1,982 trig, 1,430 trig+kin events)
  [620/3745] nano_657.root
         -> 4,375 vertices (2,090 trig, 1,460 trig+kin events)
  [621/3745] nano_658.root
         -> 4,079 vertices (1,890 trig, 1,327 trig+kin events)
  [622/3745] nano_659.root
         -> 3,532 vertices (1,640 trig, 1,151 trig+kin events)
  [623/3745] nano_66.root
         -> 3,760 vertices (1,822 trig, 1,286 trig+kin events)
  [624/3745] nano_660.root
         -> 134 vertices (74 trig, 52 trig+kin events)
  [625/3745] nano_661.root
         -> 7,220 vertices (3,239 trig, 2,316 trig+kin events)
  [626/3745] nano_662.root
         -> 4,407 vertices (1,988 trig, 1,418 trig+kin events)
  [627/3745] nano_663.root
         -> 6,772 vertices (3,198 trig, 2,257 trig+kin events)
  [628/3745] nano_664.root
         -> 6,221 vertices (2,812 trig, 1,979 trig+kin events)
  [629/3745] nano_665.root
         -> 3,824 vertices (1,830 trig, 1,281 trig+kin events)
  [630/3745] nano_666.root
         -> 3,369 vertices (1,644 trig, 1,178 trig+kin events)
  [631/3745] nano_667.root
         -> 4,251 vertices (2,186 trig, 1,557 trig+kin events)
  [632/3745] nano_668.root
         -> 6,017 vertices (2,724 trig, 1,943 trig+kin events)
  [633/3745] nano_669.root
         -> 6,934 vertices (3,209 trig, 2,280 trig+kin events)
  [634/3745] nano_67.root
         -> 3,637 vertices (1,626 trig, 1,175 trig+kin events)
  [635/3745] nano_670.root
         -> 6,993 vertices (3,195 trig, 2,313 trig+kin events)
  [636/3745] nano_671.root
         -> 6,669 vertices (3,210 trig, 2,268 trig+kin events)
  [637/3745] nano_672.root
         -> 4,327 vertices (2,003 trig, 1,454 trig+kin events)
  [638/3745] nano_673.root
         -> 4,821 vertices (2,224 trig, 1,620 trig+kin events)
  [639/3745] nano_674.root
         -> 7,011 vertices (3,274 trig, 2,324 trig+kin events)
  [640/3745] nano_675.root
         -> 7,109 vertices (3,232 trig, 2,342 trig+kin events)
  [641/3745] nano_676.root
         -> 7,886 vertices (3,315 trig, 2,410 trig+kin events)
  [642/3745] nano_677.root
         -> 6,772 vertices (3,280 trig, 2,341 trig+kin events)
  [643/3745] nano_678.root
         -> 6,423 vertices (3,068 trig, 2,164 trig+kin events)
  [644/3745] nano_679.root
         -> 6,947 vertices (3,295 trig, 2,364 trig+kin events)
  [645/3745] nano_68.root
         -> 3,974 vertices (1,740 trig, 1,271 trig+kin events)
  [646/3745] nano_680.root
         -> 6,996 vertices (3,155 trig, 2,239 trig+kin events)
  [647/3745] nano_681.root
         -> 7,174 vertices (3,339 trig, 2,339 trig+kin events)
  [648/3745] nano_682.root
         -> 7,039 vertices (3,211 trig, 2,243 trig+kin events)
  [649/3745] nano_683.root
         -> 6,930 vertices (3,271 trig, 2,336 trig+kin events)
  [650/3745] nano_684.root
         -> 3,639 vertices (1,795 trig, 1,281 trig+kin events)
  [651/3745] nano_685.root
         -> 815 vertices (389 trig, 279 trig+kin events)
  [652/3745] nano_686.root
         -> 5,765 vertices (2,516 trig, 1,773 trig+kin events)
  [653/3745] nano_687.root
         -> 7,006 vertices (3,303 trig, 2,322 trig+kin events)
  [654/3745] nano_688.root
         -> 7,002 vertices (3,174 trig, 2,202 trig+kin events)
  [655/3745] nano_689.root
         -> 6,758 vertices (3,124 trig, 2,240 trig+kin events)
  [656/3745] nano_69.root
         -> 4,367 vertices (1,958 trig, 1,390 trig+kin events)
  [657/3745] nano_690.root
         -> 2,534 vertices (1,168 trig, 819 trig+kin events)
  [658/3745] nano_691.root
         -> 6,287 vertices (2,836 trig, 1,995 trig+kin events)
  [659/3745] nano_692.root
         -> 3,682 vertices (1,822 trig, 1,278 trig+kin events)
  [660/3745] nano_693.root
         -> 7,309 vertices (3,109 trig, 2,266 trig+kin events)
  [661/3745] nano_694.root
         -> 3,988 vertices (1,880 trig, 1,331 trig+kin events)
  [662/3745] nano_695.root
         -> 7,271 vertices (3,245 trig, 2,329 trig+kin events)
  [663/3745] nano_696.root
         -> 6,728 vertices (3,200 trig, 2,240 trig+kin events)
  [664/3745] nano_697.root
         -> 7,321 vertices (3,287 trig, 2,337 trig+kin events)
  [665/3745] nano_698.root
         -> 4,998 vertices (2,254 trig, 1,577 trig+kin events)
  [666/3745] nano_699.root
         -> 6,943 vertices (3,186 trig, 2,273 trig+kin events)
  [667/3745] nano_7.root
         -> 4,479 vertices (1,888 trig, 1,397 trig+kin events)
  [668/3745] nano_70.root
         -> 3,781 vertices (1,683 trig, 1,200 trig+kin events)
  [669/3745] nano_700.root
         -> 6,885 vertices (3,228 trig, 2,272 trig+kin events)
  [670/3745] nano_701.root
         -> 6,930 vertices (3,276 trig, 2,337 trig+kin events)
  [671/3745] nano_702.root
         -> 6,691 vertices (3,028 trig, 2,210 trig+kin events)
  [672/3745] nano_703.root
         -> 6,885 vertices (3,154 trig, 2,211 trig+kin events)
  [673/3745] nano_704.root
         -> 7,057 vertices (3,178 trig, 2,228 trig+kin events)
  [674/3745] nano_705.root
         -> 4,132 vertices (1,927 trig, 1,393 trig+kin events)
  [675/3745] nano_706.root
         -> 7,096 vertices (3,253 trig, 2,280 trig+kin events)
  [676/3745] nano_707.root
         -> 4,244 vertices (1,910 trig, 1,340 trig+kin events)
  [677/3745] nano_708.root
         -> 3,762 vertices (1,705 trig, 1,228 trig+kin events)
  [678/3745] nano_709.root
         -> 7,139 vertices (3,251 trig, 2,306 trig+kin events)
  [679/3745] nano_71.root
         -> 3,791 vertices (1,633 trig, 1,193 trig+kin events)
  [680/3745] nano_710.root
         -> 6,716 vertices (3,246 trig, 2,314 trig+kin events)
  [681/3745] nano_711.root
         -> 6,795 vertices (3,239 trig, 2,293 trig+kin events)
  [682/3745] nano_712.root
         -> 4,680 vertices (2,071 trig, 1,470 trig+kin events)
  [683/3745] nano_713.root
         -> 6,995 vertices (3,146 trig, 2,277 trig+kin events)
  [684/3745] nano_714.root
         -> 6,788 vertices (3,214 trig, 2,282 trig+kin events)
  [685/3745] nano_715.root
         -> 6,911 vertices (3,246 trig, 2,347 trig+kin events)
  [686/3745] nano_716.root
         -> 6,843 vertices (3,160 trig, 2,255 trig+kin events)
  [687/3745] nano_717.root
         -> 7,360 vertices (3,289 trig, 2,324 trig+kin events)
  [688/3745] nano_718.root
         -> 7,116 vertices (3,312 trig, 2,379 trig+kin events)
  [689/3745] nano_719.root
         -> 6,924 vertices (3,186 trig, 2,245 trig+kin events)
  [690/3745] nano_72.root
         -> 4,503 vertices (2,089 trig, 1,517 trig+kin events)
  [691/3745] nano_720.root
         -> 4,427 vertices (2,029 trig, 1,452 trig+kin events)
  [692/3745] nano_721.root
         -> 6,975 vertices (3,197 trig, 2,277 trig+kin events)
  [693/3745] nano_722.root
         -> 7,191 vertices (3,277 trig, 2,328 trig+kin events)
  [694/3745] nano_723.root
         -> 3,481 vertices (1,563 trig, 1,112 trig+kin events)
  [695/3745] nano_724.root
         -> 3,750 vertices (1,847 trig, 1,281 trig+kin events)
  [696/3745] nano_725.root
         -> 7,353 vertices (3,259 trig, 2,301 trig+kin events)
  [697/3745] nano_726.root
         -> 6,986 vertices (3,239 trig, 2,259 trig+kin events)
  [698/3745] nano_727.root
         -> 5,790 vertices (2,715 trig, 1,892 trig+kin events)
  [699/3745] nano_728.root
         -> 7,252 vertices (3,224 trig, 2,321 trig+kin events)
  [700/3745] nano_729.root
         -> 3,828 vertices (1,839 trig, 1,285 trig+kin events)
  [701/3745] nano_73.root
         -> 822 vertices (402 trig, 277 trig+kin events)
  [702/3745] nano_730.root
         -> 6,956 vertices (3,182 trig, 2,238 trig+kin events)
  [703/3745] nano_731.root
         -> 7,103 vertices (3,215 trig, 2,254 trig+kin events)
  [704/3745] nano_732.root
         -> 7,168 vertices (3,270 trig, 2,328 trig+kin events)
  [705/3745] nano_733.root
         -> 4,789 vertices (2,227 trig, 1,568 trig+kin events)
  [706/3745] nano_734.root
         -> 6,808 vertices (3,212 trig, 2,276 trig+kin events)
  [707/3745] nano_735.root
         -> 6,955 vertices (3,140 trig, 2,240 trig+kin events)
  [708/3745] nano_736.root
         -> 7,075 vertices (3,218 trig, 2,272 trig+kin events)
  [709/3745] nano_737.root
         -> 4,397 vertices (1,987 trig, 1,436 trig+kin events)
  [710/3745] nano_738.root
         -> 4,136 vertices (1,822 trig, 1,299 trig+kin events)
  [711/3745] nano_739.root
         -> 7,000 vertices (3,247 trig, 2,286 trig+kin events)
  [712/3745] nano_74.root
         -> 3,400 vertices (1,715 trig, 1,212 trig+kin events)
  [713/3745] nano_740.root
         -> 6,647 vertices (3,124 trig, 2,214 trig+kin events)
  [714/3745] nano_741.root
         -> 3,744 vertices (1,653 trig, 1,175 trig+kin events)
  [715/3745] nano_742.root
         -> 7,259 vertices (3,345 trig, 2,373 trig+kin events)
  [716/3745] nano_743.root
         -> 5,108 vertices (2,366 trig, 1,705 trig+kin events)
  [717/3745] nano_744.root
         -> 7,183 vertices (3,258 trig, 2,305 trig+kin events)
  [718/3745] nano_745.root
         -> 7,158 vertices (3,163 trig, 2,267 trig+kin events)
  [719/3745] nano_746.root
         -> 4,144 vertices (2,002 trig, 1,402 trig+kin events)
  [720/3745] nano_747.root
         -> 7,030 vertices (3,126 trig, 2,217 trig+kin events)
  [721/3745] nano_748.root
         -> 6,767 vertices (3,186 trig, 2,252 trig+kin events)
  [722/3745] nano_749.root
         -> 7,352 vertices (3,244 trig, 2,298 trig+kin events)
  [723/3745] nano_75.root
         -> 4,322 vertices (1,977 trig, 1,404 trig+kin events)
  [724/3745] nano_750.root
         -> 6,956 vertices (3,208 trig, 2,245 trig+kin events)
  [725/3745] nano_751.root
         -> 5,998 vertices (2,860 trig, 2,045 trig+kin events)
  [726/3745] nano_752.root
         -> 4,196 vertices (1,988 trig, 1,431 trig+kin events)
  [727/3745] nano_753.root
         -> 4,037 vertices (1,948 trig, 1,363 trig+kin events)
  [728/3745] nano_754.root
         -> 5,755 vertices (2,553 trig, 1,840 trig+kin events)
  [729/3745] nano_755.root
         -> 6,894 vertices (3,173 trig, 2,231 trig+kin events)
  [730/3745] nano_756.root
         -> 3,810 vertices (1,809 trig, 1,293 trig+kin events)
  [731/3745] nano_757.root
         -> 6,727 vertices (3,206 trig, 2,298 trig+kin events)
  [732/3745] nano_758.root
         -> 6,589 vertices (3,235 trig, 2,254 trig+kin events)
  [733/3745] nano_759.root
         -> 6,901 vertices (3,177 trig, 2,260 trig+kin events)
  [734/3745] nano_76.root
         -> 3,608 vertices (1,687 trig, 1,206 trig+kin events)
  [735/3745] nano_760.root
         -> 4,616 vertices (2,146 trig, 1,524 trig+kin events)
  [736/3745] nano_761.root
         -> 7,131 vertices (3,195 trig, 2,252 trig+kin events)
  [737/3745] nano_762.root
         -> 6,651 vertices (3,069 trig, 2,200 trig+kin events)
  [738/3745] nano_763.root
         -> 4,578 vertices (2,036 trig, 1,467 trig+kin events)
  [739/3745] nano_764.root
         -> 5,595 vertices (2,578 trig, 1,844 trig+kin events)
  [740/3745] nano_765.root
         -> 5,004 vertices (2,336 trig, 1,636 trig+kin events)
  [741/3745] nano_766.root
         -> 7,168 vertices (3,268 trig, 2,362 trig+kin events)
  [742/3745] nano_767.root
         -> 7,213 vertices (3,204 trig, 2,314 trig+kin events)
  [743/3745] nano_768.root
         -> 6,313 vertices (2,884 trig, 2,066 trig+kin events)
  [744/3745] nano_769.root
         -> 7,015 vertices (3,257 trig, 2,316 trig+kin events)
  [745/3745] nano_77.root
         -> 3,963 vertices (1,880 trig, 1,295 trig+kin events)
  [746/3745] nano_770.root
         -> 6,848 vertices (3,210 trig, 2,256 trig+kin events)
  [747/3745] nano_771.root
         -> 4,336 vertices (1,881 trig, 1,342 trig+kin events)
  [748/3745] nano_772.root
         -> 7,390 vertices (3,262 trig, 2,308 trig+kin events)
  [749/3745] nano_773.root
         -> 7,127 vertices (3,217 trig, 2,274 trig+kin events)
  [750/3745] nano_774.root
         -> 4,107 vertices (1,841 trig, 1,265 trig+kin events)
  [751/3745] nano_775.root
         -> 7,221 vertices (3,282 trig, 2,352 trig+kin events)
  [752/3745] nano_776.root
         -> 7,047 vertices (3,245 trig, 2,334 trig+kin events)
  [753/3745] nano_777.root
         -> 6,827 vertices (3,189 trig, 2,239 trig+kin events)
  [754/3745] nano_778.root
         -> 4,750 vertices (2,119 trig, 1,510 trig+kin events)
  [755/3745] nano_779.root
         -> 7,206 vertices (3,191 trig, 2,258 trig+kin events)
  [756/3745] nano_78.root
         -> 3,920 vertices (1,816 trig, 1,253 trig+kin events)
  [757/3745] nano_780.root
         -> 6,920 vertices (3,088 trig, 2,218 trig+kin events)
  [758/3745] nano_781.root
         -> 7,250 vertices (3,295 trig, 2,350 trig+kin events)
  [759/3745] nano_782.root
         -> 7,497 vertices (3,281 trig, 2,332 trig+kin events)
  [760/3745] nano_783.root
         -> 5,466 vertices (2,535 trig, 1,798 trig+kin events)
  [761/3745] nano_784.root
         -> 6,775 vertices (3,263 trig, 2,312 trig+kin events)
  [762/3745] nano_785.root
         -> 4,281 vertices (1,917 trig, 1,345 trig+kin events)
  [763/3745] nano_786.root
         -> 4,557 vertices (2,176 trig, 1,526 trig+kin events)
  [764/3745] nano_787.root
         -> 7,340 vertices (3,185 trig, 2,307 trig+kin events)
  [765/3745] nano_788.root
         -> 7,418 vertices (3,269 trig, 2,348 trig+kin events)
  [766/3745] nano_789.root
         -> 6,092 vertices (2,942 trig, 2,097 trig+kin events)
  [767/3745] nano_79.root
         -> 4,021 vertices (1,893 trig, 1,329 trig+kin events)
  [768/3745] nano_790.root
         -> 4,180 vertices (1,867 trig, 1,369 trig+kin events)
  [769/3745] nano_791.root
         -> 6,480 vertices (2,885 trig, 2,087 trig+kin events)
  [770/3745] nano_792.root
         -> 3,675 vertices (1,772 trig, 1,240 trig+kin events)
  [771/3745] nano_793.root
         -> 4,580 vertices (2,276 trig, 1,569 trig+kin events)
  [772/3745] nano_794.root
         -> 4,283 vertices (1,918 trig, 1,350 trig+kin events)
  [773/3745] nano_795.root
         -> 5,187 vertices (2,382 trig, 1,742 trig+kin events)
  [774/3745] nano_796.root
         -> 3,957 vertices (1,703 trig, 1,246 trig+kin events)
  [775/3745] nano_797.root
         -> 4,346 vertices (1,962 trig, 1,418 trig+kin events)
  [776/3745] nano_798.root
         -> 6,230 vertices (2,850 trig, 2,020 trig+kin events)
  [777/3745] nano_799.root
         -> 4,924 vertices (2,359 trig, 1,677 trig+kin events)
  [778/3745] nano_8.root
         -> 4,212 vertices (1,940 trig, 1,381 trig+kin events)
  [779/3745] nano_80.root
         -> 3,649 vertices (1,742 trig, 1,211 trig+kin events)
  [780/3745] nano_800.root
         -> 4,835 vertices (2,232 trig, 1,574 trig+kin events)
  [781/3745] nano_801.root
         -> 4,015 vertices (1,842 trig, 1,301 trig+kin events)
  [782/3745] nano_802.root
         -> 4,892 vertices (2,287 trig, 1,616 trig+kin events)
  [783/3745] nano_803.root
         -> 6,085 vertices (3,017 trig, 2,129 trig+kin events)
  [784/3745] nano_804.root
         -> 4,558 vertices (2,037 trig, 1,445 trig+kin events)
  [785/3745] nano_805.root
         -> 7,306 vertices (3,241 trig, 2,308 trig+kin events)
  [786/3745] nano_806.root
         -> 4,712 vertices (2,268 trig, 1,595 trig+kin events)
  [787/3745] nano_807.root
         -> 4,836 vertices (2,255 trig, 1,619 trig+kin events)
  [788/3745] nano_808.root
         -> 4,008 vertices (1,867 trig, 1,332 trig+kin events)
  [789/3745] nano_809.root
         -> 3,527 vertices (1,647 trig, 1,183 trig+kin events)
  [790/3745] nano_81.root
         -> 801 vertices (365 trig, 257 trig+kin events)
  [791/3745] nano_810.root
         -> 4,877 vertices (2,327 trig, 1,626 trig+kin events)
  [792/3745] nano_811.root
         -> 4,311 vertices (2,048 trig, 1,456 trig+kin events)
  [793/3745] nano_812.root
         -> 6,665 vertices (3,051 trig, 2,150 trig+kin events)
  [794/3745] nano_813.root
         -> 4,549 vertices (2,047 trig, 1,465 trig+kin events)
  [795/3745] nano_814.root
         -> 3,441 vertices (1,636 trig, 1,170 trig+kin events)
  [796/3745] nano_815.root
         -> 7,277 vertices (3,153 trig, 2,225 trig+kin events)
  [797/3745] nano_816.root
         -> 5,113 vertices (2,350 trig, 1,659 trig+kin events)
  [798/3745] nano_817.root
         -> 6,922 vertices (3,198 trig, 2,237 trig+kin events)
  [799/3745] nano_818.root
         -> 5,361 vertices (2,568 trig, 1,801 trig+kin events)
  [800/3745] nano_819.root
         -> 5,868 vertices (2,678 trig, 1,931 trig+kin events)
  [801/3745] nano_82.root
         -> 5,004 vertices (2,356 trig, 1,635 trig+kin events)
  [802/3745] nano_820.root
         -> 6,877 vertices (3,204 trig, 2,305 trig+kin events)
  [803/3745] nano_821.root
         -> 5,044 vertices (2,297 trig, 1,621 trig+kin events)
  [804/3745] nano_822.root
         -> 5,162 vertices (2,483 trig, 1,723 trig+kin events)
  [805/3745] nano_823.root
         -> 3,676 vertices (1,656 trig, 1,164 trig+kin events)
  [806/3745] nano_824.root
         -> 3,721 vertices (1,893 trig, 1,305 trig+kin events)
  [807/3745] nano_825.root
         -> 6,827 vertices (3,080 trig, 2,192 trig+kin events)
  [808/3745] nano_826.root
         -> 4,353 vertices (1,966 trig, 1,392 trig+kin events)
  [809/3745] nano_827.root
         -> 5,657 vertices (2,590 trig, 1,812 trig+kin events)
  [810/3745] nano_828.root
         -> 5,843 vertices (2,477 trig, 1,796 trig+kin events)
  [811/3745] nano_829.root
         -> 4,653 vertices (2,104 trig, 1,536 trig+kin events)
  [812/3745] nano_83.root
         -> 3,516 vertices (1,711 trig, 1,218 trig+kin events)
  [813/3745] nano_830.root
         -> 4,670 vertices (2,162 trig, 1,541 trig+kin events)
  [814/3745] nano_831.root
         -> 5,126 vertices (2,455 trig, 1,694 trig+kin events)
  [815/3745] nano_832.root
         -> 4,497 vertices (2,097 trig, 1,480 trig+kin events)
  [816/3745] nano_833.root
         -> 4,722 vertices (2,368 trig, 1,688 trig+kin events)
  [817/3745] nano_834.root
         -> 4,996 vertices (2,322 trig, 1,618 trig+kin events)
  [818/3745] nano_835.root
         -> 7,267 vertices (3,221 trig, 2,259 trig+kin events)
  [819/3745] nano_836.root
         -> 4,257 vertices (2,000 trig, 1,398 trig+kin events)
  [820/3745] nano_837.root
         -> 3,986 vertices (1,856 trig, 1,307 trig+kin events)
  [821/3745] nano_838.root
         -> 5,228 vertices (2,279 trig, 1,609 trig+kin events)
  [822/3745] nano_839.root
         -> 5,840 vertices (2,554 trig, 1,829 trig+kin events)
  [823/3745] nano_84.root
         -> 4,789 vertices (2,284 trig, 1,627 trig+kin events)
  [824/3745] nano_840.root
         -> 5,948 vertices (2,665 trig, 1,886 trig+kin events)
  [825/3745] nano_841.root
         -> 6,919 vertices (3,254 trig, 2,345 trig+kin events)
  [826/3745] nano_842.root
         -> 4,849 vertices (2,294 trig, 1,656 trig+kin events)
  [827/3745] nano_843.root
         -> 3,564 vertices (1,730 trig, 1,220 trig+kin events)
  [828/3745] nano_844.root
         -> 4,103 vertices (1,944 trig, 1,408 trig+kin events)
  [829/3745] nano_845.root
         -> 5,936 vertices (2,822 trig, 1,948 trig+kin events)
  [830/3745] nano_846.root
         -> 3,986 vertices (1,818 trig, 1,341 trig+kin events)
  [831/3745] nano_847.root
         -> 3,740 vertices (1,790 trig, 1,243 trig+kin events)
  [832/3745] nano_848.root
         -> 5,465 vertices (2,404 trig, 1,730 trig+kin events)
  [833/3745] nano_849.root
         -> 3,790 vertices (1,799 trig, 1,206 trig+kin events)
  [834/3745] nano_85.root
         -> 3,774 vertices (1,806 trig, 1,272 trig+kin events)
  [835/3745] nano_850.root
         -> 4,576 vertices (1,993 trig, 1,428 trig+kin events)
  [836/3745] nano_851.root
         -> 3,647 vertices (1,691 trig, 1,202 trig+kin events)
  [837/3745] nano_852.root
         -> 4,493 vertices (2,110 trig, 1,478 trig+kin events)
  [838/3745] nano_853.root
         -> 3,901 vertices (1,882 trig, 1,327 trig+kin events)
  [839/3745] nano_854.root
         -> 6,977 vertices (3,167 trig, 2,284 trig+kin events)
  [840/3745] nano_855.root
         -> 6,839 vertices (3,270 trig, 2,329 trig+kin events)
  [841/3745] nano_856.root
         -> 3,644 vertices (1,675 trig, 1,217 trig+kin events)
  [842/3745] nano_857.root
         -> 6,433 vertices (2,859 trig, 2,023 trig+kin events)
  [843/3745] nano_858.root
         -> 5,227 vertices (2,430 trig, 1,744 trig+kin events)
  [844/3745] nano_859.root
         -> 5,714 vertices (2,624 trig, 1,858 trig+kin events)
  [845/3745] nano_86.root
         -> 6,785 vertices (3,166 trig, 2,280 trig+kin events)
  [846/3745] nano_860.root
         -> 5,573 vertices (2,468 trig, 1,754 trig+kin events)
  [847/3745] nano_861.root
         -> 7,195 vertices (3,229 trig, 2,306 trig+kin events)
  [848/3745] nano_862.root
         -> 6,130 vertices (2,843 trig, 2,011 trig+kin events)
  [849/3745] nano_863.root
         -> 3,601 vertices (1,822 trig, 1,307 trig+kin events)
  [850/3745] nano_864.root
         -> 6,656 vertices (3,151 trig, 2,234 trig+kin events)
  [851/3745] nano_865.root
         -> 3,713 vertices (1,688 trig, 1,244 trig+kin events)
  [852/3745] nano_866.root
         -> 4,854 vertices (2,135 trig, 1,496 trig+kin events)
  [853/3745] nano_867.root
         -> 3,811 vertices (1,751 trig, 1,223 trig+kin events)
  [854/3745] nano_868.root
         -> 4,935 vertices (2,224 trig, 1,587 trig+kin events)
  [855/3745] nano_869.root
         -> 3,738 vertices (1,672 trig, 1,189 trig+kin events)
  [856/3745] nano_87.root
         -> 4,422 vertices (2,000 trig, 1,400 trig+kin events)
  [857/3745] nano_870.root
         -> 3,472 vertices (1,669 trig, 1,195 trig+kin events)
  [858/3745] nano_871.root
         -> 3,281 vertices (1,634 trig, 1,186 trig+kin events)
  [859/3745] nano_872.root
         -> 3,653 vertices (1,693 trig, 1,176 trig+kin events)
  [860/3745] nano_873.root
         -> 4,058 vertices (1,855 trig, 1,339 trig+kin events)
  [861/3745] nano_874.root
         -> 4,625 vertices (2,083 trig, 1,442 trig+kin events)
  [862/3745] nano_875.root
         -> 4,405 vertices (2,010 trig, 1,439 trig+kin events)
  [863/3745] nano_876.root
         -> 3,912 vertices (1,659 trig, 1,227 trig+kin events)
  [864/3745] nano_877.root
         -> 5,031 vertices (2,355 trig, 1,670 trig+kin events)
  [865/3745] nano_878.root
         -> 1,456 vertices (695 trig, 478 trig+kin events)
  [866/3745] nano_879.root
         -> 4,103 vertices (1,851 trig, 1,327 trig+kin events)
  [867/3745] nano_88.root
         -> 5,404 vertices (2,670 trig, 1,910 trig+kin events)
  [868/3745] nano_880.root
         -> 3,980 vertices (1,759 trig, 1,245 trig+kin events)
  [869/3745] nano_881.root
         -> 4,060 vertices (1,888 trig, 1,330 trig+kin events)
  [870/3745] nano_882.root
         -> 4,136 vertices (1,871 trig, 1,349 trig+kin events)
  [871/3745] nano_883.root
         -> 4,547 vertices (2,116 trig, 1,470 trig+kin events)
  [872/3745] nano_884.root
         -> 4,339 vertices (2,121 trig, 1,502 trig+kin events)
  [873/3745] nano_885.root
         -> 7,220 vertices (3,371 trig, 2,387 trig+kin events)
  [874/3745] nano_886.root
         -> 6,090 vertices (2,918 trig, 2,060 trig+kin events)
  [875/3745] nano_887.root
         -> 6,893 vertices (3,166 trig, 2,223 trig+kin events)
  [876/3745] nano_888.root
         -> 3,755 vertices (1,657 trig, 1,183 trig+kin events)
  [877/3745] nano_889.root
         -> 3,698 vertices (1,747 trig, 1,233 trig+kin events)
  [878/3745] nano_89.root
         -> 3,604 vertices (1,708 trig, 1,216 trig+kin events)
  [879/3745] nano_890.root
         -> 7,144 vertices (3,326 trig, 2,310 trig+kin events)
  [880/3745] nano_891.root
         -> 3,810 vertices (1,690 trig, 1,204 trig+kin events)
  [881/3745] nano_892.root
         -> 3,524 vertices (1,711 trig, 1,234 trig+kin events)
  [882/3745] nano_893.root
         -> 3,885 vertices (1,750 trig, 1,243 trig+kin events)
  [883/3745] nano_894.root
         -> 3,863 vertices (1,896 trig, 1,340 trig+kin events)
  [884/3745] nano_895.root
         -> 4,372 vertices (2,061 trig, 1,464 trig+kin events)
  [885/3745] nano_896.root
         -> 5,616 vertices (2,444 trig, 1,750 trig+kin events)
  [886/3745] nano_897.root
         -> 3,799 vertices (1,779 trig, 1,203 trig+kin events)
  [887/3745] nano_898.root
         -> 6,876 vertices (3,219 trig, 2,299 trig+kin events)
  [888/3745] nano_899.root
         -> 1,001 vertices (527 trig, 350 trig+kin events)
  [889/3745] nano_9.root
         -> 6,409 vertices (2,753 trig, 2,029 trig+kin events)
  [890/3745] nano_90.root
         -> 3,630 vertices (1,736 trig, 1,217 trig+kin events)
  [891/3745] nano_900.root
         -> 4,840 vertices (2,198 trig, 1,562 trig+kin events)
  [892/3745] nano_901.root
         -> 3,630 vertices (1,788 trig, 1,242 trig+kin events)
  [893/3745] nano_902.root
         -> 3,886 vertices (1,700 trig, 1,209 trig+kin events)
  [894/3745] nano_903.root
         -> 3,993 vertices (1,872 trig, 1,326 trig+kin events)
  [895/3745] nano_904.root
         -> 4,475 vertices (2,047 trig, 1,442 trig+kin events)
  [896/3745] nano_905.root
         -> 7,566 vertices (3,307 trig, 2,370 trig+kin events)
  [897/3745] nano_906.root
         -> 3,997 vertices (1,741 trig, 1,266 trig+kin events)
  [898/3745] nano_907.root
         -> 3,820 vertices (1,887 trig, 1,297 trig+kin events)
  [899/3745] nano_908.root
         -> 4,945 vertices (2,313 trig, 1,658 trig+kin events)
  [900/3745] nano_909.root
         -> 3,904 vertices (1,675 trig, 1,191 trig+kin events)
  [901/3745] nano_91.root
         -> 4,706 vertices (2,192 trig, 1,508 trig+kin events)
  [902/3745] nano_910.root
         -> 4,771 vertices (2,341 trig, 1,637 trig+kin events)
  [903/3745] nano_911.root
         -> 4,713 vertices (2,210 trig, 1,594 trig+kin events)
  [904/3745] nano_912.root
         -> 4,403 vertices (1,994 trig, 1,432 trig+kin events)
  [905/3745] nano_913.root
         -> 5,141 vertices (2,203 trig, 1,572 trig+kin events)
  [906/3745] nano_914.root
         -> 4,904 vertices (2,237 trig, 1,595 trig+kin events)
  [907/3745] nano_915.root
         -> 4,935 vertices (2,263 trig, 1,615 trig+kin events)
  [908/3745] nano_916.root
         -> 3,457 vertices (1,729 trig, 1,233 trig+kin events)
  [909/3745] nano_917.root
         -> 4,662 vertices (2,138 trig, 1,552 trig+kin events)
  [910/3745] nano_918.root
         -> 7,192 vertices (3,245 trig, 2,305 trig+kin events)
  [911/3745] nano_919.root
         -> 5,075 vertices (2,417 trig, 1,705 trig+kin events)
  [912/3745] nano_92.root
         -> 7,168 vertices (3,253 trig, 2,329 trig+kin events)
  [913/3745] nano_920.root
         -> 4,329 vertices (1,985 trig, 1,430 trig+kin events)
  [914/3745] nano_921.root
         -> 6,205 vertices (2,769 trig, 1,971 trig+kin events)
  [915/3745] nano_922.root
         -> 5,855 vertices (2,771 trig, 1,965 trig+kin events)
  [916/3745] nano_923.root
         -> 4,365 vertices (2,044 trig, 1,457 trig+kin events)
  [917/3745] nano_924.root
         -> 2,280 vertices (1,025 trig, 725 trig+kin events)
  [918/3745] nano_925.root
         -> 3,350 vertices (1,613 trig, 1,149 trig+kin events)
  [919/3745] nano_926.root
         -> 6,563 vertices (3,108 trig, 2,199 trig+kin events)
  [920/3745] nano_927.root
         -> 4,162 vertices (1,892 trig, 1,335 trig+kin events)
  [921/3745] nano_928.root
         -> 5,107 vertices (2,249 trig, 1,601 trig+kin events)
  [922/3745] nano_929.root
         -> 4,648 vertices (2,051 trig, 1,453 trig+kin events)
  [923/3745] nano_93.root
         -> 3,665 vertices (1,653 trig, 1,192 trig+kin events)
  [924/3745] nano_930.root
         -> 4,096 vertices (1,713 trig, 1,232 trig+kin events)
  [925/3745] nano_931.root
         -> 3,527 vertices (1,682 trig, 1,191 trig+kin events)
  [926/3745] nano_932.root
         -> 3,829 vertices (1,764 trig, 1,235 trig+kin events)
  [927/3745] nano_933.root
         -> 4,386 vertices (1,925 trig, 1,389 trig+kin events)
  [928/3745] nano_934.root
         -> 3,986 vertices (1,854 trig, 1,322 trig+kin events)
  [929/3745] nano_935.root
         -> 3,740 vertices (1,746 trig, 1,213 trig+kin events)
  [930/3745] nano_936.root
         -> 6,744 vertices (3,160 trig, 2,258 trig+kin events)
  [931/3745] nano_937.root
         -> 4,896 vertices (2,257 trig, 1,608 trig+kin events)
  [932/3745] nano_938.root
         -> 4,140 vertices (1,858 trig, 1,316 trig+kin events)
  [933/3745] nano_939.root
         -> 6,373 vertices (2,953 trig, 2,093 trig+kin events)
  [934/3745] nano_94.root
         -> 2,758 vertices (1,232 trig, 885 trig+kin events)
  [935/3745] nano_940.root
         -> 4,512 vertices (2,080 trig, 1,502 trig+kin events)
  [936/3745] nano_941.root
         -> 3,787 vertices (1,698 trig, 1,206 trig+kin events)
  [937/3745] nano_942.root
         -> 6,201 vertices (2,940 trig, 2,097 trig+kin events)
  [938/3745] nano_943.root
         -> 6,926 vertices (3,166 trig, 2,250 trig+kin events)
  [939/3745] nano_944.root
         -> 4,941 vertices (2,204 trig, 1,577 trig+kin events)
  [940/3745] nano_945.root
         -> 4,063 vertices (1,794 trig, 1,284 trig+kin events)
  [941/3745] nano_946.root
         -> 4,618 vertices (2,222 trig, 1,585 trig+kin events)
  [942/3745] nano_947.root
         -> 3,785 vertices (1,726 trig, 1,241 trig+kin events)
  [943/3745] nano_948.root
         -> 3,557 vertices (1,608 trig, 1,160 trig+kin events)
  [944/3745] nano_949.root
         -> 3,998 vertices (1,666 trig, 1,215 trig+kin events)
  [945/3745] nano_95.root
         -> 4,405 vertices (2,017 trig, 1,488 trig+kin events)
  [946/3745] nano_950.root
         -> 2,586 vertices (1,247 trig, 894 trig+kin events)
  [947/3745] nano_951.root
         -> 3,944 vertices (1,944 trig, 1,360 trig+kin events)
  [948/3745] nano_952.root
         -> 7,669 vertices (3,270 trig, 2,352 trig+kin events)
  [949/3745] nano_953.root
         -> 6,926 vertices (3,311 trig, 2,342 trig+kin events)
  [950/3745] nano_954.root
         -> 5,594 vertices (2,578 trig, 1,846 trig+kin events)
  [951/3745] nano_955.root
         -> 6,660 vertices (3,155 trig, 2,212 trig+kin events)
  [952/3745] nano_956.root
         -> 6,841 vertices (3,119 trig, 2,230 trig+kin events)
  [953/3745] nano_957.root
         -> 6,988 vertices (3,228 trig, 2,325 trig+kin events)
  [954/3745] nano_958.root
         -> 4,353 vertices (1,981 trig, 1,403 trig+kin events)
  [955/3745] nano_959.root
         -> 6,680 vertices (3,172 trig, 2,237 trig+kin events)
  [956/3745] nano_96.root
         -> 6,500 vertices (2,955 trig, 2,128 trig+kin events)
  [957/3745] nano_960.root
         -> 7,032 vertices (3,244 trig, 2,312 trig+kin events)
  [958/3745] nano_961.root
         -> 6,659 vertices (2,983 trig, 2,108 trig+kin events)
  [959/3745] nano_962.root
         -> 162 vertices (77 trig, 59 trig+kin events)
  [960/3745] nano_963.root
         -> 7,432 vertices (3,306 trig, 2,335 trig+kin events)
  [961/3745] nano_964.root
         -> 7,023 vertices (3,166 trig, 2,283 trig+kin events)
  [962/3745] nano_965.root
         -> 6,416 vertices (2,849 trig, 2,036 trig+kin events)
  [963/3745] nano_966.root
         -> 6,866 vertices (3,286 trig, 2,338 trig+kin events)
  [964/3745] nano_967.root
         -> 6,859 vertices (3,246 trig, 2,320 trig+kin events)
  [965/3745] nano_968.root
         -> 6,830 vertices (3,230 trig, 2,281 trig+kin events)
  [966/3745] nano_969.root
         -> 3,408 vertices (1,577 trig, 1,114 trig+kin events)
  [967/3745] nano_97.root
         -> 5,010 vertices (2,304 trig, 1,623 trig+kin events)
  [968/3745] nano_970.root
         -> 7,307 vertices (3,222 trig, 2,303 trig+kin events)
  [969/3745] nano_971.root
         -> 6,833 vertices (3,212 trig, 2,285 trig+kin events)
  [970/3745] nano_972.root
         -> 7,382 vertices (3,266 trig, 2,329 trig+kin events)
  [971/3745] nano_973.root
         -> 5,871 vertices (2,628 trig, 1,883 trig+kin events)
  [972/3745] nano_974.root
         -> 7,023 vertices (3,134 trig, 2,205 trig+kin events)
  [973/3745] nano_975.root
         -> 6,518 vertices (2,969 trig, 2,109 trig+kin events)
  [974/3745] nano_976.root
         -> 4,923 vertices (2,341 trig, 1,666 trig+kin events)
  [975/3745] nano_977.root
         -> 7,269 vertices (3,236 trig, 2,299 trig+kin events)
  [976/3745] nano_978.root
         -> 4,374 vertices (1,935 trig, 1,384 trig+kin events)
  [977/3745] nano_979.root
         -> 3,461 vertices (1,693 trig, 1,210 trig+kin events)
  [978/3745] nano_98.root
         -> 2,456 vertices (1,067 trig, 749 trig+kin events)
  [979/3745] nano_980.root
         -> 3,886 vertices (1,758 trig, 1,268 trig+kin events)
  [980/3745] nano_981.root
         -> 6,607 vertices (3,147 trig, 2,254 trig+kin events)
  [981/3745] nano_982.root
         -> 3,560 vertices (1,701 trig, 1,213 trig+kin events)
  [982/3745] nano_983.root
         -> 4,119 vertices (1,947 trig, 1,371 trig+kin events)
  [983/3745] nano_984.root
         -> 6,966 vertices (3,172 trig, 2,227 trig+kin events)
  [984/3745] nano_985.root
         -> 6,955 vertices (3,196 trig, 2,254 trig+kin events)
  [985/3745] nano_986.root
         -> 3,249 vertices (1,435 trig, 1,041 trig+kin events)
  [986/3745] nano_987.root
         -> 6,411 vertices (3,035 trig, 2,188 trig+kin events)
  [987/3745] nano_988.root
         -> 6,750 vertices (3,145 trig, 2,234 trig+kin events)
  [988/3745] nano_989.root
         -> 6,032 vertices (2,875 trig, 2,003 trig+kin events)
  [989/3745] nano_99.root
         -> 4,099 vertices (1,769 trig, 1,298 trig+kin events)
  [990/3745] nano_990.root
         -> 4,513 vertices (2,056 trig, 1,465 trig+kin events)
  [991/3745] nano_991.root
         -> 6,820 vertices (3,092 trig, 2,197 trig+kin events)
  [992/3745] nano_992.root
         -> 7,405 vertices (3,217 trig, 2,331 trig+kin events)
  [993/3745] nano_993.root
         -> 3,963 vertices (1,788 trig, 1,274 trig+kin events)
  [994/3745] nano_994.root
         -> 6,721 vertices (3,083 trig, 2,216 trig+kin events)
  [995/3745] nano_995.root
         -> 6,865 vertices (3,090 trig, 2,213 trig+kin events)
  [996/3745] nano_996.root
         -> 5,577 vertices (2,551 trig, 1,873 trig+kin events)
  [997/3745] nano_997.root
         -> 3,856 vertices (1,855 trig, 1,345 trig+kin events)
  [998/3745] nano_998.root
         -> 7,382 vertices (3,286 trig, 2,355 trig+kin events)
  [999/3745] nano_999.root
         -> 6,932 vertices (3,262 trig, 2,301 trig+kin events)
  [1000/3745] nano_1000.root
         -> 5,537 vertices (2,564 trig, 1,834 trig+kin events)
  [1001/3745] nano_1001.root
         -> 7,163 vertices (3,294 trig, 2,342 trig+kin events)
  [1002/3745] nano_1002.root
         -> 7,203 vertices (3,266 trig, 2,335 trig+kin events)
  [1003/3745] nano_1003.root
         -> 6,464 vertices (2,886 trig, 2,019 trig+kin events)
  [1004/3745] nano_1004.root
         -> 184 vertices (78 trig, 55 trig+kin events)
  [1005/3745] nano_1005.root
         -> 3,846 vertices (1,924 trig, 1,359 trig+kin events)
  [1006/3745] nano_1006.root
         -> 4,816 vertices (2,257 trig, 1,623 trig+kin events)
  [1007/3745] nano_1007.root
         -> 4,179 vertices (2,067 trig, 1,434 trig+kin events)
  [1008/3745] nano_1008.root
         -> 4,280 vertices (1,946 trig, 1,391 trig+kin events)
  [1009/3745] nano_1009.root
         -> 3,721 vertices (1,723 trig, 1,246 trig+kin events)
  [1010/3745] nano_1010.root
         -> 4,149 vertices (1,945 trig, 1,374 trig+kin events)
  [1011/3745] nano_1011.root
         -> 4,244 vertices (1,947 trig, 1,367 trig+kin events)
  [1012/3745] nano_1012.root
         -> 4,986 vertices (2,194 trig, 1,568 trig+kin events)
  [1013/3745] nano_1013.root
         -> 5,554 vertices (2,564 trig, 1,823 trig+kin events)
  [1014/3745] nano_1014.root
         -> 3,706 vertices (1,672 trig, 1,181 trig+kin events)
  [1015/3745] nano_1015.root
         -> 3,841 vertices (1,782 trig, 1,248 trig+kin events)
  [1016/3745] nano_1016.root
         -> 4,626 vertices (2,117 trig, 1,533 trig+kin events)
  [1017/3745] nano_1017.root
         -> 5,305 vertices (2,455 trig, 1,702 trig+kin events)
  [1018/3745] nano_1018.root
         -> 4,577 vertices (2,140 trig, 1,545 trig+kin events)
  [1019/3745] nano_1019.root
         -> 4,381 vertices (2,003 trig, 1,421 trig+kin events)
  [1020/3745] nano_1020.root
         -> 4,188 vertices (1,956 trig, 1,399 trig+kin events)
  [1021/3745] nano_1021.root
         -> 3,731 vertices (1,792 trig, 1,297 trig+kin events)
  [1022/3745] nano_1022.root
         -> 5,778 vertices (2,580 trig, 1,848 trig+kin events)
  [1023/3745] nano_1023.root
         -> 3,785 vertices (1,749 trig, 1,247 trig+kin events)
  [1024/3745] nano_1024.root
         -> 3,776 vertices (1,776 trig, 1,233 trig+kin events)
  [1025/3745] nano_1025.root
         -> 4,265 vertices (1,917 trig, 1,399 trig+kin events)
  [1026/3745] nano_1026.root
         -> 4,534 vertices (1,986 trig, 1,401 trig+kin events)
  [1027/3745] nano_1027.root
         -> 3,418 vertices (1,569 trig, 1,130 trig+kin events)
  [1028/3745] nano_1028.root
         -> 7,088 vertices (3,199 trig, 2,279 trig+kin events)
  [1029/3745] nano_1029.root
         -> 5,315 vertices (2,385 trig, 1,689 trig+kin events)
  [1030/3745] nano_1030.root
         -> 4,002 vertices (1,800 trig, 1,277 trig+kin events)
  [1031/3745] nano_1031.root
         -> 4,341 vertices (1,865 trig, 1,338 trig+kin events)
  [1032/3745] nano_1032.root
         -> 4,565 vertices (2,059 trig, 1,458 trig+kin events)
  [1033/3745] nano_1033.root
         -> 4,675 vertices (2,052 trig, 1,477 trig+kin events)
  [1034/3745] nano_1034.root
         -> 5,535 vertices (2,542 trig, 1,812 trig+kin events)
  [1035/3745] nano_1035.root
         -> 5,958 vertices (2,746 trig, 1,964 trig+kin events)
  [1036/3745] nano_1036.root
         -> 4,596 vertices (2,127 trig, 1,502 trig+kin events)
  [1037/3745] nano_1037.root
         -> 6,557 vertices (3,042 trig, 2,182 trig+kin events)
  [1038/3745] nano_1038.root
         -> 3,657 vertices (1,681 trig, 1,189 trig+kin events)
  [1039/3745] nano_1039.root
         -> 5,449 vertices (2,644 trig, 1,867 trig+kin events)
  [1040/3745] nano_1040.root
         -> 4,132 vertices (1,763 trig, 1,293 trig+kin events)
  [1041/3745] nano_1041.root
         -> 3,556 vertices (1,692 trig, 1,227 trig+kin events)
  [1042/3745] nano_1042.root
         -> 3,892 vertices (1,741 trig, 1,263 trig+kin events)
  [1043/3745] nano_1043.root
         -> 3,710 vertices (1,658 trig, 1,160 trig+kin events)
  [1044/3745] nano_1044.root
         -> 7,103 vertices (3,231 trig, 2,326 trig+kin events)
  [1045/3745] nano_1045.root
         -> 4,423 vertices (1,944 trig, 1,386 trig+kin events)
  [1046/3745] nano_1046.root
         -> 3,824 vertices (1,696 trig, 1,202 trig+kin events)
  [1047/3745] nano_1047.root
         -> 5,141 vertices (2,329 trig, 1,646 trig+kin events)
  [1048/3745] nano_1048.root
         -> 1,759 vertices (856 trig, 598 trig+kin events)
  [1049/3745] nano_1049.root
         -> 3,778 vertices (1,667 trig, 1,186 trig+kin events)
  [1050/3745] nano_1050.root
         -> 6,978 vertices (3,248 trig, 2,274 trig+kin events)
  [1051/3745] nano_1051.root
         -> 6,008 vertices (2,785 trig, 1,944 trig+kin events)
  [1052/3745] nano_1052.root
         -> 3,796 vertices (1,752 trig, 1,262 trig+kin events)
  [1053/3745] nano_1053.root
         -> 4,326 vertices (1,915 trig, 1,378 trig+kin events)
  [1054/3745] nano_1054.root
         -> 3,932 vertices (1,786 trig, 1,256 trig+kin events)
  [1055/3745] nano_1055.root
         -> 6,766 vertices (2,907 trig, 2,087 trig+kin events)
  [1056/3745] nano_1056.root
         -> 3,970 vertices (1,762 trig, 1,262 trig+kin events)
  [1057/3745] nano_1057.root
         -> 3,426 vertices (1,563 trig, 1,101 trig+kin events)
  [1058/3745] nano_1058.root
         -> 3,711 vertices (1,682 trig, 1,187 trig+kin events)
  [1059/3745] nano_1059.root
         -> 3,499 vertices (1,675 trig, 1,173 trig+kin events)
  [1060/3745] nano_1060.root
         -> 4,267 vertices (1,942 trig, 1,333 trig+kin events)
  [1061/3745] nano_1061.root
         -> 5,110 vertices (2,387 trig, 1,669 trig+kin events)
  [1062/3745] nano_1062.root
         -> 6,635 vertices (3,090 trig, 2,181 trig+kin events)
  [1063/3745] nano_1063.root
         -> 3,264 vertices (1,606 trig, 1,092 trig+kin events)
  [1064/3745] nano_1064.root
         -> 4,205 vertices (1,888 trig, 1,386 trig+kin events)
  [1065/3745] nano_1065.root
         -> 3,630 vertices (1,597 trig, 1,127 trig+kin events)
  [1066/3745] nano_1066.root
         -> 3,536 vertices (1,682 trig, 1,185 trig+kin events)
  [1067/3745] nano_1067.root
         -> 6,941 vertices (3,179 trig, 2,224 trig+kin events)
  [1068/3745] nano_1068.root
         -> 3,827 vertices (1,878 trig, 1,337 trig+kin events)
  [1069/3745] nano_1069.root
         -> 6,749 vertices (3,102 trig, 2,191 trig+kin events)
  [1070/3745] nano_1070.root
         -> 524 vertices (253 trig, 179 trig+kin events)
  [1071/3745] nano_1071.root
         -> 3,740 vertices (1,756 trig, 1,248 trig+kin events)
  [1072/3745] nano_1072.root
         -> 3,628 vertices (1,655 trig, 1,164 trig+kin events)
  [1073/3745] nano_1073.root
         -> 5,231 vertices (2,254 trig, 1,595 trig+kin events)
  [1074/3745] nano_1074.root
         -> 4,127 vertices (1,741 trig, 1,256 trig+kin events)
  [1075/3745] nano_1075.root
         -> 4,908 vertices (2,137 trig, 1,520 trig+kin events)
  [1076/3745] nano_1076.root
         -> 4,508 vertices (2,068 trig, 1,463 trig+kin events)
  [1077/3745] nano_1077.root
         -> 7,011 vertices (3,195 trig, 2,264 trig+kin events)
  [1078/3745] nano_1078.root
         -> 7,040 vertices (3,230 trig, 2,317 trig+kin events)
  [1079/3745] nano_1079.root
         -> 3,293 vertices (1,647 trig, 1,158 trig+kin events)
  [1080/3745] nano_1080.root
         -> 5,640 vertices (2,685 trig, 1,892 trig+kin events)
  [1081/3745] nano_1081.root
         -> 6,587 vertices (2,991 trig, 2,170 trig+kin events)
  [1082/3745] nano_1082.root
         -> 4,260 vertices (1,949 trig, 1,377 trig+kin events)
  [1083/3745] nano_1083.root
         -> 3,968 vertices (1,843 trig, 1,309 trig+kin events)
  [1084/3745] nano_1084.root
         -> 6,847 vertices (3,205 trig, 2,282 trig+kin events)
  [1085/3745] nano_1085.root
         -> 7,671 vertices (3,347 trig, 2,416 trig+kin events)
  [1086/3745] nano_1086.root
         -> 4,096 vertices (1,909 trig, 1,330 trig+kin events)
  [1087/3745] nano_1087.root
         -> 4,314 vertices (1,885 trig, 1,361 trig+kin events)
  [1088/3745] nano_1088.root
         -> 4,136 vertices (1,987 trig, 1,402 trig+kin events)
  [1089/3745] nano_1089.root
         -> 4,335 vertices (2,104 trig, 1,480 trig+kin events)
  [1090/3745] nano_1090.root
         -> 4,147 vertices (1,829 trig, 1,328 trig+kin events)
  [1091/3745] nano_1091.root
         -> 4,288 vertices (1,967 trig, 1,418 trig+kin events)
  [1092/3745] nano_1092.root
         -> 4,162 vertices (2,010 trig, 1,398 trig+kin events)
  [1093/3745] nano_1093.root
         -> 4,522 vertices (2,025 trig, 1,405 trig+kin events)
  [1094/3745] nano_1094.root
         -> 6,161 vertices (2,787 trig, 1,998 trig+kin events)
  [1095/3745] nano_1095.root
         -> 6,926 vertices (3,210 trig, 2,232 trig+kin events)
  [1096/3745] nano_1096.root
         -> 7,197 vertices (3,199 trig, 2,288 trig+kin events)
  [1097/3745] nano_1097.root
         -> 4,398 vertices (2,162 trig, 1,509 trig+kin events)
  [1098/3745] nano_1098.root
         -> 7,059 vertices (3,184 trig, 2,306 trig+kin events)
  [1099/3745] nano_1099.root
         -> 4,166 vertices (1,969 trig, 1,422 trig+kin events)
  [1100/3745] nano_1100.root
         -> 4,858 vertices (2,260 trig, 1,623 trig+kin events)
  [1101/3745] nano_1101.root
         -> 6,174 vertices (2,820 trig, 2,024 trig+kin events)
  [1102/3745] nano_1102.root
         -> 3,706 vertices (1,786 trig, 1,258 trig+kin events)
  [1103/3745] nano_1103.root
         -> 4,184 vertices (1,894 trig, 1,348 trig+kin events)
  [1104/3745] nano_1104.root
         -> 3,715 vertices (1,627 trig, 1,140 trig+kin events)
  [1105/3745] nano_1105.root
         -> 3,926 vertices (1,897 trig, 1,331 trig+kin events)
  [1106/3745] nano_1106.root
         -> 2,334 vertices (1,016 trig, 716 trig+kin events)
  [1107/3745] nano_1107.root
         -> 3,662 vertices (1,810 trig, 1,292 trig+kin events)
  [1108/3745] nano_1108.root
         -> 4,319 vertices (1,993 trig, 1,390 trig+kin events)
  [1109/3745] nano_1109.root
         -> 3,237 vertices (1,585 trig, 1,158 trig+kin events)
  [1110/3745] nano_1110.root
         -> 493 vertices (234 trig, 171 trig+kin events)
  [1111/3745] nano_1111.root
         -> 4,969 vertices (2,475 trig, 1,719 trig+kin events)
  [1112/3745] nano_1112.root
         -> 4,424 vertices (2,019 trig, 1,453 trig+kin events)
  [1113/3745] nano_1113.root
         -> 3,506 vertices (1,807 trig, 1,260 trig+kin events)
  [1114/3745] nano_1114.root
         -> 4,009 vertices (1,764 trig, 1,275 trig+kin events)
  [1115/3745] nano_1115.root
         -> 6,852 vertices (3,218 trig, 2,284 trig+kin events)
  [1116/3745] nano_1116.root
         -> 6,954 vertices (3,160 trig, 2,248 trig+kin events)
  [1117/3745] nano_1117.root
         -> 6,648 vertices (3,147 trig, 2,246 trig+kin events)
  [1118/3745] nano_1118.root
         -> 4,943 vertices (2,338 trig, 1,647 trig+kin events)
  [1119/3745] nano_1119.root
         -> 5,340 vertices (2,581 trig, 1,849 trig+kin events)
  [1120/3745] nano_1120.root
         -> 3,984 vertices (1,910 trig, 1,349 trig+kin events)
  [1121/3745] nano_1121.root
         -> 2,269 vertices (969 trig, 681 trig+kin events)
  [1122/3745] nano_1122.root
         -> 3,784 vertices (1,672 trig, 1,205 trig+kin events)
  [1123/3745] nano_1123.root
         -> 6,081 vertices (2,937 trig, 2,112 trig+kin events)
  [1124/3745] nano_1124.root
         -> 6,693 vertices (3,146 trig, 2,221 trig+kin events)
  [1125/3745] nano_1125.root
         -> 4,578 vertices (2,115 trig, 1,541 trig+kin events)
  [1126/3745] nano_1126.root
         -> 5,384 vertices (2,464 trig, 1,740 trig+kin events)
  [1127/3745] nano_1127.root
         -> 5,045 vertices (2,374 trig, 1,690 trig+kin events)
  [1128/3745] nano_1128.root
         -> 3,703 vertices (1,685 trig, 1,197 trig+kin events)
  [1129/3745] nano_1129.root
         -> 4,388 vertices (1,965 trig, 1,415 trig+kin events)
  [1130/3745] nano_1130.root
         -> 3,354 vertices (1,633 trig, 1,138 trig+kin events)
  [1131/3745] nano_1131.root
         -> 6,731 vertices (3,198 trig, 2,286 trig+kin events)
  [1132/3745] nano_1132.root
         -> 5,367 vertices (2,565 trig, 1,800 trig+kin events)
  [1133/3745] nano_1133.root
         -> 3,943 vertices (1,792 trig, 1,282 trig+kin events)
  [1134/3745] nano_1134.root
         -> 3,290 vertices (1,635 trig, 1,150 trig+kin events)
  [1135/3745] nano_1135.root
         -> 6,745 vertices (3,156 trig, 2,248 trig+kin events)
  [1136/3745] nano_1136.root
         -> 7,111 vertices (3,291 trig, 2,331 trig+kin events)
  [1137/3745] nano_1137.root
         -> 3,438 vertices (1,657 trig, 1,130 trig+kin events)
  [1138/3745] nano_1138.root
         -> 4,004 vertices (1,911 trig, 1,327 trig+kin events)
  [1139/3745] nano_1139.root
         -> 3,640 vertices (1,656 trig, 1,184 trig+kin events)
  [1140/3745] nano_1140.root
         -> 3,655 vertices (1,690 trig, 1,226 trig+kin events)
  [1141/3745] nano_1141.root
         -> 7,303 vertices (3,276 trig, 2,350 trig+kin events)
  [1142/3745] nano_1142.root
         -> 4,050 vertices (1,874 trig, 1,324 trig+kin events)
  [1143/3745] nano_1143.root
         -> 4,946 vertices (2,233 trig, 1,593 trig+kin events)
  [1144/3745] nano_1144.root
         -> 5,474 vertices (2,547 trig, 1,840 trig+kin events)
  [1145/3745] nano_1145.root
         -> 7,426 vertices (3,332 trig, 2,371 trig+kin events)
  [1146/3745] nano_1146.root
         -> 7,252 vertices (3,268 trig, 2,361 trig+kin events)
  [1147/3745] nano_1147.root
         -> 6,573 vertices (3,199 trig, 2,254 trig+kin events)
  [1148/3745] nano_1148.root
         -> 4,186 vertices (2,034 trig, 1,420 trig+kin events)
  [1149/3745] nano_1149.root
         -> 5,465 vertices (2,485 trig, 1,765 trig+kin events)
  [1150/3745] nano_1150.root
         -> 6,830 vertices (3,174 trig, 2,283 trig+kin events)
  [1151/3745] nano_1151.root
         -> 6,470 vertices (3,105 trig, 2,183 trig+kin events)
  [1152/3745] nano_1152.root
         -> 3,420 vertices (1,621 trig, 1,143 trig+kin events)
  [1153/3745] nano_1153.root
         -> 3,521 vertices (1,697 trig, 1,219 trig+kin events)
  [1154/3745] nano_1154.root
         -> 4,141 vertices (1,997 trig, 1,393 trig+kin events)
  [1155/3745] nano_1155.root
         -> 5,238 vertices (2,344 trig, 1,683 trig+kin events)
  [1156/3745] nano_1156.root
         -> 4,685 vertices (1,988 trig, 1,413 trig+kin events)
  [1157/3745] nano_1157.root
         -> 5,091 vertices (2,240 trig, 1,586 trig+kin events)
  [1158/3745] nano_1158.root
         -> 4,428 vertices (2,078 trig, 1,479 trig+kin events)
  [1159/3745] nano_1159.root
         -> 3,857 vertices (1,873 trig, 1,344 trig+kin events)
  [1160/3745] nano_1160.root
         -> 3,878 vertices (1,685 trig, 1,216 trig+kin events)
  [1161/3745] nano_1161.root
         -> 4,949 vertices (2,259 trig, 1,619 trig+kin events)
  [1162/3745] nano_1162.root
         -> 3,681 vertices (1,765 trig, 1,227 trig+kin events)
  [1163/3745] nano_1163.root
         -> 3,950 vertices (1,933 trig, 1,344 trig+kin events)
  [1164/3745] nano_1164.root
         -> 3,510 vertices (1,581 trig, 1,116 trig+kin events)
  [1165/3745] nano_1165.root
         -> 4,019 vertices (1,818 trig, 1,297 trig+kin events)
  [1166/3745] nano_1166.root
         -> 4,934 vertices (2,503 trig, 1,778 trig+kin events)
  [1167/3745] nano_1167.root
         -> 3,926 vertices (1,737 trig, 1,254 trig+kin events)
  [1168/3745] nano_1168.root
         -> 4,430 vertices (1,997 trig, 1,442 trig+kin events)
  [1169/3745] nano_1169.root
         -> 4,151 vertices (1,966 trig, 1,399 trig+kin events)
  [1170/3745] nano_1170.root
         -> 3,534 vertices (1,818 trig, 1,279 trig+kin events)
  [1171/3745] nano_1171.root
         -> 4,011 vertices (1,676 trig, 1,207 trig+kin events)
  [1172/3745] nano_1172.root
         -> 5,216 vertices (2,400 trig, 1,709 trig+kin events)
  [1173/3745] nano_1173.root
         -> 4,626 vertices (2,061 trig, 1,460 trig+kin events)
  [1174/3745] nano_1174.root
         -> 4,275 vertices (1,868 trig, 1,366 trig+kin events)
  [1175/3745] nano_1175.root
         -> 4,711 vertices (2,202 trig, 1,555 trig+kin events)
  [1176/3745] nano_1176.root
         -> 3,923 vertices (1,877 trig, 1,330 trig+kin events)
  [1177/3745] nano_1177.root
         -> 4,104 vertices (1,914 trig, 1,358 trig+kin events)
  [1178/3745] nano_1178.root
         -> 6,267 vertices (2,804 trig, 2,020 trig+kin events)
  [1179/3745] nano_1179.root
         -> 5,372 vertices (2,434 trig, 1,712 trig+kin events)
  [1180/3745] nano_1180.root
         -> 3,957 vertices (1,788 trig, 1,273 trig+kin events)
  [1181/3745] nano_1181.root
         -> 4,454 vertices (2,048 trig, 1,495 trig+kin events)
  [1182/3745] nano_1182.root
         -> 5,503 vertices (2,582 trig, 1,825 trig+kin events)
  [1183/3745] nano_1183.root
         -> 5,006 vertices (2,337 trig, 1,660 trig+kin events)
  [1184/3745] nano_1184.root
         -> 3,912 vertices (1,913 trig, 1,325 trig+kin events)
  [1185/3745] nano_1185.root
         -> 5,002 vertices (2,247 trig, 1,589 trig+kin events)
  [1186/3745] nano_1186.root
         -> 4,960 vertices (2,295 trig, 1,618 trig+kin events)
  [1187/3745] nano_1187.root
         -> 5,168 vertices (2,341 trig, 1,673 trig+kin events)
  [1188/3745] nano_1188.root
         -> 3,557 vertices (1,660 trig, 1,174 trig+kin events)
  [1189/3745] nano_1189.root
         -> 4,183 vertices (1,966 trig, 1,375 trig+kin events)
  [1190/3745] nano_1190.root
         -> 5,710 vertices (2,473 trig, 1,771 trig+kin events)
  [1191/3745] nano_1191.root
         -> 5,195 vertices (2,417 trig, 1,699 trig+kin events)
  [1192/3745] nano_1192.root
         -> 4,340 vertices (1,900 trig, 1,366 trig+kin events)
  [1193/3745] nano_1193.root
         -> 3,466 vertices (1,718 trig, 1,231 trig+kin events)
  [1194/3745] nano_1194.root
         -> 4,367 vertices (1,969 trig, 1,422 trig+kin events)
  [1195/3745] nano_1195.root
         -> 3,526 vertices (1,683 trig, 1,187 trig+kin events)
  [1196/3745] nano_1196.root
         -> 4,975 vertices (2,257 trig, 1,633 trig+kin events)
  [1197/3745] nano_1197.root
         -> 3,675 vertices (1,716 trig, 1,207 trig+kin events)
  [1198/3745] nano_1198.root
         -> 3,064 vertices (1,336 trig, 936 trig+kin events)
  [1199/3745] nano_1199.root
         -> 3,782 vertices (1,698 trig, 1,227 trig+kin events)
  [1200/3745] nano_1200.root
         -> 7,462 vertices (3,233 trig, 2,311 trig+kin events)
  [1201/3745] nano_1201.root
         -> 4,596 vertices (2,095 trig, 1,502 trig+kin events)
  [1202/3745] nano_1202.root
         -> 3,598 vertices (1,664 trig, 1,142 trig+kin events)
  [1203/3745] nano_1203.root
         -> 4,013 vertices (1,768 trig, 1,252 trig+kin events)
  [1204/3745] nano_1204.root
         -> 4,604 vertices (2,171 trig, 1,568 trig+kin events)
  [1205/3745] nano_1205.root
         -> 3,543 vertices (1,709 trig, 1,204 trig+kin events)
  [1206/3745] nano_1206.root
         -> 3,943 vertices (1,637 trig, 1,188 trig+kin events)
  [1207/3745] nano_1207.root
         -> 3,851 vertices (1,785 trig, 1,305 trig+kin events)
  [1208/3745] nano_1208.root
         -> 3,905 vertices (1,836 trig, 1,310 trig+kin events)
  [1209/3745] nano_1209.root
         -> 5,403 vertices (2,546 trig, 1,794 trig+kin events)
  [1210/3745] nano_1210.root
         -> 4,404 vertices (2,014 trig, 1,450 trig+kin events)
  [1211/3745] nano_1211.root
         -> 3,825 vertices (1,773 trig, 1,263 trig+kin events)
  [1212/3745] nano_1212.root
         -> 5,607 vertices (2,435 trig, 1,736 trig+kin events)
  [1213/3745] nano_1213.root
         -> 1,139 vertices (472 trig, 335 trig+kin events)
  [1214/3745] nano_1214.root
         -> 3,197 vertices (1,384 trig, 981 trig+kin events)
  [1215/3745] nano_1215.root
         -> 5,320 vertices (2,544 trig, 1,758 trig+kin events)
  [1216/3745] nano_1216.root
         -> 4,559 vertices (2,024 trig, 1,430 trig+kin events)
  [1217/3745] nano_1217.root
         -> 4,127 vertices (1,927 trig, 1,357 trig+kin events)
  [1218/3745] nano_1218.root
         -> 4,052 vertices (1,883 trig, 1,322 trig+kin events)
  [1219/3745] nano_1219.root
         -> 4,148 vertices (1,878 trig, 1,354 trig+kin events)
  [1220/3745] nano_1220.root
         -> 5,121 vertices (2,410 trig, 1,666 trig+kin events)
  [1221/3745] nano_1221.root
         -> 7,004 vertices (3,359 trig, 2,406 trig+kin events)
  [1222/3745] nano_1222.root
         -> 4,412 vertices (2,091 trig, 1,500 trig+kin events)
  [1223/3745] nano_1223.root
         -> 6,582 vertices (3,150 trig, 2,226 trig+kin events)
  [1224/3745] nano_1224.root
         -> 4,412 vertices (2,015 trig, 1,429 trig+kin events)
  [1225/3745] nano_1225.root
         -> 4,572 vertices (2,135 trig, 1,520 trig+kin events)
  [1226/3745] nano_1226.root
         -> 3,972 vertices (1,886 trig, 1,364 trig+kin events)
  [1227/3745] nano_1227.root
         -> 5,398 vertices (2,396 trig, 1,724 trig+kin events)
  [1228/3745] nano_1228.root
         -> 4,319 vertices (1,803 trig, 1,274 trig+kin events)
  [1229/3745] nano_1229.root
         -> 4,293 vertices (1,935 trig, 1,355 trig+kin events)
  [1230/3745] nano_1230.root
         -> 5,057 vertices (2,338 trig, 1,663 trig+kin events)
  [1231/3745] nano_1231.root
         -> 4,374 vertices (2,112 trig, 1,492 trig+kin events)
  [1232/3745] nano_1232.root
         -> 3,749 vertices (1,751 trig, 1,242 trig+kin events)
  [1233/3745] nano_1233.root
         -> 6,781 vertices (3,190 trig, 2,294 trig+kin events)
  [1234/3745] nano_1234.root
         -> 5,406 vertices (2,451 trig, 1,777 trig+kin events)
  [1235/3745] nano_1235.root
         -> 4,433 vertices (1,896 trig, 1,343 trig+kin events)
  [1236/3745] nano_1236.root
         -> 3,462 vertices (1,747 trig, 1,209 trig+kin events)
  [1237/3745] nano_1237.root
         -> 6,090 vertices (2,877 trig, 2,068 trig+kin events)
  [1238/3745] nano_1238.root
         -> 4,021 vertices (1,790 trig, 1,283 trig+kin events)
  [1239/3745] nano_1239.root
         -> 5,562 vertices (2,425 trig, 1,718 trig+kin events)
  [1240/3745] nano_1240.root
         -> 3,749 vertices (1,800 trig, 1,255 trig+kin events)
  [1241/3745] nano_1241.root
         -> 4,051 vertices (1,828 trig, 1,310 trig+kin events)
  [1242/3745] nano_1242.root
         -> 2,864 vertices (1,313 trig, 949 trig+kin events)
  [1243/3745] nano_1243.root
         -> 4,186 vertices (1,828 trig, 1,331 trig+kin events)
  [1244/3745] nano_1244.root
         -> 4,760 vertices (2,135 trig, 1,552 trig+kin events)
  [1245/3745] nano_1245.root
         -> 6,453 vertices (3,160 trig, 2,218 trig+kin events)
  [1246/3745] nano_1246.root
         -> 6,767 vertices (3,250 trig, 2,327 trig+kin events)
  [1247/3745] nano_1247.root
         -> 406 vertices (161 trig, 132 trig+kin events)
  [1248/3745] nano_1248.root
         -> 705 vertices (286 trig, 204 trig+kin events)
  [1249/3745] nano_1249.root
         -> 379 vertices (177 trig, 122 trig+kin events)
  [1250/3745] nano_1250.root
         -> 180 vertices (82 trig, 64 trig+kin events)
  [1251/3745] nano_1251.root
         -> 4,372 vertices (1,967 trig, 1,380 trig+kin events)
  [1252/3745] nano_1252.root
         -> 6,700 vertices (3,219 trig, 2,257 trig+kin events)
  [1253/3745] nano_1253.root
         -> 6,999 vertices (3,229 trig, 2,309 trig+kin events)
  [1254/3745] nano_1254.root
         -> 7,002 vertices (3,209 trig, 2,307 trig+kin events)
  [1255/3745] nano_1255.root
         -> 3,653 vertices (1,805 trig, 1,290 trig+kin events)
  [1256/3745] nano_1256.root
         -> 6,893 vertices (3,175 trig, 2,219 trig+kin events)
  [1257/3745] nano_1257.root
         -> 7,646 vertices (3,269 trig, 2,302 trig+kin events)
  [1258/3745] nano_1258.root
         -> 4,472 vertices (2,015 trig, 1,449 trig+kin events)
  [1259/3745] nano_1259.root
         -> 7,187 vertices (3,157 trig, 2,247 trig+kin events)
  [1260/3745] nano_1260.root
         -> 6,812 vertices (3,219 trig, 2,259 trig+kin events)
  [1261/3745] nano_1261.root
         -> 6,190 vertices (2,516 trig, 1,824 trig+kin events)
  [1262/3745] nano_1262.root
         -> 5,090 vertices (2,335 trig, 1,677 trig+kin events)
  [1263/3745] nano_1263.root
         -> 7,091 vertices (3,313 trig, 2,372 trig+kin events)
  [1264/3745] nano_1264.root
         -> 6,788 vertices (3,237 trig, 2,296 trig+kin events)
  [1265/3745] nano_1265.root
         -> 6,755 vertices (3,261 trig, 2,319 trig+kin events)
  [1266/3745] nano_1266.root
         -> 6,969 vertices (3,153 trig, 2,236 trig+kin events)
  [1267/3745] nano_1267.root
         -> 6,899 vertices (3,237 trig, 2,283 trig+kin events)
  [1268/3745] nano_1268.root
         -> 7,210 vertices (3,302 trig, 2,375 trig+kin events)
  [1269/3745] nano_1269.root
         -> 3,614 vertices (1,681 trig, 1,204 trig+kin events)
  [1270/3745] nano_1270.root
         -> 6,715 vertices (3,143 trig, 2,207 trig+kin events)
  [1271/3745] nano_1271.root
         -> 6,755 vertices (3,173 trig, 2,215 trig+kin events)
  [1272/3745] nano_1272.root
         -> 6,978 vertices (3,263 trig, 2,348 trig+kin events)
  [1273/3745] nano_1273.root
         -> 6,706 vertices (3,234 trig, 2,311 trig+kin events)
  [1274/3745] nano_1274.root
         -> 7,155 vertices (3,312 trig, 2,330 trig+kin events)
  [1275/3745] nano_1275.root
         -> 6,531 vertices (3,215 trig, 2,276 trig+kin events)
  [1276/3745] nano_1276.root
         -> 7,278 vertices (3,309 trig, 2,314 trig+kin events)
  [1277/3745] nano_1277.root
         -> 6,820 vertices (3,210 trig, 2,271 trig+kin events)
  [1278/3745] nano_1278.root
         -> 6,227 vertices (2,712 trig, 1,967 trig+kin events)
  [1279/3745] nano_1279.root
         -> 7,059 vertices (3,273 trig, 2,279 trig+kin events)
  [1280/3745] nano_1280.root
         -> 6,795 vertices (3,142 trig, 2,234 trig+kin events)
  [1281/3745] nano_1281.root
         -> 7,414 vertices (3,341 trig, 2,365 trig+kin events)
  [1282/3745] nano_1282.root
         -> 3,575 vertices (1,745 trig, 1,258 trig+kin events)
  [1283/3745] nano_1283.root
         -> 6,441 vertices (3,143 trig, 2,242 trig+kin events)
  [1284/3745] nano_1284.root
         -> 3,502 vertices (1,624 trig, 1,145 trig+kin events)
  [1285/3745] nano_1285.root
         -> 4,234 vertices (1,889 trig, 1,353 trig+kin events)
  [1286/3745] nano_1286.root
         -> 7,261 vertices (3,181 trig, 2,278 trig+kin events)
  [1287/3745] nano_1287.root
         -> 4,794 vertices (2,204 trig, 1,565 trig+kin events)
  [1288/3745] nano_1288.root
         -> 6,955 vertices (3,313 trig, 2,340 trig+kin events)
  [1289/3745] nano_1289.root
         -> 6,900 vertices (3,181 trig, 2,290 trig+kin events)
  [1290/3745] nano_1290.root
         -> 3,882 vertices (1,650 trig, 1,185 trig+kin events)
  [1291/3745] nano_1291.root
         -> 6,831 vertices (3,186 trig, 2,277 trig+kin events)
  [1292/3745] nano_1292.root
         -> 3,454 vertices (1,712 trig, 1,187 trig+kin events)
  [1293/3745] nano_1293.root
         -> 7,278 vertices (3,179 trig, 2,270 trig+kin events)
  [1294/3745] nano_1294.root
         -> 6,934 vertices (3,156 trig, 2,252 trig+kin events)
  [1295/3745] nano_1295.root
         -> 6,750 vertices (3,150 trig, 2,225 trig+kin events)
  [1296/3745] nano_1296.root
         -> 7,325 vertices (3,281 trig, 2,336 trig+kin events)
  [1297/3745] nano_1297.root
         -> 7,227 vertices (3,321 trig, 2,382 trig+kin events)
  [1298/3745] nano_1298.root
         -> 7,276 vertices (3,182 trig, 2,270 trig+kin events)
  [1299/3745] nano_1299.root
         -> 4,518 vertices (2,077 trig, 1,447 trig+kin events)
  [1300/3745] nano_1300.root
         -> 7,567 vertices (3,297 trig, 2,348 trig+kin events)
  [1301/3745] nano_1301.root
         -> 6,925 vertices (3,207 trig, 2,293 trig+kin events)
  [1302/3745] nano_1302.root
         -> 6,832 vertices (3,274 trig, 2,300 trig+kin events)
  [1303/3745] nano_1303.root
         -> 6,090 vertices (2,852 trig, 2,028 trig+kin events)
  [1304/3745] nano_1304.root
         -> 7,080 vertices (3,209 trig, 2,239 trig+kin events)
  [1305/3745] nano_1305.root
         -> 7,439 vertices (3,219 trig, 2,311 trig+kin events)
  [1306/3745] nano_1306.root
         -> 7,163 vertices (3,156 trig, 2,264 trig+kin events)
  [1307/3745] nano_1307.root
         -> 7,214 vertices (3,207 trig, 2,308 trig+kin events)
  [1308/3745] nano_1308.root
         -> 5,893 vertices (2,652 trig, 1,887 trig+kin events)
  [1309/3745] nano_1309.root
         -> 7,008 vertices (3,094 trig, 2,206 trig+kin events)
  [1310/3745] nano_1310.root
         -> 5,362 vertices (2,540 trig, 1,832 trig+kin events)
  [1311/3745] nano_1311.root
         -> 6,880 vertices (3,104 trig, 2,223 trig+kin events)
  [1312/3745] nano_1312.root
         -> 5,749 vertices (2,742 trig, 1,948 trig+kin events)
  [1313/3745] nano_1313.root
         -> 7,120 vertices (3,284 trig, 2,285 trig+kin events)
  [1314/3745] nano_1314.root
         -> 7,211 vertices (3,193 trig, 2,277 trig+kin events)
  [1315/3745] nano_1315.root
         -> 2,746 vertices (1,347 trig, 956 trig+kin events)
  [1316/3745] nano_1316.root
         -> 7,014 vertices (3,245 trig, 2,318 trig+kin events)
  [1317/3745] nano_1317.root
         -> 4,639 vertices (2,181 trig, 1,494 trig+kin events)
  [1318/3745] nano_1318.root
         -> 4,251 vertices (2,022 trig, 1,477 trig+kin events)
  [1319/3745] nano_1319.root
         -> 7,201 vertices (3,248 trig, 2,316 trig+kin events)
  [1320/3745] nano_1320.root
         -> 7,281 vertices (3,218 trig, 2,326 trig+kin events)
  [1321/3745] nano_1321.root
         -> 7,105 vertices (3,268 trig, 2,304 trig+kin events)
  [1322/3745] nano_1322.root
         -> 4,850 vertices (2,302 trig, 1,587 trig+kin events)
  [1323/3745] nano_1323.root
         -> 4,994 vertices (2,224 trig, 1,597 trig+kin events)
  [1324/3745] nano_1324.root
         -> 4,936 vertices (2,360 trig, 1,645 trig+kin events)
  [1325/3745] nano_1325.root
         -> 6,974 vertices (3,196 trig, 2,235 trig+kin events)
  [1326/3745] nano_1326.root
         -> 6,997 vertices (3,265 trig, 2,357 trig+kin events)
  [1327/3745] nano_1327.root
         -> 7,123 vertices (3,301 trig, 2,333 trig+kin events)
  [1328/3745] nano_1328.root
         -> 6,956 vertices (3,168 trig, 2,269 trig+kin events)
  [1329/3745] nano_1329.root
         -> 5,402 vertices (2,593 trig, 1,841 trig+kin events)
  [1330/3745] nano_1330.root
         -> 3,690 vertices (1,697 trig, 1,207 trig+kin events)
  [1331/3745] nano_1331.root
         -> 2,370 vertices (1,081 trig, 768 trig+kin events)
  [1332/3745] nano_1332.root
         -> 7,255 vertices (3,144 trig, 2,265 trig+kin events)
  [1333/3745] nano_1333.root
         -> 7,046 vertices (3,133 trig, 2,242 trig+kin events)
  [1334/3745] nano_1334.root
         -> 5,180 vertices (2,421 trig, 1,703 trig+kin events)
  [1335/3745] nano_1335.root
         -> 5,970 vertices (2,793 trig, 2,000 trig+kin events)
  [1336/3745] nano_1336.root
         -> 4,376 vertices (2,072 trig, 1,441 trig+kin events)
  [1337/3745] nano_1337.root
         -> 6,969 vertices (3,106 trig, 2,230 trig+kin events)
  [1338/3745] nano_1338.root
         -> 6,923 vertices (3,229 trig, 2,331 trig+kin events)
  [1339/3745] nano_1339.root
         -> 3,826 vertices (1,786 trig, 1,265 trig+kin events)
  [1340/3745] nano_1340.root
         -> 5,136 vertices (2,489 trig, 1,764 trig+kin events)
  [1341/3745] nano_1341.root
         -> 7,079 vertices (3,228 trig, 2,278 trig+kin events)
  [1342/3745] nano_1342.root
         -> 6,849 vertices (3,302 trig, 2,379 trig+kin events)
  [1343/3745] nano_1343.root
         -> 5,035 vertices (2,312 trig, 1,656 trig+kin events)
  [1344/3745] nano_1344.root
         -> 4,676 vertices (2,109 trig, 1,534 trig+kin events)
  [1345/3745] nano_1345.root
         -> 5,564 vertices (2,472 trig, 1,741 trig+kin events)
  [1346/3745] nano_1346.root
         -> 4,960 vertices (2,147 trig, 1,549 trig+kin events)
  [1347/3745] nano_1347.root
         -> 7,245 vertices (3,323 trig, 2,332 trig+kin events)
  [1348/3745] nano_1348.root
         -> 5,020 vertices (2,410 trig, 1,707 trig+kin events)
  [1349/3745] nano_1349.root
         -> 6,997 vertices (3,311 trig, 2,364 trig+kin events)
  [1350/3745] nano_1350.root
         -> 6,649 vertices (3,182 trig, 2,224 trig+kin events)
  [1351/3745] nano_1351.root
         -> 6,971 vertices (3,250 trig, 2,322 trig+kin events)
  [1352/3745] nano_1352.root
         -> 6,945 vertices (3,295 trig, 2,324 trig+kin events)
  [1353/3745] nano_1353.root
         -> 7,133 vertices (3,338 trig, 2,348 trig+kin events)
  [1354/3745] nano_1354.root
         -> 7,186 vertices (3,284 trig, 2,358 trig+kin events)
  [1355/3745] nano_1355.root
         -> 3,640 vertices (1,808 trig, 1,309 trig+kin events)
  [1356/3745] nano_1356.root
         -> 7,022 vertices (3,269 trig, 2,319 trig+kin events)
  [1357/3745] nano_1357.root
         -> 6,912 vertices (3,162 trig, 2,263 trig+kin events)
  [1358/3745] nano_1358.root
         -> 7,082 vertices (3,314 trig, 2,341 trig+kin events)
  [1359/3745] nano_1359.root
         -> 4,030 vertices (1,992 trig, 1,423 trig+kin events)
  [1360/3745] nano_1360.root
         -> 7,116 vertices (3,182 trig, 2,315 trig+kin events)
  [1361/3745] nano_1361.root
         -> 7,199 vertices (3,251 trig, 2,301 trig+kin events)
  [1362/3745] nano_1362.root
         -> 6,865 vertices (3,189 trig, 2,291 trig+kin events)
  [1363/3745] nano_1363.root
         -> 7,035 vertices (3,184 trig, 2,305 trig+kin events)
  [1364/3745] nano_1364.root
         -> 6,434 vertices (3,070 trig, 2,140 trig+kin events)
  [1365/3745] nano_1365.root
         -> 7,182 vertices (3,205 trig, 2,295 trig+kin events)
  [1366/3745] nano_1366.root
         -> 4,572 vertices (2,071 trig, 1,467 trig+kin events)
  [1367/3745] nano_1367.root
         -> 7,094 vertices (3,309 trig, 2,329 trig+kin events)
  [1368/3745] nano_1368.root
         -> 6,912 vertices (3,214 trig, 2,253 trig+kin events)
  [1369/3745] nano_1369.root
         -> 3,490 vertices (1,618 trig, 1,149 trig+kin events)
  [1370/3745] nano_1370.root
         -> 6,534 vertices (3,189 trig, 2,277 trig+kin events)
  [1371/3745] nano_1371.root
         -> 6,879 vertices (3,241 trig, 2,266 trig+kin events)
  [1372/3745] nano_1372.root
         -> 739 vertices (369 trig, 258 trig+kin events)
  [1373/3745] nano_1373.root
         -> 3,921 vertices (1,775 trig, 1,246 trig+kin events)
  [1374/3745] nano_1374.root
         -> 5,969 vertices (2,679 trig, 1,946 trig+kin events)
  [1375/3745] nano_1375.root
         -> 7,070 vertices (3,297 trig, 2,379 trig+kin events)
  [1376/3745] nano_1376.root
         -> 6,843 vertices (3,227 trig, 2,291 trig+kin events)
  [1377/3745] nano_1377.root
         -> 6,586 vertices (3,220 trig, 2,306 trig+kin events)
  [1378/3745] nano_1378.root
         -> 5,394 vertices (2,450 trig, 1,769 trig+kin events)
  [1379/3745] nano_1379.root
         -> 7,131 vertices (3,253 trig, 2,280 trig+kin events)
  [1380/3745] nano_1380.root
         -> 6,848 vertices (3,133 trig, 2,233 trig+kin events)
  [1381/3745] nano_1381.root
         -> 6,963 vertices (3,258 trig, 2,311 trig+kin events)
  [1382/3745] nano_1382.root
         -> 6,843 vertices (3,256 trig, 2,284 trig+kin events)
  [1383/3745] nano_1383.root
         -> 4,715 vertices (2,267 trig, 1,606 trig+kin events)
  [1384/3745] nano_1384.root
         -> 6,669 vertices (3,217 trig, 2,257 trig+kin events)
  [1385/3745] nano_1385.root
         -> 5,126 vertices (2,526 trig, 1,769 trig+kin events)
  [1386/3745] nano_1386.root
         -> 6,933 vertices (3,235 trig, 2,295 trig+kin events)
  [1387/3745] nano_1387.root
         -> 6,698 vertices (3,126 trig, 2,252 trig+kin events)
  [1388/3745] nano_1388.root
         -> 4,895 vertices (2,176 trig, 1,557 trig+kin events)
  [1389/3745] nano_1389.root
         -> 6,860 vertices (3,324 trig, 2,319 trig+kin events)
  [1390/3745] nano_1390.root
         -> 6,684 vertices (3,266 trig, 2,336 trig+kin events)
  [1391/3745] nano_1391.root
         -> 7,210 vertices (3,206 trig, 2,292 trig+kin events)
  [1392/3745] nano_1392.root
         -> 4,780 vertices (2,315 trig, 1,611 trig+kin events)
  [1393/3745] nano_1393.root
         -> 4,441 vertices (2,131 trig, 1,485 trig+kin events)
  [1394/3745] nano_1394.root
         -> 7,389 vertices (3,339 trig, 2,384 trig+kin events)
  [1395/3745] nano_1395.root
         -> 7,468 vertices (3,282 trig, 2,377 trig+kin events)
  [1396/3745] nano_1396.root
         -> 7,081 vertices (3,206 trig, 2,310 trig+kin events)
  [1397/3745] nano_1397.root
         -> 6,809 vertices (3,212 trig, 2,288 trig+kin events)
  [1398/3745] nano_1398.root
         -> 7,510 vertices (3,254 trig, 2,335 trig+kin events)
  [1399/3745] nano_1399.root
         -> 6,958 vertices (3,199 trig, 2,268 trig+kin events)
  [1400/3745] nano_1400.root
         -> 1,504 vertices (628 trig, 457 trig+kin events)
  [1401/3745] nano_1401.root
         -> 7,323 vertices (3,225 trig, 2,315 trig+kin events)
  [1402/3745] nano_1402.root
         -> 4,245 vertices (1,962 trig, 1,409 trig+kin events)
  [1403/3745] nano_1403.root
         -> 4,737 vertices (2,206 trig, 1,548 trig+kin events)
  [1404/3745] nano_1404.root
         -> 7,056 vertices (3,265 trig, 2,316 trig+kin events)
  [1405/3745] nano_1405.root
         -> 7,255 vertices (3,242 trig, 2,346 trig+kin events)
  [1406/3745] nano_1406.root
         -> 6,760 vertices (3,210 trig, 2,261 trig+kin events)
  [1407/3745] nano_1407.root
         -> 5,113 vertices (2,340 trig, 1,699 trig+kin events)
  [1408/3745] nano_1408.root
         -> 3,981 vertices (1,726 trig, 1,236 trig+kin events)
  [1409/3745] nano_1409.root
         -> 7,221 vertices (3,318 trig, 2,370 trig+kin events)
  [1410/3745] nano_1410.root
         -> 3,759 vertices (1,673 trig, 1,185 trig+kin events)
  [1411/3745] nano_1411.root
         -> 6,766 vertices (3,209 trig, 2,237 trig+kin events)
  [1412/3745] nano_1412.root
         -> 6,672 vertices (3,221 trig, 2,272 trig+kin events)
  [1413/3745] nano_1413.root
         -> 7,086 vertices (3,261 trig, 2,344 trig+kin events)
  [1414/3745] nano_1414.root
         -> 6,770 vertices (3,092 trig, 2,186 trig+kin events)
  [1415/3745] nano_1415.root
         -> 4,200 vertices (1,872 trig, 1,343 trig+kin events)
  [1416/3745] nano_1416.root
         -> 6,673 vertices (3,109 trig, 2,222 trig+kin events)
  [1417/3745] nano_1417.root
         -> 7,187 vertices (3,233 trig, 2,338 trig+kin events)
  [1418/3745] nano_1418.root
         -> 6,326 vertices (2,891 trig, 2,092 trig+kin events)
  [1419/3745] nano_1419.root
         -> 7,438 vertices (3,166 trig, 2,337 trig+kin events)
  [1420/3745] nano_1420.root
         -> 3,575 vertices (1,652 trig, 1,199 trig+kin events)
  [1421/3745] nano_1421.root
         -> 7,174 vertices (3,214 trig, 2,302 trig+kin events)
  [1422/3745] nano_1422.root
         -> 6,492 vertices (3,221 trig, 2,275 trig+kin events)
  [1423/3745] nano_1423.root
         -> 7,935 vertices (3,296 trig, 2,388 trig+kin events)
  [1424/3745] nano_1424.root
         -> 6,481 vertices (2,930 trig, 2,105 trig+kin events)
  [1425/3745] nano_1425.root
         -> 6,834 vertices (3,164 trig, 2,252 trig+kin events)
  [1426/3745] nano_1426.root
         -> 5,221 vertices (2,339 trig, 1,672 trig+kin events)
  [1427/3745] nano_1427.root
         -> 6,590 vertices (3,191 trig, 2,241 trig+kin events)
  [1428/3745] nano_1428.root
         -> 4,160 vertices (1,898 trig, 1,395 trig+kin events)
  [1429/3745] nano_1429.root
         -> 6,399 vertices (2,894 trig, 2,059 trig+kin events)
  [1430/3745] nano_1430.root
         -> 6,930 vertices (3,135 trig, 2,175 trig+kin events)
  [1431/3745] nano_1431.root
         -> 4,376 vertices (2,066 trig, 1,463 trig+kin events)
  [1432/3745] nano_1432.root
         -> 6,618 vertices (3,181 trig, 2,265 trig+kin events)
  [1433/3745] nano_1433.root
         -> 5,100 vertices (2,378 trig, 1,730 trig+kin events)
  [1434/3745] nano_1434.root
         -> 6,169 vertices (2,818 trig, 2,021 trig+kin events)
  [1435/3745] nano_1435.root
         -> 7,042 vertices (3,224 trig, 2,291 trig+kin events)
  [1436/3745] nano_1436.root
         -> 6,817 vertices (3,195 trig, 2,267 trig+kin events)
  [1437/3745] nano_1437.root
         -> 6,695 vertices (2,950 trig, 2,099 trig+kin events)
  [1438/3745] nano_1438.root
         -> 6,521 vertices (3,217 trig, 2,270 trig+kin events)
  [1439/3745] nano_1439.root
         -> 4,940 vertices (2,208 trig, 1,551 trig+kin events)
  [1440/3745] nano_1440.root
         -> 3,646 vertices (1,690 trig, 1,159 trig+kin events)
  [1441/3745] nano_1441.root
         -> 6,992 vertices (3,267 trig, 2,348 trig+kin events)
  [1442/3745] nano_1442.root
         -> 6,594 vertices (3,101 trig, 2,224 trig+kin events)
  [1443/3745] nano_1443.root
         -> 4,024 vertices (1,801 trig, 1,260 trig+kin events)
  [1444/3745] nano_1444.root
         -> 7,261 vertices (3,170 trig, 2,285 trig+kin events)
  [1445/3745] nano_1445.root
         -> 7,121 vertices (3,173 trig, 2,298 trig+kin events)
  [1446/3745] nano_1446.root
         -> 7,214 vertices (3,287 trig, 2,290 trig+kin events)
  [1447/3745] nano_1447.root
         -> 6,881 vertices (3,163 trig, 2,286 trig+kin events)
  [1448/3745] nano_1448.root
         -> 3,942 vertices (1,760 trig, 1,278 trig+kin events)
  [1449/3745] nano_1449.root
         -> 6,145 vertices (2,798 trig, 1,977 trig+kin events)
  [1450/3745] nano_1450.root
         -> 6,846 vertices (3,214 trig, 2,283 trig+kin events)
  [1451/3745] nano_1451.root
         -> 5,632 vertices (2,533 trig, 1,807 trig+kin events)
  [1452/3745] nano_1452.root
         -> 7,207 vertices (3,254 trig, 2,329 trig+kin events)
  [1453/3745] nano_1453.root
         -> 7,173 vertices (3,245 trig, 2,316 trig+kin events)
  [1454/3745] nano_1454.root
         -> 7,215 vertices (3,252 trig, 2,275 trig+kin events)
  [1455/3745] nano_1455.root
         -> 6,772 vertices (3,148 trig, 2,197 trig+kin events)
  [1456/3745] nano_1456.root
         -> 6,797 vertices (3,064 trig, 2,167 trig+kin events)
  [1457/3745] nano_1457.root
         -> 4,379 vertices (1,971 trig, 1,404 trig+kin events)
  [1458/3745] nano_1458.root
         -> 6,946 vertices (3,313 trig, 2,357 trig+kin events)
  [1459/3745] nano_1459.root
         -> 7,070 vertices (3,202 trig, 2,269 trig+kin events)
  [1460/3745] nano_1460.root
         -> 5,544 vertices (2,547 trig, 1,787 trig+kin events)
  [1461/3745] nano_1461.root
         -> 7,282 vertices (3,383 trig, 2,426 trig+kin events)
  [1462/3745] nano_1462.root
         -> 3,555 vertices (1,806 trig, 1,298 trig+kin events)
  [1463/3745] nano_1463.root
         -> 7,500 vertices (3,312 trig, 2,363 trig+kin events)
  [1464/3745] nano_1464.root
         -> 6,987 vertices (3,132 trig, 2,212 trig+kin events)
  [1465/3745] nano_1465.root
         -> 4,002 vertices (1,968 trig, 1,385 trig+kin events)
  [1466/3745] nano_1466.root
         -> 7,072 vertices (3,304 trig, 2,314 trig+kin events)
  [1467/3745] nano_1467.root
         -> 7,315 vertices (3,241 trig, 2,315 trig+kin events)
  [1468/3745] nano_1468.root
         -> 2,683 vertices (1,235 trig, 862 trig+kin events)
  [1469/3745] nano_1469.root
         -> 7,183 vertices (3,272 trig, 2,341 trig+kin events)
  [1470/3745] nano_1470.root
         -> 7,244 vertices (3,205 trig, 2,282 trig+kin events)
  [1471/3745] nano_1471.root
         -> 6,954 vertices (3,215 trig, 2,305 trig+kin events)
  [1472/3745] nano_1472.root
         -> 7,130 vertices (3,209 trig, 2,288 trig+kin events)
  [1473/3745] nano_1473.root
         -> 6,730 vertices (3,047 trig, 2,217 trig+kin events)
  [1474/3745] nano_1474.root
         -> 5,113 vertices (2,336 trig, 1,691 trig+kin events)
  [1475/3745] nano_1475.root
         -> 7,011 vertices (3,282 trig, 2,319 trig+kin events)
  [1476/3745] nano_1476.root
         -> 7,250 vertices (3,257 trig, 2,335 trig+kin events)
  [1477/3745] nano_1477.root
         -> 7,327 vertices (3,249 trig, 2,315 trig+kin events)
  [1478/3745] nano_1478.root
         -> 4,640 vertices (2,170 trig, 1,504 trig+kin events)
  [1479/3745] nano_1479.root
         -> 7,258 vertices (3,259 trig, 2,311 trig+kin events)
  [1480/3745] nano_1480.root
         -> 3,535 vertices (1,704 trig, 1,204 trig+kin events)
  [1481/3745] nano_1481.root
         -> 7,173 vertices (3,161 trig, 2,262 trig+kin events)
  [1482/3745] nano_1482.root
         -> 7,180 vertices (3,279 trig, 2,353 trig+kin events)
  [1483/3745] nano_1483.root
         -> 6,247 vertices (2,875 trig, 2,050 trig+kin events)
  [1484/3745] nano_1484.root
         -> 5,146 vertices (2,281 trig, 1,632 trig+kin events)
  [1485/3745] nano_1485.root
         -> 4,905 vertices (2,420 trig, 1,703 trig+kin events)
  [1486/3745] nano_1486.root
         -> 4,237 vertices (1,863 trig, 1,306 trig+kin events)
  [1487/3745] nano_1487.root
         -> 4,368 vertices (2,078 trig, 1,535 trig+kin events)
  [1488/3745] nano_1488.root
         -> 3,976 vertices (1,781 trig, 1,273 trig+kin events)
  [1489/3745] nano_1489.root
         -> 6,677 vertices (3,123 trig, 2,225 trig+kin events)
  [1490/3745] nano_1490.root
         -> 7,333 vertices (3,270 trig, 2,350 trig+kin events)
  [1491/3745] nano_1491.root
         -> 4,102 vertices (1,989 trig, 1,399 trig+kin events)
  [1492/3745] nano_1492.root
         -> 3,701 vertices (1,710 trig, 1,224 trig+kin events)
  [1493/3745] nano_1493.root
         -> 7,041 vertices (3,234 trig, 2,253 trig+kin events)
  [1494/3745] nano_1494.root
         -> 1,236 vertices (584 trig, 428 trig+kin events)
  [1495/3745] nano_1495.root
         -> 7,131 vertices (3,284 trig, 2,348 trig+kin events)
  [1496/3745] nano_1496.root
         -> 6,813 vertices (3,178 trig, 2,233 trig+kin events)
  [1497/3745] nano_1497.root
         -> 6,416 vertices (3,245 trig, 2,271 trig+kin events)
  [1498/3745] nano_1498.root
         -> 7,372 vertices (3,332 trig, 2,442 trig+kin events)
  [1499/3745] nano_1499.root
         -> 6,016 vertices (2,833 trig, 2,030 trig+kin events)
  [1500/3745] nano_1500.root
         -> 7,036 vertices (3,228 trig, 2,288 trig+kin events)
  [1501/3745] nano_1501.root
         -> 6,870 vertices (3,148 trig, 2,213 trig+kin events)
  [1502/3745] nano_1502.root
         -> 7,158 vertices (3,245 trig, 2,312 trig+kin events)
  [1503/3745] nano_1503.root
         -> 7,165 vertices (3,226 trig, 2,357 trig+kin events)
  [1504/3745] nano_1504.root
         -> 6,812 vertices (3,193 trig, 2,286 trig+kin events)
  [1505/3745] nano_1505.root
         -> 7,060 vertices (3,284 trig, 2,354 trig+kin events)
  [1506/3745] nano_1506.root
         -> 7,273 vertices (3,243 trig, 2,285 trig+kin events)
  [1507/3745] nano_1507.root
         -> 5,692 vertices (2,611 trig, 1,797 trig+kin events)
  [1508/3745] nano_1508.root
         -> 5,160 vertices (2,274 trig, 1,623 trig+kin events)
  [1509/3745] nano_1509.root
         -> 6,752 vertices (3,221 trig, 2,262 trig+kin events)
  [1510/3745] nano_1510.root
         -> 6,784 vertices (3,202 trig, 2,259 trig+kin events)
  [1511/3745] nano_1511.root
         -> 7,109 vertices (3,258 trig, 2,353 trig+kin events)
  [1512/3745] nano_1512.root
         -> 7,348 vertices (3,296 trig, 2,336 trig+kin events)
  [1513/3745] nano_1513.root
         -> 7,615 vertices (3,237 trig, 2,313 trig+kin events)
  [1514/3745] nano_1514.root
         -> 6,887 vertices (3,183 trig, 2,282 trig+kin events)
  [1515/3745] nano_1515.root
         -> 3,870 vertices (1,892 trig, 1,345 trig+kin events)
  [1516/3745] nano_1516.root
         -> 3,749 vertices (1,733 trig, 1,200 trig+kin events)
  [1517/3745] nano_1517.root
         -> 3,730 vertices (1,610 trig, 1,178 trig+kin events)
  [1518/3745] nano_1518.root
         -> 6,481 vertices (3,265 trig, 2,284 trig+kin events)
  [1519/3745] nano_1519.root
         -> 6,929 vertices (3,167 trig, 2,277 trig+kin events)
  [1520/3745] nano_1520.root
         -> 7,158 vertices (3,188 trig, 2,274 trig+kin events)
  [1521/3745] nano_1521.root
         -> 4,686 vertices (2,041 trig, 1,444 trig+kin events)
  [1522/3745] nano_1522.root
         -> 4,141 vertices (2,002 trig, 1,403 trig+kin events)
  [1523/3745] nano_1523.root
         -> 6,783 vertices (3,178 trig, 2,241 trig+kin events)
  [1524/3745] nano_1524.root
         -> 7,081 vertices (3,282 trig, 2,343 trig+kin events)
  [1525/3745] nano_1525.root
         -> 4,115 vertices (1,993 trig, 1,411 trig+kin events)
  [1526/3745] nano_1526.root
         -> 6,810 vertices (3,131 trig, 2,207 trig+kin events)
  [1527/3745] nano_1527.root
         -> 4,392 vertices (2,080 trig, 1,486 trig+kin events)
  [1528/3745] nano_1528.root
         -> 5,378 vertices (2,421 trig, 1,675 trig+kin events)
  [1529/3745] nano_1529.root
         -> 6,820 vertices (3,117 trig, 2,169 trig+kin events)
  [1530/3745] nano_1530.root
         -> 7,421 vertices (3,129 trig, 2,289 trig+kin events)
  [1531/3745] nano_1531.root
         -> 4,593 vertices (1,992 trig, 1,442 trig+kin events)
  [1532/3745] nano_1532.root
         -> 6,796 vertices (3,237 trig, 2,258 trig+kin events)
  [1533/3745] nano_1533.root
         -> 6,024 vertices (2,836 trig, 1,994 trig+kin events)
  [1534/3745] nano_1534.root
         -> 7,314 vertices (3,195 trig, 2,288 trig+kin events)
  [1535/3745] nano_1535.root
         -> 6,983 vertices (3,215 trig, 2,315 trig+kin events)
  [1536/3745] nano_1536.root
         -> 7,046 vertices (3,270 trig, 2,314 trig+kin events)
  [1537/3745] nano_1537.root
         -> 7,181 vertices (3,218 trig, 2,299 trig+kin events)
  [1538/3745] nano_1538.root
         -> 6,970 vertices (3,212 trig, 2,299 trig+kin events)
  [1539/3745] nano_1539.root
         -> 3,972 vertices (1,804 trig, 1,292 trig+kin events)
  [1540/3745] nano_1540.root
         -> 7,049 vertices (3,224 trig, 2,290 trig+kin events)
  [1541/3745] nano_1541.root
         -> 6,883 vertices (3,319 trig, 2,336 trig+kin events)
  [1542/3745] nano_1542.root
         -> 6,966 vertices (3,273 trig, 2,308 trig+kin events)
  [1543/3745] nano_1543.root
         -> 7,049 vertices (3,218 trig, 2,284 trig+kin events)
  [1544/3745] nano_1544.root
         -> 7,027 vertices (3,254 trig, 2,313 trig+kin events)
  [1545/3745] nano_1545.root
         -> 6,997 vertices (3,132 trig, 2,252 trig+kin events)
  [1546/3745] nano_1546.root
         -> 4,015 vertices (1,832 trig, 1,296 trig+kin events)
  [1547/3745] nano_1547.root
         -> 7,414 vertices (3,184 trig, 2,271 trig+kin events)
  [1548/3745] nano_1548.root
         -> 4,748 vertices (1,975 trig, 1,419 trig+kin events)
  [1549/3745] nano_1549.root
         -> 4,828 vertices (2,303 trig, 1,627 trig+kin events)
  [1550/3745] nano_1550.root
         -> 7,052 vertices (3,271 trig, 2,316 trig+kin events)
  [1551/3745] nano_1551.root
         -> 6,915 vertices (3,278 trig, 2,348 trig+kin events)
  [1552/3745] nano_1552.root
         -> 6,996 vertices (3,220 trig, 2,263 trig+kin events)
  [1553/3745] nano_1553.root
         -> 5,934 vertices (2,813 trig, 1,977 trig+kin events)
  [1554/3745] nano_1554.root
         -> 7,270 vertices (3,225 trig, 2,302 trig+kin events)
  [1555/3745] nano_1555.root
         -> 6,869 vertices (3,121 trig, 2,241 trig+kin events)
  [1556/3745] nano_1556.root
         -> 7,083 vertices (3,259 trig, 2,306 trig+kin events)
  [1557/3745] nano_1557.root
         -> 6,979 vertices (3,236 trig, 2,319 trig+kin events)
  [1558/3745] nano_1558.root
         -> 3,794 vertices (1,827 trig, 1,299 trig+kin events)
  [1559/3745] nano_1559.root
         -> 6,714 vertices (3,204 trig, 2,257 trig+kin events)
  [1560/3745] nano_1560.root
         -> 7,198 vertices (3,231 trig, 2,325 trig+kin events)
  [1561/3745] nano_1561.root
         -> 6,991 vertices (3,166 trig, 2,272 trig+kin events)
  [1562/3745] nano_1562.root
         -> 7,034 vertices (3,160 trig, 2,296 trig+kin events)
  [1563/3745] nano_1563.root
         -> 7,326 vertices (3,218 trig, 2,315 trig+kin events)
  [1564/3745] nano_1564.root
         -> 6,902 vertices (3,185 trig, 2,229 trig+kin events)
  [1565/3745] nano_1565.root
         -> 7,015 vertices (3,353 trig, 2,338 trig+kin events)
  [1566/3745] nano_1566.root
         -> 4,368 vertices (1,855 trig, 1,369 trig+kin events)
  [1567/3745] nano_1567.root
         -> 7,197 vertices (3,206 trig, 2,317 trig+kin events)
  [1568/3745] nano_1568.root
         -> 5,788 vertices (2,573 trig, 1,813 trig+kin events)
  [1569/3745] nano_1569.root
         -> 7,217 vertices (3,257 trig, 2,336 trig+kin events)
  [1570/3745] nano_1570.root
         -> 7,220 vertices (3,233 trig, 2,320 trig+kin events)
  [1571/3745] nano_1571.root
         -> 5,335 vertices (2,420 trig, 1,692 trig+kin events)
  [1572/3745] nano_1572.root
         -> 6,855 vertices (3,236 trig, 2,297 trig+kin events)
  [1573/3745] nano_1573.root
         -> 3,987 vertices (1,701 trig, 1,240 trig+kin events)
  [1574/3745] nano_1574.root
         -> 3,689 vertices (1,761 trig, 1,249 trig+kin events)
  [1575/3745] nano_1575.root
         -> 6,966 vertices (3,233 trig, 2,302 trig+kin events)
  [1576/3745] nano_1576.root
         -> 6,760 vertices (3,317 trig, 2,351 trig+kin events)
  [1577/3745] nano_1577.root
         -> 3,747 vertices (1,671 trig, 1,208 trig+kin events)
  [1578/3745] nano_1578.root
         -> 6,698 vertices (3,243 trig, 2,324 trig+kin events)
  [1579/3745] nano_1579.root
         -> 6,971 vertices (3,269 trig, 2,389 trig+kin events)
  [1580/3745] nano_1580.root
         -> 7,500 vertices (3,223 trig, 2,292 trig+kin events)
  [1581/3745] nano_1581.root
         -> 4,571 vertices (2,096 trig, 1,479 trig+kin events)
  [1582/3745] nano_1582.root
         -> 6,124 vertices (2,841 trig, 2,047 trig+kin events)
  [1583/3745] nano_1583.root
         -> 7,160 vertices (3,280 trig, 2,328 trig+kin events)
  [1584/3745] nano_1584.root
         -> 4,093 vertices (1,962 trig, 1,364 trig+kin events)
  [1585/3745] nano_1585.root
         -> 6,554 vertices (2,708 trig, 1,931 trig+kin events)
  [1586/3745] nano_1586.root
         -> 7,028 vertices (3,289 trig, 2,339 trig+kin events)
  [1587/3745] nano_1587.root
         -> 6,956 vertices (3,231 trig, 2,303 trig+kin events)
  [1588/3745] nano_1588.root
         -> 6,812 vertices (3,238 trig, 2,274 trig+kin events)
  [1589/3745] nano_1589.root
         -> 6,703 vertices (3,233 trig, 2,290 trig+kin events)
  [1590/3745] nano_1590.root
         -> 6,916 vertices (3,175 trig, 2,243 trig+kin events)
  [1591/3745] nano_1591.root
         -> 7,420 vertices (3,362 trig, 2,350 trig+kin events)
  [1592/3745] nano_1592.root
         -> 6,718 vertices (3,158 trig, 2,229 trig+kin events)
  [1593/3745] nano_1593.root
         -> 5,076 vertices (2,367 trig, 1,669 trig+kin events)
  [1594/3745] nano_1594.root
         -> 4,873 vertices (2,112 trig, 1,538 trig+kin events)
  [1595/3745] nano_1595.root
         -> 7,122 vertices (3,146 trig, 2,231 trig+kin events)
  [1596/3745] nano_1596.root
         -> 6,949 vertices (3,276 trig, 2,301 trig+kin events)
  [1597/3745] nano_1597.root
         -> 6,880 vertices (3,108 trig, 2,220 trig+kin events)
  [1598/3745] nano_1598.root
         -> 6,900 vertices (3,260 trig, 2,296 trig+kin events)
  [1599/3745] nano_1599.root
         -> 7,025 vertices (3,149 trig, 2,263 trig+kin events)
  [1600/3745] nano_1600.root
         -> 6,883 vertices (3,181 trig, 2,303 trig+kin events)
  [1601/3745] nano_1601.root
         -> 5,176 vertices (2,270 trig, 1,654 trig+kin events)
  [1602/3745] nano_1602.root
         -> 4,856 vertices (2,368 trig, 1,687 trig+kin events)
  [1603/3745] nano_1603.root
         -> 7,116 vertices (3,226 trig, 2,370 trig+kin events)
  [1604/3745] nano_1604.root
         -> 6,964 vertices (3,243 trig, 2,309 trig+kin events)
  [1605/3745] nano_1605.root
         -> 6,493 vertices (3,117 trig, 2,222 trig+kin events)
  [1606/3745] nano_1606.root
         -> 6,795 vertices (3,168 trig, 2,250 trig+kin events)
  [1607/3745] nano_1607.root
         -> 6,785 vertices (3,195 trig, 2,233 trig+kin events)
  [1608/3745] nano_1608.root
         -> 6,737 vertices (3,233 trig, 2,318 trig+kin events)
  [1609/3745] nano_1609.root
         -> 7,130 vertices (3,279 trig, 2,316 trig+kin events)
  [1610/3745] nano_1610.root
         -> 6,685 vertices (3,264 trig, 2,312 trig+kin events)
  [1611/3745] nano_1611.root
         -> 6,794 vertices (3,272 trig, 2,314 trig+kin events)
  [1612/3745] nano_1612.root
         -> 7,124 vertices (3,230 trig, 2,325 trig+kin events)
  [1613/3745] nano_1613.root
         -> 7,038 vertices (3,332 trig, 2,326 trig+kin events)
  [1614/3745] nano_1614.root
         -> 4,881 vertices (2,219 trig, 1,586 trig+kin events)
  [1615/3745] nano_1615.root
         -> 4,086 vertices (1,872 trig, 1,342 trig+kin events)
  [1616/3745] nano_1616.root
         -> 5,678 vertices (2,391 trig, 1,721 trig+kin events)
  [1617/3745] nano_1617.root
         -> 6,864 vertices (3,293 trig, 2,363 trig+kin events)
  [1618/3745] nano_1618.root
         -> 7,047 vertices (3,317 trig, 2,338 trig+kin events)
  [1619/3745] nano_1619.root
         -> 3,507 vertices (1,733 trig, 1,247 trig+kin events)
  [1620/3745] nano_1620.root
         -> 7,010 vertices (3,305 trig, 2,349 trig+kin events)
  [1621/3745] nano_1621.root
         -> 6,655 vertices (3,112 trig, 2,232 trig+kin events)
  [1622/3745] nano_1622.root
         -> 3,884 vertices (1,770 trig, 1,268 trig+kin events)
  [1623/3745] nano_1623.root
         -> 6,808 vertices (3,188 trig, 2,244 trig+kin events)
  [1624/3745] nano_1624.root
         -> 3,917 vertices (1,771 trig, 1,257 trig+kin events)
  [1625/3745] nano_1625.root
         -> 6,846 vertices (3,144 trig, 2,262 trig+kin events)
  [1626/3745] nano_1626.root
         -> 6,908 vertices (3,169 trig, 2,277 trig+kin events)
  [1627/3745] nano_1627.root
         -> 4,147 vertices (1,856 trig, 1,353 trig+kin events)
  [1628/3745] nano_1628.root
         -> 6,878 vertices (3,261 trig, 2,335 trig+kin events)
  [1629/3745] nano_1629.root
         -> 6,837 vertices (3,155 trig, 2,276 trig+kin events)
  [1630/3745] nano_1630.root
         -> 7,251 vertices (3,248 trig, 2,307 trig+kin events)
  [1631/3745] nano_1631.root
         -> 6,707 vertices (3,174 trig, 2,243 trig+kin events)
  [1632/3745] nano_1632.root
         -> 3,900 vertices (1,945 trig, 1,386 trig+kin events)
  [1633/3745] nano_1633.root
         -> 6,892 vertices (3,162 trig, 2,262 trig+kin events)
  [1634/3745] nano_1634.root
         -> 3,942 vertices (1,663 trig, 1,175 trig+kin events)
  [1635/3745] nano_1635.root
         -> 6,714 vertices (3,335 trig, 2,373 trig+kin events)
  [1636/3745] nano_1636.root
         -> 5,623 vertices (2,512 trig, 1,754 trig+kin events)
  [1637/3745] nano_1637.root
         -> 6,873 vertices (3,199 trig, 2,256 trig+kin events)
  [1638/3745] nano_1638.root
         -> 7,409 vertices (3,277 trig, 2,333 trig+kin events)
  [1639/3745] nano_1639.root
         -> 7,165 vertices (3,315 trig, 2,367 trig+kin events)
  [1640/3745] nano_1640.root
         -> 6,716 vertices (3,180 trig, 2,249 trig+kin events)
  [1641/3745] nano_1641.root
         -> 4,289 vertices (1,924 trig, 1,405 trig+kin events)
  [1642/3745] nano_1642.root
         -> 6,970 vertices (3,118 trig, 2,243 trig+kin events)
  [1643/3745] nano_1643.root
         -> 6,951 vertices (3,089 trig, 2,206 trig+kin events)
  [1644/3745] nano_1644.root
         -> 7,174 vertices (3,214 trig, 2,330 trig+kin events)
  [1645/3745] nano_1645.root
         -> 5,190 vertices (2,369 trig, 1,666 trig+kin events)
  [1646/3745] nano_1646.root
         -> 4,131 vertices (1,900 trig, 1,359 trig+kin events)
  [1647/3745] nano_1647.root
         -> 7,043 vertices (3,220 trig, 2,323 trig+kin events)
  [1648/3745] nano_1648.root
         -> 6,836 vertices (3,285 trig, 2,288 trig+kin events)
  [1649/3745] nano_1649.root
         -> 6,884 vertices (3,153 trig, 2,230 trig+kin events)
  [1650/3745] nano_1650.root
         -> 7,231 vertices (3,249 trig, 2,331 trig+kin events)
  [1651/3745] nano_1651.root
         -> 6,582 vertices (3,189 trig, 2,238 trig+kin events)
  [1652/3745] nano_1652.root
         -> 7,574 vertices (3,391 trig, 2,381 trig+kin events)
  [1653/3745] nano_1653.root
         -> 7,129 vertices (3,179 trig, 2,303 trig+kin events)
  [1654/3745] nano_1654.root
         -> 5,025 vertices (2,216 trig, 1,573 trig+kin events)
  [1655/3745] nano_1655.root
         -> 6,955 vertices (3,258 trig, 2,271 trig+kin events)
  [1656/3745] nano_1656.root
         -> 6,849 vertices (3,187 trig, 2,229 trig+kin events)
  [1657/3745] nano_1657.root
         -> 7,143 vertices (3,218 trig, 2,294 trig+kin events)
  [1658/3745] nano_1658.root
         -> 6,964 vertices (3,276 trig, 2,308 trig+kin events)
  [1659/3745] nano_1659.root
         -> 6,797 vertices (2,958 trig, 2,118 trig+kin events)
  [1660/3745] nano_1660.root
         -> 7,368 vertices (3,253 trig, 2,286 trig+kin events)
  [1661/3745] nano_1661.root
         -> 3,912 vertices (1,799 trig, 1,278 trig+kin events)
  [1662/3745] nano_1662.root
         -> 6,619 vertices (3,063 trig, 2,171 trig+kin events)
  [1663/3745] nano_1663.root
         -> 7,340 vertices (3,273 trig, 2,350 trig+kin events)
  [1664/3745] nano_1664.root
         -> 7,225 vertices (3,241 trig, 2,296 trig+kin events)
  [1665/3745] nano_1665.root
         -> 7,115 vertices (3,228 trig, 2,342 trig+kin events)
  [1666/3745] nano_1666.root
         -> 6,798 vertices (3,276 trig, 2,318 trig+kin events)
  [1667/3745] nano_1667.root
         -> 6,745 vertices (3,225 trig, 2,275 trig+kin events)
  [1668/3745] nano_1668.root
         -> 7,175 vertices (3,299 trig, 2,320 trig+kin events)
  [1669/3745] nano_1669.root
         -> 6,307 vertices (3,135 trig, 2,211 trig+kin events)
  [1670/3745] nano_1670.root
         -> 6,359 vertices (2,811 trig, 1,972 trig+kin events)
  [1671/3745] nano_1671.root
         -> 6,749 vertices (3,399 trig, 2,382 trig+kin events)
  [1672/3745] nano_1672.root
         -> 6,889 vertices (3,255 trig, 2,313 trig+kin events)
  [1673/3745] nano_1673.root
         -> 7,073 vertices (3,302 trig, 2,359 trig+kin events)
  [1674/3745] nano_1674.root
         -> 6,490 vertices (3,139 trig, 2,191 trig+kin events)
  [1675/3745] nano_1675.root
         -> 6,720 vertices (3,214 trig, 2,242 trig+kin events)
  [1676/3745] nano_1676.root
         -> 7,545 vertices (3,290 trig, 2,377 trig+kin events)
  [1677/3745] nano_1677.root
         -> 7,027 vertices (3,255 trig, 2,318 trig+kin events)
  [1678/3745] nano_1678.root
         -> 6,782 vertices (3,190 trig, 2,251 trig+kin events)
  [1679/3745] nano_1679.root
         -> 5,030 vertices (2,161 trig, 1,562 trig+kin events)
  [1680/3745] nano_1680.root
         -> 7,115 vertices (3,260 trig, 2,326 trig+kin events)
  [1681/3745] nano_1681.root
         -> 6,746 vertices (3,149 trig, 2,244 trig+kin events)
  [1682/3745] nano_1682.root
         -> 7,180 vertices (3,259 trig, 2,301 trig+kin events)
  [1683/3745] nano_1683.root
         -> 6,920 vertices (3,225 trig, 2,289 trig+kin events)
  [1684/3745] nano_1684.root
         -> 6,620 vertices (3,244 trig, 2,290 trig+kin events)
  [1685/3745] nano_1685.root
         -> 6,957 vertices (3,163 trig, 2,277 trig+kin events)
  [1686/3745] nano_1686.root
         -> 6,000 vertices (2,607 trig, 1,860 trig+kin events)
  [1687/3745] nano_1687.root
         -> 6,869 vertices (3,282 trig, 2,349 trig+kin events)
  [1688/3745] nano_1688.root
         -> 7,198 vertices (3,365 trig, 2,395 trig+kin events)
  [1689/3745] nano_1689.root
         -> 6,961 vertices (3,184 trig, 2,262 trig+kin events)
  [1690/3745] nano_1690.root
         -> 7,315 vertices (3,268 trig, 2,348 trig+kin events)
  [1691/3745] nano_1691.root
         -> 6,411 vertices (3,092 trig, 2,204 trig+kin events)
  [1692/3745] nano_1692.root
         -> 6,757 vertices (3,184 trig, 2,220 trig+kin events)
  [1693/3745] nano_1693.root
         -> 6,994 vertices (3,203 trig, 2,269 trig+kin events)
  [1694/3745] nano_1694.root
         -> 6,663 vertices (3,167 trig, 2,207 trig+kin events)
  [1695/3745] nano_1695.root
         -> 7,141 vertices (3,245 trig, 2,281 trig+kin events)
  [1696/3745] nano_1696.root
         -> 6,993 vertices (3,296 trig, 2,366 trig+kin events)
  [1697/3745] nano_1697.root
         -> 6,947 vertices (3,148 trig, 2,251 trig+kin events)
  [1698/3745] nano_1698.root
         -> 5,545 vertices (2,542 trig, 1,797 trig+kin events)
  [1699/3745] nano_1699.root
         -> 6,868 vertices (3,184 trig, 2,278 trig+kin events)
  [1700/3745] nano_1700.root
         -> 7,574 vertices (3,226 trig, 2,339 trig+kin events)
  [1701/3745] nano_1701.root
         -> 7,812 vertices (3,272 trig, 2,355 trig+kin events)
  [1702/3745] nano_1702.root
         -> 7,178 vertices (3,160 trig, 2,292 trig+kin events)
  [1703/3745] nano_1703.root
         -> 6,998 vertices (3,209 trig, 2,322 trig+kin events)
  [1704/3745] nano_1704.root
         -> 4,670 vertices (2,198 trig, 1,549 trig+kin events)
  [1705/3745] nano_1705.root
         -> 6,820 vertices (3,213 trig, 2,295 trig+kin events)
  [1706/3745] nano_1706.root
         -> 7,188 vertices (3,259 trig, 2,351 trig+kin events)
  [1707/3745] nano_1707.root
         -> 6,838 vertices (3,209 trig, 2,242 trig+kin events)
  [1708/3745] nano_1708.root
         -> 7,565 vertices (3,247 trig, 2,351 trig+kin events)
  [1709/3745] nano_1709.root
         -> 7,183 vertices (3,320 trig, 2,332 trig+kin events)
  [1710/3745] nano_1710.root
         -> 7,065 vertices (3,182 trig, 2,263 trig+kin events)
  [1711/3745] nano_1711.root
         -> 5,702 vertices (2,673 trig, 1,892 trig+kin events)
  [1712/3745] nano_1712.root
         -> 6,959 vertices (3,186 trig, 2,250 trig+kin events)
  [1713/3745] nano_1713.root
         -> 7,054 vertices (3,207 trig, 2,266 trig+kin events)
  [1714/3745] nano_1714.root
         -> 6,916 vertices (3,240 trig, 2,294 trig+kin events)
  [1715/3745] nano_1715.root
         -> 7,070 vertices (3,185 trig, 2,277 trig+kin events)
  [1716/3745] nano_1716.root
         -> 6,915 vertices (3,248 trig, 2,301 trig+kin events)
  [1717/3745] nano_1717.root
         -> 7,869 vertices (3,409 trig, 2,409 trig+kin events)
  [1718/3745] nano_1718.root
         -> 6,798 vertices (3,061 trig, 2,171 trig+kin events)
  [1719/3745] nano_1719.root
         -> 7,071 vertices (3,260 trig, 2,326 trig+kin events)
  [1720/3745] nano_1720.root
         -> 6,907 vertices (3,208 trig, 2,255 trig+kin events)
  [1721/3745] nano_1721.root
         -> 4,259 vertices (1,861 trig, 1,333 trig+kin events)
  [1722/3745] nano_1722.root
         -> 7,161 vertices (3,296 trig, 2,343 trig+kin events)
  [1723/3745] nano_1723.root
         -> 4,137 vertices (1,855 trig, 1,321 trig+kin events)
  [1724/3745] nano_1724.root
         -> 7,022 vertices (3,227 trig, 2,295 trig+kin events)
  [1725/3745] nano_1725.root
         -> 6,624 vertices (3,164 trig, 2,220 trig+kin events)
  [1726/3745] nano_1726.root
         -> 4,682 vertices (2,227 trig, 1,601 trig+kin events)
  [1727/3745] nano_1727.root
         -> 4,744 vertices (2,161 trig, 1,534 trig+kin events)
  [1728/3745] nano_1728.root
         -> 7,702 vertices (3,299 trig, 2,389 trig+kin events)
  [1729/3745] nano_1729.root
         -> 6,819 vertices (3,316 trig, 2,381 trig+kin events)
  [1730/3745] nano_1730.root
         -> 7,408 vertices (3,258 trig, 2,321 trig+kin events)
  [1731/3745] nano_1731.root
         -> 7,044 vertices (3,286 trig, 2,307 trig+kin events)
  [1732/3745] nano_1732.root
         -> 6,895 vertices (3,198 trig, 2,304 trig+kin events)
  [1733/3745] nano_1733.root
         -> 5,991 vertices (2,709 trig, 1,950 trig+kin events)
  [1734/3745] nano_1734.root
         -> 7,005 vertices (3,280 trig, 2,371 trig+kin events)
  [1735/3745] nano_1735.root
         -> 6,624 vertices (3,100 trig, 2,262 trig+kin events)
  [1736/3745] nano_1736.root
         -> 7,344 vertices (3,257 trig, 2,363 trig+kin events)
  [1737/3745] nano_1737.root
         -> 7,575 vertices (3,339 trig, 2,426 trig+kin events)
  [1738/3745] nano_1738.root
         -> 7,165 vertices (3,281 trig, 2,321 trig+kin events)
  [1739/3745] nano_1739.root
         -> 7,051 vertices (3,235 trig, 2,312 trig+kin events)
  [1740/3745] nano_1740.root
         -> 6,723 vertices (3,262 trig, 2,274 trig+kin events)
  [1741/3745] nano_1741.root
         -> 6,966 vertices (3,176 trig, 2,324 trig+kin events)
  [1742/3745] nano_1742.root
         -> 7,168 vertices (3,231 trig, 2,340 trig+kin events)
  [1743/3745] nano_1743.root
         -> 7,396 vertices (3,187 trig, 2,289 trig+kin events)
  [1744/3745] nano_1744.root
         -> 7,192 vertices (3,195 trig, 2,228 trig+kin events)
  [1745/3745] nano_1745.root
         -> 7,180 vertices (3,356 trig, 2,421 trig+kin events)
  [1746/3745] nano_1746.root
         -> 6,984 vertices (3,267 trig, 2,342 trig+kin events)
  [1747/3745] nano_1747.root
         -> 6,932 vertices (3,240 trig, 2,306 trig+kin events)
  [1748/3745] nano_1748.root
         -> 6,742 vertices (3,203 trig, 2,266 trig+kin events)
  [1749/3745] nano_1749.root
         -> 6,960 vertices (3,226 trig, 2,354 trig+kin events)
  [1750/3745] nano_1750.root
         -> 6,182 vertices (2,926 trig, 2,086 trig+kin events)
  [1751/3745] nano_1751.root
         -> 7,214 vertices (3,271 trig, 2,344 trig+kin events)
  [1752/3745] nano_1752.root
         -> 6,582 vertices (3,159 trig, 2,226 trig+kin events)
  [1753/3745] nano_1753.root
         -> 7,206 vertices (3,202 trig, 2,320 trig+kin events)
  [1754/3745] nano_1754.root
         -> 7,091 vertices (3,176 trig, 2,230 trig+kin events)
  [1755/3745] nano_1755.root
         -> 6,687 vertices (3,204 trig, 2,262 trig+kin events)
  [1756/3745] nano_1756.root
         -> 6,766 vertices (3,265 trig, 2,351 trig+kin events)
  [1757/3745] nano_1757.root
         -> 3,732 vertices (1,739 trig, 1,230 trig+kin events)
  [1758/3745] nano_1758.root
         -> 6,945 vertices (3,195 trig, 2,281 trig+kin events)
  [1759/3745] nano_1759.root
         -> 7,269 vertices (3,149 trig, 2,262 trig+kin events)
  [1760/3745] nano_1760.root
         -> 7,013 vertices (3,217 trig, 2,292 trig+kin events)
  [1761/3745] nano_1761.root
         -> 7,006 vertices (3,200 trig, 2,263 trig+kin events)
  [1762/3745] nano_1762.root
         -> 7,162 vertices (3,267 trig, 2,337 trig+kin events)
  [1763/3745] nano_1763.root
         -> 7,228 vertices (3,386 trig, 2,398 trig+kin events)
  [1764/3745] nano_1764.root
         -> 7,302 vertices (3,316 trig, 2,345 trig+kin events)
  [1765/3745] nano_1765.root
         -> 6,871 vertices (3,190 trig, 2,260 trig+kin events)
  [1766/3745] nano_1766.root
         -> 7,210 vertices (3,263 trig, 2,318 trig+kin events)
  [1767/3745] nano_1767.root
         -> 6,593 vertices (3,300 trig, 2,301 trig+kin events)
  [1768/3745] nano_1768.root
         -> 7,090 vertices (3,267 trig, 2,303 trig+kin events)
  [1769/3745] nano_1769.root
         -> 7,154 vertices (3,239 trig, 2,311 trig+kin events)
  [1770/3745] nano_1770.root
         -> 6,863 vertices (3,246 trig, 2,309 trig+kin events)
  [1771/3745] nano_1771.root
         -> 7,252 vertices (3,314 trig, 2,331 trig+kin events)
  [1772/3745] nano_1772.root
         -> 6,635 vertices (3,218 trig, 2,255 trig+kin events)
  [1773/3745] nano_1773.root
         -> 3,951 vertices (1,834 trig, 1,291 trig+kin events)
  [1774/3745] nano_1774.root
         -> 7,060 vertices (3,270 trig, 2,326 trig+kin events)
  [1775/3745] nano_1775.root
         -> 7,236 vertices (3,253 trig, 2,279 trig+kin events)
  [1776/3745] nano_1776.root
         -> 6,770 vertices (3,244 trig, 2,310 trig+kin events)
  [1777/3745] nano_1777.root
         -> 6,871 vertices (3,267 trig, 2,309 trig+kin events)
  [1778/3745] nano_1778.root
         -> 6,945 vertices (3,236 trig, 2,302 trig+kin events)
  [1779/3745] nano_1779.root
         -> 7,180 vertices (3,291 trig, 2,322 trig+kin events)
  [1780/3745] nano_1780.root
         -> 4,007 vertices (1,783 trig, 1,279 trig+kin events)
  [1781/3745] nano_1781.root
         -> 7,104 vertices (3,310 trig, 2,365 trig+kin events)
  [1782/3745] nano_1782.root
         -> 6,594 vertices (3,260 trig, 2,264 trig+kin events)
  [1783/3745] nano_1783.root
         -> 6,741 vertices (3,113 trig, 2,224 trig+kin events)
  [1784/3745] nano_1784.root
         -> 6,955 vertices (3,183 trig, 2,236 trig+kin events)
  [1785/3745] nano_1785.root
         -> 5,852 vertices (2,578 trig, 1,841 trig+kin events)
  [1786/3745] nano_1786.root
         -> 7,207 vertices (3,212 trig, 2,285 trig+kin events)
  [1787/3745] nano_1787.root
         -> 6,988 vertices (3,294 trig, 2,308 trig+kin events)
  [1788/3745] nano_1788.root
         -> 7,316 vertices (3,252 trig, 2,309 trig+kin events)
  [1789/3745] nano_1789.root
         -> 6,743 vertices (3,157 trig, 2,265 trig+kin events)
  [1790/3745] nano_1790.root
         -> 6,921 vertices (3,202 trig, 2,285 trig+kin events)
  [1791/3745] nano_1791.root
         -> 7,501 vertices (3,212 trig, 2,359 trig+kin events)
  [1792/3745] nano_1792.root
         -> 6,863 vertices (3,188 trig, 2,285 trig+kin events)
  [1793/3745] nano_1793.root
         -> 4,040 vertices (1,825 trig, 1,306 trig+kin events)
  [1794/3745] nano_1794.root
         -> 6,913 vertices (3,237 trig, 2,272 trig+kin events)
  [1795/3745] nano_1795.root
         -> 6,559 vertices (3,171 trig, 2,254 trig+kin events)
  [1796/3745] nano_1796.root
         -> 7,267 vertices (3,215 trig, 2,318 trig+kin events)
  [1797/3745] nano_1797.root
         -> 6,759 vertices (3,125 trig, 2,179 trig+kin events)
  [1798/3745] nano_1798.root
         -> 6,866 vertices (3,280 trig, 2,357 trig+kin events)
  [1799/3745] nano_1799.root
         -> 4,320 vertices (1,958 trig, 1,380 trig+kin events)
  [1800/3745] nano_1800.root
         -> 6,535 vertices (3,094 trig, 2,183 trig+kin events)
  [1801/3745] nano_1801.root
         -> 3,916 vertices (1,681 trig, 1,212 trig+kin events)
  [1802/3745] nano_1802.root
         -> 7,292 vertices (3,313 trig, 2,365 trig+kin events)
  [1803/3745] nano_1803.root
         -> 7,074 vertices (3,302 trig, 2,394 trig+kin events)
  [1804/3745] nano_1804.root
         -> 7,101 vertices (3,218 trig, 2,309 trig+kin events)
  [1805/3745] nano_1805.root
         -> 7,321 vertices (3,192 trig, 2,293 trig+kin events)
  [1806/3745] nano_1806.root
         -> 6,496 vertices (3,159 trig, 2,203 trig+kin events)
  [1807/3745] nano_1807.root
         -> 7,052 vertices (3,257 trig, 2,328 trig+kin events)
  [1808/3745] nano_1808.root
         -> 6,916 vertices (3,272 trig, 2,353 trig+kin events)
  [1809/3745] nano_1809.root
         -> 6,996 vertices (3,158 trig, 2,229 trig+kin events)
  [1810/3745] nano_1810.root
         -> 7,084 vertices (3,255 trig, 2,313 trig+kin events)
  [1811/3745] nano_1811.root
         -> 7,454 vertices (3,323 trig, 2,325 trig+kin events)
  [1812/3745] nano_1812.root
         -> 7,078 vertices (3,277 trig, 2,360 trig+kin events)
  [1813/3745] nano_1813.root
         -> 7,123 vertices (3,223 trig, 2,302 trig+kin events)
  [1814/3745] nano_1814.root
         -> 7,328 vertices (3,360 trig, 2,390 trig+kin events)
  [1815/3745] nano_1815.root
         -> 7,586 vertices (3,342 trig, 2,418 trig+kin events)
  [1816/3745] nano_1816.root
         -> 7,149 vertices (3,295 trig, 2,348 trig+kin events)
  [1817/3745] nano_1817.root
         -> 6,536 vertices (3,227 trig, 2,305 trig+kin events)
  [1818/3745] nano_1818.root
         -> 7,341 vertices (3,238 trig, 2,286 trig+kin events)
  [1819/3745] nano_1819.root
         -> 7,373 vertices (3,268 trig, 2,300 trig+kin events)
  [1820/3745] nano_1820.root
         -> 6,894 vertices (3,148 trig, 2,249 trig+kin events)
  [1821/3745] nano_1821.root
         -> 7,180 vertices (3,243 trig, 2,303 trig+kin events)
  [1822/3745] nano_1822.root
         -> 6,738 vertices (3,190 trig, 2,265 trig+kin events)
  [1823/3745] nano_1823.root
         -> 6,922 vertices (3,322 trig, 2,339 trig+kin events)
  [1824/3745] nano_1824.root
         -> 7,287 vertices (3,088 trig, 2,234 trig+kin events)
  [1825/3745] nano_1825.root
         -> 6,935 vertices (3,200 trig, 2,267 trig+kin events)
  [1826/3745] nano_1826.root
         -> 6,497 vertices (2,919 trig, 2,091 trig+kin events)
  [1827/3745] nano_1827.root
         -> 7,239 vertices (3,290 trig, 2,355 trig+kin events)
  [1828/3745] nano_1828.root
         -> 6,683 vertices (3,128 trig, 2,197 trig+kin events)
  [1829/3745] nano_1829.root
         -> 6,986 vertices (3,230 trig, 2,271 trig+kin events)
  [1830/3745] nano_1830.root
         -> 7,069 vertices (3,252 trig, 2,286 trig+kin events)
  [1831/3745] nano_1831.root
         -> 4,263 vertices (1,955 trig, 1,414 trig+kin events)
  [1832/3745] nano_1832.root
         -> 6,955 vertices (3,214 trig, 2,310 trig+kin events)
  [1833/3745] nano_1833.root
         -> 6,792 vertices (3,239 trig, 2,288 trig+kin events)
  [1834/3745] nano_1834.root
         -> 6,964 vertices (3,272 trig, 2,339 trig+kin events)
  [1835/3745] nano_1835.root
         -> 6,521 vertices (3,145 trig, 2,235 trig+kin events)
  [1836/3745] nano_1836.root
         -> 7,246 vertices (3,233 trig, 2,264 trig+kin events)
  [1837/3745] nano_1837.root
         -> 4,380 vertices (1,886 trig, 1,353 trig+kin events)
  [1838/3745] nano_1838.root
         -> 7,041 vertices (3,182 trig, 2,278 trig+kin events)
  [1839/3745] nano_1839.root
         -> 6,879 vertices (3,137 trig, 2,240 trig+kin events)
  [1840/3745] nano_1840.root
         -> 7,466 vertices (3,269 trig, 2,322 trig+kin events)
  [1841/3745] nano_1841.root
         -> 3,837 vertices (1,772 trig, 1,262 trig+kin events)
  [1842/3745] nano_1842.root
         -> 7,249 vertices (3,222 trig, 2,345 trig+kin events)
  [1843/3745] nano_1843.root
         -> 7,009 vertices (3,234 trig, 2,309 trig+kin events)
  [1844/3745] nano_1844.root
         -> 7,040 vertices (3,153 trig, 2,267 trig+kin events)
  [1845/3745] nano_1845.root
         -> 6,853 vertices (3,316 trig, 2,387 trig+kin events)
  [1846/3745] nano_1846.root
         -> 4,022 vertices (1,932 trig, 1,366 trig+kin events)
  [1847/3745] nano_1847.root
         -> 6,808 vertices (3,355 trig, 2,382 trig+kin events)
  [1848/3745] nano_1848.root
         -> 3,988 vertices (1,854 trig, 1,349 trig+kin events)
  [1849/3745] nano_1849.root
         -> 7,076 vertices (3,316 trig, 2,321 trig+kin events)
  [1850/3745] nano_1850.root
         -> 6,477 vertices (3,188 trig, 2,239 trig+kin events)
  [1851/3745] nano_1851.root
         -> 7,083 vertices (3,252 trig, 2,308 trig+kin events)
  [1852/3745] nano_1852.root
         -> 7,469 vertices (3,302 trig, 2,345 trig+kin events)
  [1853/3745] nano_1853.root
         -> 6,940 vertices (3,234 trig, 2,240 trig+kin events)
  [1854/3745] nano_1854.root
         -> 5,230 vertices (2,311 trig, 1,659 trig+kin events)
  [1855/3745] nano_1855.root
         -> 6,817 vertices (3,251 trig, 2,320 trig+kin events)
  [1856/3745] nano_1856.root
         -> 7,065 vertices (3,206 trig, 2,265 trig+kin events)
  [1857/3745] nano_1857.root
         -> 7,169 vertices (3,193 trig, 2,291 trig+kin events)
  [1858/3745] nano_1858.root
         -> 7,293 vertices (3,251 trig, 2,330 trig+kin events)
  [1859/3745] nano_1859.root
         -> 3,766 vertices (1,681 trig, 1,234 trig+kin events)
  [1860/3745] nano_1860.root
         -> 6,802 vertices (3,121 trig, 2,221 trig+kin events)
  [1861/3745] nano_1861.root
         -> 7,769 vertices (3,343 trig, 2,418 trig+kin events)
  [1862/3745] nano_1862.root
         -> 4,680 vertices (2,053 trig, 1,484 trig+kin events)
  [1863/3745] nano_1863.root
         -> 6,961 vertices (3,290 trig, 2,371 trig+kin events)
  [1864/3745] nano_1864.root
         -> 6,968 vertices (3,250 trig, 2,326 trig+kin events)
  [1865/3745] nano_1865.root
         -> 5,991 vertices (2,647 trig, 1,909 trig+kin events)
  [1866/3745] nano_1866.root
         -> 7,152 vertices (3,154 trig, 2,270 trig+kin events)
  [1867/3745] nano_1867.root
         -> 5,855 vertices (2,759 trig, 1,978 trig+kin events)
  [1868/3745] nano_1868.root
         -> 7,287 vertices (3,332 trig, 2,363 trig+kin events)
  [1869/3745] nano_1869.root
         -> 6,975 vertices (3,241 trig, 2,287 trig+kin events)
  [1870/3745] nano_1870.root
         -> 7,148 vertices (3,332 trig, 2,376 trig+kin events)
  [1871/3745] nano_1871.root
         -> 3,584 vertices (1,717 trig, 1,253 trig+kin events)
  [1872/3745] nano_1872.root
         -> 7,330 vertices (3,252 trig, 2,365 trig+kin events)
  [1873/3745] nano_1873.root
         -> 7,238 vertices (3,283 trig, 2,315 trig+kin events)
  [1874/3745] nano_1874.root
         -> 6,669 vertices (3,150 trig, 2,233 trig+kin events)
  [1875/3745] nano_1875.root
         -> 6,875 vertices (3,215 trig, 2,280 trig+kin events)
  [1876/3745] nano_1876.root
         -> 7,400 vertices (3,273 trig, 2,305 trig+kin events)
  [1877/3745] nano_1877.root
         -> 4,102 vertices (1,954 trig, 1,407 trig+kin events)
  [1878/3745] nano_1878.root
         -> 7,516 vertices (3,264 trig, 2,322 trig+kin events)
  [1879/3745] nano_1879.root
         -> 6,999 vertices (3,336 trig, 2,376 trig+kin events)
  [1880/3745] nano_1880.root
         -> 4,077 vertices (1,857 trig, 1,310 trig+kin events)
  [1881/3745] nano_1881.root
         -> 7,080 vertices (3,232 trig, 2,282 trig+kin events)
  [1882/3745] nano_1882.root
         -> 7,300 vertices (3,202 trig, 2,343 trig+kin events)
  [1883/3745] nano_1883.root
         -> 7,224 vertices (3,315 trig, 2,348 trig+kin events)
  [1884/3745] nano_1884.root
         -> 7,273 vertices (3,234 trig, 2,280 trig+kin events)
  [1885/3745] nano_1885.root
         -> 7,154 vertices (3,240 trig, 2,298 trig+kin events)
  [1886/3745] nano_1886.root
         -> 6,924 vertices (3,179 trig, 2,247 trig+kin events)
  [1887/3745] nano_1887.root
         -> 6,936 vertices (3,232 trig, 2,274 trig+kin events)
  [1888/3745] nano_1888.root
         -> 6,931 vertices (3,230 trig, 2,322 trig+kin events)
  [1889/3745] nano_1889.root
         -> 6,712 vertices (3,190 trig, 2,241 trig+kin events)
  [1890/3745] nano_1890.root
         -> 7,224 vertices (3,333 trig, 2,343 trig+kin events)
  [1891/3745] nano_1891.root
         -> 6,538 vertices (3,181 trig, 2,269 trig+kin events)
  [1892/3745] nano_1892.root
         -> 6,934 vertices (3,225 trig, 2,293 trig+kin events)
  [1893/3745] nano_1893.root
         -> 7,288 vertices (3,264 trig, 2,325 trig+kin events)
  [1894/3745] nano_1894.root
         -> 7,072 vertices (3,290 trig, 2,331 trig+kin events)
  [1895/3745] nano_1895.root
         -> 6,995 vertices (3,221 trig, 2,256 trig+kin events)
  [1896/3745] nano_1896.root
         -> 7,214 vertices (3,220 trig, 2,281 trig+kin events)
  [1897/3745] nano_1897.root
         -> 6,960 vertices (3,265 trig, 2,282 trig+kin events)
  [1898/3745] nano_1898.root
         -> 7,132 vertices (3,203 trig, 2,276 trig+kin events)
  [1899/3745] nano_1899.root
         -> 7,277 vertices (3,259 trig, 2,278 trig+kin events)
  [1900/3745] nano_1900.root
         -> 6,714 vertices (3,197 trig, 2,278 trig+kin events)
  [1901/3745] nano_1901.root
         -> 7,020 vertices (3,289 trig, 2,295 trig+kin events)
  [1902/3745] nano_1902.root
         -> 7,169 vertices (3,163 trig, 2,311 trig+kin events)
  [1903/3745] nano_1903.root
         -> 5,238 vertices (2,430 trig, 1,674 trig+kin events)
  [1904/3745] nano_1904.root
         -> 6,885 vertices (3,264 trig, 2,300 trig+kin events)
  [1905/3745] nano_1905.root
         -> 6,943 vertices (3,188 trig, 2,258 trig+kin events)
  [1906/3745] nano_1906.root
         -> 6,555 vertices (3,176 trig, 2,252 trig+kin events)
  [1907/3745] nano_1907.root
         -> 6,475 vertices (3,235 trig, 2,264 trig+kin events)
  [1908/3745] nano_1908.root
         -> 7,039 vertices (3,245 trig, 2,302 trig+kin events)
  [1909/3745] nano_1909.root
         -> 6,877 vertices (3,187 trig, 2,288 trig+kin events)
  [1910/3745] nano_1910.root
         -> 6,665 vertices (3,171 trig, 2,260 trig+kin events)
  [1911/3745] nano_1911.root
         -> 6,859 vertices (3,240 trig, 2,303 trig+kin events)
  [1912/3745] nano_1912.root
         -> 7,044 vertices (3,261 trig, 2,302 trig+kin events)
  [1913/3745] nano_1913.root
         -> 6,846 vertices (3,136 trig, 2,223 trig+kin events)
  [1914/3745] nano_1914.root
         -> 7,365 vertices (3,291 trig, 2,327 trig+kin events)
  [1915/3745] nano_1915.root
         -> 6,915 vertices (3,229 trig, 2,297 trig+kin events)
  [1916/3745] nano_1916.root
         -> 7,160 vertices (3,261 trig, 2,327 trig+kin events)
  [1917/3745] nano_1917.root
         -> 6,851 vertices (3,196 trig, 2,230 trig+kin events)
  [1918/3745] nano_1918.root
         -> 6,866 vertices (3,105 trig, 2,213 trig+kin events)
  [1919/3745] nano_1919.root
         -> 7,444 vertices (3,262 trig, 2,349 trig+kin events)
  [1920/3745] nano_1920.root
         -> 6,753 vertices (3,194 trig, 2,276 trig+kin events)
  [1921/3745] nano_1921.root
         -> 7,186 vertices (3,195 trig, 2,294 trig+kin events)
  [1922/3745] nano_1922.root
         -> 7,266 vertices (3,281 trig, 2,327 trig+kin events)
  [1923/3745] nano_1923.root
         -> 4,998 vertices (2,128 trig, 1,548 trig+kin events)
  [1924/3745] nano_1924.root
         -> 7,430 vertices (3,233 trig, 2,328 trig+kin events)
  [1925/3745] nano_1925.root
         -> 7,009 vertices (3,170 trig, 2,302 trig+kin events)
  [1926/3745] nano_1926.root
         -> 7,185 vertices (3,261 trig, 2,325 trig+kin events)
  [1927/3745] nano_1927.root
         -> 6,880 vertices (3,156 trig, 2,258 trig+kin events)
  [1928/3745] nano_1928.root
         -> 6,535 vertices (2,969 trig, 2,094 trig+kin events)
  [1929/3745] nano_1929.root
         -> 6,880 vertices (3,217 trig, 2,251 trig+kin events)
  [1930/3745] nano_1930.root
         -> 7,650 vertices (3,339 trig, 2,409 trig+kin events)
  [1931/3745] nano_1931.root
         -> 7,298 vertices (3,200 trig, 2,265 trig+kin events)
  [1932/3745] nano_1932.root
         -> 7,485 vertices (3,255 trig, 2,357 trig+kin events)
  [1933/3745] nano_1933.root
         -> 7,565 vertices (3,246 trig, 2,358 trig+kin events)
  [1934/3745] nano_1934.root
         -> 6,762 vertices (3,174 trig, 2,263 trig+kin events)
  [1935/3745] nano_1935.root
         -> 7,228 vertices (3,157 trig, 2,255 trig+kin events)
  [1936/3745] nano_1936.root
         -> 3,820 vertices (1,638 trig, 1,213 trig+kin events)
  [1937/3745] nano_1937.root
         -> 6,998 vertices (3,218 trig, 2,277 trig+kin events)
  [1938/3745] nano_1938.root
         -> 7,148 vertices (3,167 trig, 2,274 trig+kin events)
  [1939/3745] nano_1939.root
         -> 7,070 vertices (3,199 trig, 2,273 trig+kin events)
  [1940/3745] nano_1940.root
         -> 7,004 vertices (3,176 trig, 2,286 trig+kin events)
  [1941/3745] nano_1941.root
         -> 7,086 vertices (3,208 trig, 2,285 trig+kin events)
  [1942/3745] nano_1942.root
         -> 6,929 vertices (3,204 trig, 2,248 trig+kin events)
  [1943/3745] nano_1943.root
         -> 7,033 vertices (3,196 trig, 2,257 trig+kin events)
  [1944/3745] nano_1944.root
         -> 6,876 vertices (3,243 trig, 2,272 trig+kin events)
  [1945/3745] nano_1945.root
         -> 7,218 vertices (3,291 trig, 2,348 trig+kin events)
  [1946/3745] nano_1946.root
         -> 6,736 vertices (3,163 trig, 2,233 trig+kin events)
  [1947/3745] nano_1947.root
         -> 7,234 vertices (3,205 trig, 2,306 trig+kin events)
  [1948/3745] nano_1948.root
         -> 4,883 vertices (2,132 trig, 1,515 trig+kin events)
  [1949/3745] nano_1949.root
         -> 7,199 vertices (3,226 trig, 2,318 trig+kin events)
  [1950/3745] nano_1950.root
         -> 6,056 vertices (2,914 trig, 2,000 trig+kin events)
  [1951/3745] nano_1951.root
         -> 7,256 vertices (3,179 trig, 2,233 trig+kin events)
  [1952/3745] nano_1952.root
         -> 6,960 vertices (3,268 trig, 2,334 trig+kin events)
  [1953/3745] nano_1953.root
         -> 4,396 vertices (1,961 trig, 1,420 trig+kin events)
  [1954/3745] nano_1954.root
         -> 7,404 vertices (3,309 trig, 2,355 trig+kin events)
  [1955/3745] nano_1955.root
         -> 5,987 vertices (2,700 trig, 1,916 trig+kin events)
  [1956/3745] nano_1956.root
         -> 4,398 vertices (2,026 trig, 1,452 trig+kin events)
  [1957/3745] nano_1957.root
         -> 7,080 vertices (3,226 trig, 2,274 trig+kin events)
  [1958/3745] nano_1958.root
         -> 7,012 vertices (3,230 trig, 2,256 trig+kin events)
  [1959/3745] nano_1959.root
         -> 7,199 vertices (3,148 trig, 2,238 trig+kin events)
  [1960/3745] nano_1960.root
         -> 3,987 vertices (1,822 trig, 1,281 trig+kin events)
  [1961/3745] nano_1961.root
         -> 6,907 vertices (3,134 trig, 2,193 trig+kin events)
  [1962/3745] nano_1962.root
         -> 4,362 vertices (1,972 trig, 1,419 trig+kin events)
  [1963/3745] nano_1963.root
         -> 7,257 vertices (3,221 trig, 2,292 trig+kin events)
  [1964/3745] nano_1964.root
         -> 7,119 vertices (3,251 trig, 2,332 trig+kin events)
  [1965/3745] nano_1965.root
         -> 6,946 vertices (3,112 trig, 2,230 trig+kin events)
  [1966/3745] nano_1966.root
         -> 6,664 vertices (3,126 trig, 2,251 trig+kin events)
  [1967/3745] nano_1967.root
         -> 3,682 vertices (1,658 trig, 1,182 trig+kin events)
  [1968/3745] nano_1968.root
         -> 7,041 vertices (3,249 trig, 2,279 trig+kin events)
  [1969/3745] nano_1969.root
         -> 7,048 vertices (3,287 trig, 2,338 trig+kin events)
  [1970/3745] nano_1970.root
         -> 6,604 vertices (3,182 trig, 2,286 trig+kin events)
  [1971/3745] nano_1971.root
         -> 7,252 vertices (3,304 trig, 2,294 trig+kin events)
  [1972/3745] nano_1972.root
         -> 6,689 vertices (3,222 trig, 2,286 trig+kin events)
  [1973/3745] nano_1973.root
         -> 7,066 vertices (3,237 trig, 2,336 trig+kin events)
  [1974/3745] nano_1974.root
         -> 4,243 vertices (1,788 trig, 1,306 trig+kin events)
  [1975/3745] nano_1975.root
         -> 7,194 vertices (3,290 trig, 2,386 trig+kin events)
  [1976/3745] nano_1976.root
         -> 3,989 vertices (1,879 trig, 1,375 trig+kin events)
  [1977/3745] nano_1977.root
         -> 7,020 vertices (3,262 trig, 2,316 trig+kin events)
  [1978/3745] nano_1978.root
         -> 6,852 vertices (3,318 trig, 2,355 trig+kin events)
  [1979/3745] nano_1979.root
         -> 7,444 vertices (3,198 trig, 2,272 trig+kin events)
  [1980/3745] nano_1980.root
         -> 4,458 vertices (2,053 trig, 1,458 trig+kin events)
  [1981/3745] nano_1981.root
         -> 4,660 vertices (2,063 trig, 1,452 trig+kin events)
  [1982/3745] nano_1982.root
         -> 6,983 vertices (3,254 trig, 2,330 trig+kin events)
  [1983/3745] nano_1983.root
         -> 6,565 vertices (3,215 trig, 2,273 trig+kin events)
  [1984/3745] nano_1984.root
         -> 5,263 vertices (2,289 trig, 1,647 trig+kin events)
  [1985/3745] nano_1985.root
         -> 7,266 vertices (3,274 trig, 2,317 trig+kin events)
  [1986/3745] nano_1986.root
         -> 6,949 vertices (3,159 trig, 2,257 trig+kin events)
  [1987/3745] nano_1987.root
         -> 7,335 vertices (3,300 trig, 2,342 trig+kin events)
  [1988/3745] nano_1988.root
         -> 6,910 vertices (3,177 trig, 2,263 trig+kin events)
  [1989/3745] nano_1989.root
         -> 7,240 vertices (3,264 trig, 2,327 trig+kin events)
  [1990/3745] nano_1990.root
         -> 6,858 vertices (3,222 trig, 2,243 trig+kin events)
  [1991/3745] nano_1991.root
         -> 6,827 vertices (3,317 trig, 2,346 trig+kin events)
  [1992/3745] nano_1992.root
         -> 6,881 vertices (3,258 trig, 2,349 trig+kin events)
  [1993/3745] nano_1993.root
         -> 7,270 vertices (3,223 trig, 2,311 trig+kin events)
  [1994/3745] nano_1994.root
         -> 7,176 vertices (3,285 trig, 2,389 trig+kin events)
  [1995/3745] nano_1995.root
         -> 5,284 vertices (2,428 trig, 1,719 trig+kin events)
  [1996/3745] nano_1996.root
         -> 7,114 vertices (3,264 trig, 2,336 trig+kin events)
  [1997/3745] nano_1997.root
         -> 7,116 vertices (3,250 trig, 2,318 trig+kin events)
  [1998/3745] nano_1998.root
         -> 7,058 vertices (3,181 trig, 2,291 trig+kin events)
  [1999/3745] nano_1999.root
         -> 6,977 vertices (3,248 trig, 2,281 trig+kin events)
  [2000/3745] nano_2000.root
         -> 6,958 vertices (3,266 trig, 2,302 trig+kin events)
  [2001/3745] nano_2001.root
         -> 6,797 vertices (3,215 trig, 2,245 trig+kin events)
  [2002/3745] nano_2002.root
         -> 7,222 vertices (3,283 trig, 2,299 trig+kin events)
  [2003/3745] nano_2003.root
         -> 7,193 vertices (3,309 trig, 2,338 trig+kin events)
  [2004/3745] nano_2004.root
         -> 7,043 vertices (3,227 trig, 2,285 trig+kin events)
  [2005/3745] nano_2005.root
         -> 7,220 vertices (3,260 trig, 2,338 trig+kin events)
  [2006/3745] nano_2006.root
         -> 7,006 vertices (3,253 trig, 2,334 trig+kin events)
  [2007/3745] nano_2007.root
         -> 7,061 vertices (3,222 trig, 2,277 trig+kin events)
  [2008/3745] nano_2008.root
         -> 6,976 vertices (3,205 trig, 2,287 trig+kin events)
  [2009/3745] nano_2009.root
         -> 7,215 vertices (3,254 trig, 2,293 trig+kin events)
  [2010/3745] nano_2010.root
         -> 7,000 vertices (3,258 trig, 2,330 trig+kin events)
  [2011/3745] nano_2011.root
         -> 6,723 vertices (3,153 trig, 2,214 trig+kin events)
  [2012/3745] nano_2012.root
         -> 6,880 vertices (3,228 trig, 2,303 trig+kin events)
  [2013/3745] nano_2013.root
         -> 6,589 vertices (3,221 trig, 2,259 trig+kin events)
  [2014/3745] nano_2014.root
         -> 7,672 vertices (3,299 trig, 2,325 trig+kin events)
  [2015/3745] nano_2015.root
         -> 6,919 vertices (3,199 trig, 2,289 trig+kin events)
  [2016/3745] nano_2016.root
         -> 5,156 vertices (2,445 trig, 1,718 trig+kin events)
  [2017/3745] nano_2017.root
         -> 6,685 vertices (3,193 trig, 2,287 trig+kin events)
  [2018/3745] nano_2018.root
         -> 7,139 vertices (3,219 trig, 2,293 trig+kin events)
  [2019/3745] nano_2019.root
         -> 6,819 vertices (3,135 trig, 2,230 trig+kin events)
  [2020/3745] nano_2020.root
         -> 7,411 vertices (3,141 trig, 2,275 trig+kin events)
  [2021/3745] nano_2021.root
         -> 6,472 vertices (3,078 trig, 2,159 trig+kin events)
  [2022/3745] nano_2022.root
         -> 6,612 vertices (3,198 trig, 2,270 trig+kin events)
  [2023/3745] nano_2023.root
         -> 7,006 vertices (3,204 trig, 2,269 trig+kin events)
  [2024/3745] nano_2024.root
         -> 6,738 vertices (3,117 trig, 2,263 trig+kin events)
  [2025/3745] nano_2025.root
         -> 7,118 vertices (3,232 trig, 2,278 trig+kin events)
  [2026/3745] nano_2026.root
         -> 7,135 vertices (3,140 trig, 2,254 trig+kin events)
  [2027/3745] nano_2027.root
         -> 7,070 vertices (3,204 trig, 2,320 trig+kin events)
  [2028/3745] nano_2028.root
         -> 7,322 vertices (3,259 trig, 2,326 trig+kin events)
  [2029/3745] nano_2029.root
         -> 6,817 vertices (3,145 trig, 2,218 trig+kin events)
  [2030/3745] nano_2030.root
         -> 7,595 vertices (3,258 trig, 2,392 trig+kin events)
  [2031/3745] nano_2031.root
         -> 6,696 vertices (3,238 trig, 2,329 trig+kin events)
  [2032/3745] nano_2032.root
         -> 7,159 vertices (3,289 trig, 2,296 trig+kin events)
  [2033/3745] nano_2033.root
         -> 6,890 vertices (3,192 trig, 2,269 trig+kin events)
  [2034/3745] nano_2034.root
         -> 7,029 vertices (3,226 trig, 2,279 trig+kin events)
  [2035/3745] nano_2035.root
         -> 6,986 vertices (3,181 trig, 2,246 trig+kin events)
  [2036/3745] nano_2036.root
         -> 6,898 vertices (3,199 trig, 2,293 trig+kin events)
  [2037/3745] nano_2037.root
         -> 7,251 vertices (3,261 trig, 2,359 trig+kin events)
  [2038/3745] nano_2038.root
         -> 7,267 vertices (3,231 trig, 2,306 trig+kin events)
  [2039/3745] nano_2039.root
         -> 6,772 vertices (3,178 trig, 2,244 trig+kin events)
  [2040/3745] nano_2040.root
         -> 6,992 vertices (3,197 trig, 2,279 trig+kin events)
  [2041/3745] nano_2041.root
         -> 7,731 vertices (3,311 trig, 2,367 trig+kin events)
  [2042/3745] nano_2042.root
         -> 7,091 vertices (3,328 trig, 2,343 trig+kin events)
  [2043/3745] nano_2043.root
         -> 4,037 vertices (1,864 trig, 1,377 trig+kin events)
  [2044/3745] nano_2044.root
         -> 7,009 vertices (3,218 trig, 2,306 trig+kin events)
  [2045/3745] nano_2045.root
         -> 7,267 vertices (3,210 trig, 2,274 trig+kin events)
  [2046/3745] nano_2046.root
         -> 7,219 vertices (3,291 trig, 2,342 trig+kin events)
  [2047/3745] nano_2047.root
         -> 6,700 vertices (3,115 trig, 2,218 trig+kin events)
  [2048/3745] nano_2048.root
         -> 7,147 vertices (3,168 trig, 2,269 trig+kin events)
  [2049/3745] nano_2049.root
         -> 6,631 vertices (3,146 trig, 2,240 trig+kin events)
  [2050/3745] nano_2050.root
         -> 7,063 vertices (3,193 trig, 2,265 trig+kin events)
  [2051/3745] nano_2051.root
         -> 7,270 vertices (3,266 trig, 2,354 trig+kin events)
  [2052/3745] nano_2052.root
         -> 6,622 vertices (3,163 trig, 2,269 trig+kin events)
  [2053/3745] nano_2053.root
         -> 7,472 vertices (3,291 trig, 2,323 trig+kin events)
  [2054/3745] nano_2054.root
         -> 5,623 vertices (2,715 trig, 1,931 trig+kin events)
  [2055/3745] nano_2055.root
         -> 6,913 vertices (3,174 trig, 2,286 trig+kin events)
  [2056/3745] nano_2056.root
         -> 7,929 vertices (3,315 trig, 2,378 trig+kin events)
  [2057/3745] nano_2057.root
         -> 6,234 vertices (2,943 trig, 2,050 trig+kin events)
  [2058/3745] nano_2058.root
         -> 6,760 vertices (3,228 trig, 2,300 trig+kin events)
  [2059/3745] nano_2059.root
         -> 7,444 vertices (3,206 trig, 2,309 trig+kin events)
  [2060/3745] nano_2060.root
         -> 3,793 vertices (1,643 trig, 1,155 trig+kin events)
  [2061/3745] nano_2061.root
         -> 5,314 vertices (2,477 trig, 1,762 trig+kin events)
  [2062/3745] nano_2062.root
         -> 7,318 vertices (3,235 trig, 2,326 trig+kin events)
  [2063/3745] nano_2063.root
         -> 7,314 vertices (3,253 trig, 2,320 trig+kin events)
  [2064/3745] nano_2064.root
         -> 7,187 vertices (3,157 trig, 2,253 trig+kin events)
  [2065/3745] nano_2065.root
         -> 7,198 vertices (3,226 trig, 2,319 trig+kin events)
  [2066/3745] nano_2066.root
         -> 7,005 vertices (3,239 trig, 2,333 trig+kin events)
  [2067/3745] nano_2067.root
         -> 6,852 vertices (3,284 trig, 2,338 trig+kin events)
  [2068/3745] nano_2068.root
         -> 7,130 vertices (3,279 trig, 2,361 trig+kin events)
  [2069/3745] nano_2069.root
         -> 6,974 vertices (3,230 trig, 2,275 trig+kin events)
  [2070/3745] nano_2070.root
         -> 7,125 vertices (3,220 trig, 2,259 trig+kin events)
  [2071/3745] nano_2071.root
         -> 6,932 vertices (3,252 trig, 2,311 trig+kin events)
  [2072/3745] nano_2072.root
         -> 7,121 vertices (3,211 trig, 2,265 trig+kin events)
  [2073/3745] nano_2073.root
         -> 6,622 vertices (3,135 trig, 2,214 trig+kin events)
  [2074/3745] nano_2074.root
         -> 6,530 vertices (3,216 trig, 2,237 trig+kin events)
  [2075/3745] nano_2075.root
         -> 7,400 vertices (3,284 trig, 2,345 trig+kin events)
  [2076/3745] nano_2076.root
         -> 6,967 vertices (3,213 trig, 2,283 trig+kin events)
  [2077/3745] nano_2077.root
         -> 6,497 vertices (3,165 trig, 2,245 trig+kin events)
  [2078/3745] nano_2078.root
         -> 4,419 vertices (1,962 trig, 1,378 trig+kin events)
  [2079/3745] nano_2079.root
         -> 6,503 vertices (3,150 trig, 2,234 trig+kin events)
  [2080/3745] nano_2080.root
         -> 6,905 vertices (3,136 trig, 2,257 trig+kin events)
  [2081/3745] nano_2081.root
         -> 7,327 vertices (3,220 trig, 2,316 trig+kin events)
  [2082/3745] nano_2082.root
         -> 6,809 vertices (3,238 trig, 2,314 trig+kin events)
  [2083/3745] nano_2083.root
         -> 7,412 vertices (3,309 trig, 2,376 trig+kin events)
  [2084/3745] nano_2084.root
         -> 5,919 vertices (2,628 trig, 1,872 trig+kin events)
  [2085/3745] nano_2085.root
         -> 7,289 vertices (3,273 trig, 2,296 trig+kin events)
  [2086/3745] nano_2086.root
         -> 7,083 vertices (3,240 trig, 2,274 trig+kin events)
  [2087/3745] nano_2087.root
         -> 7,240 vertices (3,197 trig, 2,227 trig+kin events)
  [2088/3745] nano_2088.root
         -> 6,953 vertices (3,216 trig, 2,267 trig+kin events)
  [2089/3745] nano_2089.root
         -> 6,996 vertices (3,186 trig, 2,264 trig+kin events)
  [2090/3745] nano_2090.root
         -> 6,894 vertices (3,151 trig, 2,232 trig+kin events)
  [2091/3745] nano_2091.root
         -> 6,769 vertices (3,227 trig, 2,317 trig+kin events)
  [2092/3745] nano_2092.root
         -> 6,754 vertices (3,246 trig, 2,313 trig+kin events)
  [2093/3745] nano_2093.root
         -> 4,449 vertices (2,173 trig, 1,549 trig+kin events)
  [2094/3745] nano_2094.root
         -> 6,812 vertices (3,186 trig, 2,218 trig+kin events)
  [2095/3745] nano_2095.root
         -> 6,860 vertices (3,161 trig, 2,283 trig+kin events)
  [2096/3745] nano_2096.root
         -> 6,984 vertices (3,344 trig, 2,384 trig+kin events)
  [2097/3745] nano_2097.root
         -> 6,685 vertices (3,219 trig, 2,310 trig+kin events)
  [2098/3745] nano_2098.root
         -> 6,878 vertices (3,125 trig, 2,230 trig+kin events)
  [2099/3745] nano_2099.root
         -> 6,785 vertices (3,207 trig, 2,301 trig+kin events)
  [2100/3745] nano_2100.root
         -> 6,849 vertices (3,263 trig, 2,281 trig+kin events)
  [2101/3745] nano_2101.root
         -> 6,967 vertices (3,223 trig, 2,327 trig+kin events)
  [2102/3745] nano_2102.root
         -> 6,742 vertices (3,208 trig, 2,283 trig+kin events)
  [2103/3745] nano_2103.root
         -> 4,258 vertices (1,856 trig, 1,354 trig+kin events)
  [2104/3745] nano_2104.root
         -> 4,156 vertices (1,858 trig, 1,313 trig+kin events)
  [2105/3745] nano_2105.root
         -> 6,058 vertices (2,766 trig, 1,987 trig+kin events)
  [2106/3745] nano_2106.root
         -> 7,031 vertices (3,235 trig, 2,364 trig+kin events)
  [2107/3745] nano_2107.root
         -> 6,656 vertices (3,164 trig, 2,250 trig+kin events)
  [2108/3745] nano_2108.root
         -> 7,427 vertices (3,277 trig, 2,379 trig+kin events)
  [2109/3745] nano_2109.root
         -> 6,714 vertices (3,205 trig, 2,233 trig+kin events)
  [2110/3745] nano_2110.root
         -> 7,170 vertices (3,377 trig, 2,413 trig+kin events)
  [2111/3745] nano_2111.root
         -> 6,776 vertices (3,301 trig, 2,347 trig+kin events)
  [2112/3745] nano_2112.root
         -> 6,464 vertices (3,143 trig, 2,209 trig+kin events)
  [2113/3745] nano_2113.root
         -> 6,786 vertices (3,227 trig, 2,318 trig+kin events)
  [2114/3745] nano_2114.root
         -> 7,216 vertices (3,123 trig, 2,233 trig+kin events)
  [2115/3745] nano_2115.root
         -> 6,986 vertices (3,180 trig, 2,251 trig+kin events)
  [2116/3745] nano_2116.root
         -> 7,433 vertices (3,190 trig, 2,286 trig+kin events)
  [2117/3745] nano_2117.root
         -> 6,924 vertices (3,314 trig, 2,325 trig+kin events)
  [2118/3745] nano_2118.root
         -> 7,120 vertices (3,308 trig, 2,354 trig+kin events)
  [2119/3745] nano_2119.root
         -> 7,570 vertices (3,316 trig, 2,365 trig+kin events)
  [2120/3745] nano_2120.root
         -> 6,885 vertices (3,230 trig, 2,275 trig+kin events)
  [2121/3745] nano_2121.root
         -> 7,224 vertices (3,214 trig, 2,278 trig+kin events)
  [2122/3745] nano_2122.root
         -> 7,373 vertices (3,306 trig, 2,370 trig+kin events)
  [2123/3745] nano_2123.root
         -> 6,295 vertices (2,923 trig, 2,089 trig+kin events)
  [2124/3745] nano_2124.root
         -> 6,134 vertices (2,810 trig, 2,031 trig+kin events)
  [2125/3745] nano_2125.root
         -> 6,930 vertices (3,210 trig, 2,250 trig+kin events)
  [2126/3745] nano_2126.root
         -> 6,801 vertices (3,104 trig, 2,214 trig+kin events)
  [2127/3745] nano_2127.root
         -> 7,329 vertices (3,262 trig, 2,316 trig+kin events)
  [2128/3745] nano_2128.root
         -> 4,622 vertices (2,119 trig, 1,488 trig+kin events)
  [2129/3745] nano_2129.root
         -> 3,574 vertices (1,664 trig, 1,180 trig+kin events)
  [2130/3745] nano_2130.root
         -> 6,240 vertices (2,873 trig, 2,075 trig+kin events)
  [2131/3745] nano_2131.root
         -> 6,642 vertices (3,168 trig, 2,243 trig+kin events)
  [2132/3745] nano_2132.root
         -> 7,043 vertices (3,207 trig, 2,296 trig+kin events)
  [2133/3745] nano_2133.root
         -> 7,619 vertices (3,270 trig, 2,361 trig+kin events)
  [2134/3745] nano_2134.root
         -> 5,424 vertices (2,441 trig, 1,734 trig+kin events)
  [2135/3745] nano_2135.root
         -> 7,029 vertices (3,145 trig, 2,251 trig+kin events)
  [2136/3745] nano_2136.root
         -> 6,773 vertices (3,180 trig, 2,263 trig+kin events)
  [2137/3745] nano_2137.root
         -> 6,987 vertices (3,264 trig, 2,326 trig+kin events)
  [2138/3745] nano_2138.root
         -> 6,877 vertices (3,178 trig, 2,256 trig+kin events)
  [2139/3745] nano_2139.root
         -> 6,402 vertices (3,094 trig, 2,180 trig+kin events)
  [2140/3745] nano_2140.root
         -> 7,371 vertices (3,339 trig, 2,391 trig+kin events)
  [2141/3745] nano_2141.root
         -> 6,675 vertices (3,164 trig, 2,218 trig+kin events)
  [2142/3745] nano_2142.root
         -> 7,021 vertices (3,236 trig, 2,300 trig+kin events)
  [2143/3745] nano_2143.root
         -> 7,136 vertices (3,275 trig, 2,353 trig+kin events)
  [2144/3745] nano_2144.root
         -> 6,001 vertices (2,822 trig, 2,032 trig+kin events)
  [2145/3745] nano_2145.root
         -> 7,257 vertices (3,221 trig, 2,263 trig+kin events)
  [2146/3745] nano_2146.root
         -> 7,077 vertices (3,206 trig, 2,296 trig+kin events)
  [2147/3745] nano_2147.root
         -> 4,287 vertices (1,875 trig, 1,352 trig+kin events)
  [2148/3745] nano_2148.root
         -> 6,476 vertices (3,206 trig, 2,232 trig+kin events)
  [2149/3745] nano_2149.root
         -> 6,821 vertices (3,245 trig, 2,276 trig+kin events)
  [2150/3745] nano_2150.root
         -> 4,519 vertices (2,195 trig, 1,534 trig+kin events)
  [2151/3745] nano_2151.root
         -> 6,816 vertices (3,174 trig, 2,214 trig+kin events)
  [2152/3745] nano_2152.root
         -> 7,432 vertices (3,302 trig, 2,365 trig+kin events)
  [2153/3745] nano_2153.root
         -> 5,450 vertices (2,344 trig, 1,685 trig+kin events)
  [2154/3745] nano_2154.root
         -> 7,009 vertices (3,237 trig, 2,310 trig+kin events)
  [2155/3745] nano_2155.root
         -> 7,206 vertices (3,311 trig, 2,373 trig+kin events)
  [2156/3745] nano_2156.root
         -> 6,983 vertices (3,138 trig, 2,269 trig+kin events)
  [2157/3745] nano_2157.root
         -> 6,942 vertices (3,228 trig, 2,284 trig+kin events)
  [2158/3745] nano_2158.root
         -> 6,769 vertices (3,257 trig, 2,293 trig+kin events)
  [2159/3745] nano_2159.root
         -> 7,041 vertices (3,266 trig, 2,355 trig+kin events)
  [2160/3745] nano_2160.root
         -> 7,014 vertices (3,242 trig, 2,260 trig+kin events)
  [2161/3745] nano_2161.root
         -> 7,210 vertices (3,280 trig, 2,317 trig+kin events)
  [2162/3745] nano_2162.root
         -> 6,657 vertices (3,288 trig, 2,285 trig+kin events)
  [2163/3745] nano_2163.root
         -> 6,770 vertices (3,222 trig, 2,265 trig+kin events)
  [2164/3745] nano_2164.root
         -> 6,798 vertices (3,341 trig, 2,357 trig+kin events)
  [2165/3745] nano_2165.root
         -> 3,853 vertices (1,726 trig, 1,223 trig+kin events)
  [2166/3745] nano_2166.root
         -> 6,642 vertices (3,157 trig, 2,214 trig+kin events)
  [2167/3745] nano_2167.root
         -> 7,120 vertices (3,248 trig, 2,309 trig+kin events)
  [2168/3745] nano_2168.root
         -> 3,637 vertices (1,680 trig, 1,191 trig+kin events)
  [2169/3745] nano_2169.root
         -> 5,250 vertices (2,341 trig, 1,613 trig+kin events)
  [2170/3745] nano_2170.root
         -> 7,252 vertices (3,272 trig, 2,321 trig+kin events)
  [2171/3745] nano_2171.root
         -> 6,825 vertices (3,200 trig, 2,249 trig+kin events)
  [2172/3745] nano_2172.root
         -> 7,432 vertices (3,254 trig, 2,353 trig+kin events)
  [2173/3745] nano_2173.root
         -> 7,059 vertices (3,175 trig, 2,273 trig+kin events)
  [2174/3745] nano_2174.root
         -> 6,915 vertices (3,293 trig, 2,301 trig+kin events)
  [2175/3745] nano_2175.root
         -> 5,376 vertices (2,472 trig, 1,750 trig+kin events)
  [2176/3745] nano_2176.root
         -> 7,205 vertices (3,257 trig, 2,310 trig+kin events)
  [2177/3745] nano_2177.root
         -> 4,638 vertices (2,146 trig, 1,530 trig+kin events)
  [2178/3745] nano_2178.root
         -> 4,924 vertices (2,234 trig, 1,604 trig+kin events)
  [2179/3745] nano_2179.root
         -> 6,803 vertices (3,252 trig, 2,321 trig+kin events)
  [2180/3745] nano_2180.root
         -> 7,088 vertices (3,239 trig, 2,282 trig+kin events)
  [2181/3745] nano_2181.root
         -> 6,903 vertices (3,166 trig, 2,235 trig+kin events)
  [2182/3745] nano_2182.root
         -> 7,166 vertices (3,298 trig, 2,335 trig+kin events)
  [2183/3745] nano_2183.root
         -> 6,827 vertices (3,302 trig, 2,342 trig+kin events)
  [2184/3745] nano_2184.root
         -> 4,535 vertices (1,952 trig, 1,383 trig+kin events)
  [2185/3745] nano_2185.root
         -> 7,020 vertices (3,264 trig, 2,295 trig+kin events)
  [2186/3745] nano_2186.root
         -> 7,019 vertices (3,093 trig, 2,207 trig+kin events)
  [2187/3745] nano_2187.root
         -> 7,014 vertices (3,207 trig, 2,287 trig+kin events)
  [2188/3745] nano_2188.root
         -> 7,192 vertices (3,259 trig, 2,341 trig+kin events)
  [2189/3745] nano_2189.root
         -> 7,481 vertices (3,195 trig, 2,345 trig+kin events)
  [2190/3745] nano_2190.root
         -> 5,103 vertices (2,292 trig, 1,626 trig+kin events)
  [2191/3745] nano_2191.root
         -> 7,501 vertices (3,237 trig, 2,302 trig+kin events)
  [2192/3745] nano_2192.root
         -> 6,855 vertices (3,245 trig, 2,298 trig+kin events)
  [2193/3745] nano_2193.root
         -> 6,977 vertices (3,201 trig, 2,273 trig+kin events)
  [2194/3745] nano_2194.root
         -> 6,290 vertices (2,766 trig, 2,019 trig+kin events)
  [2195/3745] nano_2195.root
         -> 3,568 vertices (1,619 trig, 1,166 trig+kin events)
  [2196/3745] nano_2196.root
         -> 3,940 vertices (1,722 trig, 1,235 trig+kin events)
  [2197/3745] nano_2197.root
         -> 3,780 vertices (1,921 trig, 1,321 trig+kin events)
  [2198/3745] nano_2198.root
         -> 5,278 vertices (2,511 trig, 1,748 trig+kin events)
  [2199/3745] nano_2199.root
         -> 3,578 vertices (1,645 trig, 1,180 trig+kin events)
  [2200/3745] nano_2200.root
         -> 6,829 vertices (3,202 trig, 2,277 trig+kin events)
  [2201/3745] nano_2201.root
         -> 6,465 vertices (3,084 trig, 2,200 trig+kin events)
  [2202/3745] nano_2202.root
         -> 6,886 vertices (3,164 trig, 2,255 trig+kin events)
  [2203/3745] nano_2203.root
         -> 6,338 vertices (3,070 trig, 2,167 trig+kin events)
  [2204/3745] nano_2204.root
         -> 3,489 vertices (1,634 trig, 1,165 trig+kin events)
  [2205/3745] nano_2205.root
         -> 7,130 vertices (3,264 trig, 2,285 trig+kin events)
  [2206/3745] nano_2206.root
         -> 7,148 vertices (3,370 trig, 2,415 trig+kin events)
  [2207/3745] nano_2207.root
         -> 7,065 vertices (3,244 trig, 2,304 trig+kin events)
  [2208/3745] nano_2208.root
         -> 4,787 vertices (2,241 trig, 1,555 trig+kin events)
  [2209/3745] nano_2209.root
         -> 3,629 vertices (1,681 trig, 1,191 trig+kin events)
  [2210/3745] nano_2210.root
         -> 6,570 vertices (3,224 trig, 2,256 trig+kin events)
  [2211/3745] nano_2211.root
         -> 7,181 vertices (3,358 trig, 2,367 trig+kin events)
  [2212/3745] nano_2212.root
         -> 7,133 vertices (3,223 trig, 2,295 trig+kin events)
  [2213/3745] nano_2213.root
         -> 4,286 vertices (1,857 trig, 1,304 trig+kin events)
  [2214/3745] nano_2214.root
         -> 7,029 vertices (3,176 trig, 2,235 trig+kin events)
  [2215/3745] nano_2215.root
         -> 7,568 vertices (3,410 trig, 2,385 trig+kin events)
  [2216/3745] nano_2216.root
         -> 7,434 vertices (3,281 trig, 2,356 trig+kin events)
  [2217/3745] nano_2217.root
         -> 4,195 vertices (1,877 trig, 1,331 trig+kin events)
  [2218/3745] nano_2218.root
         -> 7,221 vertices (3,307 trig, 2,375 trig+kin events)
  [2219/3745] nano_2219.root
         -> 6,986 vertices (3,292 trig, 2,361 trig+kin events)
  [2220/3745] nano_2220.root
         -> 4,629 vertices (2,050 trig, 1,461 trig+kin events)
  [2221/3745] nano_2221.root
         -> 7,035 vertices (3,128 trig, 2,261 trig+kin events)
  [2222/3745] nano_2222.root
         -> 7,032 vertices (3,227 trig, 2,297 trig+kin events)
  [2223/3745] nano_2223.root
         -> 7,243 vertices (3,168 trig, 2,230 trig+kin events)
  [2224/3745] nano_2224.root
         -> 7,093 vertices (3,318 trig, 2,337 trig+kin events)
  [2225/3745] nano_2225.root
         -> 6,842 vertices (3,205 trig, 2,289 trig+kin events)
  [2226/3745] nano_2226.root
         -> 3,652 vertices (1,619 trig, 1,185 trig+kin events)
  [2227/3745] nano_2227.root
         -> 7,169 vertices (3,201 trig, 2,348 trig+kin events)
  [2228/3745] nano_2228.root
         -> 6,795 vertices (3,146 trig, 2,241 trig+kin events)
  [2229/3745] nano_2229.root
         -> 6,200 vertices (3,082 trig, 2,151 trig+kin events)
  [2230/3745] nano_2230.root
         -> 6,622 vertices (3,190 trig, 2,298 trig+kin events)
  [2231/3745] nano_2231.root
         -> 7,186 vertices (3,235 trig, 2,303 trig+kin events)
  [2232/3745] nano_2232.root
         -> 7,078 vertices (3,159 trig, 2,289 trig+kin events)
  [2233/3745] nano_2233.root
         -> 6,935 vertices (3,198 trig, 2,248 trig+kin events)
  [2234/3745] nano_2234.root
         -> 6,902 vertices (3,147 trig, 2,252 trig+kin events)
  [2235/3745] nano_2235.root
         -> 3,600 vertices (1,758 trig, 1,240 trig+kin events)
  [2236/3745] nano_2236.root
         -> 7,542 vertices (3,260 trig, 2,344 trig+kin events)
  [2237/3745] nano_2237.root
         -> 6,812 vertices (3,145 trig, 2,201 trig+kin events)
  [2238/3745] nano_2238.root
         -> 7,086 vertices (3,217 trig, 2,284 trig+kin events)
  [2239/3745] nano_2239.root
         -> 7,296 vertices (3,309 trig, 2,365 trig+kin events)
  [2240/3745] nano_2240.root
         -> 7,217 vertices (3,264 trig, 2,335 trig+kin events)
  [2241/3745] nano_2241.root
         -> 7,009 vertices (3,200 trig, 2,282 trig+kin events)
  [2242/3745] nano_2242.root
         -> 4,608 vertices (2,009 trig, 1,476 trig+kin events)
  [2243/3745] nano_2243.root
         -> 7,368 vertices (3,276 trig, 2,309 trig+kin events)
  [2244/3745] nano_2244.root
         -> 7,102 vertices (3,280 trig, 2,283 trig+kin events)
  [2245/3745] nano_2245.root
         -> 7,372 vertices (3,370 trig, 2,384 trig+kin events)
  [2246/3745] nano_2246.root
         -> 6,586 vertices (3,152 trig, 2,165 trig+kin events)
  [2247/3745] nano_2247.root
         -> 7,326 vertices (3,208 trig, 2,315 trig+kin events)
  [2248/3745] nano_2248.root
         -> 5,637 vertices (2,605 trig, 1,834 trig+kin events)
  [2249/3745] nano_2249.root
         -> 6,185 vertices (2,945 trig, 2,109 trig+kin events)
  [2250/3745] nano_2250.root
         -> 6,738 vertices (3,222 trig, 2,256 trig+kin events)
  [2251/3745] nano_2251.root
         -> 6,597 vertices (3,268 trig, 2,257 trig+kin events)
  [2252/3745] nano_2252.root
         -> 4,685 vertices (2,095 trig, 1,499 trig+kin events)
  [2253/3745] nano_2253.root
         -> 6,839 vertices (3,319 trig, 2,345 trig+kin events)
  [2254/3745] nano_2254.root
         -> 4,173 vertices (1,870 trig, 1,360 trig+kin events)
  [2255/3745] nano_2255.root
         -> 3,548 vertices (1,740 trig, 1,237 trig+kin events)
  [2256/3745] nano_2256.root
         -> 5,153 vertices (2,240 trig, 1,629 trig+kin events)
  [2257/3745] nano_2257.root
         -> 7,503 vertices (3,335 trig, 2,400 trig+kin events)
  [2258/3745] nano_2258.root
         -> 1,545 vertices (780 trig, 556 trig+kin events)
  [2259/3745] nano_2259.root
         -> 6,867 vertices (3,300 trig, 2,372 trig+kin events)
  [2260/3745] nano_2260.root
         -> 7,185 vertices (3,205 trig, 2,298 trig+kin events)
  [2261/3745] nano_2261.root
         -> 6,530 vertices (3,211 trig, 2,292 trig+kin events)
  [2262/3745] nano_2262.root
         -> 6,946 vertices (3,267 trig, 2,329 trig+kin events)
  [2263/3745] nano_2263.root
         -> 7,142 vertices (3,206 trig, 2,290 trig+kin events)
  [2264/3745] nano_2264.root
         -> 7,076 vertices (3,220 trig, 2,329 trig+kin events)
  [2265/3745] nano_2265.root
         -> 4,032 vertices (1,930 trig, 1,396 trig+kin events)
  [2266/3745] nano_2266.root
         -> 4,484 vertices (1,983 trig, 1,418 trig+kin events)
  [2267/3745] nano_2267.root
         -> 6,046 vertices (2,848 trig, 2,014 trig+kin events)
  [2268/3745] nano_2268.root
         -> 4,047 vertices (1,867 trig, 1,341 trig+kin events)
  [2269/3745] nano_2269.root
         -> 6,956 vertices (3,128 trig, 2,210 trig+kin events)
  [2270/3745] nano_2270.root
         -> 7,065 vertices (3,208 trig, 2,264 trig+kin events)
  [2271/3745] nano_2271.root
         -> 3,836 vertices (1,827 trig, 1,305 trig+kin events)
  [2272/3745] nano_2272.root
         -> 7,381 vertices (3,305 trig, 2,353 trig+kin events)
  [2273/3745] nano_2273.root
         -> 7,163 vertices (3,202 trig, 2,310 trig+kin events)
  [2274/3745] nano_2274.root
         -> 7,051 vertices (3,315 trig, 2,366 trig+kin events)
  [2275/3745] nano_2275.root
         -> 6,816 vertices (3,249 trig, 2,294 trig+kin events)
  [2276/3745] nano_2276.root
         -> 4,120 vertices (1,969 trig, 1,377 trig+kin events)
  [2277/3745] nano_2277.root
         -> 3,657 vertices (1,686 trig, 1,213 trig+kin events)
  [2278/3745] nano_2278.root
         -> 7,037 vertices (3,230 trig, 2,287 trig+kin events)
  [2279/3745] nano_2279.root
         -> 6,773 vertices (3,131 trig, 2,233 trig+kin events)
  [2280/3745] nano_2280.root
         -> 6,924 vertices (3,237 trig, 2,298 trig+kin events)
  [2281/3745] nano_2281.root
         -> 6,757 vertices (3,160 trig, 2,264 trig+kin events)
  [2282/3745] nano_2282.root
         -> 6,777 vertices (3,243 trig, 2,286 trig+kin events)
  [2283/3745] nano_2283.root
         -> 5,863 vertices (2,779 trig, 1,969 trig+kin events)
  [2284/3745] nano_2284.root
         -> 7,065 vertices (3,236 trig, 2,344 trig+kin events)
  [2285/3745] nano_2285.root
         -> 7,074 vertices (3,226 trig, 2,300 trig+kin events)
  [2286/3745] nano_2286.root
         -> 7,178 vertices (3,217 trig, 2,270 trig+kin events)
  [2287/3745] nano_2287.root
         -> 3,773 vertices (1,777 trig, 1,278 trig+kin events)
  [2288/3745] nano_2288.root
         -> 7,121 vertices (3,160 trig, 2,236 trig+kin events)
  [2289/3745] nano_2289.root
         -> 6,900 vertices (3,271 trig, 2,253 trig+kin events)
  [2290/3745] nano_2290.root
         -> 7,328 vertices (3,351 trig, 2,372 trig+kin events)
  [2291/3745] nano_2291.root
         -> 6,930 vertices (3,265 trig, 2,329 trig+kin events)
  [2292/3745] nano_2292.root
         -> 4,166 vertices (1,798 trig, 1,272 trig+kin events)
  [2293/3745] nano_2293.root
         -> 4,576 vertices (2,055 trig, 1,445 trig+kin events)
  [2294/3745] nano_2294.root
         -> 7,193 vertices (3,292 trig, 2,382 trig+kin events)
  [2295/3745] nano_2295.root
         -> 7,157 vertices (3,197 trig, 2,262 trig+kin events)
  [2296/3745] nano_2296.root
         -> 7,378 vertices (3,348 trig, 2,390 trig+kin events)
  [2297/3745] nano_2297.root
         -> 7,059 vertices (3,261 trig, 2,332 trig+kin events)
  [2298/3745] nano_2298.root
         -> 6,867 vertices (3,189 trig, 2,297 trig+kin events)
  [2299/3745] nano_2299.root
         -> 7,032 vertices (3,213 trig, 2,290 trig+kin events)
  [2300/3745] nano_2300.root
         -> 3,586 vertices (1,663 trig, 1,202 trig+kin events)
  [2301/3745] nano_2301.root
         -> 6,992 vertices (3,243 trig, 2,326 trig+kin events)
  [2302/3745] nano_2302.root
         -> 7,309 vertices (3,282 trig, 2,300 trig+kin events)
  [2303/3745] nano_2303.root
         -> 7,000 vertices (3,214 trig, 2,231 trig+kin events)
  [2304/3745] nano_2304.root
         -> 6,667 vertices (3,250 trig, 2,301 trig+kin events)
  [2305/3745] nano_2305.root
         -> 3,518 vertices (1,604 trig, 1,130 trig+kin events)
  [2306/3745] nano_2306.root
         -> 6,057 vertices (2,745 trig, 1,959 trig+kin events)
  [2307/3745] nano_2307.root
         -> 7,090 vertices (3,187 trig, 2,283 trig+kin events)
  [2308/3745] nano_2308.root
         -> 4,584 vertices (2,146 trig, 1,505 trig+kin events)
  [2309/3745] nano_2309.root
         -> 6,547 vertices (3,115 trig, 2,201 trig+kin events)
  [2310/3745] nano_2310.root
         -> 7,183 vertices (3,213 trig, 2,315 trig+kin events)
  [2311/3745] nano_2311.root
         -> 6,959 vertices (3,209 trig, 2,260 trig+kin events)
  [2312/3745] nano_2312.root
         -> 7,317 vertices (3,289 trig, 2,347 trig+kin events)
  [2313/3745] nano_2313.root
         -> 6,933 vertices (3,204 trig, 2,260 trig+kin events)
  [2314/3745] nano_2314.root
         -> 3,993 vertices (1,814 trig, 1,273 trig+kin events)
  [2315/3745] nano_2315.root
         -> 6,460 vertices (3,015 trig, 2,156 trig+kin events)
  [2316/3745] nano_2316.root
         -> 3,915 vertices (1,952 trig, 1,431 trig+kin events)
  [2317/3745] nano_2317.root
         -> 7,120 vertices (3,253 trig, 2,337 trig+kin events)
  [2318/3745] nano_2318.root
         -> 7,307 vertices (3,312 trig, 2,344 trig+kin events)
  [2319/3745] nano_2319.root
         -> 6,873 vertices (3,181 trig, 2,262 trig+kin events)
  [2320/3745] nano_2320.root
         -> 4,297 vertices (2,118 trig, 1,495 trig+kin events)
  [2321/3745] nano_2321.root
         -> 4,852 vertices (2,219 trig, 1,573 trig+kin events)
  [2322/3745] nano_2322.root
         -> 7,539 vertices (3,208 trig, 2,284 trig+kin events)
  [2323/3745] nano_2323.root
         -> 3,819 vertices (1,762 trig, 1,237 trig+kin events)
  [2324/3745] nano_2324.root
         -> 6,939 vertices (3,171 trig, 2,281 trig+kin events)
  [2325/3745] nano_2325.root
         -> 4,741 vertices (2,273 trig, 1,604 trig+kin events)
  [2326/3745] nano_2326.root
         -> 5,154 vertices (2,254 trig, 1,611 trig+kin events)
  [2327/3745] nano_2327.root
         -> 5,985 vertices (2,734 trig, 1,951 trig+kin events)
  [2328/3745] nano_2328.root
         -> 5,207 vertices (2,392 trig, 1,706 trig+kin events)
  [2329/3745] nano_2329.root
         -> 6,950 vertices (3,219 trig, 2,293 trig+kin events)
  [2330/3745] nano_2330.root
         -> 5,985 vertices (2,825 trig, 2,010 trig+kin events)
  [2331/3745] nano_2331.root
         -> 5,435 vertices (2,476 trig, 1,753 trig+kin events)
  [2332/3745] nano_2332.root
         -> 7,040 vertices (3,222 trig, 2,310 trig+kin events)
  [2333/3745] nano_2333.root
         -> 3,836 vertices (1,694 trig, 1,199 trig+kin events)
  [2334/3745] nano_2334.root
         -> 3,864 vertices (1,814 trig, 1,259 trig+kin events)
  [2335/3745] nano_2335.root
         -> 7,055 vertices (3,265 trig, 2,324 trig+kin events)
  [2336/3745] nano_2336.root
         -> 6,940 vertices (3,214 trig, 2,270 trig+kin events)
  [2337/3745] nano_2337.root
         -> 3,748 vertices (1,789 trig, 1,277 trig+kin events)
  [2338/3745] nano_2338.root
         -> 6,661 vertices (3,018 trig, 2,090 trig+kin events)
  [2339/3745] nano_2339.root
         -> 3,749 vertices (1,688 trig, 1,210 trig+kin events)
  [2340/3745] nano_2340.root
         -> 3,748 vertices (1,708 trig, 1,211 trig+kin events)
  [2341/3745] nano_2341.root
         -> 4,594 vertices (1,979 trig, 1,428 trig+kin events)
  [2342/3745] nano_2342.root
         -> 7,609 vertices (3,264 trig, 2,359 trig+kin events)
  [2343/3745] nano_2343.root
         -> 3,695 vertices (1,648 trig, 1,155 trig+kin events)
  [2344/3745] nano_2344.root
         -> 6,267 vertices (2,840 trig, 2,049 trig+kin events)
  [2345/3745] nano_2345.root
         -> 7,269 vertices (3,136 trig, 2,210 trig+kin events)
  [2346/3745] nano_2346.root
         -> 6,713 vertices (3,081 trig, 2,199 trig+kin events)
  [2347/3745] nano_2347.root
         -> 5,868 vertices (2,697 trig, 1,908 trig+kin events)
  [2348/3745] nano_2348.root
         -> 3,318 vertices (1,638 trig, 1,180 trig+kin events)
  [2349/3745] nano_2349.root
         -> 7,183 vertices (3,227 trig, 2,258 trig+kin events)
  [2350/3745] nano_2350.root
         -> 6,343 vertices (3,001 trig, 2,089 trig+kin events)
  [2351/3745] nano_2351.root
         -> 7,499 vertices (3,321 trig, 2,395 trig+kin events)
  [2352/3745] nano_2352.root
         -> 3,759 vertices (1,811 trig, 1,285 trig+kin events)
  [2353/3745] nano_2353.root
         -> 3,437 vertices (1,669 trig, 1,177 trig+kin events)
  [2354/3745] nano_2354.root
         -> 3,676 vertices (1,671 trig, 1,165 trig+kin events)
  [2355/3745] nano_2355.root
         -> 6,960 vertices (3,151 trig, 2,206 trig+kin events)
  [2356/3745] nano_2356.root
         -> 3,975 vertices (1,783 trig, 1,298 trig+kin events)
  [2357/3745] nano_2357.root
         -> 4,913 vertices (2,158 trig, 1,517 trig+kin events)
  [2358/3745] nano_2358.root
         -> 3,525 vertices (1,589 trig, 1,127 trig+kin events)
  [2359/3745] nano_2359.root
         -> 4,353 vertices (2,037 trig, 1,444 trig+kin events)
  [2360/3745] nano_2360.root
         -> 4,854 vertices (2,169 trig, 1,553 trig+kin events)
  [2361/3745] nano_2361.root
         -> 7,225 vertices (3,229 trig, 2,318 trig+kin events)
  [2362/3745] nano_2362.root
         -> 7,138 vertices (3,221 trig, 2,306 trig+kin events)
  [2363/3745] nano_2363.root
         -> 7,173 vertices (3,269 trig, 2,322 trig+kin events)
  [2364/3745] nano_2364.root
         -> 5,568 vertices (2,642 trig, 1,851 trig+kin events)
  [2365/3745] nano_2365.root
         -> 7,043 vertices (3,191 trig, 2,285 trig+kin events)
  [2366/3745] nano_2366.root
         -> 6,597 vertices (3,179 trig, 2,251 trig+kin events)
  [2367/3745] nano_2367.root
         -> 5,376 vertices (2,437 trig, 1,741 trig+kin events)
  [2368/3745] nano_2368.root
         -> 3,608 vertices (1,697 trig, 1,218 trig+kin events)
  [2369/3745] nano_2369.root
         -> 6,713 vertices (3,258 trig, 2,302 trig+kin events)
  [2370/3745] nano_2370.root
         -> 3,944 vertices (1,877 trig, 1,324 trig+kin events)
  [2371/3745] nano_2371.root
         -> 7,112 vertices (3,257 trig, 2,313 trig+kin events)
  [2372/3745] nano_2372.root
         -> 6,978 vertices (3,296 trig, 2,366 trig+kin events)
  [2373/3745] nano_2373.root
         -> 7,289 vertices (3,194 trig, 2,259 trig+kin events)
  [2374/3745] nano_2374.root
         -> 6,705 vertices (3,150 trig, 2,250 trig+kin events)
  [2375/3745] nano_2375.root
         -> 6,855 vertices (3,199 trig, 2,274 trig+kin events)
  [2376/3745] nano_2376.root
         -> 3,651 vertices (1,589 trig, 1,142 trig+kin events)
  [2377/3745] nano_2377.root
         -> 5,201 vertices (2,363 trig, 1,722 trig+kin events)
  [2378/3745] nano_2378.root
         -> 6,637 vertices (3,257 trig, 2,260 trig+kin events)
  [2379/3745] nano_2379.root
         -> 6,892 vertices (3,218 trig, 2,287 trig+kin events)
  [2380/3745] nano_2380.root
         -> 6,025 vertices (2,665 trig, 1,912 trig+kin events)
  [2381/3745] nano_2381.root
         -> 6,598 vertices (3,178 trig, 2,242 trig+kin events)
  [2382/3745] nano_2382.root
         -> 7,099 vertices (3,196 trig, 2,277 trig+kin events)
  [2383/3745] nano_2383.root
         -> 6,983 vertices (3,204 trig, 2,261 trig+kin events)
  [2384/3745] nano_2384.root
         -> 7,433 vertices (3,297 trig, 2,363 trig+kin events)
  [2385/3745] nano_2385.root
         -> 5,468 vertices (2,592 trig, 1,854 trig+kin events)
  [2386/3745] nano_2386.root
         -> 6,429 vertices (2,937 trig, 2,106 trig+kin events)
  [2387/3745] nano_2387.root
         -> 6,792 vertices (3,210 trig, 2,290 trig+kin events)
  [2388/3745] nano_2388.root
         -> 3,600 vertices (1,685 trig, 1,189 trig+kin events)
  [2389/3745] nano_2389.root
         -> 5,119 vertices (2,441 trig, 1,708 trig+kin events)
  [2390/3745] nano_2390.root
         -> 6,723 vertices (3,255 trig, 2,311 trig+kin events)
  [2391/3745] nano_2391.root
         -> 6,090 vertices (2,816 trig, 1,995 trig+kin events)
  [2392/3745] nano_2392.root
         -> 7,120 vertices (3,172 trig, 2,254 trig+kin events)
  [2393/3745] nano_2393.root
         -> 6,904 vertices (3,245 trig, 2,329 trig+kin events)
  [2394/3745] nano_2394.root
         -> 6,929 vertices (3,211 trig, 2,301 trig+kin events)
  [2395/3745] nano_2395.root
         -> 6,505 vertices (3,133 trig, 2,238 trig+kin events)
  [2396/3745] nano_2396.root
         -> 6,715 vertices (3,166 trig, 2,236 trig+kin events)
  [2397/3745] nano_2397.root
         -> 5,107 vertices (2,494 trig, 1,774 trig+kin events)
  [2398/3745] nano_2398.root
         -> 4,974 vertices (2,537 trig, 1,843 trig+kin events)
  [2399/3745] nano_2399.root
         -> 4,212 vertices (1,810 trig, 1,300 trig+kin events)
  [2400/3745] nano_2400.root
         -> 6,343 vertices (2,975 trig, 2,150 trig+kin events)
  [2401/3745] nano_2401.root
         -> 7,071 vertices (3,171 trig, 2,257 trig+kin events)
  [2402/3745] nano_2402.root
         -> 6,912 vertices (3,243 trig, 2,292 trig+kin events)
  [2403/3745] nano_2403.root
         -> 6,861 vertices (3,229 trig, 2,257 trig+kin events)
  [2404/3745] nano_2404.root
         -> 7,369 vertices (3,190 trig, 2,262 trig+kin events)
  [2405/3745] nano_2405.root
         -> 4,155 vertices (1,797 trig, 1,265 trig+kin events)
  [2406/3745] nano_2406.root
         -> 6,773 vertices (3,100 trig, 2,163 trig+kin events)
  [2407/3745] nano_2407.root
         -> 6,669 vertices (3,173 trig, 2,263 trig+kin events)
  [2408/3745] nano_2408.root
         -> 7,014 vertices (3,196 trig, 2,283 trig+kin events)
  [2409/3745] nano_2409.root
         -> 6,816 vertices (3,230 trig, 2,305 trig+kin events)
  [2410/3745] nano_2410.root
         -> 6,660 vertices (3,240 trig, 2,267 trig+kin events)
  [2411/3745] nano_2411.root
         -> 6,518 vertices (3,114 trig, 2,227 trig+kin events)
  [2412/3745] nano_2412.root
         -> 3,465 vertices (1,617 trig, 1,147 trig+kin events)
  [2413/3745] nano_2413.root
         -> 6,608 vertices (3,208 trig, 2,282 trig+kin events)
  [2414/3745] nano_2414.root
         -> 6,672 vertices (3,133 trig, 2,201 trig+kin events)
  [2415/3745] nano_2415.root
         -> 4,484 vertices (2,013 trig, 1,440 trig+kin events)
  [2416/3745] nano_2416.root
         -> 5,970 vertices (2,660 trig, 1,889 trig+kin events)
  [2417/3745] nano_2417.root
         -> 6,748 vertices (3,201 trig, 2,243 trig+kin events)
  [2418/3745] nano_2418.root
         -> 3,799 vertices (1,845 trig, 1,317 trig+kin events)
  [2419/3745] nano_2419.root
         -> 2,426 vertices (1,100 trig, 810 trig+kin events)
  [2420/3745] nano_2420.root
         -> 3,830 vertices (1,776 trig, 1,259 trig+kin events)
  [2421/3745] nano_2421.root
         -> 7,233 vertices (3,214 trig, 2,284 trig+kin events)
  [2422/3745] nano_2422.root
         -> 4,091 vertices (1,808 trig, 1,249 trig+kin events)
  [2423/3745] nano_2423.root
         -> 7,121 vertices (3,213 trig, 2,309 trig+kin events)
  [2424/3745] nano_2424.root
         -> 6,854 vertices (3,315 trig, 2,370 trig+kin events)
  [2425/3745] nano_2425.root
         -> 6,832 vertices (3,199 trig, 2,283 trig+kin events)
  [2426/3745] nano_2426.root
         -> 7,570 vertices (3,315 trig, 2,345 trig+kin events)
  [2427/3745] nano_2427.root
         -> 4,420 vertices (2,059 trig, 1,456 trig+kin events)
  [2428/3745] nano_2428.root
         -> 7,023 vertices (3,293 trig, 2,340 trig+kin events)
  [2429/3745] nano_2429.root
         -> 7,325 vertices (3,314 trig, 2,335 trig+kin events)
  [2430/3745] nano_2430.root
         -> 7,166 vertices (3,248 trig, 2,294 trig+kin events)
  [2431/3745] nano_2431.root
         -> 6,735 vertices (3,163 trig, 2,198 trig+kin events)
  [2432/3745] nano_2432.root
         -> 4,591 vertices (2,013 trig, 1,474 trig+kin events)
  [2433/3745] nano_2433.root
         -> 7,121 vertices (3,183 trig, 2,302 trig+kin events)
  [2434/3745] nano_2434.root
         -> 6,717 vertices (3,241 trig, 2,279 trig+kin events)
  [2435/3745] nano_2435.root
         -> 6,892 vertices (3,228 trig, 2,286 trig+kin events)
  [2436/3745] nano_2436.root
         -> 3,806 vertices (1,799 trig, 1,266 trig+kin events)
  [2437/3745] nano_2437.root
         -> 4,011 vertices (1,787 trig, 1,312 trig+kin events)
  [2438/3745] nano_2438.root
         -> 7,102 vertices (3,302 trig, 2,384 trig+kin events)
  [2439/3745] nano_2439.root
         -> 3,730 vertices (1,833 trig, 1,279 trig+kin events)
  [2440/3745] nano_2440.root
         -> 3,665 vertices (1,703 trig, 1,217 trig+kin events)
  [2441/3745] nano_2441.root
         -> 7,334 vertices (3,236 trig, 2,311 trig+kin events)
  [2442/3745] nano_2442.root
         -> 7,117 vertices (3,199 trig, 2,261 trig+kin events)
  [2443/3745] nano_2443.root
         -> 7,183 vertices (3,285 trig, 2,313 trig+kin events)
  [2444/3745] nano_2444.root
         -> 4,091 vertices (1,964 trig, 1,387 trig+kin events)
  [2445/3745] nano_2445.root
         -> 6,137 vertices (2,837 trig, 2,011 trig+kin events)
  [2446/3745] nano_2446.root
         -> 4,243 vertices (1,897 trig, 1,381 trig+kin events)
  [2447/3745] nano_2447.root
         -> 5,218 vertices (2,373 trig, 1,669 trig+kin events)
  [2448/3745] nano_2448.root
         -> 7,060 vertices (3,165 trig, 2,261 trig+kin events)
  [2449/3745] nano_2449.root
         -> 6,571 vertices (3,136 trig, 2,216 trig+kin events)
  [2450/3745] nano_2450.root
         -> 6,983 vertices (3,213 trig, 2,244 trig+kin events)
  [2451/3745] nano_2451.root
         -> 6,787 vertices (3,185 trig, 2,237 trig+kin events)
  [2452/3745] nano_2452.root
         -> 6,855 vertices (3,200 trig, 2,258 trig+kin events)
  [2453/3745] nano_2453.root
         -> 6,635 vertices (3,186 trig, 2,250 trig+kin events)
  [2454/3745] nano_2454.root
         -> 3,869 vertices (1,860 trig, 1,320 trig+kin events)
  [2455/3745] nano_2455.root
         -> 6,979 vertices (3,283 trig, 2,320 trig+kin events)
  [2456/3745] nano_2456.root
         -> 4,864 vertices (2,227 trig, 1,570 trig+kin events)
  [2457/3745] nano_2457.root
         -> 6,790 vertices (3,143 trig, 2,232 trig+kin events)
  [2458/3745] nano_2458.root
         -> 7,151 vertices (3,253 trig, 2,329 trig+kin events)
  [2459/3745] nano_2459.root
         -> 7,030 vertices (3,223 trig, 2,315 trig+kin events)
  [2460/3745] nano_2460.root
         -> 7,677 vertices (3,379 trig, 2,395 trig+kin events)
  [2461/3745] nano_2461.root
         -> 7,125 vertices (3,239 trig, 2,298 trig+kin events)
  [2462/3745] nano_2462.root
         -> 6,931 vertices (3,230 trig, 2,274 trig+kin events)
  [2463/3745] nano_2463.root
         -> 7,175 vertices (3,310 trig, 2,324 trig+kin events)
  [2464/3745] nano_2464.root
         -> 6,924 vertices (3,178 trig, 2,291 trig+kin events)
  [2465/3745] nano_2465.root
         -> 334 vertices (155 trig, 114 trig+kin events)
  [2466/3745] nano_2466.root
         -> 4,454 vertices (2,076 trig, 1,471 trig+kin events)
  [2467/3745] nano_2467.root
         -> 4,226 vertices (2,060 trig, 1,446 trig+kin events)
  [2468/3745] nano_2468.root
         -> 5,047 vertices (2,355 trig, 1,667 trig+kin events)
  [2469/3745] nano_2469.root
         -> 7,543 vertices (3,379 trig, 2,409 trig+kin events)
  [2470/3745] nano_2470.root
         -> 7,133 vertices (3,232 trig, 2,319 trig+kin events)
  [2471/3745] nano_2471.root
         -> 3,899 vertices (1,815 trig, 1,307 trig+kin events)
  [2472/3745] nano_2472.root
         -> 7,231 vertices (3,229 trig, 2,298 trig+kin events)
  [2473/3745] nano_2473.root
         -> 6,851 vertices (3,415 trig, 2,389 trig+kin events)
  [2474/3745] nano_2474.root
         -> 6,447 vertices (2,904 trig, 2,096 trig+kin events)
  [2475/3745] nano_2475.root
         -> 7,044 vertices (3,190 trig, 2,261 trig+kin events)
  [2476/3745] nano_2476.root
         -> 4,609 vertices (2,304 trig, 1,625 trig+kin events)
  [2477/3745] nano_2477.root
         -> 7,586 vertices (3,199 trig, 2,304 trig+kin events)
  [2478/3745] nano_2478.root
         -> 6,896 vertices (3,357 trig, 2,380 trig+kin events)
  [2479/3745] nano_2479.root
         -> 6,947 vertices (3,269 trig, 2,381 trig+kin events)
  [2480/3745] nano_2480.root
         -> 6,703 vertices (3,112 trig, 2,188 trig+kin events)
  [2481/3745] nano_2481.root
         -> 5,878 vertices (2,853 trig, 1,984 trig+kin events)
  [2482/3745] nano_2482.root
         -> 3,963 vertices (1,756 trig, 1,237 trig+kin events)
  [2483/3745] nano_2483.root
         -> 3,852 vertices (1,752 trig, 1,240 trig+kin events)
  [2484/3745] nano_2484.root
         -> 6,978 vertices (3,219 trig, 2,299 trig+kin events)
  [2485/3745] nano_2485.root
         -> 3,825 vertices (1,664 trig, 1,182 trig+kin events)
  [2486/3745] nano_2486.root
         -> 6,569 vertices (3,002 trig, 2,150 trig+kin events)
  [2487/3745] nano_2487.root
         -> 6,830 vertices (3,252 trig, 2,317 trig+kin events)
  [2488/3745] nano_2488.root
         -> 3,471 vertices (1,674 trig, 1,187 trig+kin events)
  [2489/3745] nano_2489.root
         -> 4,092 vertices (1,927 trig, 1,382 trig+kin events)
  [2490/3745] nano_2490.root
         -> 7,143 vertices (3,299 trig, 2,332 trig+kin events)
  [2491/3745] nano_2491.root
         -> 6,946 vertices (3,332 trig, 2,316 trig+kin events)
  [2492/3745] nano_2492.root
         -> 5,330 vertices (2,566 trig, 1,804 trig+kin events)
  [2493/3745] nano_2493.root
         -> 5,072 vertices (2,291 trig, 1,653 trig+kin events)
  [2494/3745] nano_2494.root
         -> 1,071 vertices (522 trig, 376 trig+kin events)
  [2495/3745] nano_2495.root
         -> 7,517 vertices (3,380 trig, 2,451 trig+kin events)
  [2496/3745] nano_2496.root
         -> 5,974 vertices (2,694 trig, 1,933 trig+kin events)
  [2497/3745] nano_2497.root
         -> 7,267 vertices (3,402 trig, 2,403 trig+kin events)
  [2498/3745] nano_2498.root
         -> 6,703 vertices (3,162 trig, 2,240 trig+kin events)
  [2499/3745] nano_2499.root
         -> 4,921 vertices (2,341 trig, 1,639 trig+kin events)
  [2500/3745] nano_2500.root
         -> 7,180 vertices (3,247 trig, 2,298 trig+kin events)
  [2501/3745] nano_2501.root
         -> 5,532 vertices (2,686 trig, 1,880 trig+kin events)
  [2502/3745] nano_2502.root
         -> 4,773 vertices (2,245 trig, 1,598 trig+kin events)
  [2503/3745] nano_2503.root
         -> 6,845 vertices (3,185 trig, 2,251 trig+kin events)
  [2504/3745] nano_2504.root
         -> 4,388 vertices (2,005 trig, 1,439 trig+kin events)
  [2505/3745] nano_2505.root
         -> 6,890 vertices (3,215 trig, 2,301 trig+kin events)
  [2506/3745] nano_2506.root
         -> 3,891 vertices (1,725 trig, 1,183 trig+kin events)
  [2507/3745] nano_2507.root
         -> 6,786 vertices (3,210 trig, 2,325 trig+kin events)
  [2508/3745] nano_2508.root
         -> 7,471 vertices (3,281 trig, 2,378 trig+kin events)
  [2509/3745] nano_2509.root
         -> 7,129 vertices (3,275 trig, 2,329 trig+kin events)
  [2510/3745] nano_2510.root
         -> 6,883 vertices (3,323 trig, 2,390 trig+kin events)
  [2511/3745] nano_2511.root
         -> 6,604 vertices (3,262 trig, 2,306 trig+kin events)
  [2512/3745] nano_2512.root
         -> 7,117 vertices (3,194 trig, 2,295 trig+kin events)
  [2513/3745] nano_2513.root
         -> 3,855 vertices (1,818 trig, 1,266 trig+kin events)
  [2514/3745] nano_2514.root
         -> 6,177 vertices (2,921 trig, 2,100 trig+kin events)
  [2515/3745] nano_2515.root
         -> 7,208 vertices (3,279 trig, 2,314 trig+kin events)
  [2516/3745] nano_2516.root
         -> 6,625 vertices (3,218 trig, 2,257 trig+kin events)
  [2517/3745] nano_2517.root
         -> 6,867 vertices (3,230 trig, 2,279 trig+kin events)
  [2518/3745] nano_2518.root
         -> 6,730 vertices (3,240 trig, 2,286 trig+kin events)
  [2519/3745] nano_2519.root
         -> 7,260 vertices (3,214 trig, 2,266 trig+kin events)
  [2520/3745] nano_2520.root
         -> 6,642 vertices (3,000 trig, 2,138 trig+kin events)
  [2521/3745] nano_2521.root
         -> 6,818 vertices (3,232 trig, 2,296 trig+kin events)
  [2522/3745] nano_2522.root
         -> 3,610 vertices (1,698 trig, 1,198 trig+kin events)
  [2523/3745] nano_2523.root
         -> 4,041 vertices (1,946 trig, 1,362 trig+kin events)
  [2524/3745] nano_2524.root
         -> 6,783 vertices (3,101 trig, 2,200 trig+kin events)
  [2525/3745] nano_2525.root
         -> 6,787 vertices (3,233 trig, 2,317 trig+kin events)
  [2526/3745] nano_2526.root
         -> 4,798 vertices (2,248 trig, 1,571 trig+kin events)
  [2527/3745] nano_2527.root
         -> 1,036 vertices (479 trig, 344 trig+kin events)
  [2528/3745] nano_2528.root
         -> 4,812 vertices (2,235 trig, 1,617 trig+kin events)
  [2529/3745] nano_2529.root
         -> 4,367 vertices (1,926 trig, 1,383 trig+kin events)
  [2530/3745] nano_2530.root
         -> 6,518 vertices (3,158 trig, 2,197 trig+kin events)
  [2531/3745] nano_2531.root
         -> 6,818 vertices (3,278 trig, 2,328 trig+kin events)
  [2532/3745] nano_2532.root
         -> 6,806 vertices (3,246 trig, 2,317 trig+kin events)
  [2533/3745] nano_2533.root
         -> 4,247 vertices (1,930 trig, 1,362 trig+kin events)
  [2534/3745] nano_2534.root
         -> 6,498 vertices (2,991 trig, 2,102 trig+kin events)
  [2535/3745] nano_2535.root
         -> 7,096 vertices (3,185 trig, 2,311 trig+kin events)
  [2536/3745] nano_2536.root
         -> 5,589 vertices (2,727 trig, 1,930 trig+kin events)
  [2537/3745] nano_2537.root
         -> 6,783 vertices (3,273 trig, 2,325 trig+kin events)
  [2538/3745] nano_2538.root
         -> 7,101 vertices (3,166 trig, 2,245 trig+kin events)
  [2539/3745] nano_2539.root
         -> 6,823 vertices (3,231 trig, 2,287 trig+kin events)
  [2540/3745] nano_2540.root
         -> 6,402 vertices (3,108 trig, 2,196 trig+kin events)
  [2541/3745] nano_2541.root
         -> 5,763 vertices (2,743 trig, 1,956 trig+kin events)
  [2542/3745] nano_2542.root
         -> 6,899 vertices (3,187 trig, 2,272 trig+kin events)
  [2543/3745] nano_2543.root
         -> 4,004 vertices (1,695 trig, 1,194 trig+kin events)
  [2544/3745] nano_2544.root
         -> 4,493 vertices (2,073 trig, 1,486 trig+kin events)
  [2545/3745] nano_2545.root
         -> 1,897 vertices (973 trig, 655 trig+kin events)
  [2546/3745] nano_2546.root
         -> 7,103 vertices (3,163 trig, 2,269 trig+kin events)
  [2547/3745] nano_2547.root
         -> 5,734 vertices (2,621 trig, 1,898 trig+kin events)
  [2548/3745] nano_2548.root
         -> 6,944 vertices (3,234 trig, 2,285 trig+kin events)
  [2549/3745] nano_2549.root
         -> 5,524 vertices (2,508 trig, 1,822 trig+kin events)
  [2550/3745] nano_2550.root
         -> 6,985 vertices (3,208 trig, 2,328 trig+kin events)
  [2551/3745] nano_2551.root
         -> 6,302 vertices (2,990 trig, 2,128 trig+kin events)
  [2552/3745] nano_2552.root
         -> 4,068 vertices (1,945 trig, 1,370 trig+kin events)
  [2553/3745] nano_2553.root
         -> 4,747 vertices (2,218 trig, 1,570 trig+kin events)
  [2554/3745] nano_2554.root
         -> 6,140 vertices (2,745 trig, 1,930 trig+kin events)
  [2555/3745] nano_2555.root
         -> 5,759 vertices (2,658 trig, 1,884 trig+kin events)
  [2556/3745] nano_2556.root
         -> 6,902 vertices (3,203 trig, 2,264 trig+kin events)
  [2557/3745] nano_2557.root
         -> 7,031 vertices (3,174 trig, 2,239 trig+kin events)
  [2558/3745] nano_2558.root
         -> 3,660 vertices (1,699 trig, 1,223 trig+kin events)
  [2559/3745] nano_2559.root
         -> 7,115 vertices (3,186 trig, 2,279 trig+kin events)
  [2560/3745] nano_2560.root
         -> 6,993 vertices (3,240 trig, 2,280 trig+kin events)
  [2561/3745] nano_2561.root
         -> 5,926 vertices (2,764 trig, 1,989 trig+kin events)
  [2562/3745] nano_2562.root
         -> 5,449 vertices (2,344 trig, 1,690 trig+kin events)
  [2563/3745] nano_2563.root
         -> 7,071 vertices (3,283 trig, 2,316 trig+kin events)
  [2564/3745] nano_2564.root
         -> 3,740 vertices (1,761 trig, 1,225 trig+kin events)
  [2565/3745] nano_2565.root
         -> 4,379 vertices (2,079 trig, 1,528 trig+kin events)
  [2566/3745] nano_2566.root
         -> 6,517 vertices (3,236 trig, 2,312 trig+kin events)
  [2567/3745] nano_2567.root
         -> 7,495 vertices (3,330 trig, 2,377 trig+kin events)
  [2568/3745] nano_2568.root
         -> 3,520 vertices (1,676 trig, 1,199 trig+kin events)
  [2569/3745] nano_2569.root
         -> 4,242 vertices (1,828 trig, 1,324 trig+kin events)
  [2570/3745] nano_2570.root
         -> 7,206 vertices (3,207 trig, 2,278 trig+kin events)
  [2571/3745] nano_2571.root
         -> 6,866 vertices (3,149 trig, 2,232 trig+kin events)
  [2572/3745] nano_2572.root
         -> 6,934 vertices (3,191 trig, 2,225 trig+kin events)
  [2573/3745] nano_2573.root
         -> 4,367 vertices (2,072 trig, 1,485 trig+kin events)
  [2574/3745] nano_2574.root
         -> 7,105 vertices (3,124 trig, 2,250 trig+kin events)
  [2575/3745] nano_2575.root
         -> 6,815 vertices (3,300 trig, 2,324 trig+kin events)
  [2576/3745] nano_2576.root
         -> 5,934 vertices (2,875 trig, 2,048 trig+kin events)
  [2577/3745] nano_2577.root
         -> 6,676 vertices (3,215 trig, 2,264 trig+kin events)
  [2578/3745] nano_2578.root
         -> 6,592 vertices (3,212 trig, 2,274 trig+kin events)
  [2579/3745] nano_2579.root
         -> 6,918 vertices (3,159 trig, 2,249 trig+kin events)
  [2580/3745] nano_2580.root
         -> 7,117 vertices (3,277 trig, 2,322 trig+kin events)
  [2581/3745] nano_2581.root
         -> 4,351 vertices (1,955 trig, 1,368 trig+kin events)
  [2582/3745] nano_2582.root
         -> 7,226 vertices (3,268 trig, 2,332 trig+kin events)
  [2583/3745] nano_2583.root
         -> 6,809 vertices (3,140 trig, 2,251 trig+kin events)
  [2584/3745] nano_2584.root
         -> 3,917 vertices (1,797 trig, 1,303 trig+kin events)
  [2585/3745] nano_2585.root
         -> 4,608 vertices (2,232 trig, 1,552 trig+kin events)
  [2586/3745] nano_2586.root
         -> 6,807 vertices (3,037 trig, 2,148 trig+kin events)
  [2587/3745] nano_2587.root
         -> 6,924 vertices (3,223 trig, 2,278 trig+kin events)
  [2588/3745] nano_2588.root
         -> 6,914 vertices (3,135 trig, 2,264 trig+kin events)
  [2589/3745] nano_2589.root
         -> 3,872 vertices (1,726 trig, 1,219 trig+kin events)
  [2590/3745] nano_2590.root
         -> 6,790 vertices (3,266 trig, 2,304 trig+kin events)
  [2591/3745] nano_2591.root
         -> 4,108 vertices (2,159 trig, 1,551 trig+kin events)
  [2592/3745] nano_2592.root
         -> 7,105 vertices (3,204 trig, 2,282 trig+kin events)
  [2593/3745] nano_2593.root
         -> 5,409 vertices (2,322 trig, 1,684 trig+kin events)
  [2594/3745] nano_2594.root
         -> 4,688 vertices (2,144 trig, 1,521 trig+kin events)
  [2595/3745] nano_2595.root
         -> 3,486 vertices (1,625 trig, 1,129 trig+kin events)
  [2596/3745] nano_2596.root
         -> 7,223 vertices (3,234 trig, 2,311 trig+kin events)
  [2597/3745] nano_2597.root
         -> 7,221 vertices (3,196 trig, 2,283 trig+kin events)
  [2598/3745] nano_2598.root
         -> 6,868 vertices (3,214 trig, 2,262 trig+kin events)
  [2599/3745] nano_2599.root
         -> 6,912 vertices (3,235 trig, 2,347 trig+kin events)
  [2600/3745] nano_2600.root
         -> 4,366 vertices (1,883 trig, 1,318 trig+kin events)
  [2601/3745] nano_2601.root
         -> 6,014 vertices (2,869 trig, 2,020 trig+kin events)
  [2602/3745] nano_2602.root
         -> 5,009 vertices (2,281 trig, 1,629 trig+kin events)
  [2603/3745] nano_2603.root
         -> 4,810 vertices (2,120 trig, 1,527 trig+kin events)
  [2604/3745] nano_2604.root
         -> 7,154 vertices (3,223 trig, 2,305 trig+kin events)
  [2605/3745] nano_2605.root
         -> 4,198 vertices (1,918 trig, 1,372 trig+kin events)
  [2606/3745] nano_2606.root
         -> 6,741 vertices (3,205 trig, 2,265 trig+kin events)
  [2607/3745] nano_2607.root
         -> 7,191 vertices (3,127 trig, 2,229 trig+kin events)
  [2608/3745] nano_2608.root
         -> 6,803 vertices (3,279 trig, 2,360 trig+kin events)
  [2609/3745] nano_2609.root
         -> 6,551 vertices (3,169 trig, 2,283 trig+kin events)
  [2610/3745] nano_2610.root
         -> 7,010 vertices (3,187 trig, 2,236 trig+kin events)
  [2611/3745] nano_2611.root
         -> 7,257 vertices (3,355 trig, 2,400 trig+kin events)
  [2612/3745] nano_2612.root
         -> 7,219 vertices (3,202 trig, 2,301 trig+kin events)
  [2613/3745] nano_2613.root
         -> 7,386 vertices (3,232 trig, 2,331 trig+kin events)
  [2614/3745] nano_2614.root
         -> 5,116 vertices (2,395 trig, 1,722 trig+kin events)
  [2615/3745] nano_2615.root
         -> 4,933 vertices (2,239 trig, 1,597 trig+kin events)
  [2616/3745] nano_2616.root
         -> 5,517 vertices (2,552 trig, 1,775 trig+kin events)
  [2617/3745] nano_2617.root
         -> 7,265 vertices (3,201 trig, 2,271 trig+kin events)
  [2618/3745] nano_2618.root
         -> 6,071 vertices (2,746 trig, 1,972 trig+kin events)
  [2619/3745] nano_2619.root
         -> 6,324 vertices (2,840 trig, 1,985 trig+kin events)
  [2620/3745] nano_2620.root
         -> 4,298 vertices (1,950 trig, 1,391 trig+kin events)
  [2621/3745] nano_2621.root
         -> 6,630 vertices (3,289 trig, 2,296 trig+kin events)
  [2622/3745] nano_2622.root
         -> 5,667 vertices (2,612 trig, 1,869 trig+kin events)
  [2623/3745] nano_2623.root
         -> 7,041 vertices (3,232 trig, 2,283 trig+kin events)
  [2624/3745] nano_2624.root
         -> 7,088 vertices (3,243 trig, 2,303 trig+kin events)
  [2625/3745] nano_2625.root
         -> 6,798 vertices (3,342 trig, 2,400 trig+kin events)
  [2626/3745] nano_2626.root
         -> 6,933 vertices (3,333 trig, 2,378 trig+kin events)
  [2627/3745] nano_2627.root
         -> 6,101 vertices (2,761 trig, 1,951 trig+kin events)
  [2628/3745] nano_2628.root
         -> 6,757 vertices (3,226 trig, 2,305 trig+kin events)
  [2629/3745] nano_2629.root
         -> 7,074 vertices (3,301 trig, 2,351 trig+kin events)
  [2630/3745] nano_2630.root
         -> 6,943 vertices (3,126 trig, 2,214 trig+kin events)
  [2631/3745] nano_2631.root
         -> 6,994 vertices (3,202 trig, 2,292 trig+kin events)
  [2632/3745] nano_2632.root
         -> 4,330 vertices (2,072 trig, 1,443 trig+kin events)
  [2633/3745] nano_2633.root
         -> 6,934 vertices (3,210 trig, 2,273 trig+kin events)
  [2634/3745] nano_2634.root
         -> 7,199 vertices (3,246 trig, 2,342 trig+kin events)
  [2635/3745] nano_2635.root
         -> 6,831 vertices (3,336 trig, 2,363 trig+kin events)
  [2636/3745] nano_2636.root
         -> 6,810 vertices (3,134 trig, 2,248 trig+kin events)
  [2637/3745] nano_2637.root
         -> 6,812 vertices (3,029 trig, 2,153 trig+kin events)
  [2638/3745] nano_2638.root
         -> 7,096 vertices (3,177 trig, 2,288 trig+kin events)
  [2639/3745] nano_2639.root
         -> 6,959 vertices (3,328 trig, 2,343 trig+kin events)
  [2640/3745] nano_2640.root
         -> 7,396 vertices (3,280 trig, 2,365 trig+kin events)
  [2641/3745] nano_2641.root
         -> 4,837 vertices (2,136 trig, 1,508 trig+kin events)
  [2642/3745] nano_2642.root
         -> 6,931 vertices (3,155 trig, 2,277 trig+kin events)
  [2643/3745] nano_2643.root
         -> 7,185 vertices (3,232 trig, 2,307 trig+kin events)
  [2644/3745] nano_2644.root
         -> 7,169 vertices (3,184 trig, 2,291 trig+kin events)
  [2645/3745] nano_2645.root
         -> 7,248 vertices (3,191 trig, 2,267 trig+kin events)
  [2646/3745] nano_2646.root
         -> 7,129 vertices (3,229 trig, 2,327 trig+kin events)
  [2647/3745] nano_2647.root
         -> 7,162 vertices (3,323 trig, 2,376 trig+kin events)
  [2648/3745] nano_2648.root
         -> 7,154 vertices (3,187 trig, 2,312 trig+kin events)
  [2649/3745] nano_2649.root
         -> 7,244 vertices (3,236 trig, 2,345 trig+kin events)
  [2650/3745] nano_2650.root
         -> 6,963 vertices (3,172 trig, 2,302 trig+kin events)
  [2651/3745] nano_2651.root
         -> 7,226 vertices (3,169 trig, 2,251 trig+kin events)
  [2652/3745] nano_2652.root
         -> 6,663 vertices (3,034 trig, 2,148 trig+kin events)
  [2653/3745] nano_2653.root
         -> 7,052 vertices (3,302 trig, 2,334 trig+kin events)
  [2654/3745] nano_2654.root
         -> 6,993 vertices (3,209 trig, 2,263 trig+kin events)
  [2655/3745] nano_2655.root
         -> 4,337 vertices (2,118 trig, 1,473 trig+kin events)
  [2656/3745] nano_2656.root
         -> 6,939 vertices (3,314 trig, 2,350 trig+kin events)
  [2657/3745] nano_2657.root
         -> 7,144 vertices (3,284 trig, 2,327 trig+kin events)
  [2658/3745] nano_2658.root
         -> 6,056 vertices (2,742 trig, 1,958 trig+kin events)
  [2659/3745] nano_2659.root
         -> 6,820 vertices (3,210 trig, 2,279 trig+kin events)
  [2660/3745] nano_2660.root
         -> 4,630 vertices (2,086 trig, 1,473 trig+kin events)
  [2661/3745] nano_2661.root
         -> 6,916 vertices (3,192 trig, 2,277 trig+kin events)
  [2662/3745] nano_2662.root
         -> 6,688 vertices (3,152 trig, 2,250 trig+kin events)
  [2663/3745] nano_2663.root
         -> 4,935 vertices (2,260 trig, 1,621 trig+kin events)
  [2664/3745] nano_2664.root
         -> 5,879 vertices (2,611 trig, 1,867 trig+kin events)
  [2665/3745] nano_2665.root
         -> 5,633 vertices (2,683 trig, 1,900 trig+kin events)
  [2666/3745] nano_2666.root
         -> 4,521 vertices (2,166 trig, 1,535 trig+kin events)
  [2667/3745] nano_2667.root
         -> 7,575 vertices (3,342 trig, 2,366 trig+kin events)
  [2668/3745] nano_2668.root
         -> 6,845 vertices (3,297 trig, 2,316 trig+kin events)
  [2669/3745] nano_2669.root
         -> 5,336 vertices (2,293 trig, 1,633 trig+kin events)
  [2670/3745] nano_2670.root
         -> 3,364 vertices (1,672 trig, 1,188 trig+kin events)
  [2671/3745] nano_2671.root
         -> 6,945 vertices (3,285 trig, 2,314 trig+kin events)
  [2672/3745] nano_2672.root
         -> 4,202 vertices (1,856 trig, 1,309 trig+kin events)
  [2673/3745] nano_2673.root
         -> 6,834 vertices (3,187 trig, 2,233 trig+kin events)
  [2674/3745] nano_2674.root
         -> 7,093 vertices (3,329 trig, 2,366 trig+kin events)
  [2675/3745] nano_2675.root
         -> 5,345 vertices (2,497 trig, 1,749 trig+kin events)
  [2676/3745] nano_2676.root
         -> 4,085 vertices (2,020 trig, 1,450 trig+kin events)
  [2677/3745] nano_2677.root
         -> 7,275 vertices (3,231 trig, 2,331 trig+kin events)
  [2678/3745] nano_2678.root
         -> 6,594 vertices (3,280 trig, 2,320 trig+kin events)
  [2679/3745] nano_2679.root
         -> 6,956 vertices (3,219 trig, 2,321 trig+kin events)
  [2680/3745] nano_2680.root
         -> 7,021 vertices (3,223 trig, 2,272 trig+kin events)
  [2681/3745] nano_2681.root
         -> 7,390 vertices (3,291 trig, 2,393 trig+kin events)
  [2682/3745] nano_2682.root
         -> 6,930 vertices (3,091 trig, 2,233 trig+kin events)
  [2683/3745] nano_2683.root
         -> 5,666 vertices (2,652 trig, 1,874 trig+kin events)
  [2684/3745] nano_2684.root
         -> 3,922 vertices (1,799 trig, 1,283 trig+kin events)
  [2685/3745] nano_2685.root
         -> 6,603 vertices (3,138 trig, 2,210 trig+kin events)
  [2686/3745] nano_2686.root
         -> 7,039 vertices (3,254 trig, 2,308 trig+kin events)
  [2687/3745] nano_2687.root
         -> 4,010 vertices (1,833 trig, 1,296 trig+kin events)
  [2688/3745] nano_2688.root
         -> 4,226 vertices (1,889 trig, 1,366 trig+kin events)
  [2689/3745] nano_2689.root
         -> 4,498 vertices (2,139 trig, 1,521 trig+kin events)
  [2690/3745] nano_2690.root
         -> 7,108 vertices (3,237 trig, 2,322 trig+kin events)
  [2691/3745] nano_2691.root
         -> 6,809 vertices (3,270 trig, 2,310 trig+kin events)
  [2692/3745] nano_2692.root
         -> 3,241 vertices (1,437 trig, 1,014 trig+kin events)
  [2693/3745] nano_2693.root
         -> 5,887 vertices (2,717 trig, 1,958 trig+kin events)
  [2694/3745] nano_2694.root
         -> 6,693 vertices (3,075 trig, 2,192 trig+kin events)
  [2695/3745] nano_2695.root
         -> 5,247 vertices (2,220 trig, 1,588 trig+kin events)
  [2696/3745] nano_2696.root
         -> 6,861 vertices (3,169 trig, 2,253 trig+kin events)
  [2697/3745] nano_2697.root
         -> 3,701 vertices (1,804 trig, 1,293 trig+kin events)
  [2698/3745] nano_2698.root
         -> 5,399 vertices (2,628 trig, 1,846 trig+kin events)
  [2699/3745] nano_2699.root
         -> 6,834 vertices (3,125 trig, 2,199 trig+kin events)
  [2700/3745] nano_2700.root
         -> 5,043 vertices (2,259 trig, 1,612 trig+kin events)
  [2701/3745] nano_2701.root
         -> 6,699 vertices (2,998 trig, 2,106 trig+kin events)
  [2702/3745] nano_2702.root
         -> 4,633 vertices (2,154 trig, 1,557 trig+kin events)
  [2703/3745] nano_2703.root
         -> 6,698 vertices (3,220 trig, 2,283 trig+kin events)
  [2704/3745] nano_2704.root
         -> 3,598 vertices (1,619 trig, 1,172 trig+kin events)
  [2705/3745] nano_2705.root
         -> 7,756 vertices (3,230 trig, 2,362 trig+kin events)
  [2706/3745] nano_2706.root
         -> 7,645 vertices (3,388 trig, 2,416 trig+kin events)
  [2707/3745] nano_2707.root
         -> 3,902 vertices (1,827 trig, 1,270 trig+kin events)
  [2708/3745] nano_2708.root
         -> 5,931 vertices (2,657 trig, 1,912 trig+kin events)
  [2709/3745] nano_2709.root
         -> 6,764 vertices (3,123 trig, 2,274 trig+kin events)
  [2710/3745] nano_2710.root
         -> 6,678 vertices (3,161 trig, 2,216 trig+kin events)
  [2711/3745] nano_2711.root
         -> 6,607 vertices (3,100 trig, 2,222 trig+kin events)
  [2712/3745] nano_2712.root
         -> 6,863 vertices (3,169 trig, 2,262 trig+kin events)
  [2713/3745] nano_2713.root
         -> 5,625 vertices (2,665 trig, 1,892 trig+kin events)
  [2714/3745] nano_2714.root
         -> 6,648 vertices (3,174 trig, 2,243 trig+kin events)
  [2715/3745] nano_2715.root
         -> 6,723 vertices (3,210 trig, 2,281 trig+kin events)
  [2716/3745] nano_2716.root
         -> 7,299 vertices (3,205 trig, 2,332 trig+kin events)
  [2717/3745] nano_2717.root
         -> 6,851 vertices (3,240 trig, 2,294 trig+kin events)
  [2718/3745] nano_2718.root
         -> 7,038 vertices (3,245 trig, 2,282 trig+kin events)
  [2719/3745] nano_2719.root
         -> 6,863 vertices (3,167 trig, 2,257 trig+kin events)
  [2720/3745] nano_2720.root
         -> 7,216 vertices (3,186 trig, 2,261 trig+kin events)
  [2721/3745] nano_2721.root
         -> 7,146 vertices (3,229 trig, 2,296 trig+kin events)
  [2722/3745] nano_2722.root
         -> 4,247 vertices (2,007 trig, 1,438 trig+kin events)
  [2723/3745] nano_2723.root
         -> 7,135 vertices (3,261 trig, 2,332 trig+kin events)
  [2724/3745] nano_2724.root
         -> 6,995 vertices (3,170 trig, 2,271 trig+kin events)
  [2725/3745] nano_2725.root
         -> 6,260 vertices (2,821 trig, 2,040 trig+kin events)
  [2726/3745] nano_2726.root
         -> 7,001 vertices (3,266 trig, 2,323 trig+kin events)
  [2727/3745] nano_2727.root
         -> 6,714 vertices (3,224 trig, 2,297 trig+kin events)
  [2728/3745] nano_2728.root
         -> 6,889 vertices (3,201 trig, 2,281 trig+kin events)
  [2729/3745] nano_2729.root
         -> 4,201 vertices (1,852 trig, 1,329 trig+kin events)
  [2730/3745] nano_2730.root
         -> 3,708 vertices (1,740 trig, 1,229 trig+kin events)
  [2731/3745] nano_2731.root
         -> 7,316 vertices (3,216 trig, 2,283 trig+kin events)
  [2732/3745] nano_2732.root
         -> 5,784 vertices (2,700 trig, 1,948 trig+kin events)
  [2733/3745] nano_2733.root
         -> 7,173 vertices (3,291 trig, 2,315 trig+kin events)
  [2734/3745] nano_2734.root
         -> 5,681 vertices (2,729 trig, 1,928 trig+kin events)
  [2735/3745] nano_2735.root
         -> 4,468 vertices (2,077 trig, 1,484 trig+kin events)
  [2736/3745] nano_2736.root
         -> 6,369 vertices (3,081 trig, 2,156 trig+kin events)
  [2737/3745] nano_2737.root
         -> 3,970 vertices (1,716 trig, 1,207 trig+kin events)
  [2738/3745] nano_2738.root
         -> 4,535 vertices (2,132 trig, 1,514 trig+kin events)
  [2739/3745] nano_2739.root
         -> 7,166 vertices (3,186 trig, 2,266 trig+kin events)
  [2740/3745] nano_2740.root
         -> 6,985 vertices (3,341 trig, 2,364 trig+kin events)
  [2741/3745] nano_2741.root
         -> 7,127 vertices (3,288 trig, 2,317 trig+kin events)
  [2742/3745] nano_2742.root
         -> 6,666 vertices (3,176 trig, 2,209 trig+kin events)
  [2743/3745] nano_2743.root
         -> 5,517 vertices (2,565 trig, 1,826 trig+kin events)
  [2744/3745] nano_2744.root
         -> 7,193 vertices (3,205 trig, 2,339 trig+kin events)
  [2745/3745] nano_2745.root
         -> 3,299 vertices (1,707 trig, 1,226 trig+kin events)
  [2746/3745] nano_2746.root
         -> 6,837 vertices (3,129 trig, 2,240 trig+kin events)
  [2747/3745] nano_2747.root
         -> 5,294 vertices (2,464 trig, 1,754 trig+kin events)
  [2748/3745] nano_2748.root
         -> 4,543 vertices (2,068 trig, 1,469 trig+kin events)
  [2749/3745] nano_2749.root
         -> 3,865 vertices (1,720 trig, 1,197 trig+kin events)
  [2750/3745] nano_2750.root
         -> 3,864 vertices (1,770 trig, 1,246 trig+kin events)
  [2751/3745] nano_2751.root
         -> 5,279 vertices (2,355 trig, 1,693 trig+kin events)
  [2752/3745] nano_2752.root
         -> 7,125 vertices (3,225 trig, 2,304 trig+kin events)
  [2753/3745] nano_2753.root
         -> 4,741 vertices (2,257 trig, 1,603 trig+kin events)
  [2754/3745] nano_2754.root
         -> 3,722 vertices (1,806 trig, 1,283 trig+kin events)
  [2755/3745] nano_2755.root
         -> 7,030 vertices (3,214 trig, 2,264 trig+kin events)
  [2756/3745] nano_2756.root
         -> 7,197 vertices (3,218 trig, 2,265 trig+kin events)
  [2757/3745] nano_2757.root
         -> 4,269 vertices (2,014 trig, 1,447 trig+kin events)
  [2758/3745] nano_2758.root
         -> 6,244 vertices (2,893 trig, 2,038 trig+kin events)
  [2759/3745] nano_2759.root
         -> 5,922 vertices (2,712 trig, 1,945 trig+kin events)
  [2760/3745] nano_2760.root
         -> 5,559 vertices (2,624 trig, 1,847 trig+kin events)
  [2761/3745] nano_2761.root
         -> 6,874 vertices (3,097 trig, 2,213 trig+kin events)
  [2762/3745] nano_2762.root
         -> 4,985 vertices (2,367 trig, 1,673 trig+kin events)
  [2763/3745] nano_2763.root
         -> 5,004 vertices (2,360 trig, 1,646 trig+kin events)
  [2764/3745] nano_2764.root
         -> 7,116 vertices (3,304 trig, 2,367 trig+kin events)
  [2765/3745] nano_2765.root
         -> 7,249 vertices (3,246 trig, 2,326 trig+kin events)
  [2766/3745] nano_2766.root
         -> 3,858 vertices (1,801 trig, 1,298 trig+kin events)
  [2767/3745] nano_2767.root
         -> 6,879 vertices (3,251 trig, 2,275 trig+kin events)
  [2768/3745] nano_2768.root
         -> 6,567 vertices (3,226 trig, 2,299 trig+kin events)
  [2769/3745] nano_2769.root
         -> 4,128 vertices (1,871 trig, 1,334 trig+kin events)
  [2770/3745] nano_2770.root
         -> 3,693 vertices (1,733 trig, 1,215 trig+kin events)
  [2771/3745] nano_2771.root
         -> 3,761 vertices (1,743 trig, 1,219 trig+kin events)
  [2772/3745] nano_2772.root
         -> 4,792 vertices (2,242 trig, 1,576 trig+kin events)
  [2773/3745] nano_2773.root
         -> 3,738 vertices (1,671 trig, 1,206 trig+kin events)
  [2774/3745] nano_2774.root
         -> 4,802 vertices (2,238 trig, 1,585 trig+kin events)
  [2775/3745] nano_2775.root
         -> 3,710 vertices (1,889 trig, 1,308 trig+kin events)
  [2776/3745] nano_2776.root
         -> 5,590 vertices (2,711 trig, 1,935 trig+kin events)
  [2777/3745] nano_2777.root
         -> 4,926 vertices (2,186 trig, 1,524 trig+kin events)
  [2778/3745] nano_2778.root
         -> 7,267 vertices (3,317 trig, 2,359 trig+kin events)
  [2779/3745] nano_2779.root
         -> 6,822 vertices (3,221 trig, 2,274 trig+kin events)
  [2780/3745] nano_2780.root
         -> 7,033 vertices (3,201 trig, 2,292 trig+kin events)
  [2781/3745] nano_2781.root
         -> 3,684 vertices (1,652 trig, 1,193 trig+kin events)
  [2782/3745] nano_2782.root
         -> 7,511 vertices (3,262 trig, 2,347 trig+kin events)
  [2783/3745] nano_2783.root
         -> 5,939 vertices (2,773 trig, 1,932 trig+kin events)
  [2784/3745] nano_2784.root
         -> 5,637 vertices (2,582 trig, 1,815 trig+kin events)
  [2785/3745] nano_2785.root
         -> 7,274 vertices (3,254 trig, 2,344 trig+kin events)
  [2786/3745] nano_2786.root
         -> 4,042 vertices (1,925 trig, 1,382 trig+kin events)
  [2787/3745] nano_2787.root
         -> 1,142 vertices (577 trig, 390 trig+kin events)
  [2788/3745] nano_2788.root
         -> 6,024 vertices (2,624 trig, 1,888 trig+kin events)
  [2789/3745] nano_2789.root
         -> 3,536 vertices (1,693 trig, 1,184 trig+kin events)
  [2790/3745] nano_2790.root
         -> 4,857 vertices (2,152 trig, 1,542 trig+kin events)
  [2791/3745] nano_2791.root
         -> 6,678 vertices (3,224 trig, 2,311 trig+kin events)
  [2792/3745] nano_2792.root
         -> 4,667 vertices (2,186 trig, 1,527 trig+kin events)
  [2793/3745] nano_2793.root
         -> 4,034 vertices (1,818 trig, 1,307 trig+kin events)
  [2794/3745] nano_2794.root
         -> 3,617 vertices (1,685 trig, 1,191 trig+kin events)
  [2795/3745] nano_2795.root
         -> 4,612 vertices (2,007 trig, 1,438 trig+kin events)
  [2796/3745] nano_2796.root
         -> 6,289 vertices (3,207 trig, 2,229 trig+kin events)
  [2797/3745] nano_2797.root
         -> 6,964 vertices (3,189 trig, 2,255 trig+kin events)
  [2798/3745] nano_2798.root
         -> 3,614 vertices (1,668 trig, 1,205 trig+kin events)
  [2799/3745] nano_2799.root
         -> 3,571 vertices (1,671 trig, 1,189 trig+kin events)
  [2800/3745] nano_2800.root
         -> 6,480 vertices (3,169 trig, 2,238 trig+kin events)
  [2801/3745] nano_2801.root
         -> 7,161 vertices (3,318 trig, 2,336 trig+kin events)
  [2802/3745] nano_2802.root
         -> 7,170 vertices (3,165 trig, 2,250 trig+kin events)
  [2803/3745] nano_2803.root
         -> 5,788 vertices (2,504 trig, 1,848 trig+kin events)
  [2804/3745] nano_2804.root
         -> 6,763 vertices (3,194 trig, 2,253 trig+kin events)
  [2805/3745] nano_2805.root
         -> 4,323 vertices (1,951 trig, 1,387 trig+kin events)
  [2806/3745] nano_2806.root
         -> 7,161 vertices (3,275 trig, 2,326 trig+kin events)
  [2807/3745] nano_2807.root
         -> 6,957 vertices (3,200 trig, 2,264 trig+kin events)
  [2808/3745] nano_2808.root
         -> 3,488 vertices (1,605 trig, 1,153 trig+kin events)
  [2809/3745] nano_2809.root
         -> 6,749 vertices (3,180 trig, 2,249 trig+kin events)
  [2810/3745] nano_2810.root
         -> 461 vertices (212 trig, 151 trig+kin events)
  [2811/3745] nano_2811.root
         -> 6,998 vertices (3,322 trig, 2,381 trig+kin events)
  [2812/3745] nano_2812.root
         -> 6,943 vertices (3,226 trig, 2,301 trig+kin events)
  [2813/3745] nano_2813.root
         -> 4,098 vertices (1,947 trig, 1,385 trig+kin events)
  [2814/3745] nano_2814.root
         -> 6,749 vertices (3,168 trig, 2,237 trig+kin events)
  [2815/3745] nano_2815.root
         -> 6,697 vertices (3,151 trig, 2,214 trig+kin events)
  [2816/3745] nano_2816.root
         -> 4,592 vertices (2,176 trig, 1,552 trig+kin events)
  [2817/3745] nano_2817.root
         -> 3,469 vertices (1,631 trig, 1,129 trig+kin events)
  [2818/3745] nano_2818.root
         -> 3,402 vertices (1,683 trig, 1,210 trig+kin events)
  [2819/3745] nano_2819.root
         -> 6,986 vertices (3,228 trig, 2,316 trig+kin events)
  [2820/3745] nano_2820.root
         -> 3,415 vertices (1,683 trig, 1,180 trig+kin events)
  [2821/3745] nano_2821.root
         -> 7,383 vertices (3,245 trig, 2,306 trig+kin events)
  [2822/3745] nano_2822.root
         -> 3,858 vertices (1,794 trig, 1,246 trig+kin events)
  [2823/3745] nano_2823.root
         -> 6,981 vertices (3,263 trig, 2,355 trig+kin events)
  [2824/3745] nano_2824.root
         -> 7,102 vertices (3,236 trig, 2,318 trig+kin events)
  [2825/3745] nano_2825.root
         -> 7,203 vertices (3,237 trig, 2,274 trig+kin events)
  [2826/3745] nano_2826.root
         -> 3,712 vertices (1,752 trig, 1,231 trig+kin events)
  [2827/3745] nano_2827.root
         -> 6,647 vertices (3,196 trig, 2,259 trig+kin events)
  [2828/3745] nano_2828.root
         -> 5,728 vertices (2,689 trig, 1,932 trig+kin events)
  [2829/3745] nano_2829.root
         -> 6,742 vertices (3,139 trig, 2,244 trig+kin events)
  [2830/3745] nano_2830.root
         -> 6,641 vertices (3,218 trig, 2,277 trig+kin events)
  [2831/3745] nano_2831.root
         -> 6,968 vertices (3,222 trig, 2,300 trig+kin events)
  [2832/3745] nano_2832.root
         -> 7,476 vertices (3,193 trig, 2,318 trig+kin events)
  [2833/3745] nano_2833.root
         -> 1,153 vertices (552 trig, 390 trig+kin events)
  [2834/3745] nano_2834.root
         -> 7,249 vertices (3,298 trig, 2,371 trig+kin events)
  [2835/3745] nano_2835.root
         -> 7,224 vertices (3,245 trig, 2,292 trig+kin events)
  [2836/3745] nano_2836.root
         -> 5,578 vertices (2,730 trig, 1,915 trig+kin events)
  [2837/3745] nano_2837.root
         -> 4,813 vertices (2,094 trig, 1,500 trig+kin events)
  [2838/3745] nano_2838.root
         -> 4,122 vertices (1,951 trig, 1,393 trig+kin events)
  [2839/3745] nano_2839.root
         -> 6,941 vertices (3,155 trig, 2,254 trig+kin events)
  [2840/3745] nano_2840.root
         -> 7,055 vertices (3,220 trig, 2,278 trig+kin events)
  [2841/3745] nano_2841.root
         -> 7,434 vertices (3,271 trig, 2,338 trig+kin events)
  [2842/3745] nano_2842.root
         -> 7,107 vertices (3,135 trig, 2,256 trig+kin events)
  [2843/3745] nano_2843.root
         -> 7,041 vertices (3,290 trig, 2,347 trig+kin events)
  [2844/3745] nano_2844.root
         -> 7,291 vertices (3,281 trig, 2,333 trig+kin events)
  [2845/3745] nano_2845.root
         -> 6,993 vertices (3,245 trig, 2,350 trig+kin events)
  [2846/3745] nano_2846.root
         -> 1,633 vertices (719 trig, 498 trig+kin events)
  [2847/3745] nano_2847.root
         -> 6,662 vertices (3,227 trig, 2,310 trig+kin events)
  [2848/3745] nano_2848.root
         -> 3,535 vertices (1,604 trig, 1,160 trig+kin events)
  [2849/3745] nano_2849.root
         -> 4,540 vertices (2,119 trig, 1,515 trig+kin events)
  [2850/3745] nano_2850.root
         -> 6,917 vertices (3,078 trig, 2,218 trig+kin events)
  [2851/3745] nano_2851.root
         -> 3,999 vertices (1,769 trig, 1,281 trig+kin events)
  [2852/3745] nano_2852.root
         -> 7,387 vertices (3,278 trig, 2,310 trig+kin events)
  [2853/3745] nano_2853.root
         -> 4,553 vertices (2,105 trig, 1,519 trig+kin events)
  [2854/3745] nano_2854.root
         -> 7,220 vertices (3,234 trig, 2,294 trig+kin events)
  [2855/3745] nano_2855.root
         -> 6,996 vertices (3,240 trig, 2,292 trig+kin events)
  [2856/3745] nano_2856.root
         -> 4,672 vertices (2,147 trig, 1,468 trig+kin events)
  [2857/3745] nano_2857.root
         -> 7,024 vertices (3,292 trig, 2,332 trig+kin events)
  [2858/3745] nano_2858.root
         -> 4,109 vertices (1,854 trig, 1,284 trig+kin events)
  [2859/3745] nano_2859.root
         -> 7,421 vertices (3,295 trig, 2,343 trig+kin events)
  [2860/3745] nano_2860.root
         -> 3,827 vertices (1,771 trig, 1,269 trig+kin events)
  [2861/3745] nano_2861.root
         -> 6,749 vertices (3,108 trig, 2,229 trig+kin events)
  [2862/3745] nano_2862.root
         -> 6,374 vertices (3,137 trig, 2,211 trig+kin events)
  [2863/3745] nano_2863.root
         -> 6,635 vertices (3,105 trig, 2,201 trig+kin events)
  [2864/3745] nano_2864.root
         -> 6,800 vertices (3,213 trig, 2,279 trig+kin events)
  [2865/3745] nano_2865.root
         -> 5,872 vertices (2,682 trig, 1,924 trig+kin events)
  [2866/3745] nano_2866.root
         -> 7,005 vertices (3,265 trig, 2,337 trig+kin events)
  [2867/3745] nano_2867.root
         -> 7,411 vertices (3,266 trig, 2,349 trig+kin events)
  [2868/3745] nano_2868.root
         -> 5,596 vertices (2,568 trig, 1,795 trig+kin events)
  [2869/3745] nano_2869.root
         -> 6,326 vertices (2,921 trig, 2,018 trig+kin events)
  [2870/3745] nano_2870.root
         -> 6,916 vertices (3,323 trig, 2,339 trig+kin events)
  [2871/3745] nano_2871.root
         -> 5,226 vertices (2,427 trig, 1,710 trig+kin events)
  [2872/3745] nano_2872.root
         -> 4,008 vertices (1,977 trig, 1,386 trig+kin events)
  [2873/3745] nano_2873.root
         -> 3,975 vertices (1,809 trig, 1,299 trig+kin events)
  [2874/3745] nano_2874.root
         -> 6,529 vertices (2,924 trig, 2,069 trig+kin events)
  [2875/3745] nano_2875.root
         -> 7,237 vertices (3,199 trig, 2,294 trig+kin events)
  [2876/3745] nano_2876.root
         -> 4,019 vertices (1,904 trig, 1,362 trig+kin events)
  [2877/3745] nano_2877.root
         -> 3,698 vertices (1,630 trig, 1,154 trig+kin events)
  [2878/3745] nano_2878.root
         -> 6,957 vertices (3,233 trig, 2,328 trig+kin events)
  [2879/3745] nano_2879.root
         -> 4,665 vertices (2,080 trig, 1,468 trig+kin events)
  [2880/3745] nano_2880.root
         -> 4,502 vertices (2,219 trig, 1,555 trig+kin events)
  [2881/3745] nano_2881.root
         -> 4,091 vertices (1,853 trig, 1,341 trig+kin events)
  [2882/3745] nano_2882.root
         -> 3,995 vertices (1,799 trig, 1,305 trig+kin events)
  [2883/3745] nano_2883.root
         -> 7,139 vertices (3,131 trig, 2,261 trig+kin events)
  [2884/3745] nano_2884.root
         -> 433 vertices (162 trig, 126 trig+kin events)
  [2885/3745] nano_2885.root
         -> 3,165 vertices (1,589 trig, 1,152 trig+kin events)
  [2886/3745] nano_2886.root
         -> 4,964 vertices (2,262 trig, 1,594 trig+kin events)
  [2887/3745] nano_2887.root
         -> 6,170 vertices (2,722 trig, 1,927 trig+kin events)
  [2888/3745] nano_2888.root
         -> 6,970 vertices (3,328 trig, 2,381 trig+kin events)
  [2889/3745] nano_2889.root
         -> 7,335 vertices (3,305 trig, 2,358 trig+kin events)
  [2890/3745] nano_2890.root
         -> 7,625 vertices (3,266 trig, 2,349 trig+kin events)
  [2891/3745] nano_2891.root
         -> 7,334 vertices (3,237 trig, 2,323 trig+kin events)
  [2892/3745] nano_2892.root
         -> 5,249 vertices (2,539 trig, 1,752 trig+kin events)
  [2893/3745] nano_2893.root
         -> 7,382 vertices (3,268 trig, 2,342 trig+kin events)
  [2894/3745] nano_2894.root
         -> 4,577 vertices (2,080 trig, 1,478 trig+kin events)
  [2895/3745] nano_2895.root
         -> 4,330 vertices (1,886 trig, 1,331 trig+kin events)
  [2896/3745] nano_2896.root
         -> 7,277 vertices (3,299 trig, 2,319 trig+kin events)
  [2897/3745] nano_2897.root
         -> 4,048 vertices (1,842 trig, 1,346 trig+kin events)
  [2898/3745] nano_2898.root
         -> 4,799 vertices (2,193 trig, 1,564 trig+kin events)
  [2899/3745] nano_2899.root
         -> 3,876 vertices (1,793 trig, 1,271 trig+kin events)
  [2900/3745] nano_2900.root
         -> 3,765 vertices (1,760 trig, 1,238 trig+kin events)
  [2901/3745] nano_2901.root
         -> 7,238 vertices (3,293 trig, 2,325 trig+kin events)
  [2902/3745] nano_2902.root
         -> 7,513 vertices (3,357 trig, 2,383 trig+kin events)
  [2903/3745] nano_2903.root
         -> 6,777 vertices (3,122 trig, 2,219 trig+kin events)
  [2904/3745] nano_2904.root
         -> 7,140 vertices (3,247 trig, 2,247 trig+kin events)
  [2905/3745] nano_2905.root
         -> 6,886 vertices (3,247 trig, 2,329 trig+kin events)
  [2906/3745] nano_2906.root
         -> 7,410 vertices (3,183 trig, 2,261 trig+kin events)
  [2907/3745] nano_2907.root
         -> 3,598 vertices (1,643 trig, 1,147 trig+kin events)
  [2908/3745] nano_2908.root
         -> 1,272 vertices (598 trig, 437 trig+kin events)
  [2909/3745] nano_2909.root
         -> 6,331 vertices (2,829 trig, 2,051 trig+kin events)
  [2910/3745] nano_2910.root
         -> 4,631 vertices (2,143 trig, 1,547 trig+kin events)
  [2911/3745] nano_2911.root
         -> 5,299 vertices (2,341 trig, 1,626 trig+kin events)
  [2912/3745] nano_2912.root
         -> 3,567 vertices (1,718 trig, 1,214 trig+kin events)
  [2913/3745] nano_2913.root
         -> 5,487 vertices (2,535 trig, 1,790 trig+kin events)
  [2914/3745] nano_2914.root
         -> 3,462 vertices (1,672 trig, 1,165 trig+kin events)
  [2915/3745] nano_2915.root
         -> 5,594 vertices (2,536 trig, 1,824 trig+kin events)
  [2916/3745] nano_2916.root
         -> 3,520 vertices (1,640 trig, 1,145 trig+kin events)
  [2917/3745] nano_2917.root
         -> 4,481 vertices (1,955 trig, 1,396 trig+kin events)
  [2918/3745] nano_2918.root
         -> 4,076 vertices (1,721 trig, 1,232 trig+kin events)
  [2919/3745] nano_2919.root
         -> 6,512 vertices (2,855 trig, 2,038 trig+kin events)
  [2920/3745] nano_2920.root
         -> 4,519 vertices (2,152 trig, 1,559 trig+kin events)
  [2921/3745] nano_2921.root
         -> 7,187 vertices (3,201 trig, 2,290 trig+kin events)
  [2922/3745] nano_2922.root
         -> 3,582 vertices (1,659 trig, 1,188 trig+kin events)
  [2923/3745] nano_2923.root
         -> 4,070 vertices (1,851 trig, 1,333 trig+kin events)
  [2924/3745] nano_2924.root
         -> 160 vertices (81 trig, 50 trig+kin events)
  [2925/3745] nano_2925.root
         -> 5,165 vertices (2,219 trig, 1,571 trig+kin events)
  [2926/3745] nano_2926.root
         -> 4,092 vertices (1,747 trig, 1,270 trig+kin events)
  [2927/3745] nano_2927.root
         -> 4,610 vertices (2,050 trig, 1,468 trig+kin events)
  [2928/3745] nano_2928.root
         -> 6,392 vertices (2,937 trig, 2,078 trig+kin events)
  [2929/3745] nano_2929.root
         -> 7,275 vertices (3,313 trig, 2,355 trig+kin events)
  [2930/3745] nano_2930.root
         -> 5,093 vertices (2,340 trig, 1,656 trig+kin events)
  [2931/3745] nano_2931.root
         -> 5,776 vertices (2,735 trig, 2,029 trig+kin events)
  [2932/3745] nano_2932.root
         -> 3,940 vertices (1,872 trig, 1,302 trig+kin events)
  [2933/3745] nano_2933.root
         -> 4,365 vertices (2,000 trig, 1,420 trig+kin events)
  [2934/3745] nano_2934.root
         -> 3,580 vertices (1,616 trig, 1,155 trig+kin events)
  [2935/3745] nano_2935.root
         -> 3,843 vertices (1,800 trig, 1,315 trig+kin events)
  [2936/3745] nano_2936.root
         -> 5,035 vertices (2,210 trig, 1,565 trig+kin events)
  [2937/3745] nano_2937.root
         -> 7,293 vertices (3,333 trig, 2,401 trig+kin events)
  [2938/3745] nano_2938.root
         -> 1,026 vertices (472 trig, 342 trig+kin events)
  [2939/3745] nano_2939.root
         -> 3,424 vertices (1,594 trig, 1,116 trig+kin events)
  [2940/3745] nano_2940.root
         -> 3,659 vertices (1,684 trig, 1,209 trig+kin events)
  [2941/3745] nano_2941.root
         -> 4,249 vertices (1,833 trig, 1,337 trig+kin events)
  [2942/3745] nano_2942.root
         -> 3,702 vertices (1,692 trig, 1,184 trig+kin events)
  [2943/3745] nano_2943.root
         -> 3,613 vertices (1,614 trig, 1,142 trig+kin events)
  [2944/3745] nano_2944.root
         -> 4,198 vertices (1,979 trig, 1,419 trig+kin events)
  [2945/3745] nano_2945.root
         -> 4,543 vertices (2,064 trig, 1,475 trig+kin events)
  [2946/3745] nano_2946.root
         -> 3,828 vertices (1,826 trig, 1,278 trig+kin events)
  [2947/3745] nano_2947.root
         -> 4,561 vertices (2,164 trig, 1,533 trig+kin events)
  [2948/3745] nano_2948.root
         -> 4,625 vertices (1,982 trig, 1,393 trig+kin events)
  [2949/3745] nano_2949.root
         -> 7,012 vertices (3,307 trig, 2,357 trig+kin events)
  [2950/3745] nano_2950.root
         -> 3,837 vertices (1,914 trig, 1,348 trig+kin events)
  [2951/3745] nano_2951.root
         -> 4,325 vertices (1,900 trig, 1,323 trig+kin events)
  [2952/3745] nano_2952.root
         -> 4,480 vertices (1,951 trig, 1,392 trig+kin events)
  [2953/3745] nano_2953.root
         -> 4,825 vertices (2,195 trig, 1,537 trig+kin events)
  [2954/3745] nano_2954.root
         -> 4,345 vertices (1,984 trig, 1,393 trig+kin events)
  [2955/3745] nano_2955.root
         -> 5,090 vertices (2,202 trig, 1,594 trig+kin events)
  [2956/3745] nano_2956.root
         -> 4,751 vertices (2,164 trig, 1,565 trig+kin events)
  [2957/3745] nano_2957.root
         -> 4,145 vertices (1,832 trig, 1,288 trig+kin events)
  [2958/3745] nano_2958.root
         -> 3,923 vertices (1,731 trig, 1,226 trig+kin events)
  [2959/3745] nano_2959.root
         -> 5,787 vertices (2,550 trig, 1,810 trig+kin events)
  [2960/3745] nano_2960.root
         -> 4,195 vertices (1,907 trig, 1,330 trig+kin events)
  [2961/3745] nano_2961.root
         -> 4,048 vertices (1,859 trig, 1,295 trig+kin events)
  [2962/3745] nano_2962.root
         -> 6,647 vertices (2,887 trig, 2,081 trig+kin events)
  [2963/3745] nano_2963.root
         -> 5,135 vertices (2,342 trig, 1,665 trig+kin events)
  [2964/3745] nano_2964.root
         -> 4,380 vertices (2,130 trig, 1,502 trig+kin events)
  [2965/3745] nano_2965.root
         -> 5,627 vertices (2,664 trig, 1,890 trig+kin events)
  [2966/3745] nano_2966.root
         -> 3,543 vertices (1,629 trig, 1,143 trig+kin events)
  [2967/3745] nano_2967.root
         -> 3,786 vertices (1,835 trig, 1,305 trig+kin events)
  [2968/3745] nano_2968.root
         -> 4,036 vertices (1,817 trig, 1,285 trig+kin events)
  [2969/3745] nano_2969.root
         -> 4,430 vertices (1,978 trig, 1,415 trig+kin events)
  [2970/3745] nano_2970.root
         -> 5,486 vertices (2,525 trig, 1,804 trig+kin events)
  [2971/3745] nano_2971.root
         -> 5,711 vertices (2,519 trig, 1,779 trig+kin events)
  [2972/3745] nano_2972.root
         -> 3,872 vertices (1,755 trig, 1,260 trig+kin events)
  [2973/3745] nano_2973.root
         -> 3,515 vertices (1,669 trig, 1,199 trig+kin events)
  [2974/3745] nano_2974.root
         -> 3,424 vertices (1,660 trig, 1,156 trig+kin events)
  [2975/3745] nano_2975.root
         -> 3,563 vertices (1,625 trig, 1,170 trig+kin events)
  [2976/3745] nano_2976.root
         -> 3,704 vertices (1,736 trig, 1,207 trig+kin events)
  [2977/3745] nano_2977.root
         -> 5,372 vertices (2,473 trig, 1,801 trig+kin events)
  [2978/3745] nano_2978.root
         -> 4,673 vertices (2,130 trig, 1,516 trig+kin events)
  [2979/3745] nano_2979.root
         -> 4,534 vertices (2,010 trig, 1,404 trig+kin events)
  [2980/3745] nano_2980.root
         -> 4,805 vertices (2,180 trig, 1,556 trig+kin events)
  [2981/3745] nano_2981.root
         -> 3,481 vertices (1,664 trig, 1,157 trig+kin events)
  [2982/3745] nano_2982.root
         -> 3,982 vertices (1,775 trig, 1,304 trig+kin events)
  [2983/3745] nano_2983.root
         -> 3,422 vertices (1,724 trig, 1,191 trig+kin events)
  [2984/3745] nano_2984.root
         -> 4,425 vertices (2,094 trig, 1,482 trig+kin events)
  [2985/3745] nano_2985.root
         -> 5,064 vertices (2,275 trig, 1,610 trig+kin events)
  [2986/3745] nano_2986.root
         -> 4,181 vertices (1,918 trig, 1,313 trig+kin events)
  [2987/3745] nano_2987.root
         -> 4,352 vertices (1,963 trig, 1,411 trig+kin events)
  [2988/3745] nano_2988.root
         -> 3,671 vertices (1,648 trig, 1,218 trig+kin events)
  [2989/3745] nano_2989.root
         -> 2,219 vertices (1,060 trig, 764 trig+kin events)
  [2990/3745] nano_2990.root
         -> 4,330 vertices (2,107 trig, 1,460 trig+kin events)
  [2991/3745] nano_2991.root
         -> 4,491 vertices (2,107 trig, 1,513 trig+kin events)
  [2992/3745] nano_2992.root
         -> 5,033 vertices (2,241 trig, 1,625 trig+kin events)
  [2993/3745] nano_2993.root
         -> 6,654 vertices (3,154 trig, 2,231 trig+kin events)
  [2994/3745] nano_2994.root
         -> 5,451 vertices (2,412 trig, 1,710 trig+kin events)
  [2995/3745] nano_2995.root
         -> 3,786 vertices (1,709 trig, 1,215 trig+kin events)
  [2996/3745] nano_2996.root
         -> 3,606 vertices (1,678 trig, 1,206 trig+kin events)
  [2997/3745] nano_2997.root
         -> 4,943 vertices (2,249 trig, 1,610 trig+kin events)
  [2998/3745] nano_2998.root
         -> 4,543 vertices (2,099 trig, 1,486 trig+kin events)
  [2999/3745] nano_2999.root
         -> 3,805 vertices (1,735 trig, 1,218 trig+kin events)
  [3000/3745] nano_3000.root
         -> 4,642 vertices (2,155 trig, 1,540 trig+kin events)
  [3001/3745] nano_3001.root
         -> 3,899 vertices (1,729 trig, 1,242 trig+kin events)
  [3002/3745] nano_3002.root
         -> 1,202 vertices (534 trig, 372 trig+kin events)
  [3003/3745] nano_3003.root
         -> 3,579 vertices (1,735 trig, 1,257 trig+kin events)
  [3004/3745] nano_3004.root
         -> 5,608 vertices (2,400 trig, 1,712 trig+kin events)
  [3005/3745] nano_3005.root
         -> 5,012 vertices (2,305 trig, 1,659 trig+kin events)
  [3006/3745] nano_3006.root
         -> 3,966 vertices (1,832 trig, 1,291 trig+kin events)
  [3007/3745] nano_3007.root
         -> 4,603 vertices (2,073 trig, 1,482 trig+kin events)
  [3008/3745] nano_3008.root
         -> 4,571 vertices (2,078 trig, 1,487 trig+kin events)
  [3009/3745] nano_3009.root
         -> 5,460 vertices (2,562 trig, 1,849 trig+kin events)
  [3010/3745] nano_3010.root
         -> 4,202 vertices (1,918 trig, 1,394 trig+kin events)
  [3011/3745] nano_3011.root
         -> 4,588 vertices (2,075 trig, 1,466 trig+kin events)
  [3012/3745] nano_3012.root
         -> 4,812 vertices (2,186 trig, 1,571 trig+kin events)
  [3013/3745] nano_3013.root
         -> 3,502 vertices (1,717 trig, 1,202 trig+kin events)
  [3014/3745] nano_3014.root
         -> 3,782 vertices (1,744 trig, 1,256 trig+kin events)
  [3015/3745] nano_3015.root
         -> 6,015 vertices (2,563 trig, 1,857 trig+kin events)
  [3016/3745] nano_3016.root
         -> 3,705 vertices (1,695 trig, 1,208 trig+kin events)
  [3017/3745] nano_3017.root
         -> 6,352 vertices (2,941 trig, 2,101 trig+kin events)
  [3018/3745] nano_3018.root
         -> 3,680 vertices (1,714 trig, 1,227 trig+kin events)
  [3019/3745] nano_3019.root
         -> 5,820 vertices (2,755 trig, 1,960 trig+kin events)
  [3020/3745] nano_3020.root
         -> 4,110 vertices (1,975 trig, 1,405 trig+kin events)
  [3021/3745] nano_3021.root
         -> 4,359 vertices (2,176 trig, 1,534 trig+kin events)
  [3022/3745] nano_3022.root
         -> 4,542 vertices (2,082 trig, 1,487 trig+kin events)
  [3023/3745] nano_3023.root
         -> 507 vertices (224 trig, 166 trig+kin events)
  [3024/3745] nano_3024.root
         -> 5,721 vertices (2,531 trig, 1,779 trig+kin events)
  [3025/3745] nano_3025.root
         -> 3,513 vertices (1,651 trig, 1,166 trig+kin events)
  [3026/3745] nano_3026.root
         -> 6,758 vertices (3,261 trig, 2,329 trig+kin events)
  [3027/3745] nano_3027.root
         -> 4,000 vertices (1,896 trig, 1,336 trig+kin events)
  [3028/3745] nano_3028.root
         -> 3,633 vertices (1,795 trig, 1,254 trig+kin events)
  [3029/3745] nano_3029.root
         -> 3,885 vertices (1,851 trig, 1,296 trig+kin events)
  [3030/3745] nano_3030.root
         -> 6,532 vertices (2,929 trig, 2,098 trig+kin events)
  [3031/3745] nano_3031.root
         -> 3,713 vertices (1,734 trig, 1,211 trig+kin events)
  [3032/3745] nano_3032.root
         -> 4,777 vertices (2,258 trig, 1,601 trig+kin events)
  [3033/3745] nano_3033.root
         -> 3,685 vertices (1,652 trig, 1,159 trig+kin events)
  [3034/3745] nano_3034.root
         -> 1,666 vertices (761 trig, 532 trig+kin events)
  [3035/3745] nano_3035.root
         -> 3,710 vertices (1,731 trig, 1,222 trig+kin events)
  [3036/3745] nano_3036.root
         -> 4,240 vertices (1,915 trig, 1,341 trig+kin events)
  [3037/3745] nano_3037.root
         -> 5,527 vertices (2,447 trig, 1,746 trig+kin events)
  [3038/3745] nano_3038.root
         -> 5,771 vertices (2,611 trig, 1,884 trig+kin events)
  [3039/3745] nano_3039.root
         -> 4,666 vertices (2,161 trig, 1,530 trig+kin events)
  [3040/3745] nano_3040.root
         -> 5,335 vertices (2,375 trig, 1,707 trig+kin events)
  [3041/3745] nano_3041.root
         -> 3,786 vertices (1,830 trig, 1,279 trig+kin events)
  [3042/3745] nano_3042.root
         -> 1,828 vertices (774 trig, 547 trig+kin events)
  [3043/3745] nano_3043.root
         -> 5,345 vertices (2,446 trig, 1,725 trig+kin events)
  [3044/3745] nano_3044.root
         -> 4,285 vertices (1,954 trig, 1,367 trig+kin events)
  [3045/3745] nano_3045.root
         -> 4,707 vertices (2,044 trig, 1,482 trig+kin events)
  [3046/3745] nano_3046.root
         -> 5,479 vertices (2,570 trig, 1,804 trig+kin events)
  [3047/3745] nano_3047.root
         -> 3,364 vertices (1,668 trig, 1,160 trig+kin events)
  [3048/3745] nano_3048.root
         -> 7,465 vertices (3,216 trig, 2,303 trig+kin events)
  [3049/3745] nano_3049.root
         -> 4,073 vertices (1,876 trig, 1,336 trig+kin events)
  [3050/3745] nano_3050.root
         -> 5,797 vertices (2,639 trig, 1,894 trig+kin events)
  [3051/3745] nano_3051.root
         -> 4,509 vertices (2,065 trig, 1,489 trig+kin events)
  [3052/3745] nano_3052.root
         -> 3,403 vertices (1,660 trig, 1,158 trig+kin events)
  [3053/3745] nano_3053.root
         -> 5,198 vertices (2,456 trig, 1,768 trig+kin events)
  [3054/3745] nano_3054.root
         -> 4,266 vertices (1,919 trig, 1,371 trig+kin events)
  [3055/3745] nano_3055.root
         -> 3,402 vertices (1,666 trig, 1,177 trig+kin events)
  [3056/3745] nano_3056.root
         -> 4,042 vertices (1,902 trig, 1,341 trig+kin events)
  [3057/3745] nano_3057.root
         -> 3,853 vertices (1,736 trig, 1,222 trig+kin events)
  [3058/3745] nano_3058.root
         -> 3,451 vertices (1,681 trig, 1,196 trig+kin events)
  [3059/3745] nano_3059.root
         -> 3,946 vertices (1,727 trig, 1,236 trig+kin events)
  [3060/3745] nano_3060.root
         -> 4,081 vertices (1,791 trig, 1,311 trig+kin events)
  [3061/3745] nano_3061.root
         -> 3,637 vertices (1,658 trig, 1,182 trig+kin events)
  [3062/3745] nano_3062.root
         -> 3,807 vertices (1,884 trig, 1,300 trig+kin events)
  [3063/3745] nano_3063.root
         -> 2,968 vertices (1,359 trig, 946 trig+kin events)
  [3064/3745] nano_3064.root
         -> 4,322 vertices (1,995 trig, 1,394 trig+kin events)
  [3065/3745] nano_3065.root
         -> 4,322 vertices (1,910 trig, 1,340 trig+kin events)
  [3066/3745] nano_3066.root
         -> 3,993 vertices (1,842 trig, 1,291 trig+kin events)
  [3067/3745] nano_3067.root
         -> 3,606 vertices (1,737 trig, 1,237 trig+kin events)
  [3068/3745] nano_3068.root
         -> 3,241 vertices (1,589 trig, 1,125 trig+kin events)
  [3069/3745] nano_3069.root
         -> 306 vertices (138 trig, 97 trig+kin events)
  [3070/3745] nano_3070.root
         -> 2,944 vertices (1,349 trig, 948 trig+kin events)
  [3071/3745] nano_3071.root
         -> 3,445 vertices (1,557 trig, 1,125 trig+kin events)
  [3072/3745] nano_3072.root
         -> 181 vertices (66 trig, 45 trig+kin events)
  [3073/3745] nano_3073.root
         -> 134 vertices (64 trig, 43 trig+kin events)
  [3074/3745] nano_3074.root
         -> 329 vertices (148 trig, 102 trig+kin events)
  [3075/3745] nano_3075.root
         -> 3,876 vertices (1,679 trig, 1,179 trig+kin events)
  [3076/3745] nano_3076.root
         -> 3,573 vertices (1,621 trig, 1,142 trig+kin events)
  [3077/3745] nano_3077.root
         -> 4,047 vertices (1,940 trig, 1,355 trig+kin events)
  [3078/3745] nano_3078.root
         -> 3,974 vertices (1,878 trig, 1,315 trig+kin events)
  [3079/3745] nano_3079.root
         -> 3,285 vertices (1,604 trig, 1,145 trig+kin events)
  [3080/3745] nano_3080.root
         -> 3,668 vertices (1,639 trig, 1,174 trig+kin events)
  [3081/3745] nano_3081.root
         -> 3,854 vertices (1,717 trig, 1,237 trig+kin events)
  [3082/3745] nano_3082.root
         -> 3,453 vertices (1,610 trig, 1,108 trig+kin events)
  [3083/3745] nano_3083.root
         -> 826 vertices (466 trig, 314 trig+kin events)
  [3084/3745] nano_3084.root
         -> 671 vertices (308 trig, 227 trig+kin events)
  [3085/3745] nano_3085.root
         -> 363 vertices (161 trig, 125 trig+kin events)
  [3086/3745] nano_3086.root
         -> 3,262 vertices (1,602 trig, 1,101 trig+kin events)
  [3087/3745] nano_3087.root
         -> 3,473 vertices (1,640 trig, 1,162 trig+kin events)
  [3088/3745] nano_3088.root
         -> 1,072 vertices (461 trig, 339 trig+kin events)
  [3089/3745] nano_3089.root
         -> 515 vertices (245 trig, 173 trig+kin events)
  [3090/3745] nano_3090.root
         -> 2,224 vertices (1,156 trig, 817 trig+kin events)
  [3091/3745] nano_3091.root
         -> 569 vertices (240 trig, 164 trig+kin events)
  [3092/3745] nano_3092.root
         -> 3,931 vertices (1,891 trig, 1,337 trig+kin events)
  [3093/3745] nano_3093.root
         -> 4,317 vertices (2,164 trig, 1,538 trig+kin events)
  [3094/3745] nano_3094.root
         -> 3,789 vertices (1,731 trig, 1,240 trig+kin events)
  [3095/3745] nano_3095.root
         -> 4,190 vertices (1,845 trig, 1,344 trig+kin events)
  [3096/3745] nano_3096.root
         -> 1,812 vertices (846 trig, 611 trig+kin events)
  [3097/3745] nano_3097.root
         -> 4,007 vertices (1,934 trig, 1,371 trig+kin events)
  [3098/3745] nano_3098.root
         -> 5,596 vertices (2,664 trig, 1,926 trig+kin events)
  [3099/3745] nano_3099.root
         -> 1,586 vertices (740 trig, 520 trig+kin events)
  [3100/3745] nano_3100.root
         -> 4,012 vertices (1,743 trig, 1,246 trig+kin events)
  [3101/3745] nano_3101.root
         -> 3,705 vertices (1,733 trig, 1,241 trig+kin events)
  [3102/3745] nano_3102.root
         -> 3,715 vertices (1,740 trig, 1,248 trig+kin events)
  [3103/3745] nano_3103.root
         -> 5,002 vertices (2,290 trig, 1,654 trig+kin events)
  [3104/3745] nano_3104.root
         -> 3,613 vertices (1,727 trig, 1,219 trig+kin events)
  [3105/3745] nano_3105.root
         -> 3,637 vertices (1,685 trig, 1,182 trig+kin events)
  [3106/3745] nano_3106.root
         -> 4,280 vertices (2,061 trig, 1,473 trig+kin events)
  [3107/3745] nano_3107.root
         -> 3,711 vertices (1,659 trig, 1,176 trig+kin events)
  [3108/3745] nano_3108.root
         -> 3,633 vertices (1,666 trig, 1,181 trig+kin events)
  [3109/3745] nano_3109.root
         -> 4,369 vertices (1,909 trig, 1,378 trig+kin events)
  [3110/3745] nano_3110.root
         -> 3,494 vertices (1,643 trig, 1,172 trig+kin events)
  [3111/3745] nano_3111.root
         -> 5,123 vertices (2,170 trig, 1,595 trig+kin events)
  [3112/3745] nano_3112.root
         -> 3,884 vertices (1,791 trig, 1,262 trig+kin events)
  [3113/3745] nano_3113.root
         -> 3,929 vertices (1,871 trig, 1,296 trig+kin events)
  [3114/3745] nano_3114.root
         -> 4,003 vertices (1,814 trig, 1,297 trig+kin events)
  [3115/3745] nano_3115.root
         -> 3,573 vertices (1,676 trig, 1,177 trig+kin events)
  [3116/3745] nano_3116.root
         -> 3,363 vertices (1,637 trig, 1,169 trig+kin events)
  [3117/3745] nano_3117.root
         -> 4,165 vertices (1,855 trig, 1,291 trig+kin events)
  [3118/3745] nano_3118.root
         -> 4,006 vertices (1,932 trig, 1,376 trig+kin events)
  [3119/3745] nano_3119.root
         -> 4,317 vertices (1,809 trig, 1,300 trig+kin events)
  [3120/3745] nano_3120.root
         -> 3,934 vertices (1,768 trig, 1,258 trig+kin events)
  [3121/3745] nano_3121.root
         -> 3,362 vertices (1,633 trig, 1,124 trig+kin events)
  [3122/3745] nano_3122.root
         -> 5,128 vertices (2,275 trig, 1,641 trig+kin events)
  [3123/3745] nano_3123.root
         -> 4,340 vertices (2,011 trig, 1,422 trig+kin events)
  [3124/3745] nano_3124.root
         -> 3,553 vertices (1,656 trig, 1,167 trig+kin events)
  [3125/3745] nano_3125.root
         -> 1,158 vertices (584 trig, 419 trig+kin events)
  [3126/3745] nano_3126.root
         -> 3,151 vertices (1,594 trig, 1,117 trig+kin events)
  [3127/3745] nano_3127.root
         -> 3,963 vertices (1,868 trig, 1,320 trig+kin events)
  [3128/3745] nano_3128.root
         -> 3,490 vertices (1,743 trig, 1,236 trig+kin events)
  [3129/3745] nano_3129.root
         -> 3,855 vertices (1,750 trig, 1,236 trig+kin events)
  [3130/3745] nano_3130.root
         -> 4,095 vertices (2,036 trig, 1,416 trig+kin events)
  [3131/3745] nano_3131.root
         -> 3,897 vertices (1,699 trig, 1,206 trig+kin events)
  [3132/3745] nano_3132.root
         -> 3,559 vertices (1,804 trig, 1,270 trig+kin events)
  [3133/3745] nano_3133.root
         -> 619 vertices (250 trig, 176 trig+kin events)
  [3134/3745] nano_3134.root
         -> 4,081 vertices (1,846 trig, 1,305 trig+kin events)
  [3135/3745] nano_3135.root
         -> 3,799 vertices (1,711 trig, 1,202 trig+kin events)
  [3136/3745] nano_3136.root
         -> 3,949 vertices (1,873 trig, 1,296 trig+kin events)
  [3137/3745] nano_3137.root
         -> 4,026 vertices (1,826 trig, 1,311 trig+kin events)
  [3138/3745] nano_3138.root
         -> 4,395 vertices (2,093 trig, 1,481 trig+kin events)
  [3139/3745] nano_3139.root
         -> 391 vertices (253 trig, 173 trig+kin events)
  [3140/3745] nano_3140.root
         -> 5,682 vertices (2,614 trig, 1,872 trig+kin events)
  [3141/3745] nano_3141.root
         -> 3,818 vertices (1,737 trig, 1,263 trig+kin events)
  [3142/3745] nano_3142.root
         -> 3,618 vertices (1,649 trig, 1,185 trig+kin events)
  [3143/3745] nano_3143.root
         -> 4,133 vertices (1,888 trig, 1,333 trig+kin events)
  [3144/3745] nano_3144.root
         -> 3,523 vertices (1,676 trig, 1,160 trig+kin events)
  [3145/3745] nano_3145.root
         -> 3,146 vertices (1,450 trig, 1,043 trig+kin events)
  [3146/3745] nano_3146.root
         -> 3,613 vertices (1,711 trig, 1,215 trig+kin events)
  [3147/3745] nano_3147.root
         -> 1,188 vertices (560 trig, 407 trig+kin events)
  [3148/3745] nano_3148.root
         -> 743 vertices (327 trig, 237 trig+kin events)
  [3149/3745] nano_3149.root
         -> 3,302 vertices (1,621 trig, 1,157 trig+kin events)
  [3150/3745] nano_3150.root
         -> 2,552 vertices (1,267 trig, 908 trig+kin events)
  [3151/3745] nano_3151.root
         -> 3,858 vertices (1,792 trig, 1,309 trig+kin events)
  [3152/3745] nano_3152.root
         -> 3,665 vertices (1,752 trig, 1,268 trig+kin events)
  [3153/3745] nano_3153.root
         -> 3,639 vertices (1,648 trig, 1,151 trig+kin events)
  [3154/3745] nano_3154.root
         -> 3,685 vertices (1,678 trig, 1,178 trig+kin events)
  [3155/3745] nano_3155.root
         -> 3,724 vertices (1,702 trig, 1,180 trig+kin events)
  [3156/3745] nano_3156.root
         -> 2,785 vertices (1,212 trig, 861 trig+kin events)
  [3157/3745] nano_3157.root
         -> 471 vertices (250 trig, 170 trig+kin events)
  [3158/3745] nano_3158.root
         -> 3,955 vertices (1,737 trig, 1,249 trig+kin events)
  [3159/3745] nano_3159.root
         -> 3,412 vertices (1,652 trig, 1,194 trig+kin events)
  [3160/3745] nano_3160.root
         -> 956 vertices (396 trig, 283 trig+kin events)
  [3161/3745] nano_3161.root
         -> 2,574 vertices (1,179 trig, 832 trig+kin events)
  [3162/3745] nano_3162.root
         -> 3,794 vertices (1,720 trig, 1,251 trig+kin events)
  [3163/3745] nano_3163.root
         -> 575 vertices (247 trig, 170 trig+kin events)
  [3164/3745] nano_3164.root
         -> 7,044 vertices (3,240 trig, 2,314 trig+kin events)
  [3165/3745] nano_3165.root
         -> 4,654 vertices (2,217 trig, 1,586 trig+kin events)
  [3166/3745] nano_3166.root
         -> 7,200 vertices (3,217 trig, 2,264 trig+kin events)
  [3167/3745] nano_3167.root
         -> 7,121 vertices (3,265 trig, 2,341 trig+kin events)
  [3168/3745] nano_3168.root
         -> 6,932 vertices (3,202 trig, 2,247 trig+kin events)
  [3169/3745] nano_3169.root
         -> 7,299 vertices (3,280 trig, 2,335 trig+kin events)
  [3170/3745] nano_3170.root
         -> 5,897 vertices (2,624 trig, 1,913 trig+kin events)
  [3171/3745] nano_3171.root
         -> 6,816 vertices (3,218 trig, 2,312 trig+kin events)
  [3172/3745] nano_3172.root
         -> 7,047 vertices (3,217 trig, 2,258 trig+kin events)
  [3173/3745] nano_3173.root
         -> 4,248 vertices (1,848 trig, 1,308 trig+kin events)
  [3174/3745] nano_3174.root
         -> 7,187 vertices (3,182 trig, 2,280 trig+kin events)
  [3175/3745] nano_3175.root
         -> 3,591 vertices (1,609 trig, 1,168 trig+kin events)
  [3176/3745] nano_3176.root
         -> 3,580 vertices (1,720 trig, 1,208 trig+kin events)
  [3177/3745] nano_3177.root
         -> 6,501 vertices (3,042 trig, 2,174 trig+kin events)
  [3178/3745] nano_3178.root
         -> 6,915 vertices (3,213 trig, 2,292 trig+kin events)
  [3179/3745] nano_3179.root
         -> 7,201 vertices (3,293 trig, 2,305 trig+kin events)
  [3180/3745] nano_3180.root
         -> 3,404 vertices (1,652 trig, 1,175 trig+kin events)
  [3181/3745] nano_3181.root
         -> 7,726 vertices (3,387 trig, 2,425 trig+kin events)
  [3182/3745] nano_3182.root
         -> 4,563 vertices (2,099 trig, 1,509 trig+kin events)
  [3183/3745] nano_3183.root
         -> 6,712 vertices (3,147 trig, 2,243 trig+kin events)
  [3184/3745] nano_3184.root
         -> 6,872 vertices (3,183 trig, 2,263 trig+kin events)
  [3185/3745] nano_3185.root
         -> 4,634 vertices (2,126 trig, 1,516 trig+kin events)
  [3186/3745] nano_3186.root
         -> 7,127 vertices (3,228 trig, 2,300 trig+kin events)
  [3187/3745] nano_3187.root
         -> 7,234 vertices (3,228 trig, 2,324 trig+kin events)
  [3188/3745] nano_3188.root
         -> 5,681 vertices (2,430 trig, 1,756 trig+kin events)
  [3189/3745] nano_3189.root
         -> 6,335 vertices (2,840 trig, 2,060 trig+kin events)
  [3190/3745] nano_3190.root
         -> 7,192 vertices (3,345 trig, 2,375 trig+kin events)
  [3191/3745] nano_3191.root
         -> 4,067 vertices (1,829 trig, 1,322 trig+kin events)
  [3192/3745] nano_3192.root
         -> 7,030 vertices (3,287 trig, 2,321 trig+kin events)
  [3193/3745] nano_3193.root
         -> 6,720 vertices (3,137 trig, 2,246 trig+kin events)
  [3194/3745] nano_3194.root
         -> 6,905 vertices (3,194 trig, 2,253 trig+kin events)
  [3195/3745] nano_3195.root
         -> 7,472 vertices (3,214 trig, 2,283 trig+kin events)
  [3196/3745] nano_3196.root
         -> 6,861 vertices (3,281 trig, 2,333 trig+kin events)
  [3197/3745] nano_3197.root
         -> 3,711 vertices (1,740 trig, 1,238 trig+kin events)
  [3198/3745] nano_3198.root
         -> 7,041 vertices (3,257 trig, 2,323 trig+kin events)
  [3199/3745] nano_3199.root
         -> 4,174 vertices (2,017 trig, 1,441 trig+kin events)
  [3200/3745] nano_3200.root
         -> 6,947 vertices (3,235 trig, 2,311 trig+kin events)
  [3201/3745] nano_3201.root
         -> 4,107 vertices (1,946 trig, 1,405 trig+kin events)
  [3202/3745] nano_3202.root
         -> 6,928 vertices (3,129 trig, 2,219 trig+kin events)
  [3203/3745] nano_3203.root
         -> 5,356 vertices (2,517 trig, 1,760 trig+kin events)
  [3204/3745] nano_3204.root
         -> 6,792 vertices (3,279 trig, 2,306 trig+kin events)
  [3205/3745] nano_3205.root
         -> 6,949 vertices (3,270 trig, 2,328 trig+kin events)
  [3206/3745] nano_3206.root
         -> 6,831 vertices (3,238 trig, 2,292 trig+kin events)
  [3207/3745] nano_3207.root
         -> 3,365 vertices (1,624 trig, 1,137 trig+kin events)
  [3208/3745] nano_3208.root
         -> 6,633 vertices (3,129 trig, 2,234 trig+kin events)
  [3209/3745] nano_3209.root
         -> 4,319 vertices (1,955 trig, 1,439 trig+kin events)
  [3210/3745] nano_3210.root
         -> 5,059 vertices (2,355 trig, 1,687 trig+kin events)
  [3211/3745] nano_3211.root
         -> 6,788 vertices (3,179 trig, 2,251 trig+kin events)
  [3212/3745] nano_3212.root
         -> 4,399 vertices (2,073 trig, 1,494 trig+kin events)
  [3213/3745] nano_3213.root
         -> 7,094 vertices (3,318 trig, 2,347 trig+kin events)
  [3214/3745] nano_3214.root
         -> 5,355 vertices (2,483 trig, 1,770 trig+kin events)
  [3215/3745] nano_3215.root
         -> 6,723 vertices (3,188 trig, 2,249 trig+kin events)
  [3216/3745] nano_3216.root
         -> 6,739 vertices (3,197 trig, 2,339 trig+kin events)
  [3217/3745] nano_3217.root
         -> 4,236 vertices (2,060 trig, 1,403 trig+kin events)
  [3218/3745] nano_3218.root
         -> 6,632 vertices (3,178 trig, 2,256 trig+kin events)
  [3219/3745] nano_3219.root
         -> 6,940 vertices (3,355 trig, 2,400 trig+kin events)
  [3220/3745] nano_3220.root
         -> 6,601 vertices (3,290 trig, 2,294 trig+kin events)
  [3221/3745] nano_3221.root
         -> 7,206 vertices (3,256 trig, 2,296 trig+kin events)
  [3222/3745] nano_3222.root
         -> 7,029 vertices (3,163 trig, 2,278 trig+kin events)
  [3223/3745] nano_3223.root
         -> 7,231 vertices (3,350 trig, 2,342 trig+kin events)
  [3224/3745] nano_3224.root
         -> 6,988 vertices (3,292 trig, 2,388 trig+kin events)
  [3225/3745] nano_3225.root
         -> 6,897 vertices (3,229 trig, 2,281 trig+kin events)
  [3226/3745] nano_3226.root
         -> 5,896 vertices (2,618 trig, 1,867 trig+kin events)
  [3227/3745] nano_3227.root
         -> 7,315 vertices (3,295 trig, 2,302 trig+kin events)
  [3228/3745] nano_3228.root
         -> 7,065 vertices (3,249 trig, 2,359 trig+kin events)
  [3229/3745] nano_3229.root
         -> 7,021 vertices (3,247 trig, 2,287 trig+kin events)
  [3230/3745] nano_3230.root
         -> 4,246 vertices (1,870 trig, 1,332 trig+kin events)
  [3231/3745] nano_3231.root
         -> 1,163 vertices (490 trig, 357 trig+kin events)
  [3232/3745] nano_3232.root
         -> 4,659 vertices (2,166 trig, 1,540 trig+kin events)
  [3233/3745] nano_3233.root
         -> 7,026 vertices (3,244 trig, 2,303 trig+kin events)
  [3234/3745] nano_3234.root
         -> 7,431 vertices (3,319 trig, 2,405 trig+kin events)
  [3235/3745] nano_3235.root
         -> 5,208 vertices (2,520 trig, 1,828 trig+kin events)
  [3236/3745] nano_3236.root
         -> 5,051 vertices (2,342 trig, 1,647 trig+kin events)
  [3237/3745] nano_3237.root
         -> 6,688 vertices (3,245 trig, 2,284 trig+kin events)
  [3238/3745] nano_3238.root
         -> 7,532 vertices (3,183 trig, 2,284 trig+kin events)
  [3239/3745] nano_3239.root
         -> 6,874 vertices (3,222 trig, 2,289 trig+kin events)
  [3240/3745] nano_3240.root
         -> 7,026 vertices (3,222 trig, 2,312 trig+kin events)
  [3241/3745] nano_3241.root
         -> 4,939 vertices (2,382 trig, 1,686 trig+kin events)
  [3242/3745] nano_3242.root
         -> 7,007 vertices (3,184 trig, 2,264 trig+kin events)
  [3243/3745] nano_3243.root
         -> 3,817 vertices (1,746 trig, 1,251 trig+kin events)
  [3244/3745] nano_3244.root
         -> 6,573 vertices (3,009 trig, 2,105 trig+kin events)
  [3245/3745] nano_3245.root
         -> 6,429 vertices (3,179 trig, 2,236 trig+kin events)
  [3246/3745] nano_3246.root
         -> 6,754 vertices (3,149 trig, 2,278 trig+kin events)
  [3247/3745] nano_3247.root
         -> 7,314 vertices (3,189 trig, 2,272 trig+kin events)
  [3248/3745] nano_3248.root
         -> 4,564 vertices (2,103 trig, 1,484 trig+kin events)
  [3249/3745] nano_3249.root
         -> 7,349 vertices (3,343 trig, 2,399 trig+kin events)
  [3250/3745] nano_3250.root
         -> 4,803 vertices (2,225 trig, 1,584 trig+kin events)
  [3251/3745] nano_3251.root
         -> 7,107 vertices (3,205 trig, 2,272 trig+kin events)
  [3252/3745] nano_3252.root
         -> 6,877 vertices (3,229 trig, 2,331 trig+kin events)
  [3253/3745] nano_3253.root
         -> 7,020 vertices (3,252 trig, 2,338 trig+kin events)
  [3254/3745] nano_3254.root
         -> 4,985 vertices (2,255 trig, 1,633 trig+kin events)
  [3255/3745] nano_3255.root
         -> 4,656 vertices (1,969 trig, 1,390 trig+kin events)
  [3256/3745] nano_3256.root
         -> 5,008 vertices (2,210 trig, 1,612 trig+kin events)
  [3257/3745] nano_3257.root
         -> 7,256 vertices (3,354 trig, 2,380 trig+kin events)
  [3258/3745] nano_3258.root
         -> 7,133 vertices (3,320 trig, 2,352 trig+kin events)
  [3259/3745] nano_3259.root
         -> 6,883 vertices (3,228 trig, 2,256 trig+kin events)
  [3260/3745] nano_3260.root
         -> 4,003 vertices (1,768 trig, 1,293 trig+kin events)
  [3261/3745] nano_3261.root
         -> 6,990 vertices (3,250 trig, 2,347 trig+kin events)
  [3262/3745] nano_3262.root
         -> 4,986 vertices (2,498 trig, 1,752 trig+kin events)
  [3263/3745] nano_3263.root
         -> 7,129 vertices (3,240 trig, 2,324 trig+kin events)
  [3264/3745] nano_3264.root
         -> 7,251 vertices (3,300 trig, 2,362 trig+kin events)
  [3265/3745] nano_3265.root
         -> 5,962 vertices (2,753 trig, 1,951 trig+kin events)
  [3266/3745] nano_3266.root
         -> 6,624 vertices (3,160 trig, 2,268 trig+kin events)
  [3267/3745] nano_3267.root
         -> 6,928 vertices (3,036 trig, 2,187 trig+kin events)
  [3268/3745] nano_3268.root
         -> 6,139 vertices (2,807 trig, 1,978 trig+kin events)
  [3269/3745] nano_3269.root
         -> 7,040 vertices (3,205 trig, 2,324 trig+kin events)
  [3270/3745] nano_3270.root
         -> 6,846 vertices (3,259 trig, 2,284 trig+kin events)
  [3271/3745] nano_3271.root
         -> 3,974 vertices (1,946 trig, 1,332 trig+kin events)
  [3272/3745] nano_3272.root
         -> 4,882 vertices (2,264 trig, 1,657 trig+kin events)
  [3273/3745] nano_3273.root
         -> 4,633 vertices (2,161 trig, 1,535 trig+kin events)
  [3274/3745] nano_3274.root
         -> 4,236 vertices (1,928 trig, 1,365 trig+kin events)
  [3275/3745] nano_3275.root
         -> 5,717 vertices (2,597 trig, 1,856 trig+kin events)
  [3276/3745] nano_3276.root
         -> 6,934 vertices (3,242 trig, 2,284 trig+kin events)
  [3277/3745] nano_3277.root
         -> 4,426 vertices (2,222 trig, 1,600 trig+kin events)
  [3278/3745] nano_3278.root
         -> 6,004 vertices (2,780 trig, 2,001 trig+kin events)
  [3279/3745] nano_3279.root
         -> 3,848 vertices (1,689 trig, 1,204 trig+kin events)
  [3280/3745] nano_3280.root
         -> 3,464 vertices (1,721 trig, 1,244 trig+kin events)
  [3281/3745] nano_3281.root
         -> 4,369 vertices (2,009 trig, 1,436 trig+kin events)
  [3282/3745] nano_3282.root
         -> 3,827 vertices (1,812 trig, 1,261 trig+kin events)
  [3283/3745] nano_3283.root
         -> 3,767 vertices (1,724 trig, 1,241 trig+kin events)
  [3284/3745] nano_3284.root
         -> 3,993 vertices (1,815 trig, 1,298 trig+kin events)
  [3285/3745] nano_3285.root
         -> 4,451 vertices (2,013 trig, 1,398 trig+kin events)
  [3286/3745] nano_3286.root
         -> 6,603 vertices (3,065 trig, 2,229 trig+kin events)
  [3287/3745] nano_3287.root
         -> 3,483 vertices (1,638 trig, 1,167 trig+kin events)
  [3288/3745] nano_3288.root
         -> 4,710 vertices (2,014 trig, 1,470 trig+kin events)
  [3289/3745] nano_3289.root
         -> 5,724 vertices (2,630 trig, 1,850 trig+kin events)
  [3290/3745] nano_3290.root
         -> 3,543 vertices (1,799 trig, 1,256 trig+kin events)
  [3291/3745] nano_3291.root
         -> 6,214 vertices (2,901 trig, 2,078 trig+kin events)
  [3292/3745] nano_3292.root
         -> 4,141 vertices (1,740 trig, 1,276 trig+kin events)
  [3293/3745] nano_3293.root
         -> 4,146 vertices (1,872 trig, 1,331 trig+kin events)
  [3294/3745] nano_3294.root
         -> 4,520 vertices (2,113 trig, 1,532 trig+kin events)
  [3295/3745] nano_3295.root
         -> 4,536 vertices (2,134 trig, 1,515 trig+kin events)
  [3296/3745] nano_3296.root
         -> 4,271 vertices (1,943 trig, 1,347 trig+kin events)
  [3297/3745] nano_3297.root
         -> 4,369 vertices (2,140 trig, 1,517 trig+kin events)
  [3298/3745] nano_3298.root
         -> 5,748 vertices (2,424 trig, 1,737 trig+kin events)
  [3299/3745] nano_3299.root
         -> 4,087 vertices (1,886 trig, 1,358 trig+kin events)
  [3300/3745] nano_3300.root
         -> 6,887 vertices (3,069 trig, 2,234 trig+kin events)
  [3301/3745] nano_3301.root
         -> 4,013 vertices (1,900 trig, 1,345 trig+kin events)
  [3302/3745] nano_3302.root
         -> 4,064 vertices (1,840 trig, 1,328 trig+kin events)
  [3303/3745] nano_3303.root
         -> 4,703 vertices (2,086 trig, 1,512 trig+kin events)
  [3304/3745] nano_3304.root
         -> 3,683 vertices (1,697 trig, 1,197 trig+kin events)
  [3305/3745] nano_3305.root
         -> 7,014 vertices (3,010 trig, 2,169 trig+kin events)
  [3306/3745] nano_3306.root
         -> 3,927 vertices (1,763 trig, 1,261 trig+kin events)
  [3307/3745] nano_3307.root
         -> 4,737 vertices (2,215 trig, 1,556 trig+kin events)
  [3308/3745] nano_3308.root
         -> 3,388 vertices (1,713 trig, 1,196 trig+kin events)
  [3309/3745] nano_3309.root
         -> 6,510 vertices (3,072 trig, 2,206 trig+kin events)
  [3310/3745] nano_3310.root
         -> 3,457 vertices (1,618 trig, 1,172 trig+kin events)
  [3311/3745] nano_3311.root
         -> 4,432 vertices (1,998 trig, 1,416 trig+kin events)
  [3312/3745] nano_3312.root
         -> 4,103 vertices (2,022 trig, 1,444 trig+kin events)
  [3313/3745] nano_3313.root
         -> 5,084 vertices (2,346 trig, 1,685 trig+kin events)
  [3314/3745] nano_3314.root
         -> 4,952 vertices (2,250 trig, 1,584 trig+kin events)
  [3315/3745] nano_3315.root
         -> 5,242 vertices (2,207 trig, 1,587 trig+kin events)
  [3316/3745] nano_3316.root
         -> 450 vertices (248 trig, 168 trig+kin events)
  [3317/3745] nano_3317.root
         -> 4,539 vertices (2,055 trig, 1,427 trig+kin events)
  [3318/3745] nano_3318.root
         -> 3,490 vertices (1,656 trig, 1,155 trig+kin events)
  [3319/3745] nano_3319.root
         -> 5,818 vertices (2,676 trig, 1,895 trig+kin events)
  [3320/3745] nano_3320.root
         -> 5,837 vertices (2,603 trig, 1,879 trig+kin events)
  [3321/3745] nano_3321.root
         -> 6,108 vertices (2,857 trig, 2,042 trig+kin events)
  [3322/3745] nano_3322.root
         -> 4,715 vertices (2,184 trig, 1,538 trig+kin events)
  [3323/3745] nano_3323.root
         -> 5,548 vertices (2,458 trig, 1,753 trig+kin events)
  [3324/3745] nano_3324.root
         -> 3,454 vertices (1,685 trig, 1,165 trig+kin events)
  [3325/3745] nano_3325.root
         -> 5,055 vertices (2,309 trig, 1,632 trig+kin events)
  [3326/3745] nano_3326.root
         -> 4,701 vertices (2,156 trig, 1,542 trig+kin events)
  [3327/3745] nano_3327.root
         -> 5,061 vertices (2,364 trig, 1,665 trig+kin events)
  [3328/3745] nano_3328.root
         -> 3,944 vertices (1,836 trig, 1,332 trig+kin events)
  [3329/3745] nano_3329.root
         -> 3,971 vertices (1,840 trig, 1,301 trig+kin events)
  [3330/3745] nano_3330.root
         -> 6,243 vertices (2,876 trig, 2,029 trig+kin events)
  [3331/3745] nano_3331.root
         -> 3,665 vertices (1,674 trig, 1,194 trig+kin events)
  [3332/3745] nano_3332.root
         -> 3,453 vertices (1,633 trig, 1,140 trig+kin events)
  [3333/3745] nano_3333.root
         -> 3,696 vertices (1,696 trig, 1,214 trig+kin events)
  [3334/3745] nano_3334.root
         -> 4,181 vertices (1,916 trig, 1,346 trig+kin events)
  [3335/3745] nano_3335.root
         -> 5,314 vertices (2,478 trig, 1,776 trig+kin events)
  [3336/3745] nano_3336.root
         -> 6,517 vertices (3,158 trig, 2,238 trig+kin events)
  [3337/3745] nano_3337.root
         -> 3,539 vertices (1,581 trig, 1,155 trig+kin events)
  [3338/3745] nano_3338.root
         -> 7,041 vertices (3,089 trig, 2,207 trig+kin events)
  [3339/3745] nano_3339.root
         -> 4,298 vertices (1,875 trig, 1,345 trig+kin events)
  [3340/3745] nano_3340.root
         -> 3,895 vertices (1,852 trig, 1,334 trig+kin events)
  [3341/3745] nano_3341.root
         -> 6,684 vertices (3,037 trig, 2,168 trig+kin events)
  [3342/3745] nano_3342.root
         -> 3,272 vertices (1,585 trig, 1,107 trig+kin events)
  [3343/3745] nano_3343.root
         -> 6,787 vertices (3,163 trig, 2,251 trig+kin events)
  [3344/3745] nano_3344.root
         -> 6,690 vertices (3,157 trig, 2,234 trig+kin events)
  [3345/3745] nano_3345.root
         -> 6,982 vertices (3,279 trig, 2,315 trig+kin events)
  [3346/3745] nano_3346.root
         -> 5,238 vertices (2,406 trig, 1,728 trig+kin events)
  [3347/3745] nano_3347.root
         -> 3,750 vertices (1,716 trig, 1,231 trig+kin events)
  [3348/3745] nano_3348.root
         -> 6,891 vertices (3,204 trig, 2,260 trig+kin events)
  [3349/3745] nano_3349.root
         -> 4,647 vertices (2,157 trig, 1,511 trig+kin events)
  [3350/3745] nano_3350.root
         -> 4,009 vertices (1,740 trig, 1,249 trig+kin events)
  [3351/3745] nano_3351.root
         -> 6,994 vertices (2,854 trig, 2,056 trig+kin events)
  [3352/3745] nano_3352.root
         -> 6,606 vertices (3,127 trig, 2,239 trig+kin events)
  [3353/3745] nano_3353.root
         -> 5,671 vertices (2,489 trig, 1,778 trig+kin events)
  [3354/3745] nano_3354.root
         -> 6,726 vertices (3,126 trig, 2,219 trig+kin events)
  [3355/3745] nano_3355.root
         -> 5,174 vertices (2,359 trig, 1,662 trig+kin events)
  [3356/3745] nano_3356.root
         -> 3,877 vertices (1,920 trig, 1,349 trig+kin events)
  [3357/3745] nano_3357.root
         -> 6,898 vertices (3,138 trig, 2,240 trig+kin events)
  [3358/3745] nano_3358.root
         -> 7,250 vertices (3,198 trig, 2,264 trig+kin events)
  [3359/3745] nano_3359.root
         -> 7,018 vertices (3,238 trig, 2,328 trig+kin events)
  [3360/3745] nano_3360.root
         -> 6,873 vertices (3,147 trig, 2,228 trig+kin events)
  [3361/3745] nano_3361.root
         -> 5,364 vertices (2,411 trig, 1,734 trig+kin events)
  [3362/3745] nano_3362.root
         -> 3,563 vertices (1,702 trig, 1,204 trig+kin events)
  [3363/3745] nano_3363.root
         -> 6,690 vertices (3,056 trig, 2,206 trig+kin events)
  [3364/3745] nano_3364.root
         -> 4,213 vertices (1,951 trig, 1,393 trig+kin events)
  [3365/3745] nano_3365.root
         -> 4,037 vertices (1,845 trig, 1,303 trig+kin events)
  [3366/3745] nano_3366.root
         -> 7,037 vertices (3,227 trig, 2,293 trig+kin events)
  [3367/3745] nano_3367.root
         -> 4,757 vertices (2,260 trig, 1,624 trig+kin events)
  [3368/3745] nano_3368.root
         -> 6,271 vertices (2,814 trig, 2,052 trig+kin events)
  [3369/3745] nano_3369.root
         -> 7,239 vertices (3,196 trig, 2,337 trig+kin events)
  [3370/3745] nano_3370.root
         -> 4,708 vertices (2,193 trig, 1,591 trig+kin events)
  [3371/3745] nano_3371.root
         -> 5,766 vertices (2,669 trig, 1,916 trig+kin events)
  [3372/3745] nano_3372.root
         -> 3,471 vertices (1,624 trig, 1,120 trig+kin events)
  [3373/3745] nano_3373.root
         -> 6,909 vertices (3,170 trig, 2,272 trig+kin events)
  [3374/3745] nano_3374.root
         -> 7,071 vertices (3,173 trig, 2,269 trig+kin events)
  [3375/3745] nano_3375.root
         -> 6,823 vertices (3,245 trig, 2,317 trig+kin events)
  [3376/3745] nano_3376.root
         -> 7,060 vertices (3,144 trig, 2,257 trig+kin events)
  [3377/3745] nano_3377.root
         -> 4,341 vertices (2,023 trig, 1,444 trig+kin events)
  [3378/3745] nano_3378.root
         -> 3,767 vertices (1,703 trig, 1,220 trig+kin events)
  [3379/3745] nano_3379.root
         -> 4,798 vertices (2,221 trig, 1,555 trig+kin events)
  [3380/3745] nano_3380.root
         -> 6,592 vertices (2,967 trig, 2,099 trig+kin events)
  [3381/3745] nano_3381.root
         -> 6,653 vertices (3,106 trig, 2,230 trig+kin events)
  [3382/3745] nano_3382.root
         -> 7,098 vertices (3,185 trig, 2,318 trig+kin events)
  [3383/3745] nano_3383.root
         -> 672 vertices (309 trig, 228 trig+kin events)
  [3384/3745] nano_3384.root
         -> 4,200 vertices (2,088 trig, 1,478 trig+kin events)
  [3385/3745] nano_3385.root
         -> 6,991 vertices (3,322 trig, 2,399 trig+kin events)
  [3386/3745] nano_3386.root
         -> 6,339 vertices (3,066 trig, 2,155 trig+kin events)
  [3387/3745] nano_3387.root
         -> 6,580 vertices (3,136 trig, 2,274 trig+kin events)
  [3388/3745] nano_3388.root
         -> 5,615 vertices (2,529 trig, 1,779 trig+kin events)
  [3389/3745] nano_3389.root
         -> 4,991 vertices (2,324 trig, 1,645 trig+kin events)
  [3390/3745] nano_3390.root
         -> 7,095 vertices (3,302 trig, 2,350 trig+kin events)
  [3391/3745] nano_3391.root
         -> 6,688 vertices (2,964 trig, 2,146 trig+kin events)
  [3392/3745] nano_3392.root
         -> 6,945 vertices (3,223 trig, 2,303 trig+kin events)
  [3393/3745] nano_3393.root
         -> 6,693 vertices (3,082 trig, 2,149 trig+kin events)
  [3394/3745] nano_3394.root
         -> 4,905 vertices (2,267 trig, 1,652 trig+kin events)
  [3395/3745] nano_3395.root
         -> 3,764 vertices (1,720 trig, 1,208 trig+kin events)
  [3396/3745] nano_3396.root
         -> 6,778 vertices (3,170 trig, 2,248 trig+kin events)
  [3397/3745] nano_3397.root
         -> 5,037 vertices (2,257 trig, 1,612 trig+kin events)
  [3398/3745] nano_3398.root
         -> 6,851 vertices (3,114 trig, 2,167 trig+kin events)
  [3399/3745] nano_3399.root
         -> 7,620 vertices (3,296 trig, 2,334 trig+kin events)
  [3400/3745] nano_3400.root
         -> 4,579 vertices (2,034 trig, 1,483 trig+kin events)
  [3401/3745] nano_3401.root
         -> 6,833 vertices (3,034 trig, 2,161 trig+kin events)
  [3402/3745] nano_3402.root
         -> 5,821 vertices (2,577 trig, 1,853 trig+kin events)
  [3403/3745] nano_3403.root
         -> 6,734 vertices (3,108 trig, 2,218 trig+kin events)
  [3404/3745] nano_3404.root
         -> 4,458 vertices (2,165 trig, 1,506 trig+kin events)
  [3405/3745] nano_3405.root
         -> 7,078 vertices (3,271 trig, 2,328 trig+kin events)
  [3406/3745] nano_3406.root
         -> 6,577 vertices (2,841 trig, 2,015 trig+kin events)
  [3407/3745] nano_3407.root
         -> 7,174 vertices (3,196 trig, 2,275 trig+kin events)
  [3408/3745] nano_3408.root
         -> 3,888 vertices (1,800 trig, 1,308 trig+kin events)
  [3409/3745] nano_3409.root
         -> 6,594 vertices (3,030 trig, 2,164 trig+kin events)
  [3410/3745] nano_3410.root
         -> 7,725 vertices (3,270 trig, 2,335 trig+kin events)
  [3411/3745] nano_3411.root
         -> 6,960 vertices (3,267 trig, 2,344 trig+kin events)
  [3412/3745] nano_3412.root
         -> 6,242 vertices (2,953 trig, 2,129 trig+kin events)
  [3413/3745] nano_3413.root
         -> 5,378 vertices (2,518 trig, 1,783 trig+kin events)
  [3414/3745] nano_3414.root
         -> 4,949 vertices (2,230 trig, 1,587 trig+kin events)
  [3415/3745] nano_3415.root
         -> 7,210 vertices (3,300 trig, 2,380 trig+kin events)
  [3416/3745] nano_3416.root
         -> 4,437 vertices (2,011 trig, 1,418 trig+kin events)
  [3417/3745] nano_3417.root
         -> 6,938 vertices (3,061 trig, 2,159 trig+kin events)
  [3418/3745] nano_3418.root
         -> 6,726 vertices (3,231 trig, 2,293 trig+kin events)
  [3419/3745] nano_3419.root
         -> 6,155 vertices (3,063 trig, 2,145 trig+kin events)
  [3420/3745] nano_3420.root
         -> 5,923 vertices (2,593 trig, 1,861 trig+kin events)
  [3421/3745] nano_3421.root
         -> 3,554 vertices (1,705 trig, 1,222 trig+kin events)
  [3422/3745] nano_3422.root
         -> 4,177 vertices (1,849 trig, 1,316 trig+kin events)
  [3423/3745] nano_3423.root
         -> 4,095 vertices (1,931 trig, 1,389 trig+kin events)
  [3424/3745] nano_3424.root
         -> 558 vertices (265 trig, 186 trig+kin events)
  [3425/3745] nano_3425.root
         -> 455 vertices (226 trig, 171 trig+kin events)
  [3426/3745] nano_3426.root
         -> 536 vertices (269 trig, 193 trig+kin events)
  [3427/3745] nano_3427.root
         -> 3,196 vertices (1,642 trig, 1,121 trig+kin events)
  [3428/3745] nano_3428.root
         -> 4,254 vertices (1,885 trig, 1,347 trig+kin events)
  [3429/3745] nano_3429.root
         -> 3,897 vertices (1,815 trig, 1,243 trig+kin events)
  [3430/3745] nano_3430.root
         -> 3,514 vertices (1,617 trig, 1,158 trig+kin events)
  [3431/3745] nano_3431.root
         -> 3,898 vertices (1,719 trig, 1,242 trig+kin events)
  [3432/3745] nano_3432.root
         -> 3,636 vertices (1,615 trig, 1,155 trig+kin events)
  [3433/3745] nano_3433.root
         -> 4,139 vertices (1,926 trig, 1,372 trig+kin events)
  [3434/3745] nano_3434.root
         -> 3,833 vertices (1,826 trig, 1,319 trig+kin events)
  [3435/3745] nano_3435.root
         -> 4,042 vertices (1,896 trig, 1,361 trig+kin events)
  [3436/3745] nano_3436.root
         -> 2,327 vertices (1,163 trig, 812 trig+kin events)
  [3437/3745] nano_3437.root
         -> 111 vertices (74 trig, 47 trig+kin events)
  [3438/3745] nano_3438.root
         -> 3,623 vertices (1,673 trig, 1,162 trig+kin events)
  [3439/3745] nano_3439.root
         -> 2,981 vertices (1,411 trig, 1,007 trig+kin events)
  [3440/3745] nano_3440.root
         -> 3,516 vertices (1,747 trig, 1,224 trig+kin events)
  [3441/3745] nano_3441.root
         -> 4,031 vertices (1,836 trig, 1,317 trig+kin events)
  [3442/3745] nano_3442.root
         -> 6,149 vertices (2,947 trig, 2,083 trig+kin events)
  [3443/3745] nano_3443.root
         -> 241 vertices (143 trig, 101 trig+kin events)
  [3444/3745] nano_3444.root
         -> 6,236 vertices (2,821 trig, 1,964 trig+kin events)
  [3445/3745] nano_3445.root
         -> 3,386 vertices (1,640 trig, 1,144 trig+kin events)
  [3446/3745] nano_3446.root
         -> 3,768 vertices (1,777 trig, 1,259 trig+kin events)
  [3447/3745] nano_3447.root
         -> 4,653 vertices (2,051 trig, 1,441 trig+kin events)
  [3448/3745] nano_3448.root
         -> 5,413 vertices (2,621 trig, 1,856 trig+kin events)
  [3449/3745] nano_3449.root
         -> 5,566 vertices (2,642 trig, 1,888 trig+kin events)
  [3450/3745] nano_3450.root
         -> 3,949 vertices (1,781 trig, 1,253 trig+kin events)
  [3451/3745] nano_3451.root
         -> 5,482 vertices (2,509 trig, 1,803 trig+kin events)
  [3452/3745] nano_3452.root
         -> 1,858 vertices (910 trig, 645 trig+kin events)
  [3453/3745] nano_3453.root
         -> 3,823 vertices (1,722 trig, 1,261 trig+kin events)
  [3454/3745] nano_3454.root
         -> 4,645 vertices (2,169 trig, 1,547 trig+kin events)
  [3455/3745] nano_3455.root
         -> 3,959 vertices (1,720 trig, 1,208 trig+kin events)
  [3456/3745] nano_3456.root
         -> 3,671 vertices (1,766 trig, 1,255 trig+kin events)
  [3457/3745] nano_3457.root
         -> 3,842 vertices (1,830 trig, 1,296 trig+kin events)
  [3458/3745] nano_3458.root
         -> 4,033 vertices (1,872 trig, 1,322 trig+kin events)
  [3459/3745] nano_3459.root
         -> 6,980 vertices (3,077 trig, 2,214 trig+kin events)
  [3460/3745] nano_3460.root
         -> 4,473 vertices (1,904 trig, 1,404 trig+kin events)
  [3461/3745] nano_3461.root
         -> 5,257 vertices (2,297 trig, 1,630 trig+kin events)
  [3462/3745] nano_3462.root
         -> 1,551 vertices (841 trig, 592 trig+kin events)
  [3463/3745] nano_3463.root
         -> 1,619 vertices (753 trig, 535 trig+kin events)
  [3464/3745] nano_3464.root
         -> 4,673 vertices (2,114 trig, 1,554 trig+kin events)
  [3465/3745] nano_3465.root
         -> 3,889 vertices (1,874 trig, 1,329 trig+kin events)
  [3466/3745] nano_3466.root
         -> 3,589 vertices (1,740 trig, 1,204 trig+kin events)
  [3467/3745] nano_3467.root
         -> 3,417 vertices (1,717 trig, 1,202 trig+kin events)
  [3468/3745] nano_3468.root
         -> 3,574 vertices (1,693 trig, 1,198 trig+kin events)
  [3469/3745] nano_3469.root
         -> 3,644 vertices (1,734 trig, 1,213 trig+kin events)
  [3470/3745] nano_3470.root
         -> 4,060 vertices (1,933 trig, 1,370 trig+kin events)
  [3471/3745] nano_3471.root
         -> 3,963 vertices (1,723 trig, 1,228 trig+kin events)
  [3472/3745] nano_3472.root
         -> 3,877 vertices (1,711 trig, 1,238 trig+kin events)
  [3473/3745] nano_3473.root
         -> 4,855 vertices (2,218 trig, 1,572 trig+kin events)
  [3474/3745] nano_3474.root
         -> 1,726 vertices (778 trig, 542 trig+kin events)
  [3475/3745] nano_3475.root
         -> 3,233 vertices (1,588 trig, 1,134 trig+kin events)
  [3476/3745] nano_3476.root
         -> 4,166 vertices (1,908 trig, 1,364 trig+kin events)
  [3477/3745] nano_3477.root
         -> 149 vertices (71 trig, 48 trig+kin events)
  [3478/3745] nano_3478.root
         -> 2,642 vertices (1,293 trig, 910 trig+kin events)
  [3479/3745] nano_3479.root
         -> 4,256 vertices (2,016 trig, 1,469 trig+kin events)
  [3480/3745] nano_3480.root
         -> 3,530 vertices (1,646 trig, 1,177 trig+kin events)
  [3481/3745] nano_3481.root
         -> 4,166 vertices (1,891 trig, 1,314 trig+kin events)
  [3482/3745] nano_3482.root
         -> 1,784 vertices (835 trig, 609 trig+kin events)
  [3483/3745] nano_3483.root
         -> 6,125 vertices (2,778 trig, 1,969 trig+kin events)
  [3484/3745] nano_3484.root
         -> 5,942 vertices (2,795 trig, 2,002 trig+kin events)
  [3485/3745] nano_3485.root
         -> 4,010 vertices (1,939 trig, 1,359 trig+kin events)
  [3486/3745] nano_3486.root
         -> 6,981 vertices (3,297 trig, 2,324 trig+kin events)
  [3487/3745] nano_3487.root
         -> 7,146 vertices (3,226 trig, 2,342 trig+kin events)
  [3488/3745] nano_3488.root
         -> 3,573 vertices (1,690 trig, 1,209 trig+kin events)
  [3489/3745] nano_3489.root
         -> 6,918 vertices (3,225 trig, 2,314 trig+kin events)
  [3490/3745] nano_3490.root
         -> 4,340 vertices (2,171 trig, 1,527 trig+kin events)
  [3491/3745] nano_3491.root
         -> 4,859 vertices (2,139 trig, 1,507 trig+kin events)
  [3492/3745] nano_3492.root
         -> 5,427 vertices (2,458 trig, 1,788 trig+kin events)
  [3493/3745] nano_3493.root
         -> 3,695 vertices (1,704 trig, 1,180 trig+kin events)
  [3494/3745] nano_3494.root
         -> 3,830 vertices (1,755 trig, 1,284 trig+kin events)
  [3495/3745] nano_3495.root
         -> 4,401 vertices (1,942 trig, 1,419 trig+kin events)
  [3496/3745] nano_3496.root
         -> 7,281 vertices (3,319 trig, 2,310 trig+kin events)
  [3497/3745] nano_3497.root
         -> 4,447 vertices (1,986 trig, 1,399 trig+kin events)
  [3498/3745] nano_3498.root
         -> 6,275 vertices (2,801 trig, 1,945 trig+kin events)
  [3499/3745] nano_3499.root
         -> 7,289 vertices (3,236 trig, 2,324 trig+kin events)
  [3500/3745] nano_3500.root
         -> 7,353 vertices (3,276 trig, 2,322 trig+kin events)
  [3501/3745] nano_3501.root
         -> 3,933 vertices (1,802 trig, 1,292 trig+kin events)
  [3502/3745] nano_3502.root
         -> 3,335 vertices (1,454 trig, 1,036 trig+kin events)
  [3503/3745] nano_3503.root
         -> 5,967 vertices (2,832 trig, 1,958 trig+kin events)
  [3504/3745] nano_3504.root
         -> 7,408 vertices (3,230 trig, 2,282 trig+kin events)
  [3505/3745] nano_3505.root
         -> 4,034 vertices (1,873 trig, 1,309 trig+kin events)
  [3506/3745] nano_3506.root
         -> 6,771 vertices (3,226 trig, 2,320 trig+kin events)
  [3507/3745] nano_3507.root
         -> 4,093 vertices (1,829 trig, 1,285 trig+kin events)
  [3508/3745] nano_3508.root
         -> 3,435 vertices (1,605 trig, 1,126 trig+kin events)
  [3509/3745] nano_3509.root
         -> 4,366 vertices (1,928 trig, 1,360 trig+kin events)
  [3510/3745] nano_3510.root
         -> 3,407 vertices (1,521 trig, 1,075 trig+kin events)
  [3511/3745] nano_3511.root
         -> 7,247 vertices (3,240 trig, 2,318 trig+kin events)
  [3512/3745] nano_3512.root
         -> 7,488 vertices (3,257 trig, 2,313 trig+kin events)
  [3513/3745] nano_3513.root
         -> 3,714 vertices (1,753 trig, 1,223 trig+kin events)
  [3514/3745] nano_3514.root
         -> 3,662 vertices (1,807 trig, 1,294 trig+kin events)
  [3515/3745] nano_3515.root
         -> 4,115 vertices (1,891 trig, 1,324 trig+kin events)
  [3516/3745] nano_3516.root
         -> 3,724 vertices (1,709 trig, 1,184 trig+kin events)
  [3517/3745] nano_3517.root
         -> 3,529 vertices (1,600 trig, 1,121 trig+kin events)
  [3518/3745] nano_3518.root
         -> 3,779 vertices (1,688 trig, 1,187 trig+kin events)
  [3519/3745] nano_3519.root
         -> 4,470 vertices (2,031 trig, 1,471 trig+kin events)
  [3520/3745] nano_3520.root
         -> 3,630 vertices (1,723 trig, 1,243 trig+kin events)
  [3521/3745] nano_3521.root
         -> 3,869 vertices (1,711 trig, 1,217 trig+kin events)
  [3522/3745] nano_3522.root
         -> 3,668 vertices (1,678 trig, 1,185 trig+kin events)
  [3523/3745] nano_3523.root
         -> 3,474 vertices (1,674 trig, 1,159 trig+kin events)
  [3524/3745] nano_3524.root
         -> 3,702 vertices (1,749 trig, 1,228 trig+kin events)
  [3525/3745] nano_3525.root
         -> 3,625 vertices (1,655 trig, 1,186 trig+kin events)
  [3526/3745] nano_3526.root
         -> 4,096 vertices (2,007 trig, 1,399 trig+kin events)
  [3527/3745] nano_3527.root
         -> 3,815 vertices (1,716 trig, 1,202 trig+kin events)
  [3528/3745] nano_3528.root
         -> 2,341 vertices (1,067 trig, 753 trig+kin events)
  [3529/3745] nano_3529.root
         -> 3,596 vertices (1,701 trig, 1,197 trig+kin events)
  [3530/3745] nano_3530.root
         -> 4,240 vertices (1,788 trig, 1,305 trig+kin events)
  [3531/3745] nano_3531.root
         -> 4,239 vertices (1,838 trig, 1,327 trig+kin events)
  [3532/3745] nano_3532.root
         -> 497 vertices (220 trig, 172 trig+kin events)
  [3533/3745] nano_3533.root
         -> 4,683 vertices (2,156 trig, 1,531 trig+kin events)
  [3534/3745] nano_3534.root
         -> 3,401 vertices (1,623 trig, 1,123 trig+kin events)
  [3535/3745] nano_3535.root
         -> 4,250 vertices (1,931 trig, 1,352 trig+kin events)
  [3536/3745] nano_3536.root
         -> 4,066 vertices (1,823 trig, 1,288 trig+kin events)
  [3537/3745] nano_3537.root
         -> 3,934 vertices (1,771 trig, 1,245 trig+kin events)
  [3538/3745] nano_3538.root
         -> 843 vertices (313 trig, 227 trig+kin events)
  [3539/3745] nano_3539.root
         -> 1,711 vertices (790 trig, 568 trig+kin events)
  [3540/3745] nano_3540.root
         -> 3,372 vertices (1,676 trig, 1,164 trig+kin events)
  [3541/3745] nano_3541.root
         -> 3,863 vertices (1,691 trig, 1,229 trig+kin events)
  [3542/3745] nano_3542.root
         -> 3,839 vertices (1,725 trig, 1,226 trig+kin events)
  [3543/3745] nano_3543.root
         -> 2,997 vertices (1,409 trig, 1,015 trig+kin events)
  [3544/3745] nano_3544.root
         -> 3,765 vertices (1,705 trig, 1,218 trig+kin events)
  [3545/3745] nano_3545.root
         -> 4,013 vertices (1,730 trig, 1,211 trig+kin events)
  [3546/3745] nano_3546.root
         -> 5,857 vertices (2,450 trig, 1,733 trig+kin events)
  [3547/3745] nano_3547.root
         -> 6,921 vertices (3,054 trig, 2,161 trig+kin events)
  [3548/3745] nano_3548.root
         -> 5,684 vertices (2,690 trig, 1,949 trig+kin events)
  [3549/3745] nano_3549.root
         -> 5,974 vertices (2,969 trig, 2,090 trig+kin events)
  [3550/3745] nano_3550.root
         -> 6,966 vertices (3,268 trig, 2,332 trig+kin events)
  [3551/3745] nano_3551.root
         -> 3,859 vertices (1,687 trig, 1,197 trig+kin events)
  [3552/3745] nano_3552.root
         -> 6,899 vertices (3,223 trig, 2,339 trig+kin events)
  [3553/3745] nano_3553.root
         -> 6,765 vertices (3,222 trig, 2,303 trig+kin events)
  [3554/3745] nano_3554.root
         -> 6,716 vertices (3,160 trig, 2,269 trig+kin events)
  [3555/3745] nano_3555.root
         -> 4,966 vertices (2,299 trig, 1,649 trig+kin events)
  [3556/3745] nano_3556.root
         -> 6,447 vertices (3,230 trig, 2,279 trig+kin events)
  [3557/3745] nano_3557.root
         -> 4,263 vertices (1,961 trig, 1,395 trig+kin events)
  [3558/3745] nano_3558.root
         -> 3,594 vertices (1,691 trig, 1,205 trig+kin events)
  [3559/3745] nano_3559.root
         -> 6,118 vertices (2,736 trig, 1,975 trig+kin events)
  [3560/3745] nano_3560.root
         -> 3,967 vertices (1,773 trig, 1,281 trig+kin events)
  [3561/3745] nano_3561.root
         -> 5,620 vertices (2,589 trig, 1,858 trig+kin events)
  [3562/3745] nano_3562.root
         -> 5,397 vertices (2,410 trig, 1,716 trig+kin events)
  [3563/3745] nano_3563.root
         -> 4,753 vertices (2,038 trig, 1,475 trig+kin events)
  [3564/3745] nano_3564.root
         -> 4,708 vertices (2,243 trig, 1,589 trig+kin events)
  [3565/3745] nano_3565.root
         -> 3,938 vertices (1,697 trig, 1,196 trig+kin events)
  [3566/3745] nano_3566.root
         -> 3,827 vertices (1,911 trig, 1,389 trig+kin events)
  [3567/3745] nano_3567.root
         -> 4,054 vertices (1,900 trig, 1,362 trig+kin events)
  [3568/3745] nano_3568.root
         -> 3,725 vertices (1,754 trig, 1,244 trig+kin events)
  [3569/3745] nano_3569.root
         -> 5,316 vertices (2,390 trig, 1,712 trig+kin events)
  [3570/3745] nano_3570.root
         -> 4,867 vertices (2,365 trig, 1,647 trig+kin events)
  [3571/3745] nano_3571.root
         -> 3,588 vertices (1,669 trig, 1,181 trig+kin events)
  [3572/3745] nano_3572.root
         -> 6,731 vertices (3,172 trig, 2,265 trig+kin events)
  [3573/3745] nano_3573.root
         -> 5,012 vertices (2,289 trig, 1,625 trig+kin events)
  [3574/3745] nano_3574.root
         -> 6,366 vertices (2,765 trig, 1,955 trig+kin events)
  [3575/3745] nano_3575.root
         -> 2,184 vertices (997 trig, 701 trig+kin events)
  [3576/3745] nano_3576.root
         -> 3,982 vertices (1,880 trig, 1,367 trig+kin events)
  [3577/3745] nano_3577.root
         -> 3,857 vertices (1,717 trig, 1,207 trig+kin events)
  [3578/3745] nano_3578.root
         -> 3,663 vertices (1,681 trig, 1,215 trig+kin events)
  [3579/3745] nano_3579.root
         -> 4,111 vertices (2,024 trig, 1,453 trig+kin events)
  [3580/3745] nano_3580.root
         -> 3,805 vertices (1,742 trig, 1,254 trig+kin events)
  [3581/3745] nano_3581.root
         -> 3,489 vertices (1,561 trig, 1,114 trig+kin events)
  [3582/3745] nano_3582.root
         -> 3,503 vertices (1,629 trig, 1,187 trig+kin events)
  [3583/3745] nano_3583.root
         -> 108 vertices (69 trig, 42 trig+kin events)
  [3584/3745] nano_3584.root
         -> 4,110 vertices (1,853 trig, 1,294 trig+kin events)
  [3585/3745] nano_3585.root
         -> 4,998 vertices (2,125 trig, 1,507 trig+kin events)
  [3586/3745] nano_3586.root
         -> 4,236 vertices (1,734 trig, 1,233 trig+kin events)
  [3587/3745] nano_3587.root
         -> 3,657 vertices (1,910 trig, 1,331 trig+kin events)
  [3588/3745] nano_3588.root
         -> 4,225 vertices (1,805 trig, 1,303 trig+kin events)
  [3589/3745] nano_3589.root
         -> 5,114 vertices (2,359 trig, 1,681 trig+kin events)
  [3590/3745] nano_3590.root
         -> 4,164 vertices (1,886 trig, 1,355 trig+kin events)
  [3591/3745] nano_3591.root
         -> 3,124 vertices (1,616 trig, 1,112 trig+kin events)
  [3592/3745] nano_3592.root
         -> 4,442 vertices (1,915 trig, 1,379 trig+kin events)
  [3593/3745] nano_3593.root
         -> 5,138 vertices (2,342 trig, 1,688 trig+kin events)
  [3594/3745] nano_3594.root
         -> 4,797 vertices (2,315 trig, 1,646 trig+kin events)
  [3595/3745] nano_3595.root
         -> 4,023 vertices (1,804 trig, 1,296 trig+kin events)
  [3596/3745] nano_3596.root
         -> 3,748 vertices (1,683 trig, 1,188 trig+kin events)
  [3597/3745] nano_3597.root
         -> 4,192 vertices (1,967 trig, 1,366 trig+kin events)
  [3598/3745] nano_3598.root
         -> 4,770 vertices (2,078 trig, 1,481 trig+kin events)
  [3599/3745] nano_3599.root
         -> 6,250 vertices (2,837 trig, 1,996 trig+kin events)
  [3600/3745] nano_3600.root
         -> 4,214 vertices (1,803 trig, 1,308 trig+kin events)
  [3601/3745] nano_3601.root
         -> 4,063 vertices (1,814 trig, 1,285 trig+kin events)
  [3602/3745] nano_3602.root
         -> 4,057 vertices (1,794 trig, 1,266 trig+kin events)
  [3603/3745] nano_3603.root
         -> 4,002 vertices (1,876 trig, 1,338 trig+kin events)
  [3604/3745] nano_3604.root
         -> 2,501 vertices (1,109 trig, 812 trig+kin events)
  [3605/3745] nano_3605.root
         -> 426 vertices (165 trig, 125 trig+kin events)
  [3606/3745] nano_3606.root
         -> 3,461 vertices (1,667 trig, 1,178 trig+kin events)
  [3607/3745] nano_3607.root
         -> 3,366 vertices (1,551 trig, 1,094 trig+kin events)
  [3608/3745] nano_3608.root
         -> 5,299 vertices (2,473 trig, 1,763 trig+kin events)
  [3609/3745] nano_3609.root
         -> 5,038 vertices (2,241 trig, 1,611 trig+kin events)
  [3610/3745] nano_3610.root
         -> 4,461 vertices (2,061 trig, 1,474 trig+kin events)
  [3611/3745] nano_3611.root
         -> 5,468 vertices (2,458 trig, 1,757 trig+kin events)
  [3612/3745] nano_3612.root
         -> 4,462 vertices (2,068 trig, 1,511 trig+kin events)
  [3613/3745] nano_3613.root
         -> 4,189 vertices (2,024 trig, 1,421 trig+kin events)
  [3614/3745] nano_3614.root
         -> 4,037 vertices (1,724 trig, 1,231 trig+kin events)
  [3615/3745] nano_3615.root
         -> 3,974 vertices (1,780 trig, 1,258 trig+kin events)
  [3616/3745] nano_3616.root
         -> 4,549 vertices (2,046 trig, 1,453 trig+kin events)
  [3617/3745] nano_3617.root
         -> 3,823 vertices (1,750 trig, 1,266 trig+kin events)
  [3618/3745] nano_3618.root
         -> 3,839 vertices (1,777 trig, 1,279 trig+kin events)
  [3619/3745] nano_3619.root
         -> 4,217 vertices (1,939 trig, 1,406 trig+kin events)
  [3620/3745] nano_3620.root
         -> 3,867 vertices (1,708 trig, 1,219 trig+kin events)
  [3621/3745] nano_3621.root
         -> 5,086 vertices (2,435 trig, 1,697 trig+kin events)
  [3622/3745] nano_3622.root
         -> 4,716 vertices (2,025 trig, 1,445 trig+kin events)
  [3623/3745] nano_3623.root
         -> 4,273 vertices (2,017 trig, 1,431 trig+kin events)
  [3624/3745] nano_3624.root
         -> 4,131 vertices (1,918 trig, 1,346 trig+kin events)
  [3625/3745] nano_3625.root
         -> 3,597 vertices (1,703 trig, 1,200 trig+kin events)
  [3626/3745] nano_3626.root
         -> 3,605 vertices (1,719 trig, 1,232 trig+kin events)
  [3627/3745] nano_3627.root
         -> 3,670 vertices (1,766 trig, 1,249 trig+kin events)
  [3628/3745] nano_3628.root
         -> 3,938 vertices (1,713 trig, 1,179 trig+kin events)
  [3629/3745] nano_3629.root
         -> 4,175 vertices (1,988 trig, 1,371 trig+kin events)
  [3630/3745] nano_3630.root
         -> 3,750 vertices (1,611 trig, 1,152 trig+kin events)
  [3631/3745] nano_3631.root
         -> 2,605 vertices (1,221 trig, 860 trig+kin events)
  [3632/3745] nano_3632.root
         -> 3,886 vertices (1,756 trig, 1,222 trig+kin events)
  [3633/3745] nano_3633.root
         -> 3,336 vertices (1,603 trig, 1,103 trig+kin events)
  [3634/3745] nano_3634.root
         -> 3,739 vertices (1,755 trig, 1,255 trig+kin events)
  [3635/3745] nano_3635.root
         -> 4,755 vertices (2,320 trig, 1,638 trig+kin events)
  [3636/3745] nano_3636.root
         -> 3,894 vertices (1,762 trig, 1,247 trig+kin events)
  [3637/3745] nano_3637.root
         -> 263 vertices (138 trig, 100 trig+kin events)
  [3638/3745] nano_3638.root
         -> 3,642 vertices (1,726 trig, 1,204 trig+kin events)
  [3639/3745] nano_3639.root
         -> 4,892 vertices (2,237 trig, 1,604 trig+kin events)
  [3640/3745] nano_3640.root
         -> 3,477 vertices (1,673 trig, 1,161 trig+kin events)
  [3641/3745] nano_3641.root
         -> 4,596 vertices (2,073 trig, 1,499 trig+kin events)
  [3642/3745] nano_3642.root
         -> 3,859 vertices (1,718 trig, 1,241 trig+kin events)
  [3643/3745] nano_3643.root
         -> 2,836 vertices (1,370 trig, 1,002 trig+kin events)
  [3644/3745] nano_3644.root
         -> 3,837 vertices (1,904 trig, 1,331 trig+kin events)
  [3645/3745] nano_3645.root
         -> 4,238 vertices (1,828 trig, 1,326 trig+kin events)
  [3646/3745] nano_3646.root
         -> 3,795 vertices (1,808 trig, 1,275 trig+kin events)
  [3647/3745] nano_3647.root
         -> 4,154 vertices (1,971 trig, 1,382 trig+kin events)
  [3648/3745] nano_3648.root
         -> 4,444 vertices (2,062 trig, 1,451 trig+kin events)
  [3649/3745] nano_3649.root
         -> 3,440 vertices (1,565 trig, 1,118 trig+kin events)
  [3650/3745] nano_3650.root
         -> 3,416 vertices (1,630 trig, 1,169 trig+kin events)
  [3651/3745] nano_3651.root
         -> 3,465 vertices (1,569 trig, 1,092 trig+kin events)
  [3652/3745] nano_3652.root
         -> 3,538 vertices (1,640 trig, 1,168 trig+kin events)
  [3653/3745] nano_3653.root
         -> 3,022 vertices (1,335 trig, 958 trig+kin events)
  [3654/3745] nano_3654.root
         -> 4,009 vertices (1,748 trig, 1,255 trig+kin events)
  [3655/3745] nano_3655.root
         -> 4,623 vertices (2,094 trig, 1,520 trig+kin events)
  [3656/3745] nano_3656.root
         -> 2,949 vertices (1,281 trig, 905 trig+kin events)
  [3657/3745] nano_3657.root
         -> 3,918 vertices (1,805 trig, 1,284 trig+kin events)
  [3658/3745] nano_3658.root
         -> 1,233 vertices (582 trig, 421 trig+kin events)
  [3659/3745] nano_3659.root
         -> 4,901 vertices (2,221 trig, 1,605 trig+kin events)
  [3660/3745] nano_3660.root
         -> 4,184 vertices (1,848 trig, 1,354 trig+kin events)
  [3661/3745] nano_3661.root
         -> 4,164 vertices (2,019 trig, 1,402 trig+kin events)
  [3662/3745] nano_3662.root
         -> 4,127 vertices (2,075 trig, 1,426 trig+kin events)
  [3663/3745] nano_3663.root
         -> 3,272 vertices (1,611 trig, 1,146 trig+kin events)
  [3664/3745] nano_3664.root
         -> 4,399 vertices (1,833 trig, 1,317 trig+kin events)
  [3665/3745] nano_3665.root
         -> 5,128 vertices (2,306 trig, 1,667 trig+kin events)
  [3666/3745] nano_3666.root
         -> 3,644 vertices (1,723 trig, 1,221 trig+kin events)
  [3667/3745] nano_3667.root
         -> 3,987 vertices (1,767 trig, 1,268 trig+kin events)
  [3668/3745] nano_3668.root
         -> 6,387 vertices (2,923 trig, 2,087 trig+kin events)
  [3669/3745] nano_3669.root
         -> 4,958 vertices (2,262 trig, 1,606 trig+kin events)
  [3670/3745] nano_3670.root
         -> 3,997 vertices (1,902 trig, 1,339 trig+kin events)
  [3671/3745] nano_3671.root
         -> 3,611 vertices (1,620 trig, 1,143 trig+kin events)
  [3672/3745] nano_3672.root
         -> 6,447 vertices (2,882 trig, 2,099 trig+kin events)
  [3673/3745] nano_3673.root
         -> 6,890 vertices (3,225 trig, 2,295 trig+kin events)
  [3674/3745] nano_3674.root
         -> 3,581 vertices (1,751 trig, 1,228 trig+kin events)
  [3675/3745] nano_3675.root
         -> 5,171 vertices (2,321 trig, 1,642 trig+kin events)
  [3676/3745] nano_3676.root
         -> 5,325 vertices (2,354 trig, 1,691 trig+kin events)
  [3677/3745] nano_3677.root
         -> 4,318 vertices (2,013 trig, 1,429 trig+kin events)
  [3678/3745] nano_3678.root
         -> 4,287 vertices (1,828 trig, 1,323 trig+kin events)
  [3679/3745] nano_3679.root
         -> 5,942 vertices (2,791 trig, 1,983 trig+kin events)
  [3680/3745] nano_3680.root
         -> 3,658 vertices (1,799 trig, 1,263 trig+kin events)
  [3681/3745] nano_3681.root
         -> 4,174 vertices (1,857 trig, 1,303 trig+kin events)
  [3682/3745] nano_3682.root
         -> 4,249 vertices (1,770 trig, 1,292 trig+kin events)
  [3683/3745] nano_3683.root
         -> 5,013 vertices (2,192 trig, 1,595 trig+kin events)
  [3684/3745] nano_3684.root
         -> 3,999 vertices (1,804 trig, 1,300 trig+kin events)
  [3685/3745] nano_3685.root
         -> 4,999 vertices (2,375 trig, 1,673 trig+kin events)
  [3686/3745] nano_3686.root
         -> 4,312 vertices (2,030 trig, 1,426 trig+kin events)
  [3687/3745] nano_3687.root
         -> 4,849 vertices (2,162 trig, 1,559 trig+kin events)
  [3688/3745] nano_3688.root
         -> 3,927 vertices (1,815 trig, 1,323 trig+kin events)
  [3689/3745] nano_3689.root
         -> 3,779 vertices (1,640 trig, 1,183 trig+kin events)
  [3690/3745] nano_3690.root
         -> 3,980 vertices (1,731 trig, 1,238 trig+kin events)
  [3691/3745] nano_3691.root
         -> 4,327 vertices (2,014 trig, 1,456 trig+kin events)
  [3692/3745] nano_3692.root
         -> 3,678 vertices (1,692 trig, 1,187 trig+kin events)
  [3693/3745] nano_3693.root
         -> 4,610 vertices (2,090 trig, 1,497 trig+kin events)
  [3694/3745] nano_3694.root
         -> 4,242 vertices (1,918 trig, 1,372 trig+kin events)
  [3695/3745] nano_3695.root
         -> 3,636 vertices (1,767 trig, 1,262 trig+kin events)
  [3696/3745] nano_3696.root
         -> 4,500 vertices (1,985 trig, 1,427 trig+kin events)
  [3697/3745] nano_3697.root
         -> 4,360 vertices (1,869 trig, 1,345 trig+kin events)
  [3698/3745] nano_3698.root
         -> 3,612 vertices (1,685 trig, 1,230 trig+kin events)
  [3699/3745] nano_3699.root
         -> 4,685 vertices (2,154 trig, 1,518 trig+kin events)
  [3700/3745] nano_3700.root
         -> 4,051 vertices (1,903 trig, 1,334 trig+kin events)
  [3701/3745] nano_3701.root
         -> 4,676 vertices (2,239 trig, 1,580 trig+kin events)
  [3702/3745] nano_3702.root
         -> 3,713 vertices (1,842 trig, 1,302 trig+kin events)
  [3703/3745] nano_3703.root
         -> 4,322 vertices (1,934 trig, 1,363 trig+kin events)
  [3704/3745] nano_3704.root
         -> 4,597 vertices (2,118 trig, 1,517 trig+kin events)
  [3705/3745] nano_3705.root
         -> 3,414 vertices (1,669 trig, 1,177 trig+kin events)
  [3706/3745] nano_3706.root
         -> 3,751 vertices (1,645 trig, 1,147 trig+kin events)
  [3707/3745] nano_3707.root
         -> 3,775 vertices (1,833 trig, 1,326 trig+kin events)
  [3708/3745] nano_3708.root
         -> 4,452 vertices (2,148 trig, 1,537 trig+kin events)
  [3709/3745] nano_3709.root
         -> 5,614 vertices (2,532 trig, 1,813 trig+kin events)
  [3710/3745] nano_3710.root
         -> 3,591 vertices (1,632 trig, 1,146 trig+kin events)
  [3711/3745] nano_3711.root
         -> 4,337 vertices (1,932 trig, 1,390 trig+kin events)
  [3712/3745] nano_3712.root
         -> 3,712 vertices (1,695 trig, 1,205 trig+kin events)
  [3713/3745] nano_3713.root
         -> 3,598 vertices (1,598 trig, 1,149 trig+kin events)
  [3714/3745] nano_3714.root
         -> 4,988 vertices (2,434 trig, 1,748 trig+kin events)
  [3715/3745] nano_3715.root
         -> 3,595 vertices (1,607 trig, 1,151 trig+kin events)
  [3716/3745] nano_3716.root
         -> 4,690 vertices (2,279 trig, 1,583 trig+kin events)
  [3717/3745] nano_3717.root
         -> 5,893 vertices (2,758 trig, 1,947 trig+kin events)
  [3718/3745] nano_3718.root
         -> 1,174 vertices (555 trig, 411 trig+kin events)
  [3719/3745] nano_3719.root
         -> 3,527 vertices (1,650 trig, 1,156 trig+kin events)
  [3720/3745] nano_3720.root
         -> 3,508 vertices (1,579 trig, 1,138 trig+kin events)
  [3721/3745] nano_3721.root
         -> 3,667 vertices (1,742 trig, 1,214 trig+kin events)
  [3722/3745] nano_3722.root
         -> 3,720 vertices (1,760 trig, 1,258 trig+kin events)
  [3723/3745] nano_3723.root
         -> 3,937 vertices (1,849 trig, 1,310 trig+kin events)
  [3724/3745] nano_3724.root
         -> 1,768 vertices (763 trig, 544 trig+kin events)
  [3725/3745] nano_3725.root
         -> 3,423 vertices (1,735 trig, 1,229 trig+kin events)
  [3726/3745] nano_3726.root
         -> 3,526 vertices (1,731 trig, 1,198 trig+kin events)
  [3727/3745] nano_3727.root
         -> 4,460 vertices (2,091 trig, 1,444 trig+kin events)
  [3728/3745] nano_3728.root
         -> 2,409 vertices (1,100 trig, 782 trig+kin events)
  [3729/3745] nano_3729.root
         -> 4,892 vertices (2,151 trig, 1,533 trig+kin events)
  [3730/3745] nano_3730.root
         -> 4,857 vertices (2,296 trig, 1,633 trig+kin events)
  [3731/3745] nano_3731.root
         -> 3,998 vertices (1,988 trig, 1,393 trig+kin events)
  [3732/3745] nano_3732.root
         -> 4,125 vertices (1,800 trig, 1,291 trig+kin events)
  [3733/3745] nano_3733.root
         -> 3,822 vertices (1,708 trig, 1,219 trig+kin events)
  [3734/3745] nano_3734.root
         -> 4,423 vertices (1,992 trig, 1,443 trig+kin events)
  [3735/3745] nano_3735.root
         -> 3,931 vertices (1,840 trig, 1,294 trig+kin events)
  [3736/3745] nano_3736.root
         -> 6,099 vertices (2,579 trig, 1,844 trig+kin events)
  [3737/3745] nano_3737.root
         -> 3,958 vertices (1,845 trig, 1,299 trig+kin events)
  [3738/3745] nano_3738.root
         -> 3,771 vertices (1,852 trig, 1,301 trig+kin events)
  [3739/3745] nano_3739.root
         -> 3,741 vertices (1,725 trig, 1,242 trig+kin events)
  [3740/3745] nano_3740.root
         -> 3,728 vertices (1,715 trig, 1,229 trig+kin events)
  [3741/3745] nano_3741.root
         -> 4,206 vertices (2,197 trig, 1,536 trig+kin events)
  [3742/3745] nano_3742.root
         -> 3,607 vertices (1,666 trig, 1,175 trig+kin events)
  [3743/3745] nano_3743.root
         -> 4,657 vertices (2,014 trig, 1,454 trig+kin events)
  [3744/3745] nano_3744.root
         -> 560 vertices (241 trig, 177 trig+kin events)
  [3745/3745] nano_3745.root
         -> 3,829 vertices (1,666 trig, 1,188 trig+kin events)

Saved QCD shard: /vols/cms/jtafoyav/parking/nanoaod_base_analysis_13/dqcd/_tools/shards_local_v3/.tmp_999850_qcd_QCD_Bin-PT-600to800_Fil-MuEnriched_TuneCP5_13p6TeV_pythia8.npz  (QCD_Bin-PT-600to800_Fil-MuEnriched_TuneCP5_13p6TeV_pythia8, 19,767,218 vertices)
