
=== QCD ===

[QCD] listing /pnfs/hep.ph.ic.ac.uk/data/cms/store/user/tafoyava/samples/bParking/2024
  1 PT-bin directories; taking ALL file(s) each
  -> 250923_140317/
    -> 0000/
         999 .root files collected under 0000
    -> 0001/
         1000 .root files collected under 0001
    -> 0002/
         628 .root files collected under 0002
       2627 .root files collected under 250923_140317
     2627 .root files collected under QCD_Bin-PT-20to30_Fil-MuEnriched_TuneCP5_13p6TeV_pythia8
  => 2627 QCD files over 1 bins

[QCD bin] QCD_Bin-PT-20to30_Fil-MuEnriched_TuneCP5_13p6TeV_pythia8  (xs = 2.701e+06 pb, 2627 of 2627 files)
/vols/cms/jtafoyav/parking/nanoaod_base_analysis_13/dqcd/nanoaod_base_analysis/data/software/lib/python3.9/site-packages/_distutils_hack/__init__.py:11: UserWarning: Distutils was imported before Setuptools, but importing Setuptools also replaces the `distutils` module in `sys.modules`. This may lead to undesirable behaviors or errors. To avoid these issues, avoid using distutils directly, ensure that setuptools is installed in the traditional way (e.g. not an editable install), and/or make sure that setuptools is always imported before distutils.
  warnings.warn(
/vols/cms/jtafoyav/parking/nanoaod_base_analysis_13/dqcd/nanoaod_base_analysis/data/software/lib/python3.9/site-packages/_distutils_hack/__init__.py:26: UserWarning: Setuptools is replacing distutils.
  warnings.warn("Setuptools is replacing distutils.")
  [1/2627] nano_1.root
         -> 167 vertices (467 trig, 147 trig+kin events)
  [2/2627] nano_10.root
         -> 201 vertices (566 trig, 204 trig+kin events)
  [3/2627] nano_100.root
         -> 203 vertices (475 trig, 169 trig+kin events)
  [4/2627] nano_101.root
         -> 164 vertices (468 trig, 155 trig+kin events)
  [5/2627] nano_102.root
         -> 187 vertices (442 trig, 160 trig+kin events)
  [6/2627] nano_103.root
         -> 318 vertices (756 trig, 266 trig+kin events)
  [7/2627] nano_104.root
         -> 333 vertices (881 trig, 296 trig+kin events)
  [8/2627] nano_105.root
         -> 356 vertices (867 trig, 319 trig+kin events)
  [9/2627] nano_106.root
         -> 374 vertices (883 trig, 331 trig+kin events)
  [10/2627] nano_107.root
         -> 303 vertices (742 trig, 273 trig+kin events)
  [11/2627] nano_108.root
         -> 164 vertices (467 trig, 147 trig+kin events)
  [12/2627] nano_109.root
         -> 177 vertices (427 trig, 147 trig+kin events)
  [13/2627] nano_11.root
         -> 186 vertices (449 trig, 163 trig+kin events)
  [14/2627] nano_110.root
         -> 343 vertices (856 trig, 326 trig+kin events)
  [15/2627] nano_111.root
         -> 191 vertices (509 trig, 169 trig+kin events)
  [16/2627] nano_112.root
         -> 212 vertices (519 trig, 194 trig+kin events)
  [17/2627] nano_113.root
         -> 342 vertices (883 trig, 318 trig+kin events)
  [18/2627] nano_114.root
         -> 377 vertices (888 trig, 329 trig+kin events)
  [19/2627] nano_115.root
         -> 224 vertices (499 trig, 188 trig+kin events)
  [20/2627] nano_116.root
         -> 314 vertices (846 trig, 296 trig+kin events)
  [21/2627] nano_117.root
         -> 333 vertices (803 trig, 289 trig+kin events)
  [22/2627] nano_118.root
         -> 27 vertices (64 trig, 22 trig+kin events)
  [23/2627] nano_119.root
         -> 371 vertices (905 trig, 344 trig+kin events)
  [24/2627] nano_12.root
         -> 240 vertices (666 trig, 239 trig+kin events)
  [25/2627] nano_120.root
         -> 251 vertices (562 trig, 201 trig+kin events)
  [26/2627] nano_121.root
         -> 215 vertices (529 trig, 189 trig+kin events)
  [27/2627] nano_122.root
         -> 272 vertices (671 trig, 247 trig+kin events)
  [28/2627] nano_123.root
         -> 361 vertices (864 trig, 319 trig+kin events)
  [29/2627] nano_124.root
         -> 339 vertices (841 trig, 313 trig+kin events)
  [30/2627] nano_125.root
         -> 190 vertices (493 trig, 179 trig+kin events)
  [31/2627] nano_126.root
         -> 384 vertices (897 trig, 351 trig+kin events)
  [32/2627] nano_127.root
         -> 257 vertices (625 trig, 230 trig+kin events)
  [33/2627] nano_128.root
         -> 381 vertices (889 trig, 344 trig+kin events)
  [34/2627] nano_129.root
         -> 359 vertices (902 trig, 338 trig+kin events)
  [35/2627] nano_13.root
         -> 153 vertices (436 trig, 142 trig+kin events)
  [36/2627] nano_130.root
         -> 207 vertices (510 trig, 183 trig+kin events)
  [37/2627] nano_131.root
         -> 252 vertices (660 trig, 232 trig+kin events)
  [38/2627] nano_132.root
         -> 299 vertices (845 trig, 288 trig+kin events)
  [39/2627] nano_133.root
         -> 173 vertices (459 trig, 150 trig+kin events)
  [40/2627] nano_134.root
         -> 194 vertices (489 trig, 188 trig+kin events)
  [41/2627] nano_135.root
         -> 155 vertices (443 trig, 154 trig+kin events)
  [42/2627] nano_136.root
         -> 194 vertices (474 trig, 177 trig+kin events)
  [43/2627] nano_137.root
         -> 230 vertices (535 trig, 201 trig+kin events)
  [44/2627] nano_138.root
         -> 183 vertices (452 trig, 173 trig+kin events)
  [45/2627] nano_139.root
         -> 374 vertices (896 trig, 336 trig+kin events)
  [46/2627] nano_14.root
         -> 178 vertices (429 trig, 159 trig+kin events)
  [47/2627] nano_140.root
         -> 202 vertices (456 trig, 175 trig+kin events)
  [48/2627] nano_141.root
         -> 393 vertices (932 trig, 344 trig+kin events)
  [49/2627] nano_142.root
         -> 188 vertices (484 trig, 171 trig+kin events)
  [50/2627] nano_143.root
         -> 194 vertices (423 trig, 173 trig+kin events)
  [51/2627] nano_144.root
         -> 210 vertices (532 trig, 184 trig+kin events)
  [52/2627] nano_145.root
         -> 180 vertices (474 trig, 165 trig+kin events)
  [53/2627] nano_146.root
         -> 315 vertices (820 trig, 295 trig+kin events)
  [54/2627] nano_147.root
         -> 197 vertices (463 trig, 180 trig+kin events)
  [55/2627] nano_148.root
         -> 354 vertices (876 trig, 319 trig+kin events)
  [56/2627] nano_149.root
         -> 205 vertices (444 trig, 169 trig+kin events)
  [57/2627] nano_15.root
         -> 269 vertices (568 trig, 220 trig+kin events)
  [58/2627] nano_150.root
         -> 373 vertices (927 trig, 341 trig+kin events)
  [59/2627] nano_151.root
         -> 162 vertices (422 trig, 155 trig+kin events)
  [60/2627] nano_152.root
         -> 314 vertices (827 trig, 301 trig+kin events)
  [61/2627] nano_153.root
         -> 209 vertices (582 trig, 206 trig+kin events)
  [62/2627] nano_154.root
         -> 214 vertices (495 trig, 179 trig+kin events)
  [63/2627] nano_155.root
         -> 314 vertices (826 trig, 280 trig+kin events)
  [64/2627] nano_156.root
         -> 164 vertices (396 trig, 143 trig+kin events)
  [65/2627] nano_157.root
         -> 330 vertices (837 trig, 308 trig+kin events)
  [66/2627] nano_158.root
         -> 187 vertices (480 trig, 165 trig+kin events)
  [67/2627] nano_159.root
         -> 177 vertices (438 trig, 155 trig+kin events)
  [68/2627] nano_16.root
         -> 190 vertices (476 trig, 168 trig+kin events)
  [69/2627] nano_160.root
         -> 366 vertices (887 trig, 328 trig+kin events)
  [70/2627] nano_161.root
         -> 212 vertices (523 trig, 192 trig+kin events)
  [71/2627] nano_162.root
         -> 239 vertices (516 trig, 201 trig+kin events)
  [72/2627] nano_163.root
         -> 189 vertices (476 trig, 168 trig+kin events)
  [73/2627] nano_164.root
         -> 284 vertices (731 trig, 256 trig+kin events)
  [74/2627] nano_165.root
         -> 181 vertices (425 trig, 176 trig+kin events)
  [75/2627] nano_166.root
         -> 343 vertices (886 trig, 297 trig+kin events)
  [76/2627] nano_167.root
         -> 259 vertices (639 trig, 222 trig+kin events)
  [77/2627] nano_168.root
         -> 5 vertices (6 trig, 4 trig+kin events)
  [78/2627] nano_169.root
         -> 386 vertices (897 trig, 341 trig+kin events)
  [79/2627] nano_17.root
         -> 234 vertices (567 trig, 208 trig+kin events)
  [80/2627] nano_170.root
         -> 340 vertices (904 trig, 317 trig+kin events)
  [81/2627] nano_171.root
         -> 344 vertices (883 trig, 313 trig+kin events)
  [82/2627] nano_172.root
         -> 217 vertices (522 trig, 202 trig+kin events)
  [83/2627] nano_173.root
         -> 4 vertices (11 trig, 2 trig+kin events)
  [84/2627] nano_174.root
         -> 338 vertices (888 trig, 318 trig+kin events)
  [85/2627] nano_175.root
         -> 350 vertices (904 trig, 322 trig+kin events)
  [86/2627] nano_176.root
         -> 356 vertices (853 trig, 306 trig+kin events)
  [87/2627] nano_177.root
         -> 214 vertices (480 trig, 185 trig+kin events)
  [88/2627] nano_178.root
         -> 289 vertices (700 trig, 252 trig+kin events)
  [89/2627] nano_179.root
         -> 193 vertices (529 trig, 189 trig+kin events)
  [90/2627] nano_18.root
         -> 206 vertices (497 trig, 178 trig+kin events)
  [91/2627] nano_180.root
         -> 199 vertices (488 trig, 184 trig+kin events)
  [92/2627] nano_181.root
         -> 302 vertices (788 trig, 280 trig+kin events)
  [93/2627] nano_182.root
         -> 370 vertices (892 trig, 329 trig+kin events)
  [94/2627] nano_183.root
         -> 177 vertices (432 trig, 172 trig+kin events)
  [95/2627] nano_184.root
         -> 219 vertices (603 trig, 209 trig+kin events)
  [96/2627] nano_185.root
         -> 245 vertices (598 trig, 223 trig+kin events)
  [97/2627] nano_186.root
         -> 282 vertices (705 trig, 258 trig+kin events)
  [98/2627] nano_187.root
         -> 159 vertices (434 trig, 149 trig+kin events)
  [99/2627] nano_188.root
         -> 42 vertices (94 trig, 33 trig+kin events)
  [100/2627] nano_189.root
         -> 155 vertices (317 trig, 139 trig+kin events)
  [101/2627] nano_19.root
         -> 208 vertices (507 trig, 196 trig+kin events)
  [102/2627] nano_190.root
         -> 207 vertices (595 trig, 198 trig+kin events)
  [103/2627] nano_191.root
         -> 185 vertices (472 trig, 173 trig+kin events)
  [104/2627] nano_192.root
         -> 222 vertices (582 trig, 202 trig+kin events)
  [105/2627] nano_193.root
         -> 200 vertices (515 trig, 197 trig+kin events)
  [106/2627] nano_194.root
         -> 250 vertices (572 trig, 222 trig+kin events)
  [107/2627] nano_195.root
         -> 329 vertices (866 trig, 308 trig+kin events)
  [108/2627] nano_196.root
         -> 179 vertices (509 trig, 165 trig+kin events)
  [109/2627] nano_197.root
         -> 201 vertices (512 trig, 191 trig+kin events)
  [110/2627] nano_198.root
         -> 417 vertices (879 trig, 341 trig+kin events)
  [111/2627] nano_199.root
         -> 363 vertices (874 trig, 334 trig+kin events)
  [112/2627] nano_2.root
         -> 207 vertices (531 trig, 189 trig+kin events)
  [113/2627] nano_20.root
         -> 217 vertices (510 trig, 190 trig+kin events)
  [114/2627] nano_200.root
         -> 173 vertices (500 trig, 166 trig+kin events)
  [115/2627] nano_201.root
         -> 287 vertices (653 trig, 257 trig+kin events)
  [116/2627] nano_202.root
         -> 194 vertices (408 trig, 171 trig+kin events)
  [117/2627] nano_203.root
         -> 365 vertices (864 trig, 326 trig+kin events)
  [118/2627] nano_204.root
         -> 363 vertices (883 trig, 309 trig+kin events)
  [119/2627] nano_205.root
         -> 198 vertices (473 trig, 178 trig+kin events)
  [120/2627] nano_206.root
         -> 191 vertices (478 trig, 156 trig+kin events)
  [121/2627] nano_207.root
         -> 252 vertices (654 trig, 239 trig+kin events)
  [122/2627] nano_208.root
         -> 175 vertices (460 trig, 159 trig+kin events)
  [123/2627] nano_209.root
         -> 192 vertices (509 trig, 189 trig+kin events)
  [124/2627] nano_21.root
         -> 282 vertices (627 trig, 235 trig+kin events)
  [125/2627] nano_210.root
         -> 368 vertices (928 trig, 338 trig+kin events)
  [126/2627] nano_211.root
         -> 32 vertices (62 trig, 26 trig+kin events)
  [127/2627] nano_212.root
         -> 230 vertices (531 trig, 208 trig+kin events)
  [128/2627] nano_213.root
         -> 403 vertices (885 trig, 350 trig+kin events)
  [129/2627] nano_214.root
         -> 132 vertices (339 trig, 120 trig+kin events)
  [130/2627] nano_215.root
         -> 297 vertices (752 trig, 266 trig+kin events)
  [131/2627] nano_216.root
         -> 235 vertices (600 trig, 224 trig+kin events)
  [132/2627] nano_217.root
         -> 146 vertices (443 trig, 145 trig+kin events)
  [133/2627] nano_218.root
         -> 193 vertices (445 trig, 174 trig+kin events)
  [134/2627] nano_219.root
         -> 382 vertices (906 trig, 325 trig+kin events)
  [135/2627] nano_22.root
         -> 249 vertices (652 trig, 235 trig+kin events)
  [136/2627] nano_220.root
         -> 207 vertices (469 trig, 185 trig+kin events)
  [137/2627] nano_221.root
         -> 322 vertices (722 trig, 287 trig+kin events)
  [138/2627] nano_222.root
         -> 338 vertices (909 trig, 313 trig+kin events)
  [139/2627] nano_223.root
         -> 197 vertices (498 trig, 173 trig+kin events)
  [140/2627] nano_224.root
         -> 367 vertices (884 trig, 335 trig+kin events)
  [141/2627] nano_225.root
         -> 229 vertices (572 trig, 199 trig+kin events)
  [142/2627] nano_226.root
         -> 325 vertices (832 trig, 309 trig+kin events)
  [143/2627] nano_227.root
         -> 370 vertices (893 trig, 330 trig+kin events)
  [144/2627] nano_228.root
         -> 328 vertices (857 trig, 307 trig+kin events)
  [145/2627] nano_229.root
         -> 345 vertices (803 trig, 307 trig+kin events)
  [146/2627] nano_23.root
         -> 246 vertices (583 trig, 203 trig+kin events)
  [147/2627] nano_230.root
         -> 339 vertices (921 trig, 321 trig+kin events)
  [148/2627] nano_231.root
         -> 164 vertices (443 trig, 143 trig+kin events)
  [149/2627] nano_232.root
         -> 221 vertices (522 trig, 193 trig+kin events)
  [150/2627] nano_233.root
         -> 234 vertices (695 trig, 233 trig+kin events)
  [151/2627] nano_234.root
         -> 159 vertices (448 trig, 153 trig+kin events)
  [152/2627] nano_235.root
         -> 222 vertices (505 trig, 204 trig+kin events)
  [153/2627] nano_236.root
         -> 166 vertices (451 trig, 172 trig+kin events)
  [154/2627] nano_237.root
         -> 213 vertices (475 trig, 194 trig+kin events)
  [155/2627] nano_238.root
         -> 328 vertices (819 trig, 309 trig+kin events)
  [156/2627] nano_239.root
         -> 360 vertices (887 trig, 315 trig+kin events)
  [157/2627] nano_24.root
         -> 257 vertices (590 trig, 240 trig+kin events)
  [158/2627] nano_240.root
         -> 363 vertices (915 trig, 333 trig+kin events)
  [159/2627] nano_241.root
         -> 379 vertices (894 trig, 334 trig+kin events)
  [160/2627] nano_242.root
         -> 199 vertices (474 trig, 176 trig+kin events)
  [161/2627] nano_243.root
         -> 333 vertices (869 trig, 302 trig+kin events)
  [162/2627] nano_244.root
         -> 212 vertices (523 trig, 190 trig+kin events)
  [163/2627] nano_245.root
         -> 199 vertices (471 trig, 177 trig+kin events)
  [164/2627] nano_246.root
         -> 172 vertices (449 trig, 161 trig+kin events)
  [165/2627] nano_247.root
         -> 116 vertices (274 trig, 100 trig+kin events)
  [166/2627] nano_248.root
         -> 346 vertices (869 trig, 309 trig+kin events)
  [167/2627] nano_249.root
         -> 205 vertices (501 trig, 193 trig+kin events)
  [168/2627] nano_25.root
         -> 219 vertices (514 trig, 199 trig+kin events)
  [169/2627] nano_250.root
         -> 207 vertices (513 trig, 181 trig+kin events)
  [170/2627] nano_251.root
         -> 187 vertices (467 trig, 173 trig+kin events)
  [171/2627] nano_252.root
         -> 347 vertices (913 trig, 310 trig+kin events)
  [172/2627] nano_253.root
         -> 322 vertices (900 trig, 316 trig+kin events)
  [173/2627] nano_254.root
         -> 387 vertices (924 trig, 346 trig+kin events)
  [174/2627] nano_255.root
         -> 323 vertices (856 trig, 305 trig+kin events)
  [175/2627] nano_256.root
         -> 303 vertices (873 trig, 296 trig+kin events)
  [176/2627] nano_257.root
         -> 176 vertices (474 trig, 162 trig+kin events)
  [177/2627] nano_258.root
         -> 367 vertices (931 trig, 341 trig+kin events)
  [178/2627] nano_259.root
         -> 375 vertices (882 trig, 325 trig+kin events)
  [179/2627] nano_26.root
         -> 273 vertices (668 trig, 259 trig+kin events)
  [180/2627] nano_260.root
         -> 222 vertices (583 trig, 201 trig+kin events)
  [181/2627] nano_261.root
         -> 385 vertices (898 trig, 332 trig+kin events)
  [182/2627] nano_262.root
         -> 196 vertices (468 trig, 173 trig+kin events)
  [183/2627] nano_263.root
         -> 296 vertices (854 trig, 283 trig+kin events)
  [184/2627] nano_264.root
         -> 367 vertices (893 trig, 341 trig+kin events)
  [185/2627] nano_265.root
         -> 195 vertices (478 trig, 175 trig+kin events)
  [186/2627] nano_266.root
         -> 155 vertices (446 trig, 146 trig+kin events)
  [187/2627] nano_267.root
         -> 173 vertices (426 trig, 151 trig+kin events)
  [188/2627] nano_268.root
         -> 280 vertices (841 trig, 279 trig+kin events)
  [189/2627] nano_269.root
         -> 320 vertices (788 trig, 281 trig+kin events)
  [190/2627] nano_27.root
         -> 205 vertices (507 trig, 186 trig+kin events)
  [191/2627] nano_270.root
         -> 350 vertices (863 trig, 322 trig+kin events)
  [192/2627] nano_271.root
         -> 189 vertices (450 trig, 170 trig+kin events)
  [193/2627] nano_272.root
         -> 374 vertices (921 trig, 339 trig+kin events)
  [194/2627] nano_273.root
         -> 212 vertices (489 trig, 190 trig+kin events)
  [195/2627] nano_274.root
         -> 255 vertices (588 trig, 227 trig+kin events)
  [196/2627] nano_275.root
         -> 186 vertices (458 trig, 161 trig+kin events)
  [197/2627] nano_276.root
         -> 167 vertices (493 trig, 159 trig+kin events)
  [198/2627] nano_277.root
         -> 117 vertices (331 trig, 107 trig+kin events)
  [199/2627] nano_278.root
         -> 213 vertices (579 trig, 205 trig+kin events)
  [200/2627] nano_279.root
         -> 240 vertices (496 trig, 204 trig+kin events)
  [201/2627] nano_28.root
         -> 222 vertices (494 trig, 189 trig+kin events)
  [202/2627] nano_280.root
         -> 392 vertices (944 trig, 335 trig+kin events)
  [203/2627] nano_281.root
         -> 202 vertices (459 trig, 188 trig+kin events)
  [204/2627] nano_282.root
         -> 305 vertices (850 trig, 289 trig+kin events)
  [205/2627] nano_283.root
         -> 166 vertices (473 trig, 161 trig+kin events)
  [206/2627] nano_284.root
         -> 333 vertices (814 trig, 303 trig+kin events)
  [207/2627] nano_285.root
         -> 179 vertices (451 trig, 155 trig+kin events)
  [208/2627] nano_286.root
         -> 388 vertices (882 trig, 338 trig+kin events)
  [209/2627] nano_287.root
         -> 330 vertices (801 trig, 295 trig+kin events)
  [210/2627] nano_288.root
         -> 180 vertices (520 trig, 165 trig+kin events)
  [211/2627] nano_289.root
         -> 202 vertices (488 trig, 182 trig+kin events)
  [212/2627] nano_29.root
         -> 178 vertices (448 trig, 157 trig+kin events)
  [213/2627] nano_290.root
         -> 355 vertices (935 trig, 313 trig+kin events)
  [214/2627] nano_291.root
         -> 202 vertices (486 trig, 173 trig+kin events)
  [215/2627] nano_292.root
         -> 330 vertices (831 trig, 294 trig+kin events)
  [216/2627] nano_293.root
         -> 373 vertices (928 trig, 309 trig+kin events)
  [217/2627] nano_294.root
         -> 193 vertices (452 trig, 169 trig+kin events)
  [218/2627] nano_295.root
         -> 370 vertices (901 trig, 329 trig+kin events)
  [219/2627] nano_296.root
         -> 312 vertices (830 trig, 284 trig+kin events)
  [220/2627] nano_297.root
         -> 349 vertices (912 trig, 321 trig+kin events)
  [221/2627] nano_298.root
         -> 347 vertices (889 trig, 322 trig+kin events)
  [222/2627] nano_299.root
         -> 265 vertices (589 trig, 223 trig+kin events)
  [223/2627] nano_3.root
         -> 224 vertices (544 trig, 199 trig+kin events)
  [224/2627] nano_30.root
         -> 206 vertices (488 trig, 178 trig+kin events)
  [225/2627] nano_300.root
         -> 63 vertices (137 trig, 50 trig+kin events)
  [226/2627] nano_301.root
         -> 198 vertices (490 trig, 178 trig+kin events)
  [227/2627] nano_302.root
         -> 123 vertices (304 trig, 117 trig+kin events)
  [228/2627] nano_303.root
         -> 282 vertices (657 trig, 255 trig+kin events)
  [229/2627] nano_304.root
         -> 205 vertices (473 trig, 169 trig+kin events)
  [230/2627] nano_305.root
         -> 249 vertices (617 trig, 220 trig+kin events)
  [231/2627] nano_306.root
         -> 258 vertices (648 trig, 238 trig+kin events)
  [232/2627] nano_307.root
         -> 210 vertices (447 trig, 172 trig+kin events)
  [233/2627] nano_308.root
         -> 196 vertices (466 trig, 182 trig+kin events)
  [234/2627] nano_309.root
         -> 308 vertices (714 trig, 268 trig+kin events)
  [235/2627] nano_31.root
         -> 247 vertices (495 trig, 195 trig+kin events)
  [236/2627] nano_310.root
         -> 206 vertices (492 trig, 184 trig+kin events)
  [237/2627] nano_311.root
         -> 354 vertices (863 trig, 321 trig+kin events)
  [238/2627] nano_312.root
         -> 199 vertices (530 trig, 186 trig+kin events)
  [239/2627] nano_313.root
         -> 269 vertices (725 trig, 260 trig+kin events)
  [240/2627] nano_314.root
         -> 227 vertices (532 trig, 209 trig+kin events)
  [241/2627] nano_315.root
         -> 345 vertices (865 trig, 318 trig+kin events)
  [242/2627] nano_316.root
         -> 327 vertices (845 trig, 292 trig+kin events)
  [243/2627] nano_317.root
         -> 179 vertices (474 trig, 176 trig+kin events)
  [244/2627] nano_318.root
         -> 135 vertices (319 trig, 118 trig+kin events)
  [245/2627] nano_319.root
         -> 189 vertices (505 trig, 186 trig+kin events)
  [246/2627] nano_32.root
         -> 279 vertices (635 trig, 257 trig+kin events)
  [247/2627] nano_320.root
         -> 203 vertices (477 trig, 183 trig+kin events)
  [248/2627] nano_321.root
         -> 199 vertices (480 trig, 174 trig+kin events)
  [249/2627] nano_322.root
         -> 217 vertices (560 trig, 200 trig+kin events)
  [250/2627] nano_323.root
         -> 376 vertices (913 trig, 336 trig+kin events)
  [251/2627] nano_324.root
         -> 184 vertices (447 trig, 170 trig+kin events)
  [252/2627] nano_325.root
         -> 171 vertices (453 trig, 158 trig+kin events)
  [253/2627] nano_326.root
         -> 338 vertices (875 trig, 317 trig+kin events)
  [254/2627] nano_327.root
         -> 225 vertices (506 trig, 194 trig+kin events)
  [255/2627] nano_328.root
         -> 355 vertices (901 trig, 329 trig+kin events)
  [256/2627] nano_329.root
         -> 224 vertices (623 trig, 203 trig+kin events)
  [257/2627] nano_33.root
         -> 295 vertices (675 trig, 259 trig+kin events)
  [258/2627] nano_330.root
         -> 200 vertices (477 trig, 173 trig+kin events)
  [259/2627] nano_331.root
         -> 216 vertices (499 trig, 185 trig+kin events)
  [260/2627] nano_332.root
         -> 204 vertices (459 trig, 171 trig+kin events)
  [261/2627] nano_333.root
         -> 376 vertices (831 trig, 337 trig+kin events)
  [262/2627] nano_334.root
         -> 350 vertices (873 trig, 318 trig+kin events)
  [263/2627] nano_335.root
         -> 372 vertices (878 trig, 337 trig+kin events)
  [264/2627] nano_336.root
         -> 200 vertices (511 trig, 191 trig+kin events)
  [265/2627] nano_337.root
         -> 386 vertices (916 trig, 332 trig+kin events)
  [266/2627] nano_338.root
         -> 201 vertices (515 trig, 178 trig+kin events)
  [267/2627] nano_339.root
         -> 260 vertices (649 trig, 250 trig+kin events)
  [268/2627] nano_34.root
         -> 184 vertices (488 trig, 166 trig+kin events)
  [269/2627] nano_340.root
         -> 354 vertices (875 trig, 325 trig+kin events)
  [270/2627] nano_341.root
         -> 198 vertices (457 trig, 176 trig+kin events)
  [271/2627] nano_342.root
         -> 308 vertices (855 trig, 297 trig+kin events)
  [272/2627] nano_343.root
         -> 366 vertices (832 trig, 330 trig+kin events)
  [273/2627] nano_344.root
         -> 242 vertices (682 trig, 223 trig+kin events)
  [274/2627] nano_345.root
         -> 426 vertices (880 trig, 349 trig+kin events)
  [275/2627] nano_346.root
         -> 170 vertices (471 trig, 163 trig+kin events)
  [276/2627] nano_347.root
         -> 342 vertices (903 trig, 313 trig+kin events)
  [277/2627] nano_348.root
         -> 190 vertices (458 trig, 184 trig+kin events)
  [278/2627] nano_349.root
         -> 359 vertices (932 trig, 342 trig+kin events)
  [279/2627] nano_35.root
         -> 216 vertices (487 trig, 186 trig+kin events)
  [280/2627] nano_350.root
         -> 36 vertices (95 trig, 35 trig+kin events)
  [281/2627] nano_351.root
         -> 381 vertices (926 trig, 352 trig+kin events)
  [282/2627] nano_352.root
         -> 293 vertices (694 trig, 254 trig+kin events)
  [283/2627] nano_353.root
         -> 188 vertices (472 trig, 165 trig+kin events)
  [284/2627] nano_354.root
         -> 393 vertices (914 trig, 348 trig+kin events)
  [285/2627] nano_355.root
         -> 354 vertices (896 trig, 333 trig+kin events)
  [286/2627] nano_356.root
         -> 339 vertices (823 trig, 311 trig+kin events)
  [287/2627] nano_357.root
         -> 182 vertices (463 trig, 155 trig+kin events)
  [288/2627] nano_358.root
         -> 327 vertices (960 trig, 308 trig+kin events)
  [289/2627] nano_359.root
         -> 202 vertices (431 trig, 170 trig+kin events)
  [290/2627] nano_36.root
         -> 236 vertices (505 trig, 201 trig+kin events)
  [291/2627] nano_360.root
         -> 378 vertices (924 trig, 345 trig+kin events)
  [292/2627] nano_361.root
         -> 371 vertices (927 trig, 341 trig+kin events)
  [293/2627] nano_362.root
         -> 341 vertices (863 trig, 308 trig+kin events)
  [294/2627] nano_363.root
         -> 380 vertices (905 trig, 338 trig+kin events)
  [295/2627] nano_364.root
         -> 203 vertices (457 trig, 176 trig+kin events)
  [296/2627] nano_365.root
         -> 234 vertices (456 trig, 170 trig+kin events)
  [297/2627] nano_366.root
         -> 304 vertices (705 trig, 275 trig+kin events)
  [298/2627] nano_367.root
         -> 376 vertices (914 trig, 343 trig+kin events)
  [299/2627] nano_368.root
         -> 95 vertices (243 trig, 90 trig+kin events)
  [300/2627] nano_369.root
         -> 288 vertices (773 trig, 266 trig+kin events)
  [301/2627] nano_37.root
         -> 223 vertices (541 trig, 186 trig+kin events)
  [302/2627] nano_370.root
         -> 225 vertices (523 trig, 193 trig+kin events)
  [303/2627] nano_371.root
         -> 228 vertices (597 trig, 207 trig+kin events)
  [304/2627] nano_372.root
         -> 372 vertices (907 trig, 332 trig+kin events)
  [305/2627] nano_373.root
         -> 320 vertices (908 trig, 311 trig+kin events)
  [306/2627] nano_374.root
         -> 179 vertices (471 trig, 168 trig+kin events)
  [307/2627] nano_375.root
         -> 357 vertices (883 trig, 313 trig+kin events)
  [308/2627] nano_376.root
         -> 204 vertices (464 trig, 179 trig+kin events)
  [309/2627] nano_377.root
         -> 197 vertices (472 trig, 164 trig+kin events)
  [310/2627] nano_378.root
         -> 179 vertices (463 trig, 159 trig+kin events)
  [311/2627] nano_379.root
         -> 216 vertices (503 trig, 186 trig+kin events)
  [312/2627] nano_38.root
         -> 304 vertices (712 trig, 274 trig+kin events)
  [313/2627] nano_380.root
         -> 400 vertices (907 trig, 347 trig+kin events)
  [314/2627] nano_381.root
         -> 193 vertices (458 trig, 168 trig+kin events)
  [315/2627] nano_382.root
         -> 327 vertices (806 trig, 302 trig+kin events)
  [316/2627] nano_383.root
         -> 181 vertices (457 trig, 169 trig+kin events)
  [317/2627] nano_384.root
         -> 358 vertices (930 trig, 349 trig+kin events)
  [318/2627] nano_385.root
         -> 34 vertices (64 trig, 24 trig+kin events)
  [319/2627] nano_386.root
         -> 365 vertices (876 trig, 325 trig+kin events)
  [320/2627] nano_387.root
         -> 193 vertices (498 trig, 171 trig+kin events)
  [321/2627] nano_388.root
         -> 196 vertices (513 trig, 173 trig+kin events)
  [322/2627] nano_389.root
         -> 361 vertices (913 trig, 336 trig+kin events)
  [323/2627] nano_39.root
         -> 263 vertices (590 trig, 228 trig+kin events)
  [324/2627] nano_390.root
         -> 355 vertices (909 trig, 324 trig+kin events)
  [325/2627] nano_391.root
         -> 222 vertices (472 trig, 181 trig+kin events)
  [326/2627] nano_392.root
         -> 220 vertices (497 trig, 195 trig+kin events)
  [327/2627] nano_393.root
         -> 388 vertices (940 trig, 347 trig+kin events)
  [328/2627] nano_394.root
         -> 176 vertices (465 trig, 176 trig+kin events)
  [329/2627] nano_395.root
         -> 173 vertices (441 trig, 156 trig+kin events)
  [330/2627] nano_396.root
         -> 193 vertices (482 trig, 168 trig+kin events)
  [331/2627] nano_397.root
         -> 248 vertices (529 trig, 206 trig+kin events)
  [332/2627] nano_398.root
         -> 365 vertices (906 trig, 307 trig+kin events)
  [333/2627] nano_399.root
         -> 230 vertices (554 trig, 205 trig+kin events)
  [334/2627] nano_4.root
         -> 188 vertices (528 trig, 179 trig+kin events)
  [335/2627] nano_40.root
         -> 230 vertices (548 trig, 205 trig+kin events)
  [336/2627] nano_400.root
         -> 350 vertices (902 trig, 320 trig+kin events)
  [337/2627] nano_401.root
         -> 204 vertices (475 trig, 167 trig+kin events)
  [338/2627] nano_402.root
         -> 231 vertices (569 trig, 214 trig+kin events)
  [339/2627] nano_403.root
         -> 402 vertices (894 trig, 340 trig+kin events)
  [340/2627] nano_404.root
         -> 161 vertices (438 trig, 155 trig+kin events)
  [341/2627] nano_405.root
         -> 331 vertices (878 trig, 303 trig+kin events)
  [342/2627] nano_406.root
         -> 345 vertices (889 trig, 318 trig+kin events)
  [343/2627] nano_407.root
         -> 389 vertices (874 trig, 331 trig+kin events)
  [344/2627] nano_408.root
         -> 419 vertices (943 trig, 368 trig+kin events)
  [345/2627] nano_409.root
         -> 329 vertices (869 trig, 313 trig+kin events)
  [346/2627] nano_41.root
         -> 225 vertices (575 trig, 201 trig+kin events)
  [347/2627] nano_410.root
         -> 78 vertices (158 trig, 67 trig+kin events)
  [348/2627] nano_411.root
         -> 252 vertices (595 trig, 223 trig+kin events)
  [349/2627] nano_412.root
         -> 174 vertices (450 trig, 152 trig+kin events)
  [350/2627] nano_413.root
         -> 374 vertices (912 trig, 333 trig+kin events)
  [351/2627] nano_414.root
         -> 320 vertices (781 trig, 294 trig+kin events)
  [352/2627] nano_415.root
         -> 312 vertices (857 trig, 299 trig+kin events)
  [353/2627] nano_416.root
         -> 362 vertices (912 trig, 321 trig+kin events)
  [354/2627] nano_417.root
         -> 246 vertices (614 trig, 224 trig+kin events)
  [355/2627] nano_418.root
         -> 208 vertices (468 trig, 187 trig+kin events)
  [356/2627] nano_419.root
         -> 230 vertices (557 trig, 212 trig+kin events)
  [357/2627] nano_42.root
         -> 197 vertices (522 trig, 180 trig+kin events)
  [358/2627] nano_420.root
         -> 375 vertices (843 trig, 309 trig+kin events)
  [359/2627] nano_421.root
         -> 328 vertices (893 trig, 307 trig+kin events)
  [360/2627] nano_422.root
         -> 310 vertices (873 trig, 284 trig+kin events)
  [361/2627] nano_423.root
         -> 175 vertices (470 trig, 164 trig+kin events)
  [362/2627] nano_424.root
         -> 325 vertices (864 trig, 289 trig+kin events)
  [363/2627] nano_425.root
         -> 174 vertices (454 trig, 157 trig+kin events)
  [364/2627] nano_426.root
         -> 344 vertices (851 trig, 318 trig+kin events)
  [365/2627] nano_427.root
         -> 375 vertices (876 trig, 325 trig+kin events)
  [366/2627] nano_428.root
         -> 153 vertices (411 trig, 139 trig+kin events)
  [367/2627] nano_429.root
         -> 205 vertices (463 trig, 177 trig+kin events)
  [368/2627] nano_43.root
         -> 187 vertices (502 trig, 172 trig+kin events)
  [369/2627] nano_430.root
         -> 213 vertices (465 trig, 182 trig+kin events)
  [370/2627] nano_431.root
         -> 359 vertices (843 trig, 326 trig+kin events)
  [371/2627] nano_432.root
         -> 380 vertices (916 trig, 346 trig+kin events)
  [372/2627] nano_433.root
         -> 207 vertices (563 trig, 199 trig+kin events)
  [373/2627] nano_434.root
         -> 387 vertices (932 trig, 345 trig+kin events)
  [374/2627] nano_435.root
         -> 337 vertices (831 trig, 299 trig+kin events)
  [375/2627] nano_436.root
         -> 380 vertices (894 trig, 332 trig+kin events)
  [376/2627] nano_437.root
         -> 184 vertices (441 trig, 167 trig+kin events)
  [377/2627] nano_438.root
         -> 185 vertices (512 trig, 173 trig+kin events)
  [378/2627] nano_439.root
         -> 363 vertices (877 trig, 339 trig+kin events)
  [379/2627] nano_44.root
         -> 179 vertices (496 trig, 179 trig+kin events)
  [380/2627] nano_440.root
         -> 347 vertices (850 trig, 315 trig+kin events)
  [381/2627] nano_441.root
         -> 326 vertices (894 trig, 294 trig+kin events)
  [382/2627] nano_442.root
         -> 176 vertices (414 trig, 161 trig+kin events)
  [383/2627] nano_443.root
         -> 97 vertices (235 trig, 88 trig+kin events)
  [384/2627] nano_444.root
         -> 170 vertices (432 trig, 158 trig+kin events)
  [385/2627] nano_445.root
         -> 345 vertices (909 trig, 314 trig+kin events)
  [386/2627] nano_446.root
         -> 358 vertices (893 trig, 319 trig+kin events)
  [387/2627] nano_447.root
         -> 380 vertices (905 trig, 342 trig+kin events)
  [388/2627] nano_448.root
         -> 374 vertices (897 trig, 320 trig+kin events)
  [389/2627] nano_449.root
         -> 196 vertices (498 trig, 176 trig+kin events)
  [390/2627] nano_45.root
         -> 178 vertices (478 trig, 162 trig+kin events)
  [391/2627] nano_450.root
         -> 377 vertices (886 trig, 336 trig+kin events)
  [392/2627] nano_451.root
         -> 247 vertices (560 trig, 219 trig+kin events)
  [393/2627] nano_452.root
         -> 156 vertices (388 trig, 145 trig+kin events)
  [394/2627] nano_453.root
         -> 391 vertices (917 trig, 361 trig+kin events)
  [395/2627] nano_454.root
         -> 192 vertices (457 trig, 171 trig+kin events)
  [396/2627] nano_455.root
         -> 194 vertices (459 trig, 157 trig+kin events)
  [397/2627] nano_456.root
         -> 215 vertices (482 trig, 186 trig+kin events)
  [398/2627] nano_457.root
         -> 342 vertices (906 trig, 325 trig+kin events)
  [399/2627] nano_458.root
         -> 336 vertices (907 trig, 310 trig+kin events)
  [400/2627] nano_459.root
         -> 193 vertices (475 trig, 185 trig+kin events)
  [401/2627] nano_46.root
         -> 176 vertices (472 trig, 159 trig+kin events)
  [402/2627] nano_460.root
         -> 369 vertices (880 trig, 328 trig+kin events)
  [403/2627] nano_461.root
         -> 191 vertices (463 trig, 166 trig+kin events)
  [404/2627] nano_462.root
         -> 336 vertices (839 trig, 292 trig+kin events)
  [405/2627] nano_463.root
         -> 358 vertices (864 trig, 309 trig+kin events)
  [406/2627] nano_464.root
         -> 181 vertices (465 trig, 165 trig+kin events)
  [407/2627] nano_465.root
         -> 369 vertices (905 trig, 325 trig+kin events)
  [408/2627] nano_466.root
         -> 332 vertices (866 trig, 296 trig+kin events)
  [409/2627] nano_467.root
         -> 333 vertices (880 trig, 329 trig+kin events)
  [410/2627] nano_468.root
         -> 220 vertices (486 trig, 178 trig+kin events)
  [411/2627] nano_469.root
         -> 337 vertices (893 trig, 332 trig+kin events)
  [412/2627] nano_47.root
         -> 180 vertices (459 trig, 170 trig+kin events)
  [413/2627] nano_470.root
         -> 346 vertices (886 trig, 314 trig+kin events)
  [414/2627] nano_471.root
         -> 12 vertices (36 trig, 9 trig+kin events)
  [415/2627] nano_472.root
         -> 200 vertices (483 trig, 175 trig+kin events)
  [416/2627] nano_473.root
         -> 93 vertices (261 trig, 89 trig+kin events)
  [417/2627] nano_474.root
         -> 109 vertices (315 trig, 103 trig+kin events)
  [418/2627] nano_475.root
         -> 196 vertices (498 trig, 184 trig+kin events)
  [419/2627] nano_476.root
         -> 299 vertices (727 trig, 283 trig+kin events)
  [420/2627] nano_477.root
         -> 374 vertices (901 trig, 334 trig+kin events)
  [421/2627] nano_478.root
         -> 229 vertices (517 trig, 208 trig+kin events)
  [422/2627] nano_479.root
         -> 208 vertices (442 trig, 183 trig+kin events)
  [423/2627] nano_48.root
         -> 29 vertices (92 trig, 28 trig+kin events)
  [424/2627] nano_480.root
         -> 205 vertices (481 trig, 180 trig+kin events)
  [425/2627] nano_481.root
         -> 178 vertices (470 trig, 167 trig+kin events)
  [426/2627] nano_482.root
         -> 116 vertices (264 trig, 96 trig+kin events)
  [427/2627] nano_483.root
         -> 388 vertices (899 trig, 331 trig+kin events)
  [428/2627] nano_484.root
         -> 351 vertices (889 trig, 318 trig+kin events)
  [429/2627] nano_485.root
         -> 394 vertices (886 trig, 341 trig+kin events)
  [430/2627] nano_486.root
         -> 204 vertices (485 trig, 182 trig+kin events)
  [431/2627] nano_487.root
         -> 191 vertices (499 trig, 180 trig+kin events)
  [432/2627] nano_488.root
         -> 299 vertices (751 trig, 278 trig+kin events)
  [433/2627] nano_489.root
         -> 184 vertices (432 trig, 156 trig+kin events)
  [434/2627] nano_49.root
         -> 179 vertices (476 trig, 162 trig+kin events)
  [435/2627] nano_490.root
         -> 212 vertices (556 trig, 198 trig+kin events)
  [436/2627] nano_491.root
         -> 319 vertices (851 trig, 289 trig+kin events)
  [437/2627] nano_492.root
         -> 200 vertices (475 trig, 183 trig+kin events)
  [438/2627] nano_493.root
         -> 348 vertices (857 trig, 308 trig+kin events)
  [439/2627] nano_494.root
         -> 320 vertices (815 trig, 294 trig+kin events)
  [440/2627] nano_495.root
         -> 196 vertices (470 trig, 171 trig+kin events)
  [441/2627] nano_496.root
         -> 216 vertices (531 trig, 205 trig+kin events)
  [442/2627] nano_497.root
         -> 356 vertices (889 trig, 333 trig+kin events)
  [443/2627] nano_498.root
         -> 370 vertices (900 trig, 327 trig+kin events)
  [444/2627] nano_499.root
         -> 395 vertices (888 trig, 359 trig+kin events)
  [445/2627] nano_5.root
         -> 339 vertices (790 trig, 306 trig+kin events)
  [446/2627] nano_50.root
         -> 204 vertices (497 trig, 179 trig+kin events)
  [447/2627] nano_500.root
         -> 354 vertices (880 trig, 320 trig+kin events)
  [448/2627] nano_501.root
         -> 287 vertices (706 trig, 261 trig+kin events)
  [449/2627] nano_502.root
         -> 408 vertices (920 trig, 353 trig+kin events)
  [450/2627] nano_503.root
         -> 350 vertices (861 trig, 321 trig+kin events)
  [451/2627] nano_504.root
         -> 362 vertices (932 trig, 330 trig+kin events)
  [452/2627] nano_505.root
         -> 179 vertices (441 trig, 170 trig+kin events)
  [453/2627] nano_506.root
         -> 344 vertices (866 trig, 313 trig+kin events)
  [454/2627] nano_507.root
         -> 220 vertices (539 trig, 208 trig+kin events)
  [455/2627] nano_508.root
         -> 372 vertices (934 trig, 333 trig+kin events)
  [456/2627] nano_509.root
         -> 315 vertices (853 trig, 297 trig+kin events)
  [457/2627] nano_51.root
         -> 225 vertices (538 trig, 189 trig+kin events)
  [458/2627] nano_510.root
         -> 102 vertices (206 trig, 89 trig+kin events)
  [459/2627] nano_511.root
         -> 227 vertices (585 trig, 210 trig+kin events)
  [460/2627] nano_512.root
         -> 171 vertices (454 trig, 165 trig+kin events)
  [461/2627] nano_513.root
         -> 352 vertices (883 trig, 319 trig+kin events)
  [462/2627] nano_514.root
         -> 336 vertices (910 trig, 329 trig+kin events)
  [463/2627] nano_515.root
         -> 384 vertices (927 trig, 336 trig+kin events)
  [464/2627] nano_516.root
         -> 318 vertices (701 trig, 277 trig+kin events)
  [465/2627] nano_517.root
         -> 195 vertices (451 trig, 166 trig+kin events)
  [466/2627] nano_518.root
         -> 220 vertices (498 trig, 184 trig+kin events)
  [467/2627] nano_519.root
         -> 268 vertices (643 trig, 236 trig+kin events)
  [468/2627] nano_52.root
         -> 199 vertices (459 trig, 166 trig+kin events)
  [469/2627] nano_520.root
         -> 177 vertices (445 trig, 158 trig+kin events)
  [470/2627] nano_521.root
         -> 112 vertices (255 trig, 104 trig+kin events)
  [471/2627] nano_522.root
         -> 323 vertices (758 trig, 279 trig+kin events)
  [472/2627] nano_523.root
         -> 399 vertices (920 trig, 338 trig+kin events)
  [473/2627] nano_524.root
         -> 174 vertices (448 trig, 165 trig+kin events)
  [474/2627] nano_525.root
         -> 351 vertices (879 trig, 306 trig+kin events)
  [475/2627] nano_526.root
         -> 175 vertices (482 trig, 166 trig+kin events)
  [476/2627] nano_527.root
         -> 207 vertices (462 trig, 189 trig+kin events)
  [477/2627] nano_528.root
         -> 191 vertices (440 trig, 168 trig+kin events)
  [478/2627] nano_529.root
         -> 246 vertices (590 trig, 227 trig+kin events)
  [479/2627] nano_53.root
         -> 212 vertices (498 trig, 186 trig+kin events)
  [480/2627] nano_530.root
         -> 199 vertices (538 trig, 195 trig+kin events)
  [481/2627] nano_531.root
         -> 136 vertices (383 trig, 130 trig+kin events)
  [482/2627] nano_532.root
         -> 359 vertices (867 trig, 298 trig+kin events)
  [483/2627] nano_533.root
         -> 349 vertices (876 trig, 324 trig+kin events)
  [484/2627] nano_534.root
         -> 204 vertices (544 trig, 192 trig+kin events)
  [485/2627] nano_535.root
         -> 189 vertices (449 trig, 177 trig+kin events)
  [486/2627] nano_536.root
         -> 191 vertices (496 trig, 171 trig+kin events)
  [487/2627] nano_537.root
         -> 313 vertices (717 trig, 270 trig+kin events)
  [488/2627] nano_538.root
         -> 238 vertices (533 trig, 213 trig+kin events)
  [489/2627] nano_539.root
         -> 215 vertices (557 trig, 204 trig+kin events)
  [490/2627] nano_54.root
         -> 222 vertices (487 trig, 189 trig+kin events)
  [491/2627] nano_540.root
         -> 183 vertices (437 trig, 150 trig+kin events)
  [492/2627] nano_541.root
         -> 169 vertices (455 trig, 163 trig+kin events)
  [493/2627] nano_542.root
         -> 393 vertices (930 trig, 338 trig+kin events)
  [494/2627] nano_543.root
         -> 198 vertices (483 trig, 187 trig+kin events)
  [495/2627] nano_544.root
         -> 393 vertices (890 trig, 361 trig+kin events)
  [496/2627] nano_545.root
         -> 347 vertices (877 trig, 311 trig+kin events)
  [497/2627] nano_546.root
         -> 381 vertices (864 trig, 330 trig+kin events)
  [498/2627] nano_547.root
         -> 385 vertices (909 trig, 342 trig+kin events)
  [499/2627] nano_548.root
         -> 211 vertices (531 trig, 194 trig+kin events)
  [500/2627] nano_549.root
         -> 267 vertices (685 trig, 250 trig+kin events)
  [501/2627] nano_55.root
         -> 223 vertices (520 trig, 190 trig+kin events)
  [502/2627] nano_550.root
         -> 153 vertices (377 trig, 135 trig+kin events)
  [503/2627] nano_551.root
         -> 159 vertices (424 trig, 156 trig+kin events)
  [504/2627] nano_552.root
         -> 223 vertices (560 trig, 209 trig+kin events)
  [505/2627] nano_553.root
         -> 242 vertices (520 trig, 208 trig+kin events)
  [506/2627] nano_554.root
         -> 201 vertices (495 trig, 172 trig+kin events)
  [507/2627] nano_555.root
         -> 364 vertices (861 trig, 315 trig+kin events)
  [508/2627] nano_556.root
         -> 193 vertices (454 trig, 165 trig+kin events)
  [509/2627] nano_557.root
         -> 158 vertices (312 trig, 133 trig+kin events)
  [510/2627] nano_558.root
         -> 336 vertices (883 trig, 316 trig+kin events)
  [511/2627] nano_559.root
         -> 376 vertices (883 trig, 334 trig+kin events)
  [512/2627] nano_56.root
         -> 194 vertices (446 trig, 172 trig+kin events)
  [513/2627] nano_560.root
         -> 353 vertices (924 trig, 336 trig+kin events)
  [514/2627] nano_561.root
         -> 359 vertices (911 trig, 316 trig+kin events)
  [515/2627] nano_562.root
         -> 206 vertices (456 trig, 174 trig+kin events)
  [516/2627] nano_563.root
         -> 337 vertices (871 trig, 304 trig+kin events)
  [517/2627] nano_564.root
         -> 181 vertices (480 trig, 165 trig+kin events)
  [518/2627] nano_565.root
         -> 193 vertices (476 trig, 173 trig+kin events)
  [519/2627] nano_566.root
         -> 213 vertices (564 trig, 195 trig+kin events)
  [520/2627] nano_567.root
         -> 221 vertices (551 trig, 208 trig+kin events)
  [521/2627] nano_568.root
         -> 188 vertices (454 trig, 168 trig+kin events)
  [522/2627] nano_569.root
         -> 353 vertices (927 trig, 315 trig+kin events)
  [523/2627] nano_57.root
         -> 207 vertices (473 trig, 181 trig+kin events)
  [524/2627] nano_570.root
         -> 224 vertices (540 trig, 210 trig+kin events)
  [525/2627] nano_571.root
         -> 187 vertices (446 trig, 161 trig+kin events)
  [526/2627] nano_572.root
         -> 207 vertices (488 trig, 185 trig+kin events)
  [527/2627] nano_573.root
         -> 126 vertices (311 trig, 109 trig+kin events)
  [528/2627] nano_574.root
         -> 311 vertices (838 trig, 299 trig+kin events)
  [529/2627] nano_575.root
         -> 266 vertices (665 trig, 238 trig+kin events)
  [530/2627] nano_576.root
         -> 343 vertices (763 trig, 297 trig+kin events)
  [531/2627] nano_577.root
         -> 182 vertices (459 trig, 172 trig+kin events)
  [532/2627] nano_578.root
         -> 379 vertices (898 trig, 349 trig+kin events)
  [533/2627] nano_579.root
         -> 216 vertices (497 trig, 201 trig+kin events)
  [534/2627] nano_58.root
         -> 251 vertices (588 trig, 218 trig+kin events)
  [535/2627] nano_580.root
         -> 193 vertices (478 trig, 169 trig+kin events)
  [536/2627] nano_581.root
         -> 226 vertices (593 trig, 209 trig+kin events)
  [537/2627] nano_582.root
         -> 113 vertices (308 trig, 109 trig+kin events)
  [538/2627] nano_583.root
         -> 362 vertices (856 trig, 307 trig+kin events)
  [539/2627] nano_584.root
         -> 360 vertices (847 trig, 305 trig+kin events)
  [540/2627] nano_585.root
         -> 340 vertices (928 trig, 338 trig+kin events)
  [541/2627] nano_586.root
         -> 206 vertices (466 trig, 173 trig+kin events)
  [542/2627] nano_587.root
         -> 362 vertices (872 trig, 316 trig+kin events)
  [543/2627] nano_588.root
         -> 187 vertices (489 trig, 166 trig+kin events)
  [544/2627] nano_589.root
         -> 355 vertices (879 trig, 308 trig+kin events)
  [545/2627] nano_59.root
         -> 365 vertices (781 trig, 316 trig+kin events)
  [546/2627] nano_590.root
         -> 355 vertices (886 trig, 310 trig+kin events)
  [547/2627] nano_591.root
         -> 356 vertices (904 trig, 309 trig+kin events)
  [548/2627] nano_592.root
         -> 411 vertices (939 trig, 357 trig+kin events)
  [549/2627] nano_593.root
         -> 382 vertices (900 trig, 339 trig+kin events)
  [550/2627] nano_594.root
         -> 258 vertices (741 trig, 239 trig+kin events)
  [551/2627] nano_595.root
         -> 317 vertices (801 trig, 293 trig+kin events)
  [552/2627] nano_596.root
         -> 185 vertices (430 trig, 160 trig+kin events)
  [553/2627] nano_597.root
         -> 236 vertices (614 trig, 213 trig+kin events)
  [554/2627] nano_598.root
         -> 345 vertices (861 trig, 303 trig+kin events)
  [555/2627] nano_599.root
         -> 174 vertices (461 trig, 160 trig+kin events)
  [556/2627] nano_6.root
         -> 291 vertices (762 trig, 275 trig+kin events)
  [557/2627] nano_60.root
         -> 222 vertices (530 trig, 218 trig+kin events)
  [558/2627] nano_600.root
         -> 352 vertices (895 trig, 313 trig+kin events)
  [559/2627] nano_601.root
         -> 184 vertices (438 trig, 164 trig+kin events)
  [560/2627] nano_602.root
         -> 313 vertices (779 trig, 269 trig+kin events)
  [561/2627] nano_603.root
         -> 273 vertices (637 trig, 237 trig+kin events)
  [562/2627] nano_604.root
         -> 203 vertices (408 trig, 164 trig+kin events)
  [563/2627] nano_605.root
         -> 349 vertices (889 trig, 307 trig+kin events)
  [564/2627] nano_606.root
         -> 197 vertices (470 trig, 175 trig+kin events)
  [565/2627] nano_607.root
         -> 339 vertices (872 trig, 300 trig+kin events)
  [566/2627] nano_608.root
         -> 205 vertices (497 trig, 178 trig+kin events)
  [567/2627] nano_609.root
         -> 354 vertices (902 trig, 307 trig+kin events)
  [568/2627] nano_61.root
         -> 196 vertices (450 trig, 180 trig+kin events)
  [569/2627] nano_610.root
         -> 197 vertices (462 trig, 175 trig+kin events)
  [570/2627] nano_611.root
         -> 335 vertices (852 trig, 317 trig+kin events)
  [571/2627] nano_612.root
         -> 191 vertices (471 trig, 170 trig+kin events)
  [572/2627] nano_613.root
         -> 317 vertices (741 trig, 268 trig+kin events)
  [573/2627] nano_614.root
         -> 383 vertices (924 trig, 340 trig+kin events)
  [574/2627] nano_615.root
         -> 254 vertices (626 trig, 217 trig+kin events)
  [575/2627] nano_616.root
         -> 218 vertices (488 trig, 195 trig+kin events)
  [576/2627] nano_617.root
         -> 204 vertices (512 trig, 181 trig+kin events)
  [577/2627] nano_618.root
         -> 165 vertices (401 trig, 139 trig+kin events)
  [578/2627] nano_619.root
         -> 343 vertices (851 trig, 305 trig+kin events)
  [579/2627] nano_62.root
         -> 288 vertices (723 trig, 264 trig+kin events)
  [580/2627] nano_620.root
         -> 362 vertices (869 trig, 335 trig+kin events)
  [581/2627] nano_621.root
         -> 325 vertices (858 trig, 292 trig+kin events)
  [582/2627] nano_622.root
         -> 205 vertices (502 trig, 193 trig+kin events)
  [583/2627] nano_623.root
         -> 188 vertices (505 trig, 182 trig+kin events)
  [584/2627] nano_624.root
         -> 392 vertices (874 trig, 345 trig+kin events)
  [585/2627] nano_625.root
         -> 209 vertices (481 trig, 190 trig+kin events)
  [586/2627] nano_626.root
         -> 354 vertices (824 trig, 323 trig+kin events)
  [587/2627] nano_627.root
         -> 378 vertices (910 trig, 326 trig+kin events)
  [588/2627] nano_628.root
         -> 194 vertices (494 trig, 168 trig+kin events)
  [589/2627] nano_629.root
         -> 397 vertices (933 trig, 340 trig+kin events)
  [590/2627] nano_63.root
         -> 267 vertices (691 trig, 238 trig+kin events)
  [591/2627] nano_630.root
         -> 167 vertices (444 trig, 149 trig+kin events)
  [592/2627] nano_631.root
         -> 195 vertices (452 trig, 168 trig+kin events)
  [593/2627] nano_632.root
         -> 313 vertices (861 trig, 300 trig+kin events)
  [594/2627] nano_633.root
         -> 226 vertices (579 trig, 212 trig+kin events)
  [595/2627] nano_634.root
         -> 162 vertices (476 trig, 156 trig+kin events)
  [596/2627] nano_635.root
         -> 157 vertices (443 trig, 152 trig+kin events)
  [597/2627] nano_636.root
         -> 280 vertices (723 trig, 238 trig+kin events)
  [598/2627] nano_637.root
         -> 250 vertices (634 trig, 237 trig+kin events)
  [599/2627] nano_638.root
         -> 186 vertices (517 trig, 180 trig+kin events)
  [600/2627] nano_639.root
         -> 140 vertices (426 trig, 135 trig+kin events)
  [601/2627] nano_64.root
         -> 197 vertices (491 trig, 165 trig+kin events)
  [602/2627] nano_640.root
         -> 312 vertices (799 trig, 289 trig+kin events)
  [603/2627] nano_641.root
         -> 382 vertices (882 trig, 333 trig+kin events)
  [604/2627] nano_642.root
         -> 199 vertices (480 trig, 174 trig+kin events)
  [605/2627] nano_643.root
         -> 221 vertices (497 trig, 193 trig+kin events)
  [606/2627] nano_644.root
         -> 328 vertices (838 trig, 305 trig+kin events)
  [607/2627] nano_645.root
         -> 338 vertices (869 trig, 293 trig+kin events)
  [608/2627] nano_646.root
         -> 223 vertices (545 trig, 192 trig+kin events)
  [609/2627] nano_647.root
         -> 191 vertices (495 trig, 183 trig+kin events)
  [610/2627] nano_648.root
         -> 230 vertices (548 trig, 195 trig+kin events)
  [611/2627] nano_649.root
         -> 338 vertices (862 trig, 313 trig+kin events)
  [612/2627] nano_65.root
         -> 240 vertices (550 trig, 210 trig+kin events)
  [613/2627] nano_650.root
         -> 387 vertices (902 trig, 342 trig+kin events)
  [614/2627] nano_651.root
         -> 315 vertices (879 trig, 306 trig+kin events)
  [615/2627] nano_652.root
         -> 194 vertices (432 trig, 182 trig+kin events)
  [616/2627] nano_653.root
         -> 385 vertices (950 trig, 345 trig+kin events)
  [617/2627] nano_654.root
         -> 375 vertices (907 trig, 314 trig+kin events)
  [618/2627] nano_655.root
         -> 152 vertices (466 trig, 150 trig+kin events)
  [619/2627] nano_656.root
         -> 323 vertices (762 trig, 291 trig+kin events)
  [620/2627] nano_657.root
         -> 186 vertices (510 trig, 174 trig+kin events)
  [621/2627] nano_658.root
         -> 322 vertices (773 trig, 289 trig+kin events)
  [622/2627] nano_659.root
         -> 210 vertices (498 trig, 186 trig+kin events)
  [623/2627] nano_66.root
         -> 190 vertices (455 trig, 167 trig+kin events)
  [624/2627] nano_660.root
         -> 273 vertices (701 trig, 256 trig+kin events)
  [625/2627] nano_661.root
         -> 209 vertices (476 trig, 175 trig+kin events)
  [626/2627] nano_662.root
         -> 191 vertices (450 trig, 165 trig+kin events)
  [627/2627] nano_663.root
         -> 169 vertices (469 trig, 162 trig+kin events)
  [628/2627] nano_664.root
         -> 331 vertices (874 trig, 310 trig+kin events)
  [629/2627] nano_665.root
         -> 352 vertices (872 trig, 322 trig+kin events)
  [630/2627] nano_666.root
         -> 220 vertices (498 trig, 182 trig+kin events)
  [631/2627] nano_667.root
         -> 23 vertices (68 trig, 23 trig+kin events)
  [632/2627] nano_668.root
         -> 246 vertices (584 trig, 230 trig+kin events)
  [633/2627] nano_669.root
         -> 199 vertices (455 trig, 180 trig+kin events)
  [634/2627] nano_67.root
         -> 291 vertices (703 trig, 263 trig+kin events)
  [635/2627] nano_670.root
         -> 347 vertices (853 trig, 315 trig+kin events)
  [636/2627] nano_671.root
         -> 222 vertices (463 trig, 191 trig+kin events)
  [637/2627] nano_672.root
         -> 313 vertices (832 trig, 296 trig+kin events)
  [638/2627] nano_673.root
         -> 200 vertices (491 trig, 181 trig+kin events)
  [639/2627] nano_674.root
         -> 180 vertices (467 trig, 162 trig+kin events)
  [640/2627] nano_675.root
         -> 176 vertices (437 trig, 159 trig+kin events)
  [641/2627] nano_676.root
         -> 227 vertices (556 trig, 204 trig+kin events)
  [642/2627] nano_677.root
         -> 193 vertices (470 trig, 185 trig+kin events)
  [643/2627] nano_678.root
         -> 351 vertices (902 trig, 317 trig+kin events)
  [644/2627] nano_679.root
         -> 7 vertices (28 trig, 9 trig+kin events)
  [645/2627] nano_68.root
         -> 217 vertices (559 trig, 202 trig+kin events)
  [646/2627] nano_680.root
         -> 356 vertices (893 trig, 328 trig+kin events)
  [647/2627] nano_681.root
         -> 269 vertices (572 trig, 243 trig+kin events)
  [648/2627] nano_682.root
         -> 349 vertices (859 trig, 295 trig+kin events)
  [649/2627] nano_683.root
         -> 331 vertices (811 trig, 297 trig+kin events)
  [650/2627] nano_684.root
         -> 170 vertices (411 trig, 156 trig+kin events)
  [651/2627] nano_685.root
         -> 150 vertices (480 trig, 148 trig+kin events)
  [652/2627] nano_686.root
         -> 256 vertices (574 trig, 221 trig+kin events)
  [653/2627] nano_687.root
         -> 405 vertices (971 trig, 376 trig+kin events)
  [654/2627] nano_688.root
         -> 379 vertices (895 trig, 336 trig+kin events)
  [655/2627] nano_689.root
         -> 172 vertices (413 trig, 159 trig+kin events)
  [656/2627] nano_69.root
         -> 285 vertices (645 trig, 248 trig+kin events)
  [657/2627] nano_690.root
         -> 345 vertices (873 trig, 321 trig+kin events)
  [658/2627] nano_691.root
         -> 202 vertices (555 trig, 200 trig+kin events)
  [659/2627] nano_692.root
         -> 253 vertices (599 trig, 218 trig+kin events)
  [660/2627] nano_693.root
         -> 245 vertices (526 trig, 220 trig+kin events)
  [661/2627] nano_694.root
         -> 286 vertices (632 trig, 243 trig+kin events)
  [662/2627] nano_695.root
         -> 195 vertices (461 trig, 182 trig+kin events)
  [663/2627] nano_696.root
         -> 170 vertices (441 trig, 149 trig+kin events)
  [664/2627] nano_697.root
         -> 258 vertices (733 trig, 240 trig+kin events)
  [665/2627] nano_698.root
         -> 378 vertices (895 trig, 328 trig+kin events)
  [666/2627] nano_699.root
         -> 356 vertices (874 trig, 320 trig+kin events)
  [667/2627] nano_7.root
         -> 315 vertices (708 trig, 271 trig+kin events)
  [668/2627] nano_70.root
         -> 276 vertices (656 trig, 233 trig+kin events)
  [669/2627] nano_700.root
         -> 317 vertices (845 trig, 292 trig+kin events)
  [670/2627] nano_701.root
         -> 371 vertices (849 trig, 311 trig+kin events)
  [671/2627] nano_702.root
         -> 193 vertices (446 trig, 162 trig+kin events)
  [672/2627] nano_703.root
         -> 359 vertices (932 trig, 333 trig+kin events)
  [673/2627] nano_704.root
         -> 408 vertices (892 trig, 352 trig+kin events)
  [674/2627] nano_705.root
         -> 255 vertices (581 trig, 219 trig+kin events)
  [675/2627] nano_706.root
         -> 245 vertices (604 trig, 227 trig+kin events)
  [676/2627] nano_707.root
         -> 244 vertices (572 trig, 218 trig+kin events)
  [677/2627] nano_708.root
         -> 190 vertices (444 trig, 180 trig+kin events)
  [678/2627] nano_709.root
         -> 248 vertices (618 trig, 221 trig+kin events)
  [679/2627] nano_71.root
         -> 204 vertices (544 trig, 188 trig+kin events)
  [680/2627] nano_710.root
         -> 408 vertices (936 trig, 355 trig+kin events)
  [681/2627] nano_711.root
         -> 301 vertices (689 trig, 260 trig+kin events)
  [682/2627] nano_712.root
         -> 316 vertices (815 trig, 275 trig+kin events)
  [683/2627] nano_713.root
         -> 189 vertices (471 trig, 162 trig+kin events)
  [684/2627] nano_714.root
         -> 361 vertices (872 trig, 347 trig+kin events)
  [685/2627] nano_715.root
         -> 285 vertices (669 trig, 265 trig+kin events)
  [686/2627] nano_716.root
         -> 201 vertices (560 trig, 179 trig+kin events)
  [687/2627] nano_717.root
         -> 237 vertices (593 trig, 223 trig+kin events)
  [688/2627] nano_718.root
         -> 235 vertices (588 trig, 215 trig+kin events)
  [689/2627] nano_719.root
         -> 191 vertices (436 trig, 162 trig+kin events)
  [690/2627] nano_72.root
         -> 176 vertices (476 trig, 162 trig+kin events)
  [691/2627] nano_720.root
         -> 166 vertices (441 trig, 153 trig+kin events)
  [692/2627] nano_721.root
         -> 180 vertices (465 trig, 165 trig+kin events)
  [693/2627] nano_722.root
         -> 217 vertices (468 trig, 176 trig+kin events)
  [694/2627] nano_723.root
         -> 302 vertices (774 trig, 276 trig+kin events)
  [695/2627] nano_724.root
         -> 207 vertices (450 trig, 167 trig+kin events)
  [696/2627] nano_725.root
         -> 179 vertices (483 trig, 177 trig+kin events)
  [697/2627] nano_726.root
         -> 214 vertices (513 trig, 195 trig+kin events)
  [698/2627] nano_727.root
         -> 379 vertices (870 trig, 329 trig+kin events)
  [699/2627] nano_728.root
         -> 355 vertices (936 trig, 326 trig+kin events)
  [700/2627] nano_729.root
         -> 193 vertices (481 trig, 181 trig+kin events)
  [701/2627] nano_73.root
         -> 228 vertices (580 trig, 201 trig+kin events)
  [702/2627] nano_730.root
         -> 172 vertices (439 trig, 151 trig+kin events)
  [703/2627] nano_731.root
         -> 373 vertices (849 trig, 325 trig+kin events)
  [704/2627] nano_732.root
         -> 196 vertices (460 trig, 191 trig+kin events)
  [705/2627] nano_733.root
         -> 343 vertices (854 trig, 313 trig+kin events)
  [706/2627] nano_734.root
         -> 315 vertices (883 trig, 293 trig+kin events)
  [707/2627] nano_735.root
         -> 363 vertices (871 trig, 319 trig+kin events)
  [708/2627] nano_736.root
         -> 257 vertices (616 trig, 236 trig+kin events)
  [709/2627] nano_737.root
         -> 252 vertices (630 trig, 231 trig+kin events)
  [710/2627] nano_738.root
         -> 227 vertices (566 trig, 190 trig+kin events)
  [711/2627] nano_739.root
         -> 202 vertices (504 trig, 189 trig+kin events)
  [712/2627] nano_74.root
         -> 50 vertices (131 trig, 48 trig+kin events)
  [713/2627] nano_740.root
         -> 323 vertices (883 trig, 300 trig+kin events)
  [714/2627] nano_741.root
         -> 326 vertices (888 trig, 291 trig+kin events)
  [715/2627] nano_742.root
         -> 195 vertices (495 trig, 171 trig+kin events)
  [716/2627] nano_743.root
         -> 235 vertices (569 trig, 215 trig+kin events)
  [717/2627] nano_744.root
         -> 277 vertices (728 trig, 251 trig+kin events)
  [718/2627] nano_745.root
         -> 371 vertices (936 trig, 326 trig+kin events)
  [719/2627] nano_746.root
         -> 384 vertices (884 trig, 330 trig+kin events)
  [720/2627] nano_747.root
         -> 254 vertices (578 trig, 217 trig+kin events)
  [721/2627] nano_748.root
         -> 206 vertices (474 trig, 182 trig+kin events)
  [722/2627] nano_749.root
         -> 330 vertices (840 trig, 310 trig+kin events)
  [723/2627] nano_75.root
         -> 241 vertices (568 trig, 214 trig+kin events)
  [724/2627] nano_750.root
         -> 250 vertices (617 trig, 219 trig+kin events)
  [725/2627] nano_751.root
         -> 209 vertices (483 trig, 181 trig+kin events)
  [726/2627] nano_752.root
         -> 207 vertices (503 trig, 202 trig+kin events)
  [727/2627] nano_753.root
         -> 212 vertices (567 trig, 198 trig+kin events)
  [728/2627] nano_754.root
         -> 215 vertices (484 trig, 185 trig+kin events)
  [729/2627] nano_755.root
         -> 209 vertices (433 trig, 168 trig+kin events)
  [730/2627] nano_756.root
         -> 349 vertices (890 trig, 324 trig+kin events)
  [731/2627] nano_757.root
         -> 319 vertices (758 trig, 275 trig+kin events)
  [732/2627] nano_758.root
         -> 183 vertices (401 trig, 152 trig+kin events)
  [733/2627] nano_759.root
         -> 201 vertices (479 trig, 174 trig+kin events)
  [734/2627] nano_76.root
         -> 206 vertices (533 trig, 185 trig+kin events)
  [735/2627] nano_760.root
         -> 355 vertices (882 trig, 320 trig+kin events)
  [736/2627] nano_761.root
         -> 246 vertices (678 trig, 222 trig+kin events)
  [737/2627] nano_762.root
         -> 198 vertices (439 trig, 167 trig+kin events)
  [738/2627] nano_763.root
         -> 156 vertices (475 trig, 152 trig+kin events)
  [739/2627] nano_764.root
         -> 155 vertices (397 trig, 137 trig+kin events)
  [740/2627] nano_765.root
         -> 189 vertices (453 trig, 169 trig+kin events)
  [741/2627] nano_766.root
         -> 374 vertices (924 trig, 337 trig+kin events)
  [742/2627] nano_767.root
         -> 360 vertices (906 trig, 318 trig+kin events)
  [743/2627] nano_768.root
         -> 154 vertices (433 trig, 162 trig+kin events)
  [744/2627] nano_769.root
         -> 198 vertices (434 trig, 162 trig+kin events)
  [745/2627] nano_77.root
         -> 291 vertices (697 trig, 249 trig+kin events)
  [746/2627] nano_770.root
         -> 383 vertices (940 trig, 336 trig+kin events)
  [747/2627] nano_771.root
         -> 367 vertices (878 trig, 317 trig+kin events)
  [748/2627] nano_772.root
         -> 200 vertices (478 trig, 165 trig+kin events)
  [749/2627] nano_773.root
         -> 197 vertices (458 trig, 178 trig+kin events)
  [750/2627] nano_774.root
         -> 342 vertices (844 trig, 315 trig+kin events)
  [751/2627] nano_775.root
         -> 173 vertices (491 trig, 163 trig+kin events)
  [752/2627] nano_776.root
         -> 195 vertices (483 trig, 177 trig+kin events)
  [753/2627] nano_777.root
         -> 175 vertices (426 trig, 156 trig+kin events)
  [754/2627] nano_778.root
         -> 363 vertices (899 trig, 329 trig+kin events)
  [755/2627] nano_779.root
         -> 195 vertices (509 trig, 180 trig+kin events)
  [756/2627] nano_78.root
         -> 216 vertices (541 trig, 196 trig+kin events)
  [757/2627] nano_780.root
         -> 312 vertices (854 trig, 289 trig+kin events)
  [758/2627] nano_781.root
         -> 340 vertices (872 trig, 320 trig+kin events)
  [759/2627] nano_782.root
         -> 310 vertices (860 trig, 290 trig+kin events)
  [760/2627] nano_783.root
         -> 332 vertices (828 trig, 317 trig+kin events)
  [761/2627] nano_784.root
         -> 253 vertices (648 trig, 224 trig+kin events)
  [762/2627] nano_785.root
         -> 235 vertices (582 trig, 209 trig+kin events)
  [763/2627] nano_786.root
         -> 204 vertices (555 trig, 200 trig+kin events)
  [764/2627] nano_787.root
         -> 232 vertices (616 trig, 208 trig+kin events)
  [765/2627] nano_788.root
         -> 174 vertices (509 trig, 173 trig+kin events)
  [766/2627] nano_789.root
         -> 180 vertices (472 trig, 170 trig+kin events)
  [767/2627] nano_79.root
         -> 214 vertices (552 trig, 209 trig+kin events)
  [768/2627] nano_790.root
         -> 382 vertices (884 trig, 345 trig+kin events)
  [769/2627] nano_791.root
         -> 385 vertices (864 trig, 319 trig+kin events)
  [770/2627] nano_792.root
         -> 158 vertices (421 trig, 142 trig+kin events)
  [771/2627] nano_793.root
         -> 388 vertices (953 trig, 347 trig+kin events)
  [772/2627] nano_794.root
         -> 334 vertices (873 trig, 308 trig+kin events)
  [773/2627] nano_795.root
         -> 326 vertices (866 trig, 320 trig+kin events)
  [774/2627] nano_796.root
         -> 218 vertices (595 trig, 211 trig+kin events)
  [775/2627] nano_797.root
         -> 188 vertices (483 trig, 162 trig+kin events)
  [776/2627] nano_798.root
         -> 359 vertices (911 trig, 344 trig+kin events)
  [777/2627] nano_799.root
         -> 195 vertices (526 trig, 191 trig+kin events)
  [778/2627] nano_8.root
         -> 59 vertices (143 trig, 50 trig+kin events)
  [779/2627] nano_80.root
         -> 200 vertices (531 trig, 192 trig+kin events)
  [780/2627] nano_800.root
         -> 201 vertices (472 trig, 176 trig+kin events)
  [781/2627] nano_801.root
         -> 346 vertices (812 trig, 310 trig+kin events)
  [782/2627] nano_802.root
         -> 316 vertices (873 trig, 304 trig+kin events)
  [783/2627] nano_803.root
         -> 347 vertices (878 trig, 310 trig+kin events)
  [784/2627] nano_804.root
         -> 73 vertices (185 trig, 63 trig+kin events)
  [785/2627] nano_805.root
         -> 209 vertices (558 trig, 191 trig+kin events)
  [786/2627] nano_806.root
         -> 367 vertices (889 trig, 321 trig+kin events)
  [787/2627] nano_807.root
         -> 228 vertices (552 trig, 196 trig+kin events)
  [788/2627] nano_808.root
         -> 369 vertices (899 trig, 325 trig+kin events)
  [789/2627] nano_809.root
         -> 368 vertices (909 trig, 340 trig+kin events)
  [790/2627] nano_81.root
         -> 277 vertices (666 trig, 255 trig+kin events)
  [791/2627] nano_810.root
         -> 385 vertices (871 trig, 341 trig+kin events)
  [792/2627] nano_811.root
         -> 171 vertices (471 trig, 169 trig+kin events)
  [793/2627] nano_812.root
         -> 348 vertices (955 trig, 318 trig+kin events)
  [794/2627] nano_813.root
         -> 338 vertices (833 trig, 304 trig+kin events)
  [795/2627] nano_814.root
         -> 407 vertices (952 trig, 355 trig+kin events)
  [796/2627] nano_815.root
         -> 196 vertices (469 trig, 158 trig+kin events)
  [797/2627] nano_816.root
         -> 327 vertices (853 trig, 302 trig+kin events)
  [798/2627] nano_817.root
         -> 316 vertices (823 trig, 274 trig+kin events)
  [799/2627] nano_818.root
         -> 359 vertices (911 trig, 331 trig+kin events)
  [800/2627] nano_819.root
         -> 209 vertices (478 trig, 180 trig+kin events)
  [801/2627] nano_82.root
         -> 191 vertices (468 trig, 175 trig+kin events)
  [802/2627] nano_820.root
         -> 196 vertices (463 trig, 164 trig+kin events)
  [803/2627] nano_821.root
         -> 171 vertices (477 trig, 160 trig+kin events)
  [804/2627] nano_822.root
         -> 129 vertices (274 trig, 111 trig+kin events)
  [805/2627] nano_823.root
         -> 176 vertices (449 trig, 158 trig+kin events)
  [806/2627] nano_824.root
         -> 278 vertices (677 trig, 239 trig+kin events)
  [807/2627] nano_825.root
         -> 170 vertices (370 trig, 141 trig+kin events)
  [808/2627] nano_826.root
         -> 372 vertices (872 trig, 341 trig+kin events)
  [809/2627] nano_827.root
         -> 250 vertices (612 trig, 230 trig+kin events)
  [810/2627] nano_828.root
         -> 288 vertices (852 trig, 260 trig+kin events)
  [811/2627] nano_829.root
         -> 357 vertices (870 trig, 336 trig+kin events)
  [812/2627] nano_83.root
         -> 228 vertices (550 trig, 208 trig+kin events)
  [813/2627] nano_830.root
         -> 346 vertices (899 trig, 302 trig+kin events)
  [814/2627] nano_831.root
         -> 181 vertices (488 trig, 178 trig+kin events)
  [815/2627] nano_832.root
         -> 321 vertices (864 trig, 302 trig+kin events)
  [816/2627] nano_833.root
         -> 58 vertices (158 trig, 55 trig+kin events)
  [817/2627] nano_834.root
         -> 195 vertices (467 trig, 179 trig+kin events)
  [818/2627] nano_835.root
         -> 181 vertices (479 trig, 169 trig+kin events)
  [819/2627] nano_836.root
         -> 314 vertices (846 trig, 294 trig+kin events)
  [820/2627] nano_837.root
         -> 346 vertices (892 trig, 300 trig+kin events)
  [821/2627] nano_838.root
         -> 372 vertices (920 trig, 328 trig+kin events)
  [822/2627] nano_839.root
         -> 224 vertices (548 trig, 210 trig+kin events)
  [823/2627] nano_84.root
         -> 4 vertices (8 trig, 4 trig+kin events)
  [824/2627] nano_840.root
         -> 285 vertices (786 trig, 265 trig+kin events)
  [825/2627] nano_841.root
         -> 166 vertices (431 trig, 146 trig+kin events)
  [826/2627] nano_842.root
         -> 206 vertices (452 trig, 181 trig+kin events)
  [827/2627] nano_843.root
         -> 222 vertices (539 trig, 192 trig+kin events)
  [828/2627] nano_844.root
         -> 368 vertices (901 trig, 355 trig+kin events)
  [829/2627] nano_845.root
         -> 225 vertices (616 trig, 213 trig+kin events)
  [830/2627] nano_846.root
         -> 354 vertices (892 trig, 314 trig+kin events)
  [831/2627] nano_847.root
         -> 376 vertices (909 trig, 348 trig+kin events)
  [832/2627] nano_848.root
         -> 372 vertices (891 trig, 325 trig+kin events)
  [833/2627] nano_849.root
         -> 202 vertices (527 trig, 183 trig+kin events)
  [834/2627] nano_85.root
         -> 236 vertices (572 trig, 207 trig+kin events)
  [835/2627] nano_850.root
         -> 172 vertices (443 trig, 152 trig+kin events)
  [836/2627] nano_851.root
         -> 360 vertices (911 trig, 335 trig+kin events)
  [837/2627] nano_852.root
         -> 177 vertices (454 trig, 171 trig+kin events)
  [838/2627] nano_853.root
         -> 340 vertices (934 trig, 309 trig+kin events)
  [839/2627] nano_854.root
         -> 376 vertices (944 trig, 337 trig+kin events)
  [840/2627] nano_855.root
         -> 190 vertices (472 trig, 177 trig+kin events)
  [841/2627] nano_856.root
         -> 206 vertices (522 trig, 192 trig+kin events)
  [842/2627] nano_857.root
         -> 349 vertices (892 trig, 327 trig+kin events)
  [843/2627] nano_858.root
         -> 195 vertices (474 trig, 168 trig+kin events)
  [844/2627] nano_859.root
         -> 58 vertices (169 trig, 61 trig+kin events)
  [845/2627] nano_86.root
         -> 201 vertices (463 trig, 181 trig+kin events)
  [846/2627] nano_860.root
         -> 221 vertices (497 trig, 192 trig+kin events)
  [847/2627] nano_861.root
         -> 177 vertices (462 trig, 162 trig+kin events)
  [848/2627] nano_862.root
         -> 212 vertices (527 trig, 194 trig+kin events)
  [849/2627] nano_863.root
         -> 393 vertices (936 trig, 355 trig+kin events)
  [850/2627] nano_864.root
         -> 339 vertices (833 trig, 320 trig+kin events)
  [851/2627] nano_865.root
         -> 378 vertices (900 trig, 345 trig+kin events)
  [852/2627] nano_866.root
         -> 341 vertices (866 trig, 317 trig+kin events)
  [853/2627] nano_867.root
         -> 224 vertices (547 trig, 194 trig+kin events)
  [854/2627] nano_868.root
         -> 245 vertices (590 trig, 216 trig+kin events)
  [855/2627] nano_869.root
         -> 213 vertices (495 trig, 189 trig+kin events)
  [856/2627] nano_87.root
         -> 224 vertices (569 trig, 228 trig+kin events)
  [857/2627] nano_870.root
         -> 178 vertices (447 trig, 149 trig+kin events)
  [858/2627] nano_871.root
         -> 188 vertices (477 trig, 176 trig+kin events)
  [859/2627] nano_872.root
         -> 236 vertices (494 trig, 194 trig+kin events)
  [860/2627] nano_873.root
         -> 109 vertices (283 trig, 94 trig+kin events)
  [861/2627] nano_874.root
         -> 182 vertices (469 trig, 155 trig+kin events)
  [862/2627] nano_875.root
         -> 208 vertices (466 trig, 191 trig+kin events)
  [863/2627] nano_876.root
         -> 358 vertices (871 trig, 328 trig+kin events)
  [864/2627] nano_877.root
         -> 197 vertices (472 trig, 175 trig+kin events)
  [865/2627] nano_878.root
         -> 184 vertices (513 trig, 176 trig+kin events)
  [866/2627] nano_879.root
         -> 366 vertices (930 trig, 317 trig+kin events)
  [867/2627] nano_88.root
         -> 216 vertices (499 trig, 182 trig+kin events)
  [868/2627] nano_880.root
         -> 394 vertices (902 trig, 352 trig+kin events)
  [869/2627] nano_881.root
         -> 379 vertices (945 trig, 355 trig+kin events)
  [870/2627] nano_882.root
         -> 316 vertices (739 trig, 285 trig+kin events)
  [871/2627] nano_883.root
         -> 238 vertices (547 trig, 209 trig+kin events)
  [872/2627] nano_884.root
         -> 204 vertices (522 trig, 180 trig+kin events)
  [873/2627] nano_885.root
         -> 387 vertices (865 trig, 342 trig+kin events)
  [874/2627] nano_886.root
         -> 189 vertices (480 trig, 168 trig+kin events)
  [875/2627] nano_887.root
         -> 328 vertices (870 trig, 313 trig+kin events)
  [876/2627] nano_888.root
         -> 363 vertices (938 trig, 348 trig+kin events)
  [877/2627] nano_889.root
         -> 326 vertices (804 trig, 293 trig+kin events)
  [878/2627] nano_89.root
         -> 152 vertices (449 trig, 151 trig+kin events)
  [879/2627] nano_890.root
         -> 260 vertices (600 trig, 222 trig+kin events)
  [880/2627] nano_891.root
         -> 220 vertices (552 trig, 204 trig+kin events)
  [881/2627] nano_892.root
         -> 190 vertices (465 trig, 180 trig+kin events)
  [882/2627] nano_893.root
         -> 379 vertices (887 trig, 336 trig+kin events)
  [883/2627] nano_894.root
         -> 154 vertices (448 trig, 148 trig+kin events)
  [884/2627] nano_895.root
         -> 393 vertices (930 trig, 358 trig+kin events)
  [885/2627] nano_896.root
         -> 193 vertices (478 trig, 176 trig+kin events)
  [886/2627] nano_897.root
         -> 241 vertices (728 trig, 236 trig+kin events)
  [887/2627] nano_898.root
         -> 402 vertices (896 trig, 350 trig+kin events)
  [888/2627] nano_899.root
         -> 212 vertices (475 trig, 178 trig+kin events)
  [889/2627] nano_9.root
         -> 178 vertices (466 trig, 168 trig+kin events)
  [890/2627] nano_90.root
         -> 279 vertices (612 trig, 246 trig+kin events)
  [891/2627] nano_900.root
         -> 329 vertices (883 trig, 298 trig+kin events)
  [892/2627] nano_901.root
         -> 346 vertices (837 trig, 307 trig+kin events)
  [893/2627] nano_902.root
         -> 143 vertices (481 trig, 150 trig+kin events)
  [894/2627] nano_903.root
         -> 237 vertices (557 trig, 197 trig+kin events)
  [895/2627] nano_904.root
         -> 363 vertices (969 trig, 346 trig+kin events)
  [896/2627] nano_905.root
         -> 399 vertices (901 trig, 343 trig+kin events)
  [897/2627] nano_906.root
         -> 185 vertices (461 trig, 171 trig+kin events)
  [898/2627] nano_907.root
         -> 160 vertices (438 trig, 151 trig+kin events)
  [899/2627] nano_908.root
         -> 362 vertices (905 trig, 336 trig+kin events)
  [900/2627] nano_909.root
         -> 373 vertices (885 trig, 325 trig+kin events)
  [901/2627] nano_91.root
         -> 166 vertices (448 trig, 158 trig+kin events)
  [902/2627] nano_910.root
         -> 401 vertices (915 trig, 349 trig+kin events)
  [903/2627] nano_911.root
         -> 212 vertices (528 trig, 198 trig+kin events)
  [904/2627] nano_912.root
         -> 339 vertices (920 trig, 333 trig+kin events)
  [905/2627] nano_913.root
         -> 248 vertices (690 trig, 226 trig+kin events)
  [906/2627] nano_914.root
         -> 191 vertices (470 trig, 179 trig+kin events)
  [907/2627] nano_915.root
         -> 348 vertices (887 trig, 318 trig+kin events)
  [908/2627] nano_916.root
         -> 206 vertices (471 trig, 181 trig+kin events)
  [909/2627] nano_917.root
         -> 184 vertices (448 trig, 155 trig+kin events)
  [910/2627] nano_918.root
         -> 376 vertices (876 trig, 323 trig+kin events)
  [911/2627] nano_919.root
         -> 370 vertices (881 trig, 327 trig+kin events)
  [912/2627] nano_92.root
         -> 199 vertices (529 trig, 186 trig+kin events)
  [913/2627] nano_920.root
         -> 224 vertices (561 trig, 189 trig+kin events)
  [914/2627] nano_921.root
         -> 154 vertices (405 trig, 150 trig+kin events)
  [915/2627] nano_922.root
         -> 161 vertices (416 trig, 158 trig+kin events)
  [916/2627] nano_923.root
         -> 362 vertices (917 trig, 329 trig+kin events)
  [917/2627] nano_924.root
         -> 332 vertices (916 trig, 321 trig+kin events)
  [918/2627] nano_925.root
         -> 288 vertices (703 trig, 253 trig+kin events)
  [919/2627] nano_926.root
         -> 187 vertices (474 trig, 168 trig+kin events)
  [920/2627] nano_927.root
         -> 260 vertices (662 trig, 241 trig+kin events)
  [921/2627] nano_928.root
         -> 357 vertices (917 trig, 302 trig+kin events)
  [922/2627] nano_929.root
         -> 209 vertices (544 trig, 178 trig+kin events)
  [923/2627] nano_93.root
         -> 200 vertices (433 trig, 162 trig+kin events)
  [924/2627] nano_930.root
         -> 321 vertices (779 trig, 289 trig+kin events)
  [925/2627] nano_931.root
         -> 361 vertices (866 trig, 333 trig+kin events)
  [926/2627] nano_932.root
         -> 148 vertices (430 trig, 139 trig+kin events)
  [927/2627] nano_933.root
         -> 213 vertices (470 trig, 181 trig+kin events)
  [928/2627] nano_934.root
         -> 311 vertices (793 trig, 280 trig+kin events)
  [929/2627] nano_935.root
         -> 199 vertices (479 trig, 175 trig+kin events)
  [930/2627] nano_936.root
         -> 371 vertices (894 trig, 307 trig+kin events)
  [931/2627] nano_937.root
         -> 239 vertices (627 trig, 232 trig+kin events)
  [932/2627] nano_938.root
         -> 206 vertices (455 trig, 166 trig+kin events)
  [933/2627] nano_939.root
         -> 335 vertices (814 trig, 292 trig+kin events)
  [934/2627] nano_94.root
         -> 327 vertices (903 trig, 299 trig+kin events)
  [935/2627] nano_940.root
         -> 178 vertices (443 trig, 160 trig+kin events)
  [936/2627] nano_941.root
         -> 250 vertices (579 trig, 217 trig+kin events)
  [937/2627] nano_942.root
         -> 339 vertices (910 trig, 319 trig+kin events)
  [938/2627] nano_943.root
         -> 348 vertices (892 trig, 320 trig+kin events)
  [939/2627] nano_944.root
         -> 154 vertices (389 trig, 143 trig+kin events)
  [940/2627] nano_945.root
         -> 363 vertices (883 trig, 324 trig+kin events)
  [941/2627] nano_946.root
         -> 273 vertices (640 trig, 243 trig+kin events)
  [942/2627] nano_947.root
         -> 245 vertices (541 trig, 218 trig+kin events)
  [943/2627] nano_948.root
         -> 340 vertices (922 trig, 305 trig+kin events)
  [944/2627] nano_949.root
         -> 366 vertices (882 trig, 322 trig+kin events)
  [945/2627] nano_95.root
         -> 224 vertices (537 trig, 202 trig+kin events)
  [946/2627] nano_950.root
         -> 229 vertices (559 trig, 202 trig+kin events)
  [947/2627] nano_951.root
         -> 249 vertices (628 trig, 222 trig+kin events)
  [948/2627] nano_952.root
         -> 332 vertices (929 trig, 313 trig+kin events)
  [949/2627] nano_953.root
         -> 395 vertices (975 trig, 354 trig+kin events)
  [950/2627] nano_954.root
         -> 248 vertices (643 trig, 251 trig+kin events)
  [951/2627] nano_955.root
         -> 180 vertices (478 trig, 173 trig+kin events)
  [952/2627] nano_956.root
         -> 383 vertices (901 trig, 348 trig+kin events)
  [953/2627] nano_957.root
         -> 195 vertices (498 trig, 172 trig+kin events)
  [954/2627] nano_958.root
         -> 366 vertices (909 trig, 327 trig+kin events)
  [955/2627] nano_959.root
         -> 228 vertices (663 trig, 221 trig+kin events)
  [956/2627] nano_96.root
         -> 373 vertices (907 trig, 335 trig+kin events)
  [957/2627] nano_960.root
         -> 317 vertices (875 trig, 298 trig+kin events)
  [958/2627] nano_961.root
         -> 202 vertices (456 trig, 186 trig+kin events)
  [959/2627] nano_962.root
         -> 356 vertices (895 trig, 333 trig+kin events)
  [960/2627] nano_963.root
         -> 190 vertices (491 trig, 175 trig+kin events)
  [961/2627] nano_964.root
         -> 353 vertices (894 trig, 335 trig+kin events)
  [962/2627] nano_965.root
         -> 168 vertices (434 trig, 158 trig+kin events)
  [963/2627] nano_966.root
         -> 178 vertices (479 trig, 168 trig+kin events)
  [964/2627] nano_967.root
         -> 373 vertices (921 trig, 327 trig+kin events)
  [965/2627] nano_968.root
         -> 381 vertices (898 trig, 331 trig+kin events)
  [966/2627] nano_969.root
         -> 361 vertices (870 trig, 313 trig+kin events)
  [967/2627] nano_97.root
         -> 201 vertices (501 trig, 184 trig+kin events)
  [968/2627] nano_970.root
         -> 356 vertices (923 trig, 334 trig+kin events)
  [969/2627] nano_971.root
         -> 372 vertices (849 trig, 323 trig+kin events)
  [970/2627] nano_972.root
         -> 325 vertices (833 trig, 289 trig+kin events)
  [971/2627] nano_973.root
         -> 293 vertices (743 trig, 252 trig+kin events)
  [972/2627] nano_974.root
         -> 293 vertices (700 trig, 255 trig+kin events)
  [973/2627] nano_975.root
         -> 163 vertices (431 trig, 155 trig+kin events)
  [974/2627] nano_976.root
         -> 392 vertices (882 trig, 339 trig+kin events)
  [975/2627] nano_977.root
         -> 186 vertices (465 trig, 179 trig+kin events)
  [976/2627] nano_978.root
         -> 167 vertices (458 trig, 156 trig+kin events)
  [977/2627] nano_979.root
         -> 245 vertices (548 trig, 188 trig+kin events)
  [978/2627] nano_98.root
         -> 194 vertices (468 trig, 159 trig+kin events)
  [979/2627] nano_980.root
         -> 322 vertices (838 trig, 293 trig+kin events)
  [980/2627] nano_981.root
         -> 350 vertices (822 trig, 288 trig+kin events)
  [981/2627] nano_982.root
         -> 333 vertices (877 trig, 311 trig+kin events)
  [982/2627] nano_983.root
         -> 206 vertices (480 trig, 191 trig+kin events)
  [983/2627] nano_984.root
         -> 57 vertices (168 trig, 62 trig+kin events)
  [984/2627] nano_985.root
         -> 361 vertices (890 trig, 332 trig+kin events)
  [985/2627] nano_986.root
         -> 119 vertices (289 trig, 112 trig+kin events)
  [986/2627] nano_987.root
         -> 209 vertices (493 trig, 180 trig+kin events)
  [987/2627] nano_988.root
         -> 222 vertices (571 trig, 210 trig+kin events)
  [988/2627] nano_989.root
         -> 178 vertices (458 trig, 160 trig+kin events)
  [989/2627] nano_99.root
         -> 265 vertices (644 trig, 238 trig+kin events)
  [990/2627] nano_990.root
         -> 368 vertices (881 trig, 315 trig+kin events)
  [991/2627] nano_991.root
         -> 443 vertices (936 trig, 361 trig+kin events)
  [992/2627] nano_992.root
         -> 362 vertices (895 trig, 319 trig+kin events)
  [993/2627] nano_993.root
         -> 185 vertices (463 trig, 172 trig+kin events)
  [994/2627] nano_994.root
         -> 196 vertices (501 trig, 178 trig+kin events)
  [995/2627] nano_995.root
         -> 237 vertices (551 trig, 197 trig+kin events)
  [996/2627] nano_996.root
         -> 272 vertices (693 trig, 248 trig+kin events)
  [997/2627] nano_997.root
         -> 383 vertices (880 trig, 338 trig+kin events)
  [998/2627] nano_998.root
         -> 357 vertices (873 trig, 322 trig+kin events)
  [999/2627] nano_999.root
         -> 378 vertices (912 trig, 317 trig+kin events)
  [1000/2627] nano_1000.root
         -> 179 vertices (431 trig, 153 trig+kin events)
  [1001/2627] nano_1001.root
         -> 369 vertices (904 trig, 327 trig+kin events)
  [1002/2627] nano_1002.root
         -> 331 vertices (856 trig, 304 trig+kin events)
  [1003/2627] nano_1003.root
         -> 278 vertices (704 trig, 244 trig+kin events)
  [1004/2627] nano_1004.root
         -> 260 vertices (680 trig, 241 trig+kin events)
  [1005/2627] nano_1005.root
         -> 180 vertices (485 trig, 180 trig+kin events)
  [1006/2627] nano_1006.root
         -> 166 vertices (447 trig, 160 trig+kin events)
  [1007/2627] nano_1007.root
         -> 176 vertices (453 trig, 158 trig+kin events)
  [1008/2627] nano_1008.root
         -> 392 vertices (941 trig, 356 trig+kin events)
  [1009/2627] nano_1009.root
         -> 217 vertices (570 trig, 206 trig+kin events)
  [1010/2627] nano_1010.root
         -> 328 vertices (848 trig, 296 trig+kin events)
  [1011/2627] nano_1011.root
         -> 309 vertices (842 trig, 289 trig+kin events)
  [1012/2627] nano_1012.root
         -> 54 vertices (135 trig, 47 trig+kin events)
  [1013/2627] nano_1013.root
         -> 323 vertices (859 trig, 300 trig+kin events)
  [1014/2627] nano_1014.root
         -> 291 vertices (722 trig, 260 trig+kin events)
  [1015/2627] nano_1015.root
         -> 371 vertices (874 trig, 307 trig+kin events)
  [1016/2627] nano_1016.root
         -> 290 vertices (694 trig, 262 trig+kin events)
  [1017/2627] nano_1017.root
         -> 207 vertices (567 trig, 184 trig+kin events)
  [1018/2627] nano_1018.root
         -> 239 vertices (543 trig, 210 trig+kin events)
  [1019/2627] nano_1019.root
         -> 308 vertices (720 trig, 260 trig+kin events)
  [1020/2627] nano_1020.root
         -> 271 vertices (680 trig, 255 trig+kin events)
  [1021/2627] nano_1021.root
         -> 212 vertices (535 trig, 193 trig+kin events)
  [1022/2627] nano_1022.root
         -> 192 vertices (488 trig, 182 trig+kin events)
  [1023/2627] nano_1023.root
         -> 341 vertices (901 trig, 310 trig+kin events)
  [1024/2627] nano_1024.root
         -> 187 vertices (487 trig, 173 trig+kin events)
  [1025/2627] nano_1025.root
         -> 91 vertices (167 trig, 74 trig+kin events)
  [1026/2627] nano_1026.root
         -> 248 vertices (542 trig, 225 trig+kin events)
  [1027/2627] nano_1027.root
         -> 197 vertices (611 trig, 178 trig+kin events)
  [1028/2627] nano_1028.root
         -> 410 vertices (904 trig, 350 trig+kin events)
  [1029/2627] nano_1029.root
         -> 357 vertices (898 trig, 323 trig+kin events)
  [1030/2627] nano_1030.root
         -> 197 vertices (478 trig, 176 trig+kin events)
  [1031/2627] nano_1031.root
         -> 406 vertices (911 trig, 343 trig+kin events)
  [1032/2627] nano_1032.root
         -> 308 vertices (782 trig, 282 trig+kin events)
  [1033/2627] nano_1033.root
         -> 188 vertices (452 trig, 162 trig+kin events)
  [1034/2627] nano_1034.root
         -> 357 vertices (858 trig, 313 trig+kin events)
  [1035/2627] nano_1035.root
         -> 232 vertices (559 trig, 208 trig+kin events)
  [1036/2627] nano_1036.root
         -> 200 vertices (445 trig, 185 trig+kin events)
  [1037/2627] nano_1037.root
         -> 364 vertices (870 trig, 308 trig+kin events)
  [1038/2627] nano_1038.root
         -> 332 vertices (842 trig, 289 trig+kin events)
  [1039/2627] nano_1039.root
         -> 360 vertices (855 trig, 324 trig+kin events)
  [1040/2627] nano_1040.root
         -> 188 vertices (466 trig, 179 trig+kin events)
  [1041/2627] nano_1041.root
         -> 209 vertices (538 trig, 198 trig+kin events)
  [1042/2627] nano_1042.root
         -> 373 vertices (916 trig, 334 trig+kin events)
  [1043/2627] nano_1043.root
         -> 181 vertices (483 trig, 154 trig+kin events)
  [1044/2627] nano_1044.root
         -> 264 vertices (597 trig, 236 trig+kin events)
  [1045/2627] nano_1045.root
         -> 219 vertices (503 trig, 198 trig+kin events)
  [1046/2627] nano_1046.root
         -> 291 vertices (691 trig, 262 trig+kin events)
  [1047/2627] nano_1047.root
         -> 179 vertices (450 trig, 156 trig+kin events)
  [1048/2627] nano_1048.root
         -> 342 vertices (827 trig, 297 trig+kin events)
  [1049/2627] nano_1049.root
         -> 186 vertices (494 trig, 169 trig+kin events)
  [1050/2627] nano_1050.root
         -> 216 vertices (495 trig, 187 trig+kin events)
  [1051/2627] nano_1051.root
         -> 355 vertices (793 trig, 315 trig+kin events)
  [1052/2627] nano_1052.root
         -> 246 vertices (567 trig, 218 trig+kin events)
  [1053/2627] nano_1053.root
         -> 203 vertices (510 trig, 183 trig+kin events)
  [1054/2627] nano_1054.root
         -> 195 vertices (532 trig, 184 trig+kin events)
  [1055/2627] nano_1055.root
         -> 347 vertices (871 trig, 308 trig+kin events)
  [1056/2627] nano_1056.root
         -> 188 vertices (499 trig, 181 trig+kin events)
  [1057/2627] nano_1057.root
         -> 184 vertices (504 trig, 177 trig+kin events)
  [1058/2627] nano_1058.root
         -> 329 vertices (904 trig, 311 trig+kin events)
  [1059/2627] nano_1059.root
         -> 212 vertices (564 trig, 190 trig+kin events)
  [1060/2627] nano_1060.root
         -> 196 vertices (466 trig, 172 trig+kin events)
  [1061/2627] nano_1061.root
         -> 187 vertices (459 trig, 176 trig+kin events)
  [1062/2627] nano_1062.root
         -> 207 vertices (531 trig, 178 trig+kin events)
  [1063/2627] nano_1063.root
         -> 304 vertices (708 trig, 256 trig+kin events)
  [1064/2627] nano_1064.root
         -> 345 vertices (862 trig, 311 trig+kin events)
  [1065/2627] nano_1065.root
         -> 253 vertices (621 trig, 245 trig+kin events)
  [1066/2627] nano_1066.root
         -> 339 vertices (928 trig, 319 trig+kin events)
  [1067/2627] nano_1067.root
         -> 213 vertices (463 trig, 170 trig+kin events)
  [1068/2627] nano_1068.root
         -> 205 vertices (505 trig, 181 trig+kin events)
  [1069/2627] nano_1069.root
         -> 170 vertices (453 trig, 155 trig+kin events)
  [1070/2627] nano_1070.root
         -> 220 vertices (534 trig, 201 trig+kin events)
  [1071/2627] nano_1071.root
         -> 217 vertices (553 trig, 189 trig+kin events)
  [1072/2627] nano_1072.root
         -> 183 vertices (486 trig, 164 trig+kin events)
  [1073/2627] nano_1073.root
         -> 224 vertices (512 trig, 194 trig+kin events)
  [1074/2627] nano_1074.root
         -> 114 vertices (228 trig, 90 trig+kin events)
  [1075/2627] nano_1075.root
         -> 240 vertices (529 trig, 212 trig+kin events)
  [1076/2627] nano_1076.root
         -> 218 vertices (499 trig, 196 trig+kin events)
  [1077/2627] nano_1077.root
         -> 299 vertices (728 trig, 268 trig+kin events)
  [1078/2627] nano_1078.root
         -> 210 vertices (558 trig, 196 trig+kin events)
  [1079/2627] nano_1079.root
         -> 259 vertices (632 trig, 234 trig+kin events)
  [1080/2627] nano_1080.root
         -> 258 vertices (557 trig, 229 trig+kin events)
  [1081/2627] nano_1081.root
         -> 366 vertices (871 trig, 325 trig+kin events)
  [1082/2627] nano_1082.root
         -> 229 vertices (563 trig, 208 trig+kin events)
  [1083/2627] nano_1083.root
         -> 319 vertices (664 trig, 261 trig+kin events)
  [1084/2627] nano_1084.root
         -> 179 vertices (435 trig, 164 trig+kin events)
  [1085/2627] nano_1085.root
         -> 347 vertices (839 trig, 316 trig+kin events)
  [1086/2627] nano_1086.root
         -> 255 vertices (596 trig, 210 trig+kin events)
  [1087/2627] nano_1087.root
         -> 235 vertices (595 trig, 218 trig+kin events)
  [1088/2627] nano_1088.root
         -> 252 vertices (642 trig, 235 trig+kin events)
  [1089/2627] nano_1089.root
         -> 346 vertices (855 trig, 317 trig+kin events)
  [1090/2627] nano_1090.root
         -> 183 vertices (478 trig, 165 trig+kin events)
  [1091/2627] nano_1091.root
         -> 229 vertices (526 trig, 200 trig+kin events)
  [1092/2627] nano_1092.root
         -> 204 vertices (442 trig, 180 trig+kin events)
  [1093/2627] nano_1093.root
         -> 320 vertices (804 trig, 287 trig+kin events)
  [1094/2627] nano_1094.root
         -> 321 vertices (839 trig, 285 trig+kin events)
  [1095/2627] nano_1095.root
         -> 209 vertices (494 trig, 179 trig+kin events)
  [1096/2627] nano_1096.root
         -> 180 vertices (495 trig, 174 trig+kin events)
  [1097/2627] nano_1097.root
         -> 316 vertices (893 trig, 283 trig+kin events)
  [1098/2627] nano_1098.root
         -> 170 vertices (371 trig, 153 trig+kin events)
  [1099/2627] nano_1099.root
         -> 224 vertices (514 trig, 197 trig+kin events)
  [1100/2627] nano_1100.root
         -> 232 vertices (547 trig, 206 trig+kin events)
  [1101/2627] nano_1101.root
         -> 282 vertices (662 trig, 248 trig+kin events)
  [1102/2627] nano_1102.root
         -> 380 vertices (924 trig, 338 trig+kin events)
  [1103/2627] nano_1103.root
         -> 347 vertices (803 trig, 308 trig+kin events)
  [1104/2627] nano_1104.root
         -> 163 vertices (484 trig, 158 trig+kin events)
  [1105/2627] nano_1105.root
         -> 265 vertices (658 trig, 249 trig+kin events)
  [1106/2627] nano_1106.root
         -> 336 vertices (890 trig, 310 trig+kin events)
  [1107/2627] nano_1107.root
         -> 365 vertices (822 trig, 316 trig+kin events)
  [1108/2627] nano_1108.root
         -> 310 vertices (816 trig, 306 trig+kin events)
  [1109/2627] nano_1109.root
         -> 216 vertices (590 trig, 217 trig+kin events)
  [1110/2627] nano_1110.root
         -> 196 vertices (520 trig, 178 trig+kin events)
  [1111/2627] nano_1111.root
         -> 236 vertices (612 trig, 220 trig+kin events)
  [1112/2627] nano_1112.root
         -> 175 vertices (487 trig, 165 trig+kin events)
  [1113/2627] nano_1113.root
         -> 352 vertices (826 trig, 307 trig+kin events)
  [1114/2627] nano_1114.root
         -> 200 vertices (526 trig, 179 trig+kin events)
  [1115/2627] nano_1115.root
         -> 236 vertices (566 trig, 225 trig+kin events)
  [1116/2627] nano_1116.root
         -> 347 vertices (865 trig, 321 trig+kin events)
  [1117/2627] nano_1117.root
         -> 276 vertices (612 trig, 240 trig+kin events)
  [1118/2627] nano_1118.root
         -> 247 vertices (574 trig, 215 trig+kin events)
  [1119/2627] nano_1119.root
         -> 235 vertices (513 trig, 203 trig+kin events)
  [1120/2627] nano_1120.root
         -> 237 vertices (551 trig, 207 trig+kin events)
  [1121/2627] nano_1121.root
         -> 315 vertices (840 trig, 302 trig+kin events)
  [1122/2627] nano_1122.root
         -> 216 vertices (510 trig, 185 trig+kin events)
  [1123/2627] nano_1123.root
         -> 153 vertices (423 trig, 142 trig+kin events)
  [1124/2627] nano_1124.root
         -> 198 vertices (495 trig, 182 trig+kin events)
  [1125/2627] nano_1125.root
         -> 113 vertices (254 trig, 97 trig+kin events)
  [1126/2627] nano_1126.root
         -> 242 vertices (590 trig, 216 trig+kin events)
  [1127/2627] nano_1127.root
         -> 280 vertices (784 trig, 262 trig+kin events)
  [1128/2627] nano_1128.root
         -> 284 vertices (647 trig, 235 trig+kin events)
  [1129/2627] nano_1129.root
         -> 277 vertices (739 trig, 255 trig+kin events)
  [1130/2627] nano_1130.root
         -> 334 vertices (890 trig, 308 trig+kin events)
  [1131/2627] nano_1131.root
         -> 350 vertices (840 trig, 309 trig+kin events)
  [1132/2627] nano_1132.root
         -> 343 vertices (794 trig, 296 trig+kin events)
  [1133/2627] nano_1133.root
         -> 243 vertices (554 trig, 222 trig+kin events)
  [1134/2627] nano_1134.root
         -> 292 vertices (814 trig, 286 trig+kin events)
  [1135/2627] nano_1135.root
         -> 386 vertices (884 trig, 347 trig+kin events)
  [1136/2627] nano_1136.root
         -> 212 vertices (540 trig, 181 trig+kin events)
  [1137/2627] nano_1137.root
         -> 359 vertices (818 trig, 320 trig+kin events)
  [1138/2627] nano_1138.root
         -> 355 vertices (894 trig, 314 trig+kin events)
  [1139/2627] nano_1139.root
         -> 207 vertices (483 trig, 183 trig+kin events)
  [1140/2627] nano_1140.root
         -> 266 vertices (682 trig, 240 trig+kin events)
  [1141/2627] nano_1141.root
         -> 259 vertices (599 trig, 226 trig+kin events)
  [1142/2627] nano_1142.root
         -> 212 vertices (513 trig, 190 trig+kin events)
  [1143/2627] nano_1143.root
         -> 387 vertices (905 trig, 324 trig+kin events)
  [1144/2627] nano_1144.root
         -> 183 vertices (476 trig, 161 trig+kin events)
  [1145/2627] nano_1145.root
         -> 331 vertices (862 trig, 288 trig+kin events)
  [1146/2627] nano_1146.root
         -> 216 vertices (491 trig, 185 trig+kin events)
  [1147/2627] nano_1147.root
         -> 374 vertices (898 trig, 335 trig+kin events)
  [1148/2627] nano_1148.root
         -> 216 vertices (478 trig, 184 trig+kin events)
  [1149/2627] nano_1149.root
         -> 232 vertices (520 trig, 198 trig+kin events)
  [1150/2627] nano_1150.root
         -> 297 vertices (737 trig, 265 trig+kin events)
  [1151/2627] nano_1151.root
         -> 210 vertices (576 trig, 182 trig+kin events)
  [1152/2627] nano_1152.root
         -> 357 vertices (872 trig, 310 trig+kin events)
  [1153/2627] nano_1153.root
         -> 285 vertices (680 trig, 259 trig+kin events)
  [1154/2627] nano_1154.root
         -> 198 vertices (475 trig, 189 trig+kin events)
  [1155/2627] nano_1155.root
         -> 231 vertices (618 trig, 218 trig+kin events)
  [1156/2627] nano_1156.root
         -> 265 vertices (659 trig, 241 trig+kin events)
  [1157/2627] nano_1157.root
         -> 193 vertices (540 trig, 186 trig+kin events)
  [1158/2627] nano_1158.root
         -> 231 vertices (564 trig, 200 trig+kin events)
  [1159/2627] nano_1159.root
         -> 200 vertices (548 trig, 181 trig+kin events)
  [1160/2627] nano_1160.root
         -> 338 vertices (850 trig, 293 trig+kin events)
  [1161/2627] nano_1161.root
         -> 231 vertices (579 trig, 205 trig+kin events)
  [1162/2627] nano_1162.root
         -> 325 vertices (792 trig, 285 trig+kin events)
  [1163/2627] nano_1163.root
         -> 29 vertices (102 trig, 25 trig+kin events)
  [1164/2627] nano_1164.root
         -> 372 vertices (921 trig, 322 trig+kin events)
  [1165/2627] nano_1165.root
         -> 271 vertices (569 trig, 233 trig+kin events)
  [1166/2627] nano_1166.root
         -> 234 vertices (568 trig, 208 trig+kin events)
  [1167/2627] nano_1167.root
         -> 354 vertices (891 trig, 307 trig+kin events)
  [1168/2627] nano_1168.root
         -> 328 vertices (758 trig, 290 trig+kin events)
  [1169/2627] nano_1169.root
         -> 201 vertices (546 trig, 195 trig+kin events)
  [1170/2627] nano_1170.root
         -> 234 vertices (586 trig, 222 trig+kin events)
  [1171/2627] nano_1171.root
         -> 206 vertices (525 trig, 187 trig+kin events)
  [1172/2627] nano_1172.root
         -> 434 vertices (996 trig, 373 trig+kin events)
  [1173/2627] nano_1173.root
         -> 367 vertices (851 trig, 318 trig+kin events)
  [1174/2627] nano_1174.root
         -> 260 vertices (692 trig, 245 trig+kin events)
  [1175/2627] nano_1175.root
         -> 191 vertices (450 trig, 168 trig+kin events)
  [1176/2627] nano_1176.root
         -> 243 vertices (609 trig, 221 trig+kin events)
  [1177/2627] nano_1177.root
         -> 186 vertices (471 trig, 173 trig+kin events)
  [1178/2627] nano_1178.root
         -> 287 vertices (664 trig, 245 trig+kin events)
  [1179/2627] nano_1179.root
         -> 200 vertices (490 trig, 190 trig+kin events)
  [1180/2627] nano_1180.root
         -> 163 vertices (479 trig, 154 trig+kin events)
  [1181/2627] nano_1181.root
         -> 264 vertices (619 trig, 223 trig+kin events)
  [1182/2627] nano_1182.root
         -> 384 vertices (875 trig, 326 trig+kin events)
  [1183/2627] nano_1183.root
         -> 371 vertices (917 trig, 337 trig+kin events)
  [1184/2627] nano_1184.root
         -> 364 vertices (877 trig, 329 trig+kin events)
  [1185/2627] nano_1185.root
         -> 190 vertices (438 trig, 175 trig+kin events)
  [1186/2627] nano_1186.root
         -> 229 vertices (610 trig, 220 trig+kin events)
  [1187/2627] nano_1187.root
         -> 194 vertices (540 trig, 182 trig+kin events)
  [1188/2627] nano_1188.root
         -> 206 vertices (494 trig, 184 trig+kin events)
  [1189/2627] nano_1189.root
         -> 238 vertices (544 trig, 208 trig+kin events)
  [1190/2627] nano_1190.root
         -> 276 vertices (689 trig, 259 trig+kin events)
  [1191/2627] nano_1191.root
         -> 191 vertices (447 trig, 162 trig+kin events)
  [1192/2627] nano_1192.root
         -> 172 vertices (465 trig, 156 trig+kin events)
  [1193/2627] nano_1193.root
         -> 207 vertices (516 trig, 185 trig+kin events)
  [1194/2627] nano_1194.root
         -> 192 vertices (449 trig, 179 trig+kin events)
  [1195/2627] nano_1195.root
         -> 187 vertices (507 trig, 178 trig+kin events)
  [1196/2627] nano_1196.root
         -> 179 vertices (477 trig, 173 trig+kin events)
  [1197/2627] nano_1197.root
         -> 187 vertices (474 trig, 171 trig+kin events)
  [1198/2627] nano_1198.root
         -> 259 vertices (657 trig, 230 trig+kin events)
  [1199/2627] nano_1199.root
         -> 334 vertices (840 trig, 288 trig+kin events)
  [1200/2627] nano_1200.root
         -> 215 vertices (505 trig, 187 trig+kin events)
  [1201/2627] nano_1201.root
         -> 333 vertices (852 trig, 313 trig+kin events)
  [1202/2627] nano_1202.root
         -> 246 vertices (630 trig, 228 trig+kin events)
  [1203/2627] nano_1203.root
         -> 254 vertices (621 trig, 230 trig+kin events)
  [1204/2627] nano_1204.root
         -> 172 vertices (496 trig, 161 trig+kin events)
  [1205/2627] nano_1205.root
         -> 218 vertices (504 trig, 180 trig+kin events)
  [1206/2627] nano_1206.root
         -> 175 vertices (452 trig, 160 trig+kin events)
  [1207/2627] nano_1207.root
         -> 258 vertices (675 trig, 229 trig+kin events)
  [1208/2627] nano_1208.root
         -> 35 vertices (75 trig, 29 trig+kin events)
  [1209/2627] nano_1209.root
         -> 351 vertices (843 trig, 312 trig+kin events)
  [1210/2627] nano_1210.root
         -> 225 vertices (564 trig, 206 trig+kin events)
  [1211/2627] nano_1211.root
         -> 6 vertices (12 trig, 1 trig+kin events)
  [1212/2627] nano_1212.root
         -> 164 vertices (445 trig, 147 trig+kin events)
  [1213/2627] nano_1213.root
         -> 269 vertices (589 trig, 225 trig+kin events)
  [1214/2627] nano_1214.root
         -> 291 vertices (667 trig, 239 trig+kin events)
  [1215/2627] nano_1215.root
         -> 282 vertices (602 trig, 249 trig+kin events)
  [1216/2627] nano_1216.root
         -> 273 vertices (604 trig, 237 trig+kin events)
  [1217/2627] nano_1217.root
         -> 287 vertices (718 trig, 249 trig+kin events)
  [1218/2627] nano_1218.root
         -> 218 vertices (546 trig, 194 trig+kin events)
  [1219/2627] nano_1219.root
         -> 242 vertices (566 trig, 206 trig+kin events)
  [1220/2627] nano_1220.root
         -> 199 vertices (517 trig, 187 trig+kin events)
  [1221/2627] nano_1221.root
         -> 225 vertices (545 trig, 205 trig+kin events)
  [1222/2627] nano_1222.root
         -> 179 vertices (476 trig, 163 trig+kin events)
  [1223/2627] nano_1223.root
         -> 245 vertices (539 trig, 217 trig+kin events)
  [1224/2627] nano_1224.root
         -> 237 vertices (623 trig, 213 trig+kin events)
  [1225/2627] nano_1225.root
         -> 240 vertices (522 trig, 209 trig+kin events)
  [1226/2627] nano_1226.root
         -> 203 vertices (523 trig, 191 trig+kin events)
  [1227/2627] nano_1227.root
         -> 221 vertices (571 trig, 199 trig+kin events)
  [1228/2627] nano_1228.root
         -> 339 vertices (875 trig, 315 trig+kin events)
  [1229/2627] nano_1229.root
         -> 194 vertices (483 trig, 167 trig+kin events)
  [1230/2627] nano_1230.root
         -> 151 vertices (357 trig, 133 trig+kin events)
  [1231/2627] nano_1231.root
         -> 383 vertices (926 trig, 348 trig+kin events)
  [1232/2627] nano_1232.root
         -> 348 vertices (836 trig, 302 trig+kin events)
  [1233/2627] nano_1233.root
         -> 198 vertices (454 trig, 162 trig+kin events)
  [1234/2627] nano_1234.root
         -> 354 vertices (873 trig, 314 trig+kin events)
  [1235/2627] nano_1235.root
         -> 369 vertices (942 trig, 333 trig+kin events)
  [1236/2627] nano_1236.root
         -> 328 vertices (824 trig, 307 trig+kin events)
  [1237/2627] nano_1237.root
         -> 355 vertices (870 trig, 327 trig+kin events)
  [1238/2627] nano_1238.root
         -> 195 vertices (495 trig, 190 trig+kin events)
  [1239/2627] nano_1239.root
         -> 337 vertices (822 trig, 309 trig+kin events)
  [1240/2627] nano_1240.root
         -> 201 vertices (436 trig, 188 trig+kin events)
  [1241/2627] nano_1241.root
         -> 329 vertices (895 trig, 319 trig+kin events)
  [1242/2627] nano_1242.root
         -> 258 vertices (621 trig, 227 trig+kin events)
  [1243/2627] nano_1243.root
         -> 299 vertices (666 trig, 258 trig+kin events)
  [1244/2627] nano_1244.root
         -> 202 vertices (486 trig, 168 trig+kin events)
  [1245/2627] nano_1245.root
         -> 243 vertices (585 trig, 219 trig+kin events)
  [1246/2627] nano_1246.root
         -> 179 vertices (482 trig, 165 trig+kin events)
  [1247/2627] nano_1247.root
         -> 379 vertices (923 trig, 353 trig+kin events)
  [1248/2627] nano_1248.root
         -> 196 vertices (490 trig, 169 trig+kin events)
  [1249/2627] nano_1249.root
         -> 231 vertices (625 trig, 217 trig+kin events)
  [1250/2627] nano_1250.root
         -> 346 vertices (892 trig, 312 trig+kin events)
  [1251/2627] nano_1251.root
         -> 245 vertices (649 trig, 217 trig+kin events)
  [1252/2627] nano_1252.root
         -> 311 vertices (775 trig, 285 trig+kin events)
  [1253/2627] nano_1253.root
         -> 249 vertices (662 trig, 239 trig+kin events)
  [1254/2627] nano_1254.root
         -> 175 vertices (477 trig, 160 trig+kin events)
  [1255/2627] nano_1255.root
         -> 375 vertices (912 trig, 328 trig+kin events)
  [1256/2627] nano_1256.root
         -> 35 vertices (105 trig, 35 trig+kin events)
  [1257/2627] nano_1257.root
         -> 273 vertices (639 trig, 242 trig+kin events)
  [1258/2627] nano_1258.root
         -> 172 vertices (463 trig, 163 trig+kin events)
  [1259/2627] nano_1259.root
         -> 326 vertices (803 trig, 292 trig+kin events)
  [1260/2627] nano_1260.root
         -> 172 vertices (427 trig, 163 trig+kin events)
  [1261/2627] nano_1261.root
         -> 411 vertices (958 trig, 376 trig+kin events)
  [1262/2627] nano_1262.root
         -> 348 vertices (843 trig, 311 trig+kin events)
  [1263/2627] nano_1263.root
         -> 196 vertices (506 trig, 189 trig+kin events)
  [1264/2627] nano_1264.root
         -> 189 vertices (455 trig, 170 trig+kin events)
  [1265/2627] nano_1265.root
         -> 355 vertices (915 trig, 321 trig+kin events)
  [1266/2627] nano_1266.root
         -> 193 vertices (496 trig, 174 trig+kin events)
  [1267/2627] nano_1267.root
         -> 182 vertices (470 trig, 175 trig+kin events)
  [1268/2627] nano_1268.root
         -> 264 vertices (651 trig, 233 trig+kin events)
  [1269/2627] nano_1269.root
         -> 251 vertices (594 trig, 234 trig+kin events)
  [1270/2627] nano_1270.root
         -> 194 vertices (442 trig, 173 trig+kin events)
  [1271/2627] nano_1271.root
         -> 197 vertices (496 trig, 180 trig+kin events)
  [1272/2627] nano_1272.root
         -> 343 vertices (919 trig, 330 trig+kin events)
  [1273/2627] nano_1273.root
         -> 204 vertices (453 trig, 179 trig+kin events)
  [1274/2627] nano_1274.root
         -> 196 vertices (502 trig, 184 trig+kin events)
  [1275/2627] nano_1275.root
         -> 203 vertices (511 trig, 188 trig+kin events)
  [1276/2627] nano_1276.root
         -> 226 vertices (533 trig, 195 trig+kin events)
  [1277/2627] nano_1277.root
         -> 196 vertices (514 trig, 192 trig+kin events)
  [1278/2627] nano_1278.root
         -> 10 vertices (22 trig, 10 trig+kin events)
  [1279/2627] nano_1279.root
         -> 379 vertices (914 trig, 346 trig+kin events)
  [1280/2627] nano_1280.root
         -> 332 vertices (871 trig, 306 trig+kin events)
  [1281/2627] nano_1281.root
         -> 151 vertices (429 trig, 145 trig+kin events)
  [1282/2627] nano_1282.root
         -> 351 vertices (862 trig, 310 trig+kin events)
  [1283/2627] nano_1283.root
         -> 208 vertices (549 trig, 193 trig+kin events)
  [1284/2627] nano_1284.root
         -> 236 vertices (524 trig, 206 trig+kin events)
  [1285/2627] nano_1285.root
         -> 211 vertices (548 trig, 199 trig+kin events)
  [1286/2627] nano_1286.root
         -> 349 vertices (863 trig, 334 trig+kin events)
  [1287/2627] nano_1287.root
         -> 187 vertices (444 trig, 162 trig+kin events)
  [1288/2627] nano_1288.root
         -> 234 vertices (586 trig, 204 trig+kin events)
  [1289/2627] nano_1289.root
         -> 240 vertices (552 trig, 212 trig+kin events)
  [1290/2627] nano_1290.root
         -> 279 vertices (730 trig, 243 trig+kin events)
  [1291/2627] nano_1291.root
         -> 259 vertices (639 trig, 235 trig+kin events)
  [1292/2627] nano_1292.root
         -> 211 vertices (541 trig, 193 trig+kin events)
  [1293/2627] nano_1293.root
         -> 346 vertices (923 trig, 300 trig+kin events)
  [1294/2627] nano_1294.root
         -> 211 vertices (565 trig, 185 trig+kin events)
  [1295/2627] nano_1295.root
         -> 264 vertices (627 trig, 252 trig+kin events)
  [1296/2627] nano_1296.root
         -> 354 vertices (922 trig, 309 trig+kin events)
  [1297/2627] nano_1297.root
         -> 387 vertices (909 trig, 346 trig+kin events)
  [1298/2627] nano_1298.root
         -> 140 vertices (319 trig, 116 trig+kin events)
  [1299/2627] nano_1299.root
         -> 207 vertices (545 trig, 196 trig+kin events)
  [1300/2627] nano_1300.root
         -> 200 vertices (507 trig, 177 trig+kin events)
  [1301/2627] nano_1301.root
         -> 370 vertices (860 trig, 322 trig+kin events)
  [1302/2627] nano_1302.root
         -> 206 vertices (510 trig, 189 trig+kin events)
  [1303/2627] nano_1303.root
         -> 207 vertices (467 trig, 190 trig+kin events)
  [1304/2627] nano_1304.root
         -> 196 vertices (496 trig, 182 trig+kin events)
  [1305/2627] nano_1305.root
         -> 208 vertices (505 trig, 189 trig+kin events)
  [1306/2627] nano_1306.root
         -> 373 vertices (885 trig, 326 trig+kin events)
  [1307/2627] nano_1307.root
         -> 262 vertices (668 trig, 239 trig+kin events)
  [1308/2627] nano_1308.root
         -> 396 vertices (902 trig, 350 trig+kin events)
  [1309/2627] nano_1309.root
         -> 301 vertices (815 trig, 279 trig+kin events)
  [1310/2627] nano_1310.root
         -> 84 vertices (203 trig, 81 trig+kin events)
  [1311/2627] nano_1311.root
         -> 129 vertices (283 trig, 108 trig+kin events)
  [1312/2627] nano_1312.root
         -> 305 vertices (733 trig, 282 trig+kin events)
  [1313/2627] nano_1313.root
         -> 193 vertices (544 trig, 190 trig+kin events)
  [1314/2627] nano_1314.root
         -> 326 vertices (776 trig, 281 trig+kin events)
  [1315/2627] nano_1315.root
         -> 213 vertices (510 trig, 185 trig+kin events)
  [1316/2627] nano_1316.root
         -> 325 vertices (713 trig, 288 trig+kin events)
  [1317/2627] nano_1317.root
         -> 107 vertices (269 trig, 96 trig+kin events)
  [1318/2627] nano_1318.root
         -> 215 vertices (525 trig, 183 trig+kin events)
  [1319/2627] nano_1319.root
         -> 175 vertices (463 trig, 165 trig+kin events)
  [1320/2627] nano_1320.root
         -> 325 vertices (773 trig, 295 trig+kin events)
  [1321/2627] nano_1321.root
         -> 218 vertices (508 trig, 194 trig+kin events)
  [1322/2627] nano_1322.root
         -> 364 vertices (891 trig, 339 trig+kin events)
  [1323/2627] nano_1323.root
         -> 231 vertices (532 trig, 199 trig+kin events)
  [1324/2627] nano_1324.root
         -> 350 vertices (824 trig, 317 trig+kin events)
  [1325/2627] nano_1325.root
         -> 362 vertices (871 trig, 309 trig+kin events)
  [1326/2627] nano_1326.root
         -> 193 vertices (473 trig, 182 trig+kin events)
  [1327/2627] nano_1327.root
         -> 170 vertices (503 trig, 167 trig+kin events)
  [1328/2627] nano_1328.root
         -> 318 vertices (772 trig, 291 trig+kin events)
  [1329/2627] nano_1329.root
         -> 252 vertices (663 trig, 233 trig+kin events)
  [1330/2627] nano_1330.root
         -> 176 vertices (474 trig, 154 trig+kin events)
  [1331/2627] nano_1331.root
         -> 371 vertices (900 trig, 337 trig+kin events)
  [1332/2627] nano_1332.root
         -> 370 vertices (896 trig, 337 trig+kin events)
  [1333/2627] nano_1333.root
         -> 211 vertices (484 trig, 188 trig+kin events)
  [1334/2627] nano_1334.root
         -> 213 vertices (537 trig, 187 trig+kin events)
  [1335/2627] nano_1335.root
         -> 202 vertices (465 trig, 178 trig+kin events)
  [1336/2627] nano_1336.root
         -> 175 vertices (452 trig, 156 trig+kin events)
  [1337/2627] nano_1337.root
         -> 367 vertices (895 trig, 333 trig+kin events)
  [1338/2627] nano_1338.root
         -> 11 vertices (38 trig, 9 trig+kin events)
  [1339/2627] nano_1339.root
         -> 199 vertices (488 trig, 189 trig+kin events)
  [1340/2627] nano_1340.root
         -> 192 vertices (443 trig, 155 trig+kin events)
  [1341/2627] nano_1341.root
         -> 282 vertices (623 trig, 246 trig+kin events)
  [1342/2627] nano_1342.root
         -> 345 vertices (864 trig, 302 trig+kin events)
  [1343/2627] nano_1343.root
         -> 203 vertices (495 trig, 182 trig+kin events)
  [1344/2627] nano_1344.root
         -> 191 vertices (542 trig, 197 trig+kin events)
  [1345/2627] nano_1345.root
         -> 282 vertices (670 trig, 241 trig+kin events)
  [1346/2627] nano_1346.root
         -> 216 vertices (565 trig, 213 trig+kin events)
  [1347/2627] nano_1347.root
         -> 282 vertices (717 trig, 263 trig+kin events)
  [1348/2627] nano_1348.root
         -> 362 vertices (912 trig, 339 trig+kin events)
  [1349/2627] nano_1349.root
         -> 315 vertices (773 trig, 287 trig+kin events)
  [1350/2627] nano_1350.root
         -> 196 vertices (484 trig, 187 trig+kin events)
  [1351/2627] nano_1351.root
         -> 260 vertices (546 trig, 216 trig+kin events)
  [1352/2627] nano_1352.root
         -> 286 vertices (660 trig, 256 trig+kin events)
  [1353/2627] nano_1353.root
         -> 193 vertices (500 trig, 184 trig+kin events)
  [1354/2627] nano_1354.root
         -> 284 vertices (716 trig, 261 trig+kin events)
  [1355/2627] nano_1355.root
         -> 313 vertices (844 trig, 282 trig+kin events)
  [1356/2627] nano_1356.root
         -> 359 vertices (837 trig, 324 trig+kin events)
  [1357/2627] nano_1357.root
         -> 352 vertices (905 trig, 312 trig+kin events)
  [1358/2627] nano_1358.root
         -> 186 vertices (511 trig, 170 trig+kin events)
  [1359/2627] nano_1359.root
         -> 346 vertices (893 trig, 313 trig+kin events)
  [1360/2627] nano_1360.root
         -> 169 vertices (442 trig, 166 trig+kin events)
  [1361/2627] nano_1361.root
         -> 374 vertices (861 trig, 341 trig+kin events)
  [1362/2627] nano_1362.root
         -> 198 vertices (477 trig, 175 trig+kin events)
  [1363/2627] nano_1363.root
         -> 180 vertices (453 trig, 161 trig+kin events)
  [1364/2627] nano_1364.root
         -> 99 vertices (293 trig, 100 trig+kin events)
  [1365/2627] nano_1365.root
         -> 194 vertices (508 trig, 181 trig+kin events)
  [1366/2627] nano_1366.root
         -> 288 vertices (695 trig, 257 trig+kin events)
  [1367/2627] nano_1367.root
         -> 292 vertices (649 trig, 255 trig+kin events)
  [1368/2627] nano_1368.root
         -> 197 vertices (482 trig, 179 trig+kin events)
  [1369/2627] nano_1369.root
         -> 206 vertices (444 trig, 180 trig+kin events)
  [1370/2627] nano_1370.root
         -> 180 vertices (483 trig, 160 trig+kin events)
  [1371/2627] nano_1371.root
         -> 226 vertices (597 trig, 210 trig+kin events)
  [1372/2627] nano_1372.root
         -> 168 vertices (424 trig, 144 trig+kin events)
  [1373/2627] nano_1373.root
         -> 220 vertices (497 trig, 202 trig+kin events)
  [1374/2627] nano_1374.root
         -> 154 vertices (391 trig, 137 trig+kin events)
  [1375/2627] nano_1375.root
         -> 199 vertices (542 trig, 182 trig+kin events)
  [1376/2627] nano_1376.root
         -> 294 vertices (778 trig, 279 trig+kin events)
  [1377/2627] nano_1377.root
         -> 354 vertices (768 trig, 308 trig+kin events)
  [1378/2627] nano_1378.root
         -> 350 vertices (894 trig, 326 trig+kin events)
  [1379/2627] nano_1379.root
         -> 208 vertices (510 trig, 191 trig+kin events)
  [1380/2627] nano_1380.root
         -> 201 vertices (474 trig, 182 trig+kin events)
  [1381/2627] nano_1381.root
         -> 425 vertices (908 trig, 351 trig+kin events)
  [1382/2627] nano_1382.root
         -> 282 vertices (731 trig, 253 trig+kin events)
  [1383/2627] nano_1383.root
         -> 259 vertices (604 trig, 230 trig+kin events)
  [1384/2627] nano_1384.root
         -> 22 vertices (59 trig, 20 trig+kin events)
  [1385/2627] nano_1385.root
         -> 370 vertices (874 trig, 317 trig+kin events)
  [1386/2627] nano_1386.root
         -> 284 vertices (662 trig, 264 trig+kin events)
  [1387/2627] nano_1387.root
         -> 219 vertices (517 trig, 194 trig+kin events)
  [1388/2627] nano_1388.root
         -> 353 vertices (899 trig, 319 trig+kin events)
  [1389/2627] nano_1389.root
         -> 267 vertices (639 trig, 229 trig+kin events)
  [1390/2627] nano_1390.root
         -> 223 vertices (485 trig, 189 trig+kin events)
  [1391/2627] nano_1391.root
         -> 198 vertices (469 trig, 169 trig+kin events)
  [1392/2627] nano_1392.root
         -> 187 vertices (506 trig, 167 trig+kin events)
  [1393/2627] nano_1393.root
         -> 344 vertices (893 trig, 322 trig+kin events)
  [1394/2627] nano_1394.root
         -> 165 vertices (460 trig, 165 trig+kin events)
  [1395/2627] nano_1395.root
         -> 193 vertices (504 trig, 174 trig+kin events)
  [1396/2627] nano_1396.root
         -> 44 vertices (105 trig, 44 trig+kin events)
  [1397/2627] nano_1397.root
         -> 234 vertices (473 trig, 184 trig+kin events)
  [1398/2627] nano_1398.root
         -> 186 vertices (479 trig, 175 trig+kin events)
  [1399/2627] nano_1399.root
         -> 299 vertices (852 trig, 302 trig+kin events)
  [1400/2627] nano_1400.root
         -> 198 vertices (491 trig, 168 trig+kin events)
  [1401/2627] nano_1401.root
         -> 280 vertices (697 trig, 248 trig+kin events)
  [1402/2627] nano_1402.root
         -> 374 vertices (888 trig, 349 trig+kin events)
  [1403/2627] nano_1403.root
         -> 202 vertices (542 trig, 187 trig+kin events)
  [1404/2627] nano_1404.root
         -> 207 vertices (501 trig, 181 trig+kin events)
  [1405/2627] nano_1405.root
         -> 222 vertices (542 trig, 205 trig+kin events)
  [1406/2627] nano_1406.root
         -> 319 vertices (777 trig, 275 trig+kin events)
  [1407/2627] nano_1407.root
         -> 369 vertices (886 trig, 344 trig+kin events)
  [1408/2627] nano_1408.root
         -> 195 vertices (497 trig, 179 trig+kin events)
  [1409/2627] nano_1409.root
         -> 203 vertices (498 trig, 189 trig+kin events)
  [1410/2627] nano_1410.root
         -> 375 vertices (868 trig, 340 trig+kin events)
  [1411/2627] nano_1411.root
         -> 218 vertices (468 trig, 188 trig+kin events)
  [1412/2627] nano_1412.root
         -> 232 vertices (582 trig, 201 trig+kin events)
  [1413/2627] nano_1413.root
         -> 188 vertices (528 trig, 179 trig+kin events)
  [1414/2627] nano_1414.root
         -> 220 vertices (615 trig, 220 trig+kin events)
  [1415/2627] nano_1415.root
         -> 217 vertices (458 trig, 187 trig+kin events)
  [1416/2627] nano_1416.root
         -> 299 vertices (704 trig, 254 trig+kin events)
  [1417/2627] nano_1417.root
         -> 172 vertices (480 trig, 164 trig+kin events)
  [1418/2627] nano_1418.root
         -> 218 vertices (523 trig, 189 trig+kin events)
  [1419/2627] nano_1419.root
         -> 335 vertices (860 trig, 304 trig+kin events)
  [1420/2627] nano_1420.root
         -> 376 vertices (925 trig, 326 trig+kin events)
  [1421/2627] nano_1421.root
         -> 195 vertices (450 trig, 160 trig+kin events)
  [1422/2627] nano_1422.root
         -> 336 vertices (820 trig, 301 trig+kin events)
  [1423/2627] nano_1423.root
         -> 245 vertices (640 trig, 220 trig+kin events)
  [1424/2627] nano_1424.root
         -> 199 vertices (567 trig, 192 trig+kin events)
  [1425/2627] nano_1425.root
         -> 208 vertices (529 trig, 175 trig+kin events)
  [1426/2627] nano_1426.root
         -> 205 vertices (527 trig, 190 trig+kin events)
  [1427/2627] nano_1427.root
         -> 367 vertices (891 trig, 327 trig+kin events)
  [1428/2627] nano_1428.root
         -> 250 vertices (653 trig, 224 trig+kin events)
  [1429/2627] nano_1429.root
         -> 331 vertices (868 trig, 299 trig+kin events)
  [1430/2627] nano_1430.root
         -> 339 vertices (821 trig, 287 trig+kin events)
  [1431/2627] nano_1431.root
         -> 317 vertices (851 trig, 294 trig+kin events)
  [1432/2627] nano_1432.root
         -> 357 vertices (931 trig, 332 trig+kin events)
  [1433/2627] nano_1433.root
         -> 161 vertices (488 trig, 150 trig+kin events)
  [1434/2627] nano_1434.root
         -> 190 vertices (558 trig, 182 trig+kin events)
  [1435/2627] nano_1435.root
         -> 257 vertices (608 trig, 223 trig+kin events)
  [1436/2627] nano_1436.root
         -> 294 vertices (687 trig, 258 trig+kin events)
  [1437/2627] nano_1437.root
         -> 198 vertices (518 trig, 186 trig+kin events)
  [1438/2627] nano_1438.root
         -> 350 vertices (921 trig, 321 trig+kin events)
  [1439/2627] nano_1439.root
         -> 276 vertices (694 trig, 253 trig+kin events)
  [1440/2627] nano_1440.root
         -> 323 vertices (852 trig, 302 trig+kin events)
  [1441/2627] nano_1441.root
         -> 228 vertices (597 trig, 217 trig+kin events)
  [1442/2627] nano_1442.root
         -> 250 vertices (621 trig, 226 trig+kin events)
  [1443/2627] nano_1443.root
         -> 356 vertices (854 trig, 317 trig+kin events)
  [1444/2627] nano_1444.root
         -> 26 vertices (78 trig, 30 trig+kin events)
  [1445/2627] nano_1445.root
         -> 216 vertices (491 trig, 188 trig+kin events)
  [1446/2627] nano_1446.root
         -> 70 vertices (236 trig, 75 trig+kin events)
  [1447/2627] nano_1447.root
         -> 260 vertices (681 trig, 224 trig+kin events)
  [1448/2627] nano_1448.root
         -> 289 vertices (730 trig, 263 trig+kin events)
  [1449/2627] nano_1449.root
         -> 260 vertices (626 trig, 224 trig+kin events)
  [1450/2627] nano_1450.root
         -> 288 vertices (739 trig, 260 trig+kin events)
  [1451/2627] nano_1451.root
         -> 369 vertices (882 trig, 317 trig+kin events)
  [1452/2627] nano_1452.root
         -> 181 vertices (444 trig, 165 trig+kin events)
  [1453/2627] nano_1453.root
         -> 311 vertices (796 trig, 305 trig+kin events)
  [1454/2627] nano_1454.root
         -> 378 vertices (893 trig, 339 trig+kin events)
  [1455/2627] nano_1455.root
         -> 309 vertices (764 trig, 284 trig+kin events)
  [1456/2627] nano_1456.root
         -> 238 vertices (570 trig, 203 trig+kin events)
  [1457/2627] nano_1457.root
         -> 172 vertices (491 trig, 170 trig+kin events)
  [1458/2627] nano_1458.root
         -> 363 vertices (807 trig, 297 trig+kin events)
  [1459/2627] nano_1459.root
         -> 323 vertices (858 trig, 300 trig+kin events)
  [1460/2627] nano_1460.root
         -> 187 vertices (469 trig, 184 trig+kin events)
  [1461/2627] nano_1461.root
         -> 180 vertices (482 trig, 168 trig+kin events)
  [1462/2627] nano_1462.root
         -> 240 vertices (543 trig, 227 trig+kin events)
  [1463/2627] nano_1463.root
         -> 291 vertices (770 trig, 265 trig+kin events)
  [1464/2627] nano_1464.root
         -> 214 vertices (492 trig, 189 trig+kin events)
  [1465/2627] nano_1465.root
         -> 363 vertices (931 trig, 338 trig+kin events)
  [1466/2627] nano_1466.root
         -> 369 vertices (888 trig, 332 trig+kin events)
  [1467/2627] nano_1467.root
         -> 189 vertices (458 trig, 171 trig+kin events)
  [1468/2627] nano_1468.root
         -> 314 vertices (797 trig, 285 trig+kin events)
  [1469/2627] nano_1469.root
         -> 214 vertices (508 trig, 187 trig+kin events)
  [1470/2627] nano_1470.root
         -> 364 vertices (853 trig, 304 trig+kin events)
  [1471/2627] nano_1471.root
         -> 336 vertices (831 trig, 287 trig+kin events)
  [1472/2627] nano_1472.root
         -> 311 vertices (802 trig, 275 trig+kin events)
  [1473/2627] nano_1473.root
         -> 227 vertices (528 trig, 197 trig+kin events)
  [1474/2627] nano_1474.root
         -> 333 vertices (860 trig, 309 trig+kin events)
  [1475/2627] nano_1475.root
         -> 335 vertices (877 trig, 311 trig+kin events)
  [1476/2627] nano_1476.root
         -> 331 vertices (807 trig, 281 trig+kin events)
  [1477/2627] nano_1477.root
         -> 262 vertices (591 trig, 248 trig+kin events)
  [1478/2627] nano_1478.root
         -> 225 vertices (548 trig, 205 trig+kin events)
  [1479/2627] nano_1479.root
         -> 247 vertices (610 trig, 235 trig+kin events)
  [1480/2627] nano_1480.root
         -> 214 vertices (594 trig, 201 trig+kin events)
  [1481/2627] nano_1481.root
         -> 267 vertices (697 trig, 253 trig+kin events)
  [1482/2627] nano_1482.root
         -> 244 vertices (657 trig, 222 trig+kin events)
  [1483/2627] nano_1483.root
         -> 246 vertices (619 trig, 231 trig+kin events)
  [1484/2627] nano_1484.root
         -> 333 vertices (886 trig, 294 trig+kin events)
  [1485/2627] nano_1485.root
         -> 282 vertices (731 trig, 250 trig+kin events)
  [1486/2627] nano_1486.root
         -> 331 vertices (911 trig, 328 trig+kin events)
  [1487/2627] nano_1487.root
         -> 350 vertices (923 trig, 341 trig+kin events)
  [1488/2627] nano_1488.root
         -> 112 vertices (271 trig, 99 trig+kin events)
  [1489/2627] nano_1489.root
         -> 324 vertices (880 trig, 289 trig+kin events)
  [1490/2627] nano_1490.root
         -> 198 vertices (504 trig, 178 trig+kin events)
  [1491/2627] nano_1491.root
         -> 369 vertices (896 trig, 325 trig+kin events)
  [1492/2627] nano_1492.root
         -> 354 vertices (801 trig, 301 trig+kin events)
  [1493/2627] nano_1493.root
         -> 175 vertices (451 trig, 160 trig+kin events)
  [1494/2627] nano_1494.root
         -> 197 vertices (459 trig, 172 trig+kin events)
  [1495/2627] nano_1495.root
         -> 275 vertices (684 trig, 250 trig+kin events)
  [1496/2627] nano_1496.root
         -> 233 vertices (508 trig, 196 trig+kin events)
  [1497/2627] nano_1497.root
         -> 219 vertices (621 trig, 208 trig+kin events)
  [1498/2627] nano_1498.root
         -> 170 vertices (424 trig, 150 trig+kin events)
  [1499/2627] nano_1499.root
         -> 331 vertices (796 trig, 292 trig+kin events)
  [1500/2627] nano_1500.root
         -> 222 vertices (620 trig, 212 trig+kin events)
  [1501/2627] nano_1501.root
         -> 235 vertices (547 trig, 204 trig+kin events)
  [1502/2627] nano_1502.root
         -> 241 vertices (569 trig, 212 trig+kin events)
  [1503/2627] nano_1503.root
         -> 177 vertices (454 trig, 160 trig+kin events)
  [1504/2627] nano_1504.root
         -> 229 vertices (555 trig, 202 trig+kin events)
  [1505/2627] nano_1505.root
         -> 350 vertices (891 trig, 329 trig+kin events)
  [1506/2627] nano_1506.root
         -> 372 vertices (904 trig, 343 trig+kin events)
  [1507/2627] nano_1507.root
         -> 246 vertices (638 trig, 224 trig+kin events)
  [1508/2627] nano_1508.root
         -> 167 vertices (494 trig, 150 trig+kin events)
  [1509/2627] nano_1509.root
         -> 191 vertices (499 trig, 175 trig+kin events)
  [1510/2627] nano_1510.root
         -> 207 vertices (509 trig, 179 trig+kin events)
  [1511/2627] nano_1511.root
         -> 317 vertices (847 trig, 304 trig+kin events)
  [1512/2627] nano_1512.root
         -> 375 vertices (839 trig, 334 trig+kin events)
  [1513/2627] nano_1513.root
         -> 360 vertices (894 trig, 323 trig+kin events)
  [1514/2627] nano_1514.root
         -> 207 vertices (469 trig, 178 trig+kin events)
  [1515/2627] nano_1515.root
         -> 214 vertices (466 trig, 171 trig+kin events)
  [1516/2627] nano_1516.root
         -> 360 vertices (910 trig, 333 trig+kin events)
  [1517/2627] nano_1517.root
         -> 290 vertices (688 trig, 261 trig+kin events)
  [1518/2627] nano_1518.root
         -> 195 vertices (468 trig, 173 trig+kin events)
  [1519/2627] nano_1519.root
         -> 185 vertices (430 trig, 158 trig+kin events)
  [1520/2627] nano_1520.root
         -> 376 vertices (905 trig, 347 trig+kin events)
  [1521/2627] nano_1521.root
         -> 267 vertices (630 trig, 228 trig+kin events)
  [1522/2627] nano_1522.root
         -> 185 vertices (459 trig, 169 trig+kin events)
  [1523/2627] nano_1523.root
         -> 1 vertices (5 trig, 2 trig+kin events)
  [1524/2627] nano_1524.root
         -> 364 vertices (912 trig, 335 trig+kin events)
  [1525/2627] nano_1525.root
         -> 268 vertices (722 trig, 245 trig+kin events)
  [1526/2627] nano_1526.root
         -> 193 vertices (433 trig, 175 trig+kin events)
  [1527/2627] nano_1527.root
         -> 323 vertices (766 trig, 281 trig+kin events)
  [1528/2627] nano_1528.root
         -> 185 vertices (478 trig, 168 trig+kin events)
  [1529/2627] nano_1529.root
         -> 271 vertices (692 trig, 252 trig+kin events)
  [1530/2627] nano_1530.root
         -> 202 vertices (455 trig, 182 trig+kin events)
  [1531/2627] nano_1531.root
         -> 321 vertices (846 trig, 290 trig+kin events)
  [1532/2627] nano_1532.root
         -> 349 vertices (903 trig, 321 trig+kin events)
  [1533/2627] nano_1533.root
         -> 179 vertices (453 trig, 164 trig+kin events)
  [1534/2627] nano_1534.root
         -> 383 vertices (889 trig, 335 trig+kin events)
  [1535/2627] nano_1535.root
         -> 230 vertices (583 trig, 195 trig+kin events)
  [1536/2627] nano_1536.root
         -> 289 vertices (775 trig, 264 trig+kin events)
  [1537/2627] nano_1537.root
         -> 17 vertices (35 trig, 14 trig+kin events)
  [1538/2627] nano_1538.root
         -> 169 vertices (452 trig, 150 trig+kin events)
  [1539/2627] nano_1539.root
         -> 229 vertices (581 trig, 219 trig+kin events)
  [1540/2627] nano_1540.root
         -> 193 vertices (502 trig, 182 trig+kin events)
  [1541/2627] nano_1541.root
         -> 282 vertices (730 trig, 263 trig+kin events)
  [1542/2627] nano_1542.root
         -> 225 vertices (494 trig, 194 trig+kin events)
  [1543/2627] nano_1543.root
         -> 280 vertices (793 trig, 271 trig+kin events)
  [1544/2627] nano_1544.root
         -> 287 vertices (758 trig, 268 trig+kin events)
  [1545/2627] nano_1545.root
         -> 352 vertices (912 trig, 347 trig+kin events)
  [1546/2627] nano_1546.root
         -> 319 vertices (713 trig, 260 trig+kin events)
  [1547/2627] nano_1547.root
         -> 377 vertices (889 trig, 332 trig+kin events)
  [1548/2627] nano_1548.root
         -> 343 vertices (911 trig, 326 trig+kin events)
  [1549/2627] nano_1549.root
         -> 354 vertices (919 trig, 315 trig+kin events)
  [1550/2627] nano_1550.root
         -> 318 vertices (778 trig, 283 trig+kin events)
  [1551/2627] nano_1551.root
         -> 231 vertices (663 trig, 215 trig+kin events)
  [1552/2627] nano_1552.root
         -> 228 vertices (590 trig, 206 trig+kin events)
  [1553/2627] nano_1553.root
         -> 342 vertices (882 trig, 310 trig+kin events)
  [1554/2627] nano_1554.root
         -> 300 vertices (698 trig, 264 trig+kin events)
  [1555/2627] nano_1555.root
         -> 340 vertices (867 trig, 327 trig+kin events)
  [1556/2627] nano_1556.root
         -> 198 vertices (491 trig, 164 trig+kin events)
  [1557/2627] nano_1557.root
         -> 389 vertices (896 trig, 326 trig+kin events)
  [1558/2627] nano_1558.root
         -> 367 vertices (936 trig, 334 trig+kin events)
  [1559/2627] nano_1559.root
         -> 330 vertices (821 trig, 293 trig+kin events)
  [1560/2627] nano_1560.root
         -> 346 vertices (865 trig, 327 trig+kin events)
  [1561/2627] nano_1561.root
         -> 185 vertices (508 trig, 169 trig+kin events)
  [1562/2627] nano_1562.root
         -> 348 vertices (878 trig, 326 trig+kin events)
  [1563/2627] nano_1563.root
         -> 315 vertices (766 trig, 269 trig+kin events)
  [1564/2627] nano_1564.root
         -> 230 vertices (533 trig, 204 trig+kin events)
  [1565/2627] nano_1565.root
         -> 244 vertices (602 trig, 217 trig+kin events)
  [1566/2627] nano_1566.root
         -> 130 vertices (315 trig, 119 trig+kin events)
  [1567/2627] nano_1567.root
         -> 336 vertices (835 trig, 301 trig+kin events)
  [1568/2627] nano_1568.root
         -> 213 vertices (579 trig, 193 trig+kin events)
  [1569/2627] nano_1569.root
         -> 311 vertices (905 trig, 303 trig+kin events)
  [1570/2627] nano_1570.root
         -> 366 vertices (895 trig, 311 trig+kin events)
  [1571/2627] nano_1571.root
         -> 205 vertices (510 trig, 173 trig+kin events)
  [1572/2627] nano_1572.root
         -> 264 vertices (650 trig, 233 trig+kin events)
  [1573/2627] nano_1573.root
         -> 364 vertices (880 trig, 332 trig+kin events)
  [1574/2627] nano_1574.root
         -> 197 vertices (500 trig, 182 trig+kin events)
  [1575/2627] nano_1575.root
         -> 360 vertices (886 trig, 336 trig+kin events)
  [1576/2627] nano_1576.root
         -> 337 vertices (850 trig, 295 trig+kin events)
  [1577/2627] nano_1577.root
         -> 208 vertices (544 trig, 195 trig+kin events)
  [1578/2627] nano_1578.root
         -> 217 vertices (542 trig, 194 trig+kin events)
  [1579/2627] nano_1579.root
         -> 155 vertices (404 trig, 140 trig+kin events)
  [1580/2627] nano_1580.root
         -> 297 vertices (728 trig, 283 trig+kin events)
  [1581/2627] nano_1581.root
         -> 276 vertices (624 trig, 242 trig+kin events)
  [1582/2627] nano_1582.root
         -> 292 vertices (735 trig, 270 trig+kin events)
  [1583/2627] nano_1583.root
         -> 264 vertices (663 trig, 246 trig+kin events)
  [1584/2627] nano_1584.root
         -> 270 vertices (751 trig, 243 trig+kin events)
  [1585/2627] nano_1585.root
         -> 227 vertices (547 trig, 206 trig+kin events)
  [1586/2627] nano_1586.root
         -> 202 vertices (535 trig, 185 trig+kin events)
  [1587/2627] nano_1587.root
         -> 180 vertices (458 trig, 159 trig+kin events)
  [1588/2627] nano_1588.root
         -> 311 vertices (727 trig, 263 trig+kin events)
  [1589/2627] nano_1589.root
         -> 206 vertices (488 trig, 182 trig+kin events)
  [1590/2627] nano_1590.root
         -> 341 vertices (785 trig, 294 trig+kin events)
  [1591/2627] nano_1591.root
         -> 362 vertices (935 trig, 330 trig+kin events)
  [1592/2627] nano_1592.root
         -> 243 vertices (527 trig, 195 trig+kin events)
  [1593/2627] nano_1593.root
         -> 381 vertices (857 trig, 336 trig+kin events)
  [1594/2627] nano_1594.root
         -> 250 vertices (693 trig, 243 trig+kin events)
  [1595/2627] nano_1595.root
         -> 219 vertices (512 trig, 198 trig+kin events)
  [1596/2627] nano_1596.root
         -> 380 vertices (878 trig, 346 trig+kin events)
  [1597/2627] nano_1597.root
         -> 263 vertices (671 trig, 228 trig+kin events)
  [1598/2627] nano_1598.root
         -> 286 vertices (629 trig, 244 trig+kin events)
  [1599/2627] nano_1599.root
         -> 233 vertices (642 trig, 208 trig+kin events)
  [1600/2627] nano_1600.root
         -> 188 vertices (517 trig, 192 trig+kin events)
  [1601/2627] nano_1601.root
         -> 325 vertices (713 trig, 285 trig+kin events)
  [1602/2627] nano_1602.root
         -> 178 vertices (479 trig, 158 trig+kin events)
  [1603/2627] nano_1603.root
         -> 226 vertices (553 trig, 195 trig+kin events)
  [1604/2627] nano_1604.root
         -> 380 vertices (869 trig, 328 trig+kin events)
  [1605/2627] nano_1605.root
         -> 236 vertices (594 trig, 204 trig+kin events)
  [1606/2627] nano_1606.root
         -> 352 vertices (861 trig, 309 trig+kin events)
  [1607/2627] nano_1607.root
         -> 316 vertices (778 trig, 290 trig+kin events)
  [1608/2627] nano_1608.root
         -> 393 vertices (947 trig, 338 trig+kin events)
  [1609/2627] nano_1609.root
         -> 214 vertices (571 trig, 199 trig+kin events)
  [1610/2627] nano_1610.root
         -> 309 vertices (706 trig, 267 trig+kin events)
  [1611/2627] nano_1611.root
         -> 217 vertices (617 trig, 217 trig+kin events)
  [1612/2627] nano_1612.root
         -> 363 vertices (894 trig, 351 trig+kin events)
  [1613/2627] nano_1613.root
         -> 54 vertices (145 trig, 49 trig+kin events)
  [1614/2627] nano_1614.root
         -> 350 vertices (941 trig, 341 trig+kin events)
  [1615/2627] nano_1615.root
         -> 205 vertices (526 trig, 176 trig+kin events)
  [1616/2627] nano_1616.root
         -> 198 vertices (514 trig, 191 trig+kin events)
  [1617/2627] nano_1617.root
         -> 18 vertices (49 trig, 16 trig+kin events)
  [1618/2627] nano_1618.root
         -> 307 vertices (750 trig, 281 trig+kin events)
  [1619/2627] nano_1619.root
         -> 318 vertices (868 trig, 306 trig+kin events)
  [1620/2627] nano_1620.root
         -> 201 vertices (483 trig, 176 trig+kin events)
  [1621/2627] nano_1621.root
         -> 202 vertices (534 trig, 185 trig+kin events)
  [1622/2627] nano_1622.root
         -> 286 vertices (785 trig, 267 trig+kin events)
  [1623/2627] nano_1623.root
         -> 227 vertices (558 trig, 204 trig+kin events)
  [1624/2627] nano_1624.root
         -> 377 vertices (950 trig, 349 trig+kin events)
  [1625/2627] nano_1625.root
         -> 348 vertices (815 trig, 322 trig+kin events)
  [1626/2627] nano_1626.root
         -> 151 vertices (416 trig, 138 trig+kin events)
  [1627/2627] nano_1627.root
         -> 279 vertices (716 trig, 249 trig+kin events)
  [1628/2627] nano_1628.root
         -> 310 vertices (796 trig, 295 trig+kin events)
  [1629/2627] nano_1629.root
         -> 296 vertices (710 trig, 285 trig+kin events)
  [1630/2627] nano_1630.root
         -> 207 vertices (490 trig, 180 trig+kin events)
  [1631/2627] nano_1631.root
         -> 7 vertices (19 trig, 9 trig+kin events)
  [1632/2627] nano_1632.root
         -> 211 vertices (467 trig, 189 trig+kin events)
  [1633/2627] nano_1633.root
         -> 239 vertices (509 trig, 198 trig+kin events)
  [1634/2627] nano_1634.root
         -> 358 vertices (913 trig, 339 trig+kin events)
  [1635/2627] nano_1635.root
         -> 246 vertices (612 trig, 216 trig+kin events)
  [1636/2627] nano_1636.root
         -> 229 vertices (625 trig, 209 trig+kin events)
  [1637/2627] nano_1637.root
         -> 193 vertices (491 trig, 171 trig+kin events)
  [1638/2627] nano_1638.root
         -> 382 vertices (882 trig, 329 trig+kin events)
  [1639/2627] nano_1639.root
         -> 348 vertices (866 trig, 312 trig+kin events)
  [1640/2627] nano_1640.root
         -> 250 vertices (631 trig, 223 trig+kin events)
  [1641/2627] nano_1641.root
         -> 325 vertices (864 trig, 304 trig+kin events)
  [1642/2627] nano_1642.root
         -> 212 vertices (483 trig, 186 trig+kin events)
  [1643/2627] nano_1643.root
         -> 223 vertices (582 trig, 204 trig+kin events)
  [1644/2627] nano_1644.root
         -> 349 vertices (877 trig, 295 trig+kin events)
  [1645/2627] nano_1645.root
         -> 318 vertices (725 trig, 283 trig+kin events)
  [1646/2627] nano_1646.root
         -> 230 vertices (528 trig, 215 trig+kin events)
  [1647/2627] nano_1647.root
         -> 344 vertices (885 trig, 310 trig+kin events)
  [1648/2627] nano_1648.root
         -> 267 vertices (619 trig, 233 trig+kin events)
  [1649/2627] nano_1649.root
         -> 190 vertices (503 trig, 178 trig+kin events)
  [1650/2627] nano_1650.root
         -> 210 vertices (555 trig, 189 trig+kin events)
  [1651/2627] nano_1651.root
         -> 395 vertices (893 trig, 336 trig+kin events)
  [1652/2627] nano_1652.root
         -> 342 vertices (890 trig, 326 trig+kin events)
  [1653/2627] nano_1653.root
         -> 305 vertices (800 trig, 289 trig+kin events)
  [1654/2627] nano_1654.root
         -> 160 vertices (461 trig, 157 trig+kin events)
  [1655/2627] nano_1655.root
         -> 269 vertices (625 trig, 234 trig+kin events)
  [1656/2627] nano_1656.root
         -> 371 vertices (862 trig, 332 trig+kin events)
  [1657/2627] nano_1657.root
         -> 352 vertices (847 trig, 322 trig+kin events)
  [1658/2627] nano_1658.root
         -> 184 vertices (491 trig, 174 trig+kin events)
  [1659/2627] nano_1659.root
         -> 323 vertices (872 trig, 300 trig+kin events)
  [1660/2627] nano_1660.root
         -> 389 vertices (941 trig, 339 trig+kin events)
  [1661/2627] nano_1661.root
         -> 262 vertices (638 trig, 248 trig+kin events)
  [1662/2627] nano_1662.root
         -> 205 vertices (487 trig, 180 trig+kin events)
  [1663/2627] nano_1663.root
         -> 176 vertices (462 trig, 173 trig+kin events)
  [1664/2627] nano_1664.root
         -> 279 vertices (631 trig, 243 trig+kin events)
  [1665/2627] nano_1665.root
         -> 185 vertices (471 trig, 168 trig+kin events)
  [1666/2627] nano_1666.root
         -> 363 vertices (901 trig, 317 trig+kin events)
  [1667/2627] nano_1667.root
         -> 355 vertices (930 trig, 338 trig+kin events)
  [1668/2627] nano_1668.root
         -> 316 vertices (768 trig, 284 trig+kin events)
  [1669/2627] nano_1669.root
         -> 232 vertices (669 trig, 232 trig+kin events)
  [1670/2627] nano_1670.root
         -> 214 vertices (493 trig, 199 trig+kin events)
  [1671/2627] nano_1671.root
         -> 198 vertices (461 trig, 179 trig+kin events)
  [1672/2627] nano_1672.root
         -> 206 vertices (550 trig, 190 trig+kin events)
  [1673/2627] nano_1673.root
         -> 161 vertices (424 trig, 152 trig+kin events)
  [1674/2627] nano_1674.root
         -> 201 vertices (487 trig, 183 trig+kin events)
  [1675/2627] nano_1675.root
         -> 224 vertices (608 trig, 211 trig+kin events)
  [1676/2627] nano_1676.root
         -> 290 vertices (739 trig, 261 trig+kin events)
  [1677/2627] nano_1677.root
         -> 377 vertices (888 trig, 328 trig+kin events)
  [1678/2627] nano_1678.root
         -> 230 vertices (585 trig, 194 trig+kin events)
  [1679/2627] nano_1679.root
         -> 263 vertices (595 trig, 231 trig+kin events)
  [1680/2627] nano_1680.root
         -> 363 vertices (864 trig, 314 trig+kin events)
  [1681/2627] nano_1681.root
         -> 183 vertices (477 trig, 163 trig+kin events)
  [1682/2627] nano_1682.root
         -> 201 vertices (564 trig, 188 trig+kin events)
  [1683/2627] nano_1683.root
         -> 184 vertices (446 trig, 160 trig+kin events)
  [1684/2627] nano_1684.root
         -> 400 vertices (911 trig, 369 trig+kin events)
  [1685/2627] nano_1685.root
         -> 229 vertices (553 trig, 208 trig+kin events)
  [1686/2627] nano_1686.root
         -> 251 vertices (572 trig, 215 trig+kin events)
  [1687/2627] nano_1687.root
         -> 205 vertices (492 trig, 173 trig+kin events)
  [1688/2627] nano_1688.root
         -> 223 vertices (505 trig, 201 trig+kin events)
  [1689/2627] nano_1689.root
         -> 151 vertices (435 trig, 146 trig+kin events)
  [1690/2627] nano_1690.root
         -> 159 vertices (438 trig, 150 trig+kin events)
  [1691/2627] nano_1691.root
         -> 294 vertices (722 trig, 277 trig+kin events)
  [1692/2627] nano_1692.root
         -> 349 vertices (869 trig, 325 trig+kin events)
  [1693/2627] nano_1693.root
         -> 347 vertices (900 trig, 306 trig+kin events)
  [1694/2627] nano_1694.root
         -> 103 vertices (240 trig, 89 trig+kin events)
  [1695/2627] nano_1695.root
         -> 342 vertices (881 trig, 311 trig+kin events)
  [1696/2627] nano_1696.root
         -> 260 vertices (695 trig, 235 trig+kin events)
  [1697/2627] nano_1697.root
         -> 207 vertices (548 trig, 202 trig+kin events)
  [1698/2627] nano_1698.root
         -> 197 vertices (484 trig, 168 trig+kin events)
  [1699/2627] nano_1699.root
         -> 181 vertices (467 trig, 173 trig+kin events)
  [1700/2627] nano_1700.root
         -> 382 vertices (932 trig, 353 trig+kin events)
  [1701/2627] nano_1701.root
         -> 182 vertices (468 trig, 168 trig+kin events)
  [1702/2627] nano_1702.root
         -> 198 vertices (478 trig, 164 trig+kin events)
  [1703/2627] nano_1703.root
         -> 156 vertices (380 trig, 139 trig+kin events)
  [1704/2627] nano_1704.root
         -> 224 vertices (564 trig, 203 trig+kin events)
  [1705/2627] nano_1705.root
         -> 314 vertices (822 trig, 270 trig+kin events)
  [1706/2627] nano_1706.root
         -> 330 vertices (903 trig, 310 trig+kin events)
  [1707/2627] nano_1707.root
         -> 284 vertices (736 trig, 268 trig+kin events)
  [1708/2627] nano_1708.root
         -> 149 vertices (306 trig, 111 trig+kin events)
  [1709/2627] nano_1709.root
         -> 297 vertices (700 trig, 268 trig+kin events)
  [1710/2627] nano_1710.root
         -> 296 vertices (728 trig, 264 trig+kin events)
  [1711/2627] nano_1711.root
         -> 362 vertices (852 trig, 318 trig+kin events)
  [1712/2627] nano_1712.root
         -> 244 vertices (729 trig, 225 trig+kin events)
  [1713/2627] nano_1713.root
         -> 362 vertices (873 trig, 321 trig+kin events)
  [1714/2627] nano_1714.root
         -> 367 vertices (908 trig, 338 trig+kin events)
  [1715/2627] nano_1715.root
         -> 190 vertices (427 trig, 165 trig+kin events)
  [1716/2627] nano_1716.root
         -> 304 vertices (752 trig, 282 trig+kin events)
  [1717/2627] nano_1717.root
         -> 344 vertices (816 trig, 307 trig+kin events)
  [1718/2627] nano_1718.root
         -> 255 vertices (626 trig, 228 trig+kin events)
  [1719/2627] nano_1719.root
         -> 352 vertices (897 trig, 323 trig+kin events)
  [1720/2627] nano_1720.root
         -> 407 vertices (867 trig, 357 trig+kin events)
  [1721/2627] nano_1721.root
         -> 209 vertices (466 trig, 172 trig+kin events)
  [1722/2627] nano_1722.root
         -> 226 vertices (518 trig, 190 trig+kin events)
  [1723/2627] nano_1723.root
         -> 247 vertices (586 trig, 224 trig+kin events)
  [1724/2627] nano_1724.root
         -> 176 vertices (468 trig, 172 trig+kin events)
  [1725/2627] nano_1725.root
         -> 270 vertices (652 trig, 245 trig+kin events)
  [1726/2627] nano_1726.root
         -> 397 vertices (926 trig, 338 trig+kin events)
  [1727/2627] nano_1727.root
         -> 316 vertices (776 trig, 286 trig+kin events)
  [1728/2627] nano_1728.root
         -> 237 vertices (647 trig, 215 trig+kin events)
  [1729/2627] nano_1729.root
         -> 314 vertices (758 trig, 274 trig+kin events)
  [1730/2627] nano_1730.root
         -> 225 vertices (541 trig, 207 trig+kin events)
  [1731/2627] nano_1731.root
         -> 286 vertices (776 trig, 271 trig+kin events)
  [1732/2627] nano_1732.root
         -> 213 vertices (591 trig, 196 trig+kin events)
  [1733/2627] nano_1733.root
         -> 166 vertices (433 trig, 151 trig+kin events)
  [1734/2627] nano_1734.root
         -> 167 vertices (468 trig, 150 trig+kin events)
  [1735/2627] nano_1735.root
         -> 232 vertices (616 trig, 215 trig+kin events)
  [1736/2627] nano_1736.root
         -> 329 vertices (849 trig, 295 trig+kin events)
  [1737/2627] nano_1737.root
         -> 221 vertices (559 trig, 195 trig+kin events)
  [1738/2627] nano_1738.root
         -> 79 vertices (215 trig, 63 trig+kin events)
  [1739/2627] nano_1739.root
         -> 354 vertices (834 trig, 326 trig+kin events)
  [1740/2627] nano_1740.root
         -> 356 vertices (900 trig, 322 trig+kin events)
  [1741/2627] nano_1741.root
         -> 196 vertices (486 trig, 185 trig+kin events)
  [1742/2627] nano_1742.root
         -> 184 vertices (476 trig, 165 trig+kin events)
  [1743/2627] nano_1743.root
         -> 320 vertices (798 trig, 285 trig+kin events)
  [1744/2627] nano_1744.root
         -> 234 vertices (506 trig, 198 trig+kin events)
  [1745/2627] nano_1745.root
         -> 346 vertices (894 trig, 310 trig+kin events)
  [1746/2627] nano_1746.root
         -> 362 vertices (886 trig, 330 trig+kin events)
  [1747/2627] nano_1747.root
         -> 331 vertices (850 trig, 302 trig+kin events)
  [1748/2627] nano_1748.root
         -> 263 vertices (708 trig, 248 trig+kin events)
  [1749/2627] nano_1749.root
         -> 206 vertices (538 trig, 194 trig+kin events)
  [1750/2627] nano_1750.root
         -> 185 vertices (459 trig, 158 trig+kin events)
  [1751/2627] nano_1751.root
         -> 370 vertices (890 trig, 334 trig+kin events)
  [1752/2627] nano_1752.root
         -> 195 vertices (522 trig, 185 trig+kin events)
  [1753/2627] nano_1753.root
         -> 343 vertices (843 trig, 310 trig+kin events)
  [1754/2627] nano_1754.root
         -> 219 vertices (487 trig, 189 trig+kin events)
  [1755/2627] nano_1755.root
         -> 355 vertices (897 trig, 317 trig+kin events)
  [1756/2627] nano_1756.root
         -> 353 vertices (859 trig, 310 trig+kin events)
  [1757/2627] nano_1757.root
         -> 352 vertices (863 trig, 310 trig+kin events)
  [1758/2627] nano_1758.root
         -> 338 vertices (811 trig, 297 trig+kin events)
  [1759/2627] nano_1759.root
         -> 300 vertices (761 trig, 283 trig+kin events)
  [1760/2627] nano_1760.root
         -> 312 vertices (754 trig, 269 trig+kin events)
  [1761/2627] nano_1761.root
         -> 351 vertices (873 trig, 309 trig+kin events)
  [1762/2627] nano_1762.root
         -> 310 vertices (850 trig, 291 trig+kin events)
  [1763/2627] nano_1763.root
         -> 214 vertices (556 trig, 202 trig+kin events)
  [1764/2627] nano_1764.root
         -> 216 vertices (545 trig, 199 trig+kin events)
  [1765/2627] nano_1765.root
         -> 352 vertices (931 trig, 328 trig+kin events)
  [1766/2627] nano_1766.root
         -> 258 vertices (616 trig, 237 trig+kin events)
  [1767/2627] nano_1767.root
         -> 286 vertices (658 trig, 249 trig+kin events)
  [1768/2627] nano_1768.root
         -> 236 vertices (590 trig, 208 trig+kin events)
  [1769/2627] nano_1769.root
         -> 239 vertices (641 trig, 232 trig+kin events)
  [1770/2627] nano_1770.root
         -> 229 vertices (521 trig, 201 trig+kin events)
  [1771/2627] nano_1771.root
         -> 319 vertices (884 trig, 284 trig+kin events)
  [1772/2627] nano_1772.root
         -> 206 vertices (537 trig, 177 trig+kin events)
  [1773/2627] nano_1773.root
         -> 205 vertices (481 trig, 175 trig+kin events)
  [1774/2627] nano_1774.root
         -> 287 vertices (713 trig, 257 trig+kin events)
  [1775/2627] nano_1775.root
         -> 263 vertices (652 trig, 241 trig+kin events)
  [1776/2627] nano_1776.root
         -> 380 vertices (869 trig, 319 trig+kin events)
  [1777/2627] nano_1777.root
         -> 368 vertices (886 trig, 334 trig+kin events)
  [1778/2627] nano_1778.root
         -> 206 vertices (551 trig, 194 trig+kin events)
  [1779/2627] nano_1779.root
         -> 383 vertices (874 trig, 320 trig+kin events)
  [1780/2627] nano_1780.root
         -> 355 vertices (863 trig, 325 trig+kin events)
  [1781/2627] nano_1781.root
         -> 386 vertices (911 trig, 345 trig+kin events)
  [1782/2627] nano_1782.root
         -> 365 vertices (925 trig, 326 trig+kin events)
  [1783/2627] nano_1783.root
         -> 172 vertices (509 trig, 160 trig+kin events)
  [1784/2627] nano_1784.root
         -> 234 vertices (622 trig, 214 trig+kin events)
  [1785/2627] nano_1785.root
         -> 200 vertices (479 trig, 178 trig+kin events)
  [1786/2627] nano_1786.root
         -> 202 vertices (472 trig, 173 trig+kin events)
  [1787/2627] nano_1787.root
         -> 351 vertices (838 trig, 307 trig+kin events)
  [1788/2627] nano_1788.root
         -> 312 vertices (776 trig, 273 trig+kin events)
  [1789/2627] nano_1789.root
         -> 225 vertices (480 trig, 178 trig+kin events)
  [1790/2627] nano_1790.root
         -> 295 vertices (831 trig, 288 trig+kin events)
  [1791/2627] nano_1791.root
         -> 207 vertices (525 trig, 186 trig+kin events)
  [1792/2627] nano_1792.root
         -> 211 vertices (505 trig, 186 trig+kin events)
  [1793/2627] nano_1793.root
         -> 351 vertices (905 trig, 324 trig+kin events)
  [1794/2627] nano_1794.root
         -> 236 vertices (591 trig, 218 trig+kin events)
  [1795/2627] nano_1795.root
         -> 23 vertices (65 trig, 29 trig+kin events)
  [1796/2627] nano_1796.root
         -> 149 vertices (457 trig, 146 trig+kin events)
  [1797/2627] nano_1797.root
         -> 361 vertices (905 trig, 317 trig+kin events)
  [1798/2627] nano_1798.root
         -> 193 vertices (492 trig, 168 trig+kin events)
  [1799/2627] nano_1799.root
         -> 348 vertices (838 trig, 317 trig+kin events)
  [1800/2627] nano_1800.root
         -> 255 vertices (646 trig, 242 trig+kin events)
  [1801/2627] nano_1801.root
         -> 212 vertices (477 trig, 181 trig+kin events)
  [1802/2627] nano_1802.root
         -> 230 vertices (534 trig, 195 trig+kin events)
  [1803/2627] nano_1803.root
         -> 373 vertices (882 trig, 336 trig+kin events)
  [1804/2627] nano_1804.root
         -> 277 vertices (680 trig, 245 trig+kin events)
  [1805/2627] nano_1805.root
         -> 192 vertices (453 trig, 174 trig+kin events)
  [1806/2627] nano_1806.root
         -> 351 vertices (881 trig, 317 trig+kin events)
  [1807/2627] nano_1807.root
         -> 218 vertices (675 trig, 218 trig+kin events)
  [1808/2627] nano_1808.root
         -> 329 vertices (864 trig, 314 trig+kin events)
  [1809/2627] nano_1809.root
         -> 363 vertices (879 trig, 333 trig+kin events)
  [1810/2627] nano_1810.root
         -> 245 vertices (526 trig, 199 trig+kin events)
  [1811/2627] nano_1811.root
         -> 218 vertices (570 trig, 193 trig+kin events)
  [1812/2627] nano_1812.root
         -> 172 vertices (473 trig, 158 trig+kin events)
  [1813/2627] nano_1813.root
         -> 211 vertices (512 trig, 177 trig+kin events)
  [1814/2627] nano_1814.root
         -> 366 vertices (891 trig, 323 trig+kin events)
  [1815/2627] nano_1815.root
         -> 196 vertices (503 trig, 169 trig+kin events)
  [1816/2627] nano_1816.root
         -> 295 vertices (734 trig, 258 trig+kin events)
  [1817/2627] nano_1817.root
         -> 345 vertices (839 trig, 325 trig+kin events)
  [1818/2627] nano_1818.root
         -> 232 vertices (589 trig, 224 trig+kin events)
  [1819/2627] nano_1819.root
         -> 293 vertices (674 trig, 256 trig+kin events)
  [1820/2627] nano_1820.root
         -> 195 vertices (454 trig, 172 trig+kin events)
  [1821/2627] nano_1821.root
         -> 157 vertices (428 trig, 153 trig+kin events)
  [1822/2627] nano_1822.root
         -> 245 vertices (532 trig, 208 trig+kin events)
  [1823/2627] nano_1823.root
         -> 272 vertices (651 trig, 235 trig+kin events)
  [1824/2627] nano_1824.root
         -> 261 vertices (777 trig, 263 trig+kin events)
  [1825/2627] nano_1825.root
         -> 399 vertices (853 trig, 321 trig+kin events)
  [1826/2627] nano_1826.root
         -> 352 vertices (906 trig, 326 trig+kin events)
  [1827/2627] nano_1827.root
         -> 238 vertices (467 trig, 198 trig+kin events)
  [1828/2627] nano_1828.root
         -> 231 vertices (601 trig, 216 trig+kin events)
  [1829/2627] nano_1829.root
         -> 216 vertices (536 trig, 204 trig+kin events)
  [1830/2627] nano_1830.root
         -> 180 vertices (437 trig, 151 trig+kin events)
  [1831/2627] nano_1831.root
         -> 264 vertices (648 trig, 228 trig+kin events)
  [1832/2627] nano_1832.root
         -> 239 vertices (581 trig, 211 trig+kin events)
  [1833/2627] nano_1833.root
         -> 361 vertices (891 trig, 323 trig+kin events)
  [1834/2627] nano_1834.root
         -> 88 vertices (233 trig, 89 trig+kin events)
  [1835/2627] nano_1835.root
         -> 260 vertices (623 trig, 232 trig+kin events)
  [1836/2627] nano_1836.root
         -> 341 vertices (887 trig, 315 trig+kin events)
  [1837/2627] nano_1837.root
         -> 214 vertices (516 trig, 183 trig+kin events)
  [1838/2627] nano_1838.root
         -> 403 vertices (933 trig, 362 trig+kin events)
  [1839/2627] nano_1839.root
         -> 377 vertices (882 trig, 338 trig+kin events)
  [1840/2627] nano_1840.root
         -> 208 vertices (545 trig, 187 trig+kin events)
  [1841/2627] nano_1841.root
         -> 320 vertices (829 trig, 284 trig+kin events)
  [1842/2627] nano_1842.root
         -> 229 vertices (520 trig, 210 trig+kin events)
  [1843/2627] nano_1843.root
         -> 181 vertices (486 trig, 177 trig+kin events)
  [1844/2627] nano_1844.root
         -> 189 vertices (472 trig, 175 trig+kin events)
  [1845/2627] nano_1845.root
         -> 349 vertices (867 trig, 315 trig+kin events)
  [1846/2627] nano_1846.root
         -> 198 vertices (495 trig, 185 trig+kin events)
  [1847/2627] nano_1847.root
         -> 203 vertices (513 trig, 188 trig+kin events)
  [1848/2627] nano_1848.root
         -> 348 vertices (876 trig, 308 trig+kin events)
  [1849/2627] nano_1849.root
         -> 342 vertices (843 trig, 301 trig+kin events)
  [1850/2627] nano_1850.root
         -> 278 vertices (710 trig, 249 trig+kin events)
  [1851/2627] nano_1851.root
         -> 185 vertices (439 trig, 162 trig+kin events)
  [1852/2627] nano_1852.root
         -> 329 vertices (754 trig, 285 trig+kin events)
  [1853/2627] nano_1853.root
         -> 189 vertices (524 trig, 167 trig+kin events)
  [1854/2627] nano_1854.root
         -> 233 vertices (531 trig, 210 trig+kin events)
  [1855/2627] nano_1855.root
         -> 394 vertices (919 trig, 346 trig+kin events)
  [1856/2627] nano_1856.root
         -> 177 vertices (439 trig, 153 trig+kin events)
  [1857/2627] nano_1857.root
         -> 314 vertices (753 trig, 283 trig+kin events)
  [1858/2627] nano_1858.root
         -> 301 vertices (707 trig, 254 trig+kin events)
  [1859/2627] nano_1859.root
         -> 363 vertices (900 trig, 331 trig+kin events)
  [1860/2627] nano_1860.root
         -> 247 vertices (618 trig, 225 trig+kin events)
  [1861/2627] nano_1861.root
         -> 239 vertices (611 trig, 217 trig+kin events)
  [1862/2627] nano_1862.root
         -> 352 vertices (808 trig, 307 trig+kin events)
  [1863/2627] nano_1863.root
         -> 205 vertices (486 trig, 202 trig+kin events)
  [1864/2627] nano_1864.root
         -> 267 vertices (614 trig, 234 trig+kin events)
  [1865/2627] nano_1865.root
         -> 321 vertices (893 trig, 298 trig+kin events)
  [1866/2627] nano_1866.root
         -> 396 vertices (912 trig, 342 trig+kin events)
  [1867/2627] nano_1867.root
         -> 230 vertices (645 trig, 212 trig+kin events)
  [1868/2627] nano_1868.root
         -> 253 vertices (653 trig, 233 trig+kin events)
  [1869/2627] nano_1869.root
         -> 199 vertices (464 trig, 169 trig+kin events)
  [1870/2627] nano_1870.root
         -> 349 vertices (873 trig, 315 trig+kin events)
  [1871/2627] nano_1871.root
         -> 177 vertices (476 trig, 162 trig+kin events)
  [1872/2627] nano_1872.root
         -> 367 vertices (837 trig, 310 trig+kin events)
  [1873/2627] nano_1873.root
         -> 269 vertices (666 trig, 236 trig+kin events)
  [1874/2627] nano_1874.root
         -> 345 vertices (923 trig, 328 trig+kin events)
  [1875/2627] nano_1875.root
         -> 179 vertices (473 trig, 159 trig+kin events)
  [1876/2627] nano_1876.root
         -> 313 vertices (852 trig, 295 trig+kin events)
  [1877/2627] nano_1877.root
         -> 206 vertices (543 trig, 192 trig+kin events)
  [1878/2627] nano_1878.root
         -> 369 vertices (943 trig, 352 trig+kin events)
  [1879/2627] nano_1879.root
         -> 183 vertices (431 trig, 161 trig+kin events)
  [1880/2627] nano_1880.root
         -> 243 vertices (609 trig, 224 trig+kin events)
  [1881/2627] nano_1881.root
         -> 219 vertices (611 trig, 216 trig+kin events)
  [1882/2627] nano_1882.root
         -> 354 vertices (940 trig, 342 trig+kin events)
  [1883/2627] nano_1883.root
         -> 196 vertices (477 trig, 171 trig+kin events)
  [1884/2627] nano_1884.root
         -> 374 vertices (887 trig, 322 trig+kin events)
  [1885/2627] nano_1885.root
         -> 216 vertices (515 trig, 187 trig+kin events)
  [1886/2627] nano_1886.root
         -> 325 vertices (813 trig, 288 trig+kin events)
  [1887/2627] nano_1887.root
         -> 183 vertices (443 trig, 171 trig+kin events)
  [1888/2627] nano_1888.root
         -> 281 vertices (657 trig, 242 trig+kin events)
  [1889/2627] nano_1889.root
         -> 121 vertices (279 trig, 108 trig+kin events)
  [1890/2627] nano_1890.root
         -> 181 vertices (481 trig, 167 trig+kin events)
  [1891/2627] nano_1891.root
         -> 175 vertices (463 trig, 156 trig+kin events)
  [1892/2627] nano_1892.root
         -> 292 vertices (778 trig, 268 trig+kin events)
  [1893/2627] nano_1893.root
         -> 262 vertices (623 trig, 232 trig+kin events)
  [1894/2627] nano_1894.root
         -> 62 vertices (192 trig, 60 trig+kin events)
  [1895/2627] nano_1895.root
         -> 254 vertices (686 trig, 247 trig+kin events)
  [1896/2627] nano_1896.root
         -> 308 vertices (893 trig, 305 trig+kin events)
  [1897/2627] nano_1897.root
         -> 318 vertices (826 trig, 282 trig+kin events)
  [1898/2627] nano_1898.root
         -> 350 vertices (897 trig, 329 trig+kin events)
  [1899/2627] nano_1899.root
         -> 325 vertices (766 trig, 291 trig+kin events)
  [1900/2627] nano_1900.root
         -> 319 vertices (870 trig, 290 trig+kin events)
  [1901/2627] nano_1901.root
         -> 189 vertices (463 trig, 170 trig+kin events)
  [1902/2627] nano_1902.root
         -> 261 vertices (727 trig, 243 trig+kin events)
  [1903/2627] nano_1903.root
         -> 353 vertices (854 trig, 302 trig+kin events)
  [1904/2627] nano_1904.root
         -> 320 vertices (880 trig, 298 trig+kin events)
  [1905/2627] nano_1905.root
         -> 343 vertices (879 trig, 313 trig+kin events)
  [1906/2627] nano_1906.root
         -> 181 vertices (479 trig, 174 trig+kin events)
  [1907/2627] nano_1907.root
         -> 187 vertices (477 trig, 169 trig+kin events)
  [1908/2627] nano_1908.root
         -> 214 vertices (502 trig, 196 trig+kin events)
  [1909/2627] nano_1909.root
         -> 390 vertices (899 trig, 354 trig+kin events)
  [1910/2627] nano_1910.root
         -> 205 vertices (505 trig, 169 trig+kin events)
  [1911/2627] nano_1911.root
         -> 191 vertices (454 trig, 170 trig+kin events)
  [1912/2627] nano_1912.root
         -> 248 vertices (591 trig, 216 trig+kin events)
  [1913/2627] nano_1913.root
         -> 411 vertices (901 trig, 348 trig+kin events)
  [1914/2627] nano_1914.root
         -> 212 vertices (507 trig, 189 trig+kin events)
  [1915/2627] nano_1915.root
         -> 376 vertices (895 trig, 354 trig+kin events)
  [1916/2627] nano_1916.root
         -> 358 vertices (858 trig, 316 trig+kin events)
  [1917/2627] nano_1917.root
         -> 240 vertices (582 trig, 209 trig+kin events)
  [1918/2627] nano_1918.root
         -> 243 vertices (646 trig, 226 trig+kin events)
  [1919/2627] nano_1919.root
         -> 378 vertices (952 trig, 329 trig+kin events)
  [1920/2627] nano_1920.root
         -> 248 vertices (531 trig, 211 trig+kin events)
  [1921/2627] nano_1921.root
         -> 348 vertices (882 trig, 305 trig+kin events)
  [1922/2627] nano_1922.root
         -> 21 vertices (48 trig, 19 trig+kin events)
  [1923/2627] nano_1923.root
         -> 254 vertices (676 trig, 235 trig+kin events)
  [1924/2627] nano_1924.root
         -> 180 vertices (466 trig, 165 trig+kin events)
  [1925/2627] nano_1925.root
         -> 293 vertices (842 trig, 287 trig+kin events)
  [1926/2627] nano_1926.root
         -> 299 vertices (670 trig, 247 trig+kin events)
  [1927/2627] nano_1927.root
         -> 322 vertices (846 trig, 301 trig+kin events)
  [1928/2627] nano_1928.root
         -> 301 vertices (783 trig, 277 trig+kin events)
  [1929/2627] nano_1929.root
         -> 366 vertices (931 trig, 346 trig+kin events)
  [1930/2627] nano_1930.root
         -> 288 vertices (719 trig, 260 trig+kin events)
  [1931/2627] nano_1931.root
         -> 331 vertices (796 trig, 278 trig+kin events)
  [1932/2627] nano_1932.root
         -> 343 vertices (886 trig, 329 trig+kin events)
  [1933/2627] nano_1933.root
         -> 302 vertices (740 trig, 271 trig+kin events)
  [1934/2627] nano_1934.root
         -> 239 vertices (567 trig, 216 trig+kin events)
  [1935/2627] nano_1935.root
         -> 229 vertices (476 trig, 189 trig+kin events)
  [1936/2627] nano_1936.root
         -> 184 vertices (444 trig, 166 trig+kin events)
  [1937/2627] nano_1937.root
         -> 200 vertices (503 trig, 179 trig+kin events)
  [1938/2627] nano_1938.root
         -> 222 vertices (501 trig, 194 trig+kin events)
  [1939/2627] nano_1939.root
         -> 416 vertices (928 trig, 353 trig+kin events)
  [1940/2627] nano_1940.root
         -> 232 vertices (575 trig, 218 trig+kin events)
  [1941/2627] nano_1941.root
         -> 225 vertices (537 trig, 201 trig+kin events)
  [1942/2627] nano_1942.root
         -> 376 vertices (947 trig, 350 trig+kin events)
  [1943/2627] nano_1943.root
         -> 346 vertices (850 trig, 294 trig+kin events)
  [1944/2627] nano_1944.root
         -> 300 vertices (822 trig, 281 trig+kin events)
  [1945/2627] nano_1945.root
         -> 213 vertices (512 trig, 193 trig+kin events)
  [1946/2627] nano_1946.root
         -> 257 vertices (641 trig, 224 trig+kin events)
  [1947/2627] nano_1947.root
         -> 327 vertices (837 trig, 293 trig+kin events)
  [1948/2627] nano_1948.root
         -> 182 vertices (460 trig, 160 trig+kin events)
  [1949/2627] nano_1949.root
         -> 356 vertices (877 trig, 319 trig+kin events)
  [1950/2627] nano_1950.root
         -> 339 vertices (857 trig, 311 trig+kin events)
  [1951/2627] nano_1951.root
         -> 409 vertices (875 trig, 342 trig+kin events)
  [1952/2627] nano_1952.root
         -> 327 vertices (864 trig, 307 trig+kin events)
  [1953/2627] nano_1953.root
         -> 301 vertices (777 trig, 269 trig+kin events)
  [1954/2627] nano_1954.root
         -> 193 vertices (494 trig, 169 trig+kin events)
  [1955/2627] nano_1955.root
         -> 382 vertices (903 trig, 352 trig+kin events)
  [1956/2627] nano_1956.root
         -> 355 vertices (909 trig, 318 trig+kin events)
  [1957/2627] nano_1957.root
         -> 326 vertices (777 trig, 292 trig+kin events)
  [1958/2627] nano_1958.root
         -> 217 vertices (576 trig, 209 trig+kin events)
  [1959/2627] nano_1959.root
         -> 207 vertices (610 trig, 191 trig+kin events)
  [1960/2627] nano_1960.root
         -> 333 vertices (848 trig, 303 trig+kin events)
  [1961/2627] nano_1961.root
         -> 238 vertices (626 trig, 214 trig+kin events)
  [1962/2627] nano_1962.root
         -> 362 vertices (899 trig, 323 trig+kin events)
  [1963/2627] nano_1963.root
         -> 342 vertices (882 trig, 308 trig+kin events)
  [1964/2627] nano_1964.root
         -> 296 vertices (633 trig, 244 trig+kin events)
  [1965/2627] nano_1965.root
         -> 229 vertices (602 trig, 219 trig+kin events)
  [1966/2627] nano_1966.root
         -> 230 vertices (549 trig, 219 trig+kin events)
  [1967/2627] nano_1967.root
         -> 323 vertices (840 trig, 288 trig+kin events)
  [1968/2627] nano_1968.root
         -> 351 vertices (931 trig, 319 trig+kin events)
  [1969/2627] nano_1969.root
         -> 378 vertices (880 trig, 344 trig+kin events)
  [1970/2627] nano_1970.root
         -> 386 vertices (918 trig, 341 trig+kin events)
  [1971/2627] nano_1971.root
         -> 244 vertices (499 trig, 198 trig+kin events)
  [1972/2627] nano_1972.root
         -> 152 vertices (318 trig, 136 trig+kin events)
  [1973/2627] nano_1973.root
         -> 218 vertices (559 trig, 198 trig+kin events)
  [1974/2627] nano_1974.root
         -> 344 vertices (877 trig, 303 trig+kin events)
  [1975/2627] nano_1975.root
         -> 373 vertices (907 trig, 326 trig+kin events)
  [1976/2627] nano_1976.root
         -> 340 vertices (884 trig, 321 trig+kin events)
  [1977/2627] nano_1977.root
         -> 160 vertices (418 trig, 135 trig+kin events)
  [1978/2627] nano_1978.root
         -> 221 vertices (515 trig, 192 trig+kin events)
  [1979/2627] nano_1979.root
         -> 198 vertices (510 trig, 179 trig+kin events)
  [1980/2627] nano_1980.root
         -> 178 vertices (460 trig, 168 trig+kin events)
  [1981/2627] nano_1981.root
         -> 326 vertices (854 trig, 302 trig+kin events)
  [1982/2627] nano_1982.root
         -> 164 vertices (410 trig, 140 trig+kin events)
  [1983/2627] nano_1983.root
         -> 303 vertices (748 trig, 278 trig+kin events)
  [1984/2627] nano_1984.root
         -> 338 vertices (871 trig, 302 trig+kin events)
  [1985/2627] nano_1985.root
         -> 215 vertices (571 trig, 192 trig+kin events)
  [1986/2627] nano_1986.root
         -> 346 vertices (841 trig, 310 trig+kin events)
  [1987/2627] nano_1987.root
         -> 295 vertices (660 trig, 260 trig+kin events)
  [1988/2627] nano_1988.root
         -> 219 vertices (511 trig, 191 trig+kin events)
  [1989/2627] nano_1989.root
         -> 220 vertices (558 trig, 196 trig+kin events)
  [1990/2627] nano_1990.root
         -> 371 vertices (870 trig, 326 trig+kin events)
  [1991/2627] nano_1991.root
         -> 327 vertices (860 trig, 315 trig+kin events)
  [1992/2627] nano_1992.root
         -> 312 vertices (883 trig, 302 trig+kin events)
  [1993/2627] nano_1993.root
         -> 302 vertices (783 trig, 278 trig+kin events)
  [1994/2627] nano_1994.root
         -> 174 vertices (497 trig, 161 trig+kin events)
  [1995/2627] nano_1995.root
         -> 411 vertices (940 trig, 366 trig+kin events)
  [1996/2627] nano_1996.root
         -> 340 vertices (828 trig, 305 trig+kin events)
  [1997/2627] nano_1997.root
         -> 199 vertices (476 trig, 183 trig+kin events)
  [1998/2627] nano_1998.root
         -> 251 vertices (667 trig, 230 trig+kin events)
  [1999/2627] nano_1999.root
         -> 184 vertices (477 trig, 166 trig+kin events)
  [2000/2627] nano_2000.root
         -> 172 vertices (479 trig, 161 trig+kin events)
  [2001/2627] nano_2001.root
         -> 54 vertices (139 trig, 50 trig+kin events)
  [2002/2627] nano_2002.root
         -> 330 vertices (879 trig, 297 trig+kin events)
  [2003/2627] nano_2003.root
         -> 268 vertices (700 trig, 248 trig+kin events)
  [2004/2627] nano_2004.root
         -> 254 vertices (568 trig, 225 trig+kin events)
  [2005/2627] nano_2005.root
         -> 358 vertices (903 trig, 331 trig+kin events)
  [2006/2627] nano_2006.root
         -> 393 vertices (895 trig, 339 trig+kin events)
  [2007/2627] nano_2007.root
         -> 217 vertices (527 trig, 202 trig+kin events)
  [2008/2627] nano_2008.root
         -> 205 vertices (535 trig, 190 trig+kin events)
  [2009/2627] nano_2009.root
         -> 368 vertices (908 trig, 341 trig+kin events)
  [2010/2627] nano_2010.root
         -> 234 vertices (572 trig, 216 trig+kin events)
  [2011/2627] nano_2011.root
         -> 371 vertices (895 trig, 342 trig+kin events)
  [2012/2627] nano_2012.root
         -> 324 vertices (838 trig, 288 trig+kin events)
  [2013/2627] nano_2013.root
         -> 340 vertices (881 trig, 329 trig+kin events)
  [2014/2627] nano_2014.root
         -> 207 vertices (506 trig, 201 trig+kin events)
  [2015/2627] nano_2015.root
         -> 252 vertices (580 trig, 209 trig+kin events)
  [2016/2627] nano_2016.root
         -> 329 vertices (823 trig, 305 trig+kin events)
  [2017/2627] nano_2017.root
         -> 304 vertices (698 trig, 271 trig+kin events)
  [2018/2627] nano_2018.root
         -> 289 vertices (779 trig, 269 trig+kin events)
  [2019/2627] nano_2019.root
         -> 251 vertices (495 trig, 207 trig+kin events)
  [2020/2627] nano_2020.root
         -> 227 vertices (602 trig, 202 trig+kin events)
  [2021/2627] nano_2021.root
         -> 300 vertices (736 trig, 272 trig+kin events)
  [2022/2627] nano_2022.root
         -> 335 vertices (900 trig, 314 trig+kin events)
  [2023/2627] nano_2023.root
         -> 368 vertices (929 trig, 340 trig+kin events)
  [2024/2627] nano_2024.root
         -> 193 vertices (464 trig, 166 trig+kin events)
  [2025/2627] nano_2025.root
         -> 364 vertices (881 trig, 339 trig+kin events)
  [2026/2627] nano_2026.root
         -> 48 vertices (150 trig, 49 trig+kin events)
  [2027/2627] nano_2027.root
         -> 196 vertices (457 trig, 175 trig+kin events)
  [2028/2627] nano_2028.root
         -> 381 vertices (869 trig, 330 trig+kin events)
  [2029/2627] nano_2029.root
         -> 333 vertices (867 trig, 307 trig+kin events)
  [2030/2627] nano_2030.root
         -> 214 vertices (533 trig, 189 trig+kin events)
  [2031/2627] nano_2031.root
         -> 163 vertices (406 trig, 153 trig+kin events)
  [2032/2627] nano_2032.root
         -> 211 vertices (552 trig, 195 trig+kin events)
  [2033/2627] nano_2033.root
         -> 396 vertices (938 trig, 360 trig+kin events)
  [2034/2627] nano_2034.root
         -> 204 vertices (473 trig, 173 trig+kin events)
  [2035/2627] nano_2035.root
         -> 208 vertices (494 trig, 191 trig+kin events)
  [2036/2627] nano_2036.root
         -> 156 vertices (439 trig, 153 trig+kin events)
  [2037/2627] nano_2037.root
         -> 264 vertices (643 trig, 229 trig+kin events)
  [2038/2627] nano_2038.root
         -> 362 vertices (875 trig, 332 trig+kin events)
  [2039/2627] nano_2039.root
         -> 154 vertices (427 trig, 148 trig+kin events)
  [2040/2627] nano_2040.root
         -> 204 vertices (468 trig, 191 trig+kin events)
  [2041/2627] nano_2041.root
         -> 233 vertices (626 trig, 227 trig+kin events)
  [2042/2627] nano_2042.root
         -> 254 vertices (697 trig, 249 trig+kin events)
  [2043/2627] nano_2043.root
         -> 349 vertices (878 trig, 321 trig+kin events)
  [2044/2627] nano_2044.root
         -> 242 vertices (590 trig, 221 trig+kin events)
  [2045/2627] nano_2045.root
         -> 352 vertices (873 trig, 321 trig+kin events)
  [2046/2627] nano_2046.root
         -> 183 vertices (469 trig, 172 trig+kin events)
  [2047/2627] nano_2047.root
         -> 250 vertices (658 trig, 238 trig+kin events)
  [2048/2627] nano_2048.root
         -> 231 vertices (565 trig, 216 trig+kin events)
  [2049/2627] nano_2049.root
         -> 178 vertices (458 trig, 158 trig+kin events)
  [2050/2627] nano_2050.root
         -> 287 vertices (710 trig, 260 trig+kin events)
  [2051/2627] nano_2051.root
         -> 207 vertices (469 trig, 175 trig+kin events)
  [2052/2627] nano_2052.root
         -> 279 vertices (647 trig, 240 trig+kin events)
  [2053/2627] nano_2053.root
         -> 203 vertices (590 trig, 190 trig+kin events)
  [2054/2627] nano_2054.root
         -> 313 vertices (924 trig, 319 trig+kin events)
  [2055/2627] nano_2055.root
         -> 280 vertices (756 trig, 256 trig+kin events)
  [2056/2627] nano_2056.root
         -> 210 vertices (525 trig, 193 trig+kin events)
  [2057/2627] nano_2057.root
         -> 269 vertices (580 trig, 229 trig+kin events)
  [2058/2627] nano_2058.root
         -> 228 vertices (589 trig, 211 trig+kin events)
  [2059/2627] nano_2059.root
         -> 355 vertices (836 trig, 313 trig+kin events)
  [2060/2627] nano_2060.root
         -> 166 vertices (458 trig, 168 trig+kin events)
  [2061/2627] nano_2061.root
         -> 202 vertices (483 trig, 171 trig+kin events)
  [2062/2627] nano_2062.root
         -> 238 vertices (567 trig, 205 trig+kin events)
  [2063/2627] nano_2063.root
         -> 394 vertices (876 trig, 329 trig+kin events)
  [2064/2627] nano_2064.root
         -> 261 vertices (605 trig, 208 trig+kin events)
  [2065/2627] nano_2065.root
         -> 365 vertices (858 trig, 316 trig+kin events)
  [2066/2627] nano_2066.root
         -> 187 vertices (533 trig, 177 trig+kin events)
  [2067/2627] nano_2067.root
         -> 408 vertices (926 trig, 373 trig+kin events)
  [2068/2627] nano_2068.root
         -> 241 vertices (548 trig, 212 trig+kin events)
  [2069/2627] nano_2069.root
         -> 190 vertices (447 trig, 166 trig+kin events)
  [2070/2627] nano_2070.root
         -> 198 vertices (486 trig, 181 trig+kin events)
  [2071/2627] nano_2071.root
         -> 221 vertices (508 trig, 198 trig+kin events)
  [2072/2627] nano_2072.root
         -> 176 vertices (492 trig, 164 trig+kin events)
  [2073/2627] nano_2073.root
         -> 374 vertices (910 trig, 339 trig+kin events)
  [2074/2627] nano_2074.root
         -> 303 vertices (747 trig, 262 trig+kin events)
  [2075/2627] nano_2075.root
         -> 374 vertices (878 trig, 341 trig+kin events)
  [2076/2627] nano_2076.root
         -> 333 vertices (904 trig, 297 trig+kin events)
  [2077/2627] nano_2077.root
         -> 220 vertices (519 trig, 194 trig+kin events)
  [2078/2627] nano_2078.root
         -> 177 vertices (454 trig, 157 trig+kin events)
  [2079/2627] nano_2079.root
         -> 342 vertices (894 trig, 304 trig+kin events)
  [2080/2627] nano_2080.root
         -> 210 vertices (481 trig, 181 trig+kin events)
  [2081/2627] nano_2081.root
         -> 191 vertices (469 trig, 172 trig+kin events)
  [2082/2627] nano_2082.root
         -> 188 vertices (454 trig, 157 trig+kin events)
  [2083/2627] nano_2083.root
         -> 388 vertices (914 trig, 356 trig+kin events)
  [2084/2627] nano_2084.root
         -> 315 vertices (754 trig, 285 trig+kin events)
  [2085/2627] nano_2085.root
         -> 314 vertices (817 trig, 283 trig+kin events)
  [2086/2627] nano_2086.root
         -> 361 vertices (865 trig, 304 trig+kin events)
  [2087/2627] nano_2087.root
         -> 299 vertices (727 trig, 270 trig+kin events)
  [2088/2627] nano_2088.root
         -> 254 vertices (720 trig, 234 trig+kin events)
  [2089/2627] nano_2089.root
         -> 249 vertices (552 trig, 208 trig+kin events)
  [2090/2627] nano_2090.root
         -> 363 vertices (872 trig, 328 trig+kin events)
  [2091/2627] nano_2091.root
         -> 200 vertices (450 trig, 178 trig+kin events)
  [2092/2627] nano_2092.root
         -> 343 vertices (874 trig, 323 trig+kin events)
  [2093/2627] nano_2093.root
         -> 224 vertices (563 trig, 202 trig+kin events)
  [2094/2627] nano_2094.root
         -> 247 vertices (610 trig, 225 trig+kin events)
  [2095/2627] nano_2095.root
         -> 333 vertices (916 trig, 320 trig+kin events)
  [2096/2627] nano_2096.root
         -> 387 vertices (910 trig, 350 trig+kin events)
  [2097/2627] nano_2097.root
         -> 224 vertices (616 trig, 220 trig+kin events)
  [2098/2627] nano_2098.root
         -> 227 vertices (566 trig, 201 trig+kin events)
  [2099/2627] nano_2099.root
         -> 398 vertices (904 trig, 333 trig+kin events)
  [2100/2627] nano_2100.root
         -> 227 vertices (558 trig, 202 trig+kin events)
  [2101/2627] nano_2101.root
         -> 378 vertices (903 trig, 353 trig+kin events)
  [2102/2627] nano_2102.root
         -> 293 vertices (799 trig, 285 trig+kin events)
  [2103/2627] nano_2103.root
         -> 378 vertices (919 trig, 342 trig+kin events)
  [2104/2627] nano_2104.root
         -> 199 vertices (481 trig, 175 trig+kin events)
  [2105/2627] nano_2105.root
         -> 184 vertices (470 trig, 160 trig+kin events)
  [2106/2627] nano_2106.root
         -> 256 vertices (611 trig, 237 trig+kin events)
  [2107/2627] nano_2107.root
         -> 385 vertices (918 trig, 338 trig+kin events)
  [2108/2627] nano_2108.root
         -> 182 vertices (467 trig, 172 trig+kin events)
  [2109/2627] nano_2109.root
         -> 330 vertices (744 trig, 287 trig+kin events)
  [2110/2627] nano_2110.root
         -> 241 vertices (638 trig, 226 trig+kin events)
  [2111/2627] nano_2111.root
         -> 360 vertices (928 trig, 311 trig+kin events)
  [2112/2627] nano_2112.root
         -> 265 vertices (673 trig, 252 trig+kin events)
  [2113/2627] nano_2113.root
         -> 86 vertices (207 trig, 75 trig+kin events)
  [2114/2627] nano_2114.root
         -> 259 vertices (588 trig, 225 trig+kin events)
  [2115/2627] nano_2115.root
         -> 180 vertices (472 trig, 182 trig+kin events)
  [2116/2627] nano_2116.root
         -> 216 vertices (537 trig, 194 trig+kin events)
  [2117/2627] nano_2117.root
         -> 251 vertices (588 trig, 213 trig+kin events)
  [2118/2627] nano_2118.root
         -> 298 vertices (798 trig, 282 trig+kin events)
  [2119/2627] nano_2119.root
         -> 395 vertices (938 trig, 348 trig+kin events)
  [2120/2627] nano_2120.root
         -> 203 vertices (475 trig, 177 trig+kin events)
  [2121/2627] nano_2121.root
         -> 347 vertices (843 trig, 303 trig+kin events)
  [2122/2627] nano_2122.root
         -> 246 vertices (702 trig, 237 trig+kin events)
  [2123/2627] nano_2123.root
         -> 240 vertices (624 trig, 214 trig+kin events)
  [2124/2627] nano_2124.root
         -> 225 vertices (546 trig, 195 trig+kin events)
  [2125/2627] nano_2125.root
         -> 270 vertices (730 trig, 250 trig+kin events)
  [2126/2627] nano_2126.root
         -> 119 vertices (326 trig, 104 trig+kin events)
  [2127/2627] nano_2127.root
         -> 315 vertices (704 trig, 287 trig+kin events)
  [2128/2627] nano_2128.root
         -> 404 vertices (904 trig, 345 trig+kin events)
  [2129/2627] nano_2129.root
         -> 240 vertices (627 trig, 216 trig+kin events)
  [2130/2627] nano_2130.root
         -> 329 vertices (863 trig, 314 trig+kin events)
  [2131/2627] nano_2131.root
         -> 366 vertices (861 trig, 324 trig+kin events)
  [2132/2627] nano_2132.root
         -> 194 vertices (530 trig, 182 trig+kin events)
  [2133/2627] nano_2133.root
         -> 215 vertices (538 trig, 191 trig+kin events)
  [2134/2627] nano_2134.root
         -> 162 vertices (453 trig, 150 trig+kin events)
  [2135/2627] nano_2135.root
         -> 222 vertices (521 trig, 191 trig+kin events)
  [2136/2627] nano_2136.root
         -> 335 vertices (888 trig, 299 trig+kin events)
  [2137/2627] nano_2137.root
         -> 369 vertices (880 trig, 308 trig+kin events)
  [2138/2627] nano_2138.root
         -> 370 vertices (892 trig, 327 trig+kin events)
  [2139/2627] nano_2139.root
         -> 206 vertices (531 trig, 200 trig+kin events)
  [2140/2627] nano_2140.root
         -> 347 vertices (870 trig, 312 trig+kin events)
  [2141/2627] nano_2141.root
         -> 213 vertices (524 trig, 199 trig+kin events)
  [2142/2627] nano_2142.root
         -> 322 vertices (842 trig, 296 trig+kin events)
  [2143/2627] nano_2143.root
         -> 265 vertices (600 trig, 216 trig+kin events)
  [2144/2627] nano_2144.root
         -> 300 vertices (720 trig, 248 trig+kin events)
  [2145/2627] nano_2145.root
         -> 249 vertices (614 trig, 222 trig+kin events)
  [2146/2627] nano_2146.root
         -> 350 vertices (868 trig, 320 trig+kin events)
  [2147/2627] nano_2147.root
         -> 354 vertices (921 trig, 314 trig+kin events)
  [2148/2627] nano_2148.root
         -> 279 vertices (730 trig, 262 trig+kin events)
  [2149/2627] nano_2149.root
         -> 182 vertices (465 trig, 170 trig+kin events)
  [2150/2627] nano_2150.root
         -> 391 vertices (887 trig, 351 trig+kin events)
  [2151/2627] nano_2151.root
         -> 84 vertices (254 trig, 75 trig+kin events)
  [2152/2627] nano_2152.root
         -> 350 vertices (920 trig, 337 trig+kin events)
  [2153/2627] nano_2153.root
         -> 180 vertices (475 trig, 171 trig+kin events)
  [2154/2627] nano_2154.root
         -> 333 vertices (934 trig, 323 trig+kin events)
  [2155/2627] nano_2155.root
         -> 295 vertices (690 trig, 269 trig+kin events)
  [2156/2627] nano_2156.root
         -> 246 vertices (651 trig, 230 trig+kin events)
  [2157/2627] nano_2157.root
         -> 313 vertices (761 trig, 285 trig+kin events)
  [2158/2627] nano_2158.root
         -> 237 vertices (616 trig, 207 trig+kin events)
  [2159/2627] nano_2159.root
         -> 329 vertices (784 trig, 303 trig+kin events)
  [2160/2627] nano_2160.root
         -> 212 vertices (482 trig, 177 trig+kin events)
  [2161/2627] nano_2161.root
         -> 192 vertices (453 trig, 173 trig+kin events)
  [2162/2627] nano_2162.root
         -> 235 vertices (512 trig, 208 trig+kin events)
  [2163/2627] nano_2163.root
         -> 308 vertices (803 trig, 280 trig+kin events)
  [2164/2627] nano_2164.root
         -> 214 vertices (543 trig, 185 trig+kin events)
  [2165/2627] nano_2165.root
         -> 178 vertices (479 trig, 167 trig+kin events)
  [2166/2627] nano_2166.root
         -> 188 vertices (500 trig, 172 trig+kin events)
  [2167/2627] nano_2167.root
         -> 8 vertices (20 trig, 7 trig+kin events)
  [2168/2627] nano_2168.root
         -> 310 vertices (773 trig, 288 trig+kin events)
  [2169/2627] nano_2169.root
         -> 364 vertices (873 trig, 316 trig+kin events)
  [2170/2627] nano_2170.root
         -> 229 vertices (595 trig, 212 trig+kin events)
  [2171/2627] nano_2171.root
         -> 333 vertices (895 trig, 306 trig+kin events)
  [2172/2627] nano_2172.root
         -> 303 vertices (798 trig, 267 trig+kin events)
  [2173/2627] nano_2173.root
         -> 281 vertices (659 trig, 261 trig+kin events)
  [2174/2627] nano_2174.root
         -> 292 vertices (668 trig, 262 trig+kin events)
  [2175/2627] nano_2175.root
         -> 182 vertices (469 trig, 165 trig+kin events)
  [2176/2627] nano_2176.root
         -> 339 vertices (847 trig, 292 trig+kin events)
  [2177/2627] nano_2177.root
         -> 263 vertices (647 trig, 212 trig+kin events)
  [2178/2627] nano_2178.root
         -> 183 vertices (439 trig, 158 trig+kin events)
  [2179/2627] nano_2179.root
         -> 258 vertices (661 trig, 246 trig+kin events)
  [2180/2627] nano_2180.root
         -> 350 vertices (864 trig, 326 trig+kin events)
  [2181/2627] nano_2181.root
         -> 315 vertices (835 trig, 288 trig+kin events)
  [2182/2627] nano_2182.root
         -> 337 vertices (878 trig, 320 trig+kin events)
  [2183/2627] nano_2183.root
         -> 217 vertices (569 trig, 204 trig+kin events)
  [2184/2627] nano_2184.root
         -> 279 vertices (682 trig, 252 trig+kin events)
  [2185/2627] nano_2185.root
         -> 225 vertices (443 trig, 182 trig+kin events)
  [2186/2627] nano_2186.root
         -> 358 vertices (872 trig, 318 trig+kin events)
  [2187/2627] nano_2187.root
         -> 213 vertices (529 trig, 179 trig+kin events)
  [2188/2627] nano_2188.root
         -> 191 vertices (491 trig, 173 trig+kin events)
  [2189/2627] nano_2189.root
         -> 71 vertices (182 trig, 66 trig+kin events)
  [2190/2627] nano_2190.root
         -> 394 vertices (873 trig, 344 trig+kin events)
  [2191/2627] nano_2191.root
         -> 224 vertices (581 trig, 200 trig+kin events)
  [2192/2627] nano_2192.root
         -> 383 vertices (934 trig, 348 trig+kin events)
  [2193/2627] nano_2193.root
         -> 320 vertices (871 trig, 317 trig+kin events)
  [2194/2627] nano_2194.root
         -> 374 vertices (916 trig, 347 trig+kin events)
  [2195/2627] nano_2195.root
         -> 191 vertices (489 trig, 165 trig+kin events)
  [2196/2627] nano_2196.root
         -> 196 vertices (469 trig, 176 trig+kin events)
  [2197/2627] nano_2197.root
         -> 448 vertices (966 trig, 390 trig+kin events)
  [2198/2627] nano_2198.root
         -> 355 vertices (859 trig, 327 trig+kin events)
  [2199/2627] nano_2199.root
         -> 349 vertices (892 trig, 324 trig+kin events)
  [2200/2627] nano_2200.root
         -> 176 vertices (452 trig, 160 trig+kin events)
  [2201/2627] nano_2201.root
         -> 205 vertices (509 trig, 181 trig+kin events)
  [2202/2627] nano_2202.root
         -> 233 vertices (593 trig, 223 trig+kin events)
  [2203/2627] nano_2203.root
         -> 181 vertices (456 trig, 169 trig+kin events)
  [2204/2627] nano_2204.root
         -> 342 vertices (883 trig, 313 trig+kin events)
  [2205/2627] nano_2205.root
         -> 321 vertices (862 trig, 296 trig+kin events)
  [2206/2627] nano_2206.root
         -> 226 vertices (545 trig, 210 trig+kin events)
  [2207/2627] nano_2207.root
         -> 228 vertices (631 trig, 211 trig+kin events)
  [2208/2627] nano_2208.root
         -> 179 vertices (426 trig, 154 trig+kin events)
  [2209/2627] nano_2209.root
         -> 43 vertices (121 trig, 41 trig+kin events)
  [2210/2627] nano_2210.root
         -> 145 vertices (344 trig, 125 trig+kin events)
  [2211/2627] nano_2211.root
         -> 235 vertices (508 trig, 217 trig+kin events)
  [2212/2627] nano_2212.root
         -> 149 vertices (352 trig, 129 trig+kin events)
  [2213/2627] nano_2213.root
         -> 189 vertices (484 trig, 166 trig+kin events)
  [2214/2627] nano_2214.root
         -> 168 vertices (455 trig, 154 trig+kin events)
  [2215/2627] nano_2215.root
         -> 182 vertices (478 trig, 151 trig+kin events)
  [2216/2627] nano_2216.root
         -> 76 vertices (191 trig, 71 trig+kin events)
  [2217/2627] nano_2217.root
         -> 154 vertices (424 trig, 142 trig+kin events)
  [2218/2627] nano_2218.root
         -> 196 vertices (458 trig, 171 trig+kin events)
  [2219/2627] nano_2219.root
         -> 162 vertices (429 trig, 149 trig+kin events)
  [2220/2627] nano_2220.root
         -> 168 vertices (451 trig, 154 trig+kin events)
  [2221/2627] nano_2221.root
         -> 3 vertices (18 trig, 3 trig+kin events)
  [2222/2627] nano_2222.root
         -> 206 vertices (478 trig, 181 trig+kin events)
  [2223/2627] nano_2223.root
         -> 127 vertices (323 trig, 113 trig+kin events)
  [2224/2627] nano_2224.root
         -> 101 vertices (235 trig, 86 trig+kin events)
  [2225/2627] nano_2225.root
         -> 92 vertices (259 trig, 87 trig+kin events)
  [2226/2627] nano_2226.root
         -> 167 vertices (417 trig, 153 trig+kin events)
  [2227/2627] nano_2227.root
         -> 98 vertices (225 trig, 89 trig+kin events)
  [2228/2627] nano_2228.root
         -> 101 vertices (219 trig, 83 trig+kin events)
  [2229/2627] nano_2229.root
         -> 193 vertices (471 trig, 186 trig+kin events)
  [2230/2627] nano_2230.root
         -> 13 vertices (37 trig, 13 trig+kin events)
  [2231/2627] nano_2231.root
         -> 20 vertices (40 trig, 20 trig+kin events)
  [2232/2627] nano_2232.root
         -> 115 vertices (273 trig, 103 trig+kin events)
  [2233/2627] nano_2233.root
         -> 101 vertices (256 trig, 93 trig+kin events)
  [2234/2627] nano_2234.root
         -> 109 vertices (254 trig, 101 trig+kin events)
  [2235/2627] nano_2235.root
         -> 35 vertices (91 trig, 33 trig+kin events)
  [2236/2627] nano_2236.root
         -> 68 vertices (161 trig, 65 trig+kin events)
  [2237/2627] nano_2237.root
         -> 197 vertices (468 trig, 176 trig+kin events)
  [2238/2627] nano_2238.root
         -> 219 vertices (526 trig, 198 trig+kin events)
  [2239/2627] nano_2239.root
         -> 214 vertices (464 trig, 194 trig+kin events)
  [2240/2627] nano_2240.root
         -> 183 vertices (503 trig, 179 trig+kin events)
  [2241/2627] nano_2241.root
         -> 49 vertices (133 trig, 48 trig+kin events)
  [2242/2627] nano_2242.root
         -> 183 vertices (453 trig, 154 trig+kin events)
  [2243/2627] nano_2243.root
         -> 225 vertices (501 trig, 198 trig+kin events)
  [2244/2627] nano_2244.root
         -> 240 vertices (502 trig, 217 trig+kin events)
  [2245/2627] nano_2245.root
         -> 208 vertices (506 trig, 177 trig+kin events)
  [2246/2627] nano_2246.root
         -> 230 vertices (556 trig, 195 trig+kin events)
  [2247/2627] nano_2247.root
         -> 188 vertices (438 trig, 172 trig+kin events)
  [2248/2627] nano_2248.root
         -> 216 vertices (479 trig, 182 trig+kin events)
  [2249/2627] nano_2249.root
         -> 159 vertices (454 trig, 154 trig+kin events)
  [2250/2627] nano_2250.root
         -> 176 vertices (492 trig, 169 trig+kin events)
  [2251/2627] nano_2251.root
         -> 153 vertices (389 trig, 137 trig+kin events)
  [2252/2627] nano_2252.root
         -> 160 vertices (430 trig, 153 trig+kin events)
  [2253/2627] nano_2253.root
         -> 186 vertices (468 trig, 166 trig+kin events)
  [2254/2627] nano_2254.root
         -> 133 vertices (430 trig, 129 trig+kin events)
  [2255/2627] nano_2255.root
         -> 79 vertices (192 trig, 72 trig+kin events)
  [2256/2627] nano_2256.root
         -> 152 vertices (399 trig, 140 trig+kin events)
  [2257/2627] nano_2257.root
         -> 199 vertices (465 trig, 167 trig+kin events)
  [2258/2627] nano_2258.root
         -> 213 vertices (477 trig, 183 trig+kin events)
  [2259/2627] nano_2259.root
         -> 194 vertices (468 trig, 166 trig+kin events)
  [2260/2627] nano_2260.root
         -> 176 vertices (453 trig, 155 trig+kin events)
  [2261/2627] nano_2261.root
         -> 187 vertices (479 trig, 182 trig+kin events)
  [2262/2627] nano_2262.root
         -> 239 vertices (609 trig, 220 trig+kin events)
  [2263/2627] nano_2263.root
         -> 197 vertices (491 trig, 172 trig+kin events)
  [2264/2627] nano_2264.root
         -> 180 vertices (468 trig, 170 trig+kin events)
  [2265/2627] nano_2265.root
         -> 72 vertices (165 trig, 60 trig+kin events)
  [2266/2627] nano_2266.root
         -> 184 vertices (451 trig, 165 trig+kin events)
  [2267/2627] nano_2267.root
         -> 240 vertices (611 trig, 207 trig+kin events)
  [2268/2627] nano_2268.root
         -> 211 vertices (495 trig, 184 trig+kin events)
  [2269/2627] nano_2269.root
         -> 234 vertices (524 trig, 195 trig+kin events)
  [2270/2627] nano_2270.root
         -> 186 vertices (439 trig, 166 trig+kin events)
  [2271/2627] nano_2271.root
         -> 202 vertices (489 trig, 180 trig+kin events)
  [2272/2627] nano_2272.root
         -> 227 vertices (480 trig, 183 trig+kin events)
  [2273/2627] nano_2273.root
         -> 227 vertices (592 trig, 227 trig+kin events)
  [2274/2627] nano_2274.root
         -> 189 vertices (472 trig, 177 trig+kin events)
  [2275/2627] nano_2275.root
         -> 231 vertices (601 trig, 214 trig+kin events)
  [2276/2627] nano_2276.root
         -> 242 vertices (515 trig, 192 trig+kin events)
  [2277/2627] nano_2277.root
         -> 238 vertices (599 trig, 201 trig+kin events)
  [2278/2627] nano_2278.root
         -> 185 vertices (487 trig, 166 trig+kin events)
  [2279/2627] nano_2279.root
         -> 210 vertices (500 trig, 181 trig+kin events)
  [2280/2627] nano_2280.root
         -> 1 vertices (6 trig, 2 trig+kin events)
  [2281/2627] nano_2281.root
         -> 196 vertices (490 trig, 170 trig+kin events)
  [2282/2627] nano_2282.root
         -> 211 vertices (499 trig, 185 trig+kin events)
  [2283/2627] nano_2283.root
         -> 217 vertices (509 trig, 185 trig+kin events)
  [2284/2627] nano_2284.root
         -> 207 vertices (525 trig, 196 trig+kin events)
  [2285/2627] nano_2285.root
         -> 236 vertices (538 trig, 219 trig+kin events)
  [2286/2627] nano_2286.root
         -> 202 vertices (501 trig, 187 trig+kin events)
  [2287/2627] nano_2287.root
         -> 178 vertices (434 trig, 169 trig+kin events)
  [2288/2627] nano_2288.root
         -> 214 vertices (507 trig, 194 trig+kin events)
  [2289/2627] nano_2289.root
         -> 248 vertices (535 trig, 206 trig+kin events)
  [2290/2627] nano_2290.root
         -> 243 vertices (623 trig, 226 trig+kin events)
  [2291/2627] nano_2291.root
         -> 270 vertices (600 trig, 237 trig+kin events)
  [2292/2627] nano_2292.root
         -> 162 vertices (463 trig, 149 trig+kin events)
  [2293/2627] nano_2293.root
         -> 220 vertices (546 trig, 207 trig+kin events)
  [2294/2627] nano_2294.root
         -> 239 vertices (584 trig, 212 trig+kin events)
  [2295/2627] nano_2295.root
         -> 237 vertices (558 trig, 222 trig+kin events)
  [2296/2627] nano_2296.root
         -> 221 vertices (500 trig, 188 trig+kin events)
  [2297/2627] nano_2297.root
         -> 265 vertices (670 trig, 242 trig+kin events)
  [2298/2627] nano_2298.root
         -> 205 vertices (485 trig, 183 trig+kin events)
  [2299/2627] nano_2299.root
         -> 262 vertices (636 trig, 251 trig+kin events)
  [2300/2627] nano_2300.root
         -> 219 vertices (545 trig, 197 trig+kin events)
  [2301/2627] nano_2301.root
         -> 214 vertices (532 trig, 193 trig+kin events)
  [2302/2627] nano_2302.root
         -> 229 vertices (551 trig, 200 trig+kin events)
  [2303/2627] nano_2303.root
         -> 297 vertices (728 trig, 260 trig+kin events)
  [2304/2627] nano_2304.root
         -> 184 vertices (473 trig, 172 trig+kin events)
  [2305/2627] nano_2305.root
         -> 197 vertices (501 trig, 183 trig+kin events)
  [2306/2627] nano_2306.root
         -> 191 vertices (448 trig, 181 trig+kin events)
  [2307/2627] nano_2307.root
         -> 218 vertices (569 trig, 194 trig+kin events)
  [2308/2627] nano_2308.root
         -> 241 vertices (588 trig, 206 trig+kin events)
  [2309/2627] nano_2309.root
         -> 9 vertices (26 trig, 10 trig+kin events)
  [2310/2627] nano_2310.root
         -> 222 vertices (545 trig, 189 trig+kin events)
  [2311/2627] nano_2311.root
         -> 197 vertices (481 trig, 178 trig+kin events)
  [2312/2627] nano_2312.root
         -> 268 vertices (661 trig, 240 trig+kin events)
  [2313/2627] nano_2313.root
         -> 189 vertices (442 trig, 162 trig+kin events)
  [2314/2627] nano_2314.root
         -> 241 vertices (600 trig, 211 trig+kin events)
  [2315/2627] nano_2315.root
         -> 146 vertices (419 trig, 139 trig+kin events)
  [2316/2627] nano_2316.root
         -> 181 vertices (429 trig, 159 trig+kin events)
  [2317/2627] nano_2317.root
         -> 231 vertices (574 trig, 208 trig+kin events)
  [2318/2627] nano_2318.root
         -> 209 vertices (505 trig, 181 trig+kin events)
  [2319/2627] nano_2319.root
         -> 236 vertices (587 trig, 217 trig+kin events)
  [2320/2627] nano_2320.root
         -> 198 vertices (523 trig, 192 trig+kin events)
  [2321/2627] nano_2321.root
         -> 194 vertices (462 trig, 176 trig+kin events)
  [2322/2627] nano_2322.root
         -> 191 vertices (475 trig, 167 trig+kin events)
  [2323/2627] nano_2323.root
         -> 168 vertices (465 trig, 162 trig+kin events)
  [2324/2627] nano_2324.root
         -> 240 vertices (544 trig, 200 trig+kin events)
  [2325/2627] nano_2325.root
         -> 202 vertices (555 trig, 193 trig+kin events)
  [2326/2627] nano_2326.root
         -> 217 vertices (596 trig, 219 trig+kin events)
  [2327/2627] nano_2327.root
         -> 229 vertices (556 trig, 198 trig+kin events)
  [2328/2627] nano_2328.root
         -> 281 vertices (731 trig, 258 trig+kin events)
  [2329/2627] nano_2329.root
         -> 210 vertices (479 trig, 177 trig+kin events)
  [2330/2627] nano_2330.root
         -> 191 vertices (451 trig, 173 trig+kin events)
  [2331/2627] nano_2331.root
         -> 263 vertices (624 trig, 241 trig+kin events)
  [2332/2627] nano_2332.root
         -> 293 vertices (668 trig, 253 trig+kin events)
  [2333/2627] nano_2333.root
         -> 271 vertices (665 trig, 245 trig+kin events)
  [2334/2627] nano_2334.root
         -> 249 vertices (630 trig, 223 trig+kin events)
  [2335/2627] nano_2335.root
         -> 303 vertices (745 trig, 265 trig+kin events)
  [2336/2627] nano_2336.root
         -> 208 vertices (502 trig, 181 trig+kin events)
  [2337/2627] nano_2337.root
         -> 221 vertices (519 trig, 192 trig+kin events)
  [2338/2627] nano_2338.root
         -> 258 vertices (645 trig, 221 trig+kin events)
  [2339/2627] nano_2339.root
         -> 274 vertices (680 trig, 248 trig+kin events)
  [2340/2627] nano_2340.root
         -> 83 vertices (172 trig, 68 trig+kin events)
  [2341/2627] nano_2341.root
         -> 201 vertices (504 trig, 186 trig+kin events)
  [2342/2627] nano_2342.root
         -> 193 vertices (488 trig, 178 trig+kin events)
  [2343/2627] nano_2343.root
         -> 217 vertices (538 trig, 189 trig+kin events)
  [2344/2627] nano_2344.root
         -> 262 vertices (661 trig, 241 trig+kin events)
  [2345/2627] nano_2345.root
         -> 182 vertices (466 trig, 157 trig+kin events)
  [2346/2627] nano_2346.root
         -> 305 vertices (755 trig, 267 trig+kin events)
  [2347/2627] nano_2347.root
         -> 178 vertices (431 trig, 163 trig+kin events)
  [2348/2627] nano_2348.root
         -> 246 vertices (503 trig, 195 trig+kin events)
  [2349/2627] nano_2349.root
         -> 213 vertices (502 trig, 196 trig+kin events)
  [2350/2627] nano_2350.root
         -> 176 vertices (450 trig, 156 trig+kin events)
  [2351/2627] nano_2351.root
         -> 178 vertices (475 trig, 164 trig+kin events)
  [2352/2627] nano_2352.root
         -> 184 vertices (460 trig, 163 trig+kin events)
  [2353/2627] nano_2353.root
         -> 195 vertices (525 trig, 192 trig+kin events)
  [2354/2627] nano_2354.root
         -> 217 vertices (524 trig, 194 trig+kin events)
  [2355/2627] nano_2355.root
         -> 252 vertices (607 trig, 232 trig+kin events)
  [2356/2627] nano_2356.root
         -> 175 vertices (485 trig, 168 trig+kin events)
  [2357/2627] nano_2357.root
         -> 282 vertices (616 trig, 232 trig+kin events)
  [2358/2627] nano_2358.root
         -> 217 vertices (531 trig, 194 trig+kin events)
  [2359/2627] nano_2359.root
         -> 290 vertices (680 trig, 267 trig+kin events)
  [2360/2627] nano_2360.root
         -> 182 vertices (499 trig, 184 trig+kin events)
  [2361/2627] nano_2361.root
         -> 238 vertices (557 trig, 206 trig+kin events)
  [2362/2627] nano_2362.root
         -> 199 vertices (526 trig, 184 trig+kin events)
  [2363/2627] nano_2363.root
         -> 220 vertices (533 trig, 190 trig+kin events)
  [2364/2627] nano_2364.root
         -> 208 vertices (521 trig, 177 trig+kin events)
  [2365/2627] nano_2365.root
         -> 188 vertices (500 trig, 175 trig+kin events)
  [2366/2627] nano_2366.root
         -> 202 vertices (522 trig, 175 trig+kin events)
  [2367/2627] nano_2367.root
         -> 230 vertices (529 trig, 210 trig+kin events)
  [2368/2627] nano_2368.root
         -> 223 vertices (525 trig, 184 trig+kin events)
  [2369/2627] nano_2369.root
         -> 197 vertices (561 trig, 193 trig+kin events)
  [2370/2627] nano_2370.root
         -> 250 vertices (585 trig, 233 trig+kin events)
  [2371/2627] nano_2371.root
         -> 322 vertices (736 trig, 290 trig+kin events)
  [2372/2627] nano_2372.root
         -> 220 vertices (556 trig, 180 trig+kin events)
  [2373/2627] nano_2373.root
         -> 204 vertices (498 trig, 181 trig+kin events)
  [2374/2627] nano_2374.root
         -> 176 vertices (455 trig, 156 trig+kin events)
  [2375/2627] nano_2375.root
         -> 270 vertices (740 trig, 260 trig+kin events)
  [2376/2627] nano_2376.root
         -> 185 vertices (487 trig, 176 trig+kin events)
  [2377/2627] nano_2377.root
         -> 196 vertices (484 trig, 162 trig+kin events)
  [2378/2627] nano_2378.root
         -> 214 vertices (491 trig, 181 trig+kin events)
  [2379/2627] nano_2379.root
         -> 250 vertices (590 trig, 227 trig+kin events)
  [2380/2627] nano_2380.root
         -> 378 vertices (867 trig, 325 trig+kin events)
  [2381/2627] nano_2381.root
         -> 373 vertices (923 trig, 340 trig+kin events)
  [2382/2627] nano_2382.root
         -> 343 vertices (850 trig, 316 trig+kin events)
  [2383/2627] nano_2383.root
         -> 321 vertices (723 trig, 291 trig+kin events)
  [2384/2627] nano_2384.root
         -> 258 vertices (663 trig, 239 trig+kin events)
  [2385/2627] nano_2385.root
         -> 361 vertices (884 trig, 337 trig+kin events)
  [2386/2627] nano_2386.root
         -> 283 vertices (763 trig, 251 trig+kin events)
  [2387/2627] nano_2387.root
         -> 179 vertices (444 trig, 162 trig+kin events)
  [2388/2627] nano_2388.root
         -> 326 vertices (814 trig, 297 trig+kin events)
  [2389/2627] nano_2389.root
         -> 320 vertices (915 trig, 295 trig+kin events)
  [2390/2627] nano_2390.root
         -> 359 vertices (914 trig, 323 trig+kin events)
  [2391/2627] nano_2391.root
         -> 209 vertices (554 trig, 198 trig+kin events)
  [2392/2627] nano_2392.root
         -> 376 vertices (893 trig, 345 trig+kin events)
  [2393/2627] nano_2393.root
         -> 372 vertices (858 trig, 323 trig+kin events)
  [2394/2627] nano_2394.root
         -> 344 vertices (775 trig, 298 trig+kin events)
  [2395/2627] nano_2395.root
         -> 369 vertices (880 trig, 330 trig+kin events)
  [2396/2627] nano_2396.root
         -> 227 vertices (523 trig, 197 trig+kin events)
  [2397/2627] nano_2397.root
         -> 321 vertices (832 trig, 301 trig+kin events)
  [2398/2627] nano_2398.root
         -> 364 vertices (895 trig, 334 trig+kin events)
  [2399/2627] nano_2399.root
         -> 280 vertices (684 trig, 254 trig+kin events)
  [2400/2627] nano_2400.root
         -> 383 vertices (896 trig, 332 trig+kin events)
  [2401/2627] nano_2401.root
         -> 344 vertices (781 trig, 290 trig+kin events)
  [2402/2627] nano_2402.root
         -> 353 vertices (868 trig, 328 trig+kin events)
  [2403/2627] nano_2403.root
         -> 248 vertices (477 trig, 200 trig+kin events)
  [2404/2627] nano_2404.root
         -> 302 vertices (675 trig, 263 trig+kin events)
  [2405/2627] nano_2405.root
         -> 215 vertices (529 trig, 192 trig+kin events)
  [2406/2627] nano_2406.root
         -> 362 vertices (895 trig, 326 trig+kin events)
  [2407/2627] nano_2407.root
         -> 302 vertices (757 trig, 283 trig+kin events)
  [2408/2627] nano_2408.root
         -> 240 vertices (568 trig, 219 trig+kin events)
  [2409/2627] nano_2409.root
         -> 338 vertices (836 trig, 323 trig+kin events)
  [2410/2627] nano_2410.root
         -> 378 vertices (906 trig, 335 trig+kin events)
  [2411/2627] nano_2411.root
         -> 281 vertices (671 trig, 240 trig+kin events)
  [2412/2627] nano_2412.root
         -> 316 vertices (863 trig, 295 trig+kin events)
  [2413/2627] nano_2413.root
         -> 365 vertices (880 trig, 307 trig+kin events)
  [2414/2627] nano_2414.root
         -> 228 vertices (524 trig, 193 trig+kin events)
  [2415/2627] nano_2415.root
         -> 248 vertices (709 trig, 244 trig+kin events)
  [2416/2627] nano_2416.root
         -> 318 vertices (749 trig, 269 trig+kin events)
  [2417/2627] nano_2417.root
         -> 341 vertices (844 trig, 304 trig+kin events)
  [2418/2627] nano_2418.root
         -> 367 vertices (936 trig, 336 trig+kin events)
  [2419/2627] nano_2419.root
         -> 390 vertices (878 trig, 338 trig+kin events)
  [2420/2627] nano_2420.root
         -> 345 vertices (879 trig, 305 trig+kin events)
  [2421/2627] nano_2421.root
         -> 379 vertices (923 trig, 341 trig+kin events)
  [2422/2627] nano_2422.root
         -> 261 vertices (638 trig, 244 trig+kin events)
  [2423/2627] nano_2423.root
         -> 275 vertices (627 trig, 237 trig+kin events)
  [2424/2627] nano_2424.root
         -> 218 vertices (579 trig, 204 trig+kin events)
  [2425/2627] nano_2425.root
         -> 355 vertices (901 trig, 315 trig+kin events)
  [2426/2627] nano_2426.root
         -> 422 vertices (953 trig, 368 trig+kin events)
  [2427/2627] nano_2427.root
         -> 283 vertices (624 trig, 230 trig+kin events)
  [2428/2627] nano_2428.root
         -> 188 vertices (544 trig, 172 trig+kin events)
  [2429/2627] nano_2429.root
         -> 292 vertices (741 trig, 268 trig+kin events)
  [2430/2627] nano_2430.root
         -> 339 vertices (858 trig, 310 trig+kin events)
  [2431/2627] nano_2431.root
         -> 202 vertices (502 trig, 185 trig+kin events)
  [2432/2627] nano_2432.root
         -> 339 vertices (853 trig, 317 trig+kin events)
  [2433/2627] nano_2433.root
         -> 283 vertices (712 trig, 263 trig+kin events)
  [2434/2627] nano_2434.root
         -> 212 vertices (546 trig, 189 trig+kin events)
  [2435/2627] nano_2435.root
         -> 382 vertices (883 trig, 338 trig+kin events)
  [2436/2627] nano_2436.root
         -> 324 vertices (844 trig, 303 trig+kin events)
  [2437/2627] nano_2437.root
         -> 386 vertices (963 trig, 352 trig+kin events)
  [2438/2627] nano_2438.root
         -> 214 vertices (498 trig, 175 trig+kin events)
  [2439/2627] nano_2439.root
         -> 306 vertices (857 trig, 282 trig+kin events)
  [2440/2627] nano_2440.root
         -> 376 vertices (889 trig, 343 trig+kin events)
  [2441/2627] nano_2441.root
         -> 168 vertices (454 trig, 157 trig+kin events)
  [2442/2627] nano_2442.root
         -> 367 vertices (880 trig, 322 trig+kin events)
  [2443/2627] nano_2443.root
         -> 345 vertices (926 trig, 322 trig+kin events)
  [2444/2627] nano_2444.root
         -> 371 vertices (857 trig, 320 trig+kin events)
  [2445/2627] nano_2445.root
         -> 329 vertices (826 trig, 300 trig+kin events)
  [2446/2627] nano_2446.root
         -> 346 vertices (824 trig, 295 trig+kin events)
  [2447/2627] nano_2447.root
         -> 299 vertices (837 trig, 278 trig+kin events)
  [2448/2627] nano_2448.root
         -> 306 vertices (776 trig, 268 trig+kin events)
  [2449/2627] nano_2449.root
         -> 181 vertices (447 trig, 161 trig+kin events)
  [2450/2627] nano_2450.root
         -> 237 vertices (650 trig, 224 trig+kin events)
  [2451/2627] nano_2451.root
         -> 333 vertices (854 trig, 314 trig+kin events)
  [2452/2627] nano_2452.root
         -> 317 vertices (826 trig, 285 trig+kin events)
  [2453/2627] nano_2453.root
         -> 285 vertices (738 trig, 257 trig+kin events)
  [2454/2627] nano_2454.root
         -> 338 vertices (852 trig, 304 trig+kin events)
  [2455/2627] nano_2455.root
         -> 306 vertices (804 trig, 273 trig+kin events)
  [2456/2627] nano_2456.root
         -> 303 vertices (752 trig, 278 trig+kin events)
  [2457/2627] nano_2457.root
         -> 356 vertices (850 trig, 319 trig+kin events)
  [2458/2627] nano_2458.root
         -> 324 vertices (802 trig, 288 trig+kin events)
  [2459/2627] nano_2459.root
         -> 339 vertices (881 trig, 317 trig+kin events)
  [2460/2627] nano_2460.root
         -> 354 vertices (857 trig, 307 trig+kin events)
  [2461/2627] nano_2461.root
         -> 202 vertices (524 trig, 177 trig+kin events)
  [2462/2627] nano_2462.root
         -> 280 vertices (623 trig, 244 trig+kin events)
  [2463/2627] nano_2463.root
         -> 132 vertices (317 trig, 118 trig+kin events)
  [2464/2627] nano_2464.root
         -> 267 vertices (693 trig, 226 trig+kin events)
  [2465/2627] nano_2465.root
         -> 236 vertices (629 trig, 215 trig+kin events)
  [2466/2627] nano_2466.root
         -> 357 vertices (855 trig, 335 trig+kin events)
  [2467/2627] nano_2467.root
         -> 399 vertices (912 trig, 342 trig+kin events)
  [2468/2627] nano_2468.root
         -> 403 vertices (911 trig, 361 trig+kin events)
  [2469/2627] nano_2469.root
         -> 210 vertices (464 trig, 190 trig+kin events)
  [2470/2627] nano_2470.root
         -> 367 vertices (924 trig, 327 trig+kin events)
  [2471/2627] nano_2471.root
         -> 378 vertices (890 trig, 333 trig+kin events)
  [2472/2627] nano_2472.root
         -> 322 vertices (852 trig, 293 trig+kin events)
  [2473/2627] nano_2473.root
         -> 200 vertices (568 trig, 197 trig+kin events)
  [2474/2627] nano_2474.root
         -> 268 vertices (655 trig, 244 trig+kin events)
  [2475/2627] nano_2475.root
         -> 349 vertices (876 trig, 313 trig+kin events)
  [2476/2627] nano_2476.root
         -> 361 vertices (856 trig, 311 trig+kin events)
  [2477/2627] nano_2477.root
         -> 216 vertices (509 trig, 197 trig+kin events)
  [2478/2627] nano_2478.root
         -> 381 vertices (917 trig, 343 trig+kin events)
  [2479/2627] nano_2479.root
         -> 205 vertices (501 trig, 183 trig+kin events)
  [2480/2627] nano_2480.root
         -> 394 vertices (889 trig, 342 trig+kin events)
  [2481/2627] nano_2481.root
         -> 184 vertices (492 trig, 173 trig+kin events)
  [2482/2627] nano_2482.root
         -> 344 vertices (912 trig, 310 trig+kin events)
  [2483/2627] nano_2483.root
         -> 374 vertices (913 trig, 341 trig+kin events)
  [2484/2627] nano_2484.root
         -> 342 vertices (892 trig, 309 trig+kin events)
  [2485/2627] nano_2485.root
         -> 366 vertices (862 trig, 324 trig+kin events)
  [2486/2627] nano_2486.root
         -> 159 vertices (460 trig, 142 trig+kin events)
  [2487/2627] nano_2487.root
         -> 192 vertices (447 trig, 169 trig+kin events)
  [2488/2627] nano_2488.root
         -> 170 vertices (422 trig, 163 trig+kin events)
  [2489/2627] nano_2489.root
         -> 39 vertices (108 trig, 36 trig+kin events)
  [2490/2627] nano_2490.root
         -> 224 vertices (605 trig, 211 trig+kin events)
  [2491/2627] nano_2491.root
         -> 208 vertices (460 trig, 179 trig+kin events)
  [2492/2627] nano_2492.root
         -> 163 vertices (448 trig, 162 trig+kin events)
  [2493/2627] nano_2493.root
         -> 139 vertices (413 trig, 138 trig+kin events)
  [2494/2627] nano_2494.root
         -> 181 vertices (401 trig, 173 trig+kin events)
  [2495/2627] nano_2495.root
         -> 186 vertices (442 trig, 153 trig+kin events)
  [2496/2627] nano_2496.root
         -> 184 vertices (497 trig, 161 trig+kin events)
  [2497/2627] nano_2497.root
         -> 209 vertices (503 trig, 180 trig+kin events)
  [2498/2627] nano_2498.root
         -> 193 vertices (438 trig, 165 trig+kin events)
  [2499/2627] nano_2499.root
         -> 211 vertices (494 trig, 188 trig+kin events)
  [2500/2627] nano_2500.root
         -> 206 vertices (524 trig, 195 trig+kin events)
  [2501/2627] nano_2501.root
         -> 194 vertices (482 trig, 175 trig+kin events)
  [2502/2627] nano_2502.root
         -> 172 vertices (462 trig, 170 trig+kin events)
  [2503/2627] nano_2503.root
         -> 180 vertices (429 trig, 156 trig+kin events)
  [2504/2627] nano_2504.root
         -> 149 vertices (459 trig, 145 trig+kin events)
  [2505/2627] nano_2505.root
         -> 208 vertices (446 trig, 166 trig+kin events)
  [2506/2627] nano_2506.root
         -> 120 vertices (297 trig, 108 trig+kin events)
  [2507/2627] nano_2507.root
         -> 203 vertices (457 trig, 173 trig+kin events)
  [2508/2627] nano_2508.root
         -> 183 vertices (449 trig, 153 trig+kin events)
  [2509/2627] nano_2509.root
         -> 191 vertices (460 trig, 162 trig+kin events)
  [2510/2627] nano_2510.root
         -> 184 vertices (445 trig, 169 trig+kin events)
  [2511/2627] nano_2511.root
         -> 164 vertices (415 trig, 153 trig+kin events)
  [2512/2627] nano_2512.root
         -> 207 vertices (475 trig, 179 trig+kin events)
  [2513/2627] nano_2513.root
         -> 220 vertices (548 trig, 199 trig+kin events)
  [2514/2627] nano_2514.root
         -> 141 vertices (432 trig, 138 trig+kin events)
  [2515/2627] nano_2515.root
         -> 201 vertices (480 trig, 187 trig+kin events)
  [2516/2627] nano_2516.root
         -> 206 vertices (480 trig, 185 trig+kin events)
  [2517/2627] nano_2517.root
         -> 113 vertices (287 trig, 105 trig+kin events)
  [2518/2627] nano_2518.root
         -> 176 vertices (516 trig, 174 trig+kin events)
  [2519/2627] nano_2519.root
         -> 190 vertices (457 trig, 163 trig+kin events)
  [2520/2627] nano_2520.root
         -> 185 vertices (450 trig, 172 trig+kin events)
  [2521/2627] nano_2521.root
         -> 212 vertices (515 trig, 184 trig+kin events)
  [2522/2627] nano_2522.root
         -> 163 vertices (392 trig, 148 trig+kin events)
  [2523/2627] nano_2523.root
         -> 226 vertices (553 trig, 193 trig+kin events)
  [2524/2627] nano_2524.root
         -> 177 vertices (480 trig, 155 trig+kin events)
  [2525/2627] nano_2525.root
         -> 217 vertices (482 trig, 183 trig+kin events)
  [2526/2627] nano_2526.root
         -> 185 vertices (478 trig, 166 trig+kin events)
  [2527/2627] nano_2527.root
         -> 31 vertices (66 trig, 29 trig+kin events)
  [2528/2627] nano_2528.root
         -> 214 vertices (553 trig, 190 trig+kin events)
  [2529/2627] nano_2529.root
         -> 178 vertices (452 trig, 156 trig+kin events)
  [2530/2627] nano_2530.root
         -> 230 vertices (491 trig, 198 trig+kin events)
  [2531/2627] nano_2531.root
         -> 184 vertices (485 trig, 177 trig+kin events)
  [2532/2627] nano_2532.root
         -> 195 vertices (448 trig, 160 trig+kin events)
  [2533/2627] nano_2533.root
         -> 238 vertices (503 trig, 212 trig+kin events)
  [2534/2627] nano_2534.root
         -> 224 vertices (481 trig, 188 trig+kin events)
  [2535/2627] nano_2535.root
         -> 199 vertices (460 trig, 170 trig+kin events)
  [2536/2627] nano_2536.root
         -> 188 vertices (441 trig, 163 trig+kin events)
  [2537/2627] nano_2537.root
         -> 182 vertices (464 trig, 163 trig+kin events)
  [2538/2627] nano_2538.root
         -> 215 vertices (481 trig, 180 trig+kin events)
  [2539/2627] nano_2539.root
         -> 200 vertices (515 trig, 177 trig+kin events)
  [2540/2627] nano_2540.root
         -> 214 vertices (539 trig, 194 trig+kin events)
  [2541/2627] nano_2541.root
         -> 220 vertices (530 trig, 188 trig+kin events)
  [2542/2627] nano_2542.root
         -> 169 vertices (477 trig, 156 trig+kin events)
  [2543/2627] nano_2543.root
         -> 201 vertices (466 trig, 180 trig+kin events)
  [2544/2627] nano_2544.root
         -> 242 vertices (579 trig, 214 trig+kin events)
  [2545/2627] nano_2545.root
         -> 216 vertices (548 trig, 203 trig+kin events)
  [2546/2627] nano_2546.root
         -> 229 vertices (492 trig, 187 trig+kin events)
  [2547/2627] nano_2547.root
         -> 212 vertices (502 trig, 182 trig+kin events)
  [2548/2627] nano_2548.root
         -> 240 vertices (552 trig, 213 trig+kin events)
  [2549/2627] nano_2549.root
         -> 74 vertices (199 trig, 79 trig+kin events)
  [2550/2627] nano_2550.root
         -> 194 vertices (442 trig, 179 trig+kin events)
  [2551/2627] nano_2551.root
         -> 198 vertices (500 trig, 185 trig+kin events)
  [2552/2627] nano_2552.root
         -> 172 vertices (472 trig, 167 trig+kin events)
  [2553/2627] nano_2553.root
         -> 215 vertices (469 trig, 188 trig+kin events)
  [2554/2627] nano_2554.root
         -> 195 vertices (506 trig, 186 trig+kin events)
  [2555/2627] nano_2555.root
         -> 183 vertices (465 trig, 171 trig+kin events)
  [2556/2627] nano_2556.root
         -> 214 vertices (515 trig, 189 trig+kin events)
  [2557/2627] nano_2557.root
         -> 225 vertices (591 trig, 195 trig+kin events)
  [2558/2627] nano_2558.root
         -> 164 vertices (466 trig, 160 trig+kin events)
  [2559/2627] nano_2559.root
         -> 190 vertices (514 trig, 179 trig+kin events)
  [2560/2627] nano_2560.root
         -> 205 vertices (526 trig, 193 trig+kin events)
  [2561/2627] nano_2561.root
         -> 239 vertices (563 trig, 209 trig+kin events)
  [2562/2627] nano_2562.root
         -> 254 vertices (583 trig, 229 trig+kin events)
  [2563/2627] nano_2563.root
         -> 239 vertices (601 trig, 214 trig+kin events)
  [2564/2627] nano_2564.root
         -> 218 vertices (575 trig, 217 trig+kin events)
  [2565/2627] nano_2565.root
         -> 173 vertices (451 trig, 169 trig+kin events)
  [2566/2627] nano_2566.root
         -> 231 vertices (546 trig, 203 trig+kin events)
  [2567/2627] nano_2567.root
         -> 205 vertices (519 trig, 185 trig+kin events)
  [2568/2627] nano_2568.root
         -> 193 vertices (458 trig, 155 trig+kin events)
  [2569/2627] nano_2569.root
         -> 201 vertices (484 trig, 186 trig+kin events)
  [2570/2627] nano_2570.root
         -> 222 vertices (515 trig, 192 trig+kin events)
  [2571/2627] nano_2571.root
         -> 197 vertices (437 trig, 174 trig+kin events)
  [2572/2627] nano_2572.root
         -> 239 vertices (566 trig, 200 trig+kin events)
  [2573/2627] nano_2573.root
         -> 232 vertices (554 trig, 209 trig+kin events)
  [2574/2627] nano_2574.root
         -> 222 vertices (567 trig, 213 trig+kin events)
  [2575/2627] nano_2575.root
         -> 313 vertices (779 trig, 282 trig+kin events)
  [2576/2627] nano_2576.root
         -> 240 vertices (601 trig, 220 trig+kin events)
  [2577/2627] nano_2577.root
         -> 235 vertices (618 trig, 220 trig+kin events)
  [2578/2627] nano_2578.root
         -> 268 vertices (667 trig, 245 trig+kin events)
  [2579/2627] nano_2579.root
         -> 201 vertices (525 trig, 183 trig+kin events)
  [2580/2627] nano_2580.root
         -> 376 vertices (843 trig, 324 trig+kin events)
  [2581/2627] nano_2581.root
         -> 223 vertices (618 trig, 219 trig+kin events)
  [2582/2627] nano_2582.root
         -> 238 vertices (635 trig, 220 trig+kin events)
  [2583/2627] nano_2583.root
         -> 109 vertices (303 trig, 109 trig+kin events)
  [2584/2627] nano_2584.root
         -> 233 vertices (617 trig, 219 trig+kin events)
  [2585/2627] nano_2585.root
         -> 201 vertices (462 trig, 172 trig+kin events)
  [2586/2627] nano_2586.root
         -> 303 vertices (728 trig, 263 trig+kin events)
  [2587/2627] nano_2587.root
         -> 280 vertices (735 trig, 271 trig+kin events)
  [2588/2627] nano_2588.root
         -> 250 vertices (558 trig, 224 trig+kin events)
  [2589/2627] nano_2589.root
         -> 319 vertices (888 trig, 300 trig+kin events)
  [2590/2627] nano_2590.root
         -> 185 vertices (514 trig, 185 trig+kin events)
  [2591/2627] nano_2591.root
         -> 195 vertices (484 trig, 171 trig+kin events)
  [2592/2627] nano_2592.root
         -> 191 vertices (484 trig, 179 trig+kin events)
  [2593/2627] nano_2593.root
         -> 215 vertices (571 trig, 190 trig+kin events)
  [2594/2627] nano_2594.root
         -> 229 vertices (572 trig, 209 trig+kin events)
  [2595/2627] nano_2595.root
         -> 209 vertices (470 trig, 178 trig+kin events)
  [2596/2627] nano_2596.root
         -> 176 vertices (467 trig, 161 trig+kin events)
  [2597/2627] nano_2597.root
         -> 298 vertices (850 trig, 272 trig+kin events)
  [2598/2627] nano_2598.root
         -> 257 vertices (684 trig, 249 trig+kin events)
  [2599/2627] nano_2599.root
         -> 212 vertices (507 trig, 187 trig+kin events)
  [2600/2627] nano_2600.root
         -> 318 vertices (807 trig, 305 trig+kin events)
  [2601/2627] nano_2601.root
         -> 213 vertices (485 trig, 190 trig+kin events)
  [2602/2627] nano_2602.root
         -> 183 vertices (479 trig, 165 trig+kin events)
  [2603/2627] nano_2603.root
         -> 262 vertices (608 trig, 237 trig+kin events)
  [2604/2627] nano_2604.root
         -> 218 vertices (504 trig, 194 trig+kin events)
  [2605/2627] nano_2605.root
         -> 118 vertices (344 trig, 115 trig+kin events)
  [2606/2627] nano_2606.root
         -> 179 vertices (480 trig, 169 trig+kin events)
  [2607/2627] nano_2607.root
         -> 232 vertices (502 trig, 192 trig+kin events)
  [2608/2627] nano_2608.root
         -> 301 vertices (636 trig, 252 trig+kin events)
  [2609/2627] nano_2609.root
         -> 279 vertices (682 trig, 255 trig+kin events)
  [2610/2627] nano_2610.root
         -> 240 vertices (625 trig, 236 trig+kin events)
  [2611/2627] nano_2611.root
         -> 209 vertices (500 trig, 181 trig+kin events)
  [2612/2627] nano_2612.root
         -> 223 vertices (499 trig, 194 trig+kin events)
  [2613/2627] nano_2613.root
         -> 219 vertices (570 trig, 181 trig+kin events)
  [2614/2627] nano_2614.root
         -> 169 vertices (435 trig, 151 trig+kin events)
  [2615/2627] nano_2615.root
         -> 246 vertices (597 trig, 226 trig+kin events)
  [2616/2627] nano_2616.root
         -> 251 vertices (671 trig, 218 trig+kin events)
  [2617/2627] nano_2617.root
         -> 210 vertices (481 trig, 189 trig+kin events)
  [2618/2627] nano_2618.root
         -> 205 vertices (528 trig, 183 trig+kin events)
  [2619/2627] nano_2619.root
         -> 202 vertices (448 trig, 182 trig+kin events)
  [2620/2627] nano_2620.root
         -> 254 vertices (673 trig, 234 trig+kin events)
  [2621/2627] nano_2621.root
         -> 179 vertices (487 trig, 170 trig+kin events)
  [2622/2627] nano_2622.root
         -> 342 vertices (799 trig, 302 trig+kin events)
  [2623/2627] nano_2623.root
         -> 252 vertices (582 trig, 218 trig+kin events)
  [2624/2627] nano_2624.root
         -> 234 vertices (597 trig, 214 trig+kin events)
  [2625/2627] nano_2625.root
         -> 262 vertices (590 trig, 232 trig+kin events)
  [2626/2627] nano_2626.root
         -> 252 vertices (610 trig, 212 trig+kin events)
  [2627/2627] nano_2627.root
         -> 170 vertices (490 trig, 157 trig+kin events)

Saved QCD shard: /vols/cms/jtafoyav/parking/nanoaod_base_analysis_13/dqcd/_tools/shards_local_v3/.tmp_1186965_qcd_QCD_Bin-PT-20to30_Fil-MuEnriched_TuneCP5_13p6TeV_pythia8.npz  (QCD_Bin-PT-20to30_Fil-MuEnriched_TuneCP5_13p6TeV_pythia8, 673,663 vertices)
