
=== QCD ===

[QCD] listing /pnfs/hep.ph.ic.ac.uk/data/cms/store/user/tafoyava/samples/bParking/2024
  1 PT-bin directories; taking ALL file(s) each
  -> 250923_140347/
    -> 0000/
         999 .root files collected under 0000
    -> 0001/
         1000 .root files collected under 0001
    -> 0002/
         990 .root files collected under 0002
       2989 .root files collected under 250923_140347
     2989 .root files collected under QCD_Bin-PT-300to470_Fil-MuEnriched_TuneCP5_13p6TeV_pythia8
  => 2989 QCD files over 1 bins

[QCD bin] QCD_Bin-PT-300to470_Fil-MuEnriched_TuneCP5_13p6TeV_pythia8  (xs = 699.6 pb, 2989 of 2989 files)
/vols/cms/jtafoyav/parking/nanoaod_base_analysis_13/dqcd/nanoaod_base_analysis/data/software/lib/python3.9/site-packages/_distutils_hack/__init__.py:11: UserWarning: Distutils was imported before Setuptools, but importing Setuptools also replaces the `distutils` module in `sys.modules`. This may lead to undesirable behaviors or errors. To avoid these issues, avoid using distutils directly, ensure that setuptools is installed in the traditional way (e.g. not an editable install), and/or make sure that setuptools is always imported before distutils.
  warnings.warn(
/vols/cms/jtafoyav/parking/nanoaod_base_analysis_13/dqcd/nanoaod_base_analysis/data/software/lib/python3.9/site-packages/_distutils_hack/__init__.py:26: UserWarning: Setuptools is replacing distutils.
  warnings.warn("Setuptools is replacing distutils.")
  [1/2989] nano_1.root
         -> 1,877 vertices (1,729 trig, 1,038 trig+kin events)
  [2/2989] nano_10.root
         -> 1,704 vertices (1,701 trig, 1,008 trig+kin events)
  [3/2989] nano_100.root
         -> 2,842 vertices (2,759 trig, 1,644 trig+kin events)
  [4/2989] nano_101.root
         -> 3,129 vertices (3,149 trig, 1,849 trig+kin events)
  [5/2989] nano_102.root
         -> 1,972 vertices (1,940 trig, 1,172 trig+kin events)
  [6/2989] nano_103.root
         -> 1,541 vertices (1,611 trig, 920 trig+kin events)
  [7/2989] nano_104.root
         -> 1,930 vertices (1,932 trig, 1,122 trig+kin events)
  [8/2989] nano_105.root
         -> 2,038 vertices (2,016 trig, 1,187 trig+kin events)
  [9/2989] nano_106.root
         -> 1,794 vertices (1,754 trig, 1,043 trig+kin events)
  [10/2989] nano_107.root
         -> 1,934 vertices (1,806 trig, 1,075 trig+kin events)
  [11/2989] nano_108.root
         -> 3,166 vertices (3,136 trig, 1,842 trig+kin events)
  [12/2989] nano_109.root
         -> 3,176 vertices (2,968 trig, 1,782 trig+kin events)
  [13/2989] nano_11.root
         -> 1,132 vertices (1,202 trig, 695 trig+kin events)
  [14/2989] nano_110.root
         -> 2,837 vertices (2,922 trig, 1,707 trig+kin events)
  [15/2989] nano_111.root
         -> 3,412 vertices (3,194 trig, 1,918 trig+kin events)
  [16/2989] nano_112.root
         -> 1,723 vertices (1,828 trig, 1,067 trig+kin events)
  [17/2989] nano_113.root
         -> 1,856 vertices (1,718 trig, 1,039 trig+kin events)
  [18/2989] nano_114.root
         -> 2,076 vertices (2,062 trig, 1,215 trig+kin events)
  [19/2989] nano_115.root
         -> 2,503 vertices (2,302 trig, 1,417 trig+kin events)
  [20/2989] nano_116.root
         -> 2,804 vertices (2,784 trig, 1,664 trig+kin events)
  [21/2989] nano_117.root
         -> 2,502 vertices (2,520 trig, 1,470 trig+kin events)
  [22/2989] nano_118.root
         -> 1,851 vertices (1,820 trig, 1,066 trig+kin events)
  [23/2989] nano_119.root
         -> 1,750 vertices (1,597 trig, 983 trig+kin events)
  [24/2989] nano_12.root
         -> 1,552 vertices (1,609 trig, 923 trig+kin events)
  [25/2989] nano_120.root
         -> 3,355 vertices (3,083 trig, 1,891 trig+kin events)
  [26/2989] nano_121.root
         -> 1,640 vertices (1,702 trig, 1,009 trig+kin events)
  [27/2989] nano_122.root
         -> 2,274 vertices (2,141 trig, 1,300 trig+kin events)
  [28/2989] nano_123.root
         -> 2,657 vertices (2,742 trig, 1,596 trig+kin events)
  [29/2989] nano_124.root
         -> 3,227 vertices (3,086 trig, 1,852 trig+kin events)
  [30/2989] nano_125.root
         -> 2,911 vertices (2,804 trig, 1,706 trig+kin events)
  [31/2989] nano_126.root
         -> 1,667 vertices (1,772 trig, 1,035 trig+kin events)
  [32/2989] nano_127.root
         -> 2,258 vertices (2,157 trig, 1,286 trig+kin events)
  [33/2989] nano_128.root
         -> 1,964 vertices (1,958 trig, 1,128 trig+kin events)
  [34/2989] nano_129.root
         -> 2,570 vertices (2,576 trig, 1,520 trig+kin events)
  [35/2989] nano_13.root
         -> 523 vertices (531 trig, 321 trig+kin events)
  [36/2989] nano_130.root
         -> 2,063 vertices (2,028 trig, 1,222 trig+kin events)
  [37/2989] nano_131.root
         -> 728 vertices (697 trig, 409 trig+kin events)
  [38/2989] nano_132.root
         -> 2,950 vertices (3,038 trig, 1,859 trig+kin events)
  [39/2989] nano_133.root
         -> 3,158 vertices (3,203 trig, 1,891 trig+kin events)
  [40/2989] nano_134.root
         -> 2,744 vertices (2,491 trig, 1,508 trig+kin events)
  [41/2989] nano_135.root
         -> 2,734 vertices (2,643 trig, 1,545 trig+kin events)
  [42/2989] nano_136.root
         -> 3,070 vertices (3,078 trig, 1,833 trig+kin events)
  [43/2989] nano_137.root
         -> 2,662 vertices (2,549 trig, 1,529 trig+kin events)
  [44/2989] nano_138.root
         -> 3,362 vertices (3,256 trig, 1,926 trig+kin events)
  [45/2989] nano_139.root
         -> 2,160 vertices (2,140 trig, 1,251 trig+kin events)
  [46/2989] nano_14.root
         -> 1,797 vertices (1,754 trig, 1,022 trig+kin events)
  [47/2989] nano_140.root
         -> 1,724 vertices (1,733 trig, 1,031 trig+kin events)
  [48/2989] nano_141.root
         -> 1,986 vertices (1,969 trig, 1,150 trig+kin events)
  [49/2989] nano_142.root
         -> 1,821 vertices (1,966 trig, 1,156 trig+kin events)
  [50/2989] nano_143.root
         -> 3,065 vertices (3,170 trig, 1,865 trig+kin events)
  [51/2989] nano_144.root
         -> 2,707 vertices (2,592 trig, 1,544 trig+kin events)
  [52/2989] nano_145.root
         -> 3,239 vertices (3,113 trig, 1,850 trig+kin events)
  [53/2989] nano_146.root
         -> 2,249 vertices (2,162 trig, 1,288 trig+kin events)
  [54/2989] nano_147.root
         -> 1,884 vertices (1,811 trig, 1,099 trig+kin events)
  [55/2989] nano_148.root
         -> 2,296 vertices (2,360 trig, 1,393 trig+kin events)
  [56/2989] nano_149.root
         -> 1,634 vertices (1,700 trig, 1,021 trig+kin events)
  [57/2989] nano_15.root
         -> 1,587 vertices (1,606 trig, 920 trig+kin events)
  [58/2989] nano_150.root
         -> 1,595 vertices (1,548 trig, 907 trig+kin events)
  [59/2989] nano_151.root
         -> 2,749 vertices (2,764 trig, 1,663 trig+kin events)
  [60/2989] nano_152.root
         -> 2,021 vertices (1,980 trig, 1,186 trig+kin events)
  [61/2989] nano_153.root
         -> 2,497 vertices (2,476 trig, 1,443 trig+kin events)
  [62/2989] nano_154.root
         -> 1,737 vertices (1,624 trig, 968 trig+kin events)
  [63/2989] nano_155.root
         -> 2,430 vertices (2,459 trig, 1,449 trig+kin events)
  [64/2989] nano_156.root
         -> 1,939 vertices (1,869 trig, 1,119 trig+kin events)
  [65/2989] nano_157.root
         -> 2,113 vertices (2,167 trig, 1,301 trig+kin events)
  [66/2989] nano_158.root
         -> 3,143 vertices (3,131 trig, 1,855 trig+kin events)
  [67/2989] nano_159.root
         -> 3,115 vertices (3,032 trig, 1,803 trig+kin events)
  [68/2989] nano_16.root
         -> 1,718 vertices (1,635 trig, 973 trig+kin events)
  [69/2989] nano_160.root
         -> 2,709 vertices (2,665 trig, 1,533 trig+kin events)
  [70/2989] nano_161.root
         -> 2,608 vertices (2,684 trig, 1,569 trig+kin events)
  [71/2989] nano_162.root
         -> 2,954 vertices (3,164 trig, 1,832 trig+kin events)
  [72/2989] nano_163.root
         -> 3,174 vertices (3,093 trig, 1,827 trig+kin events)
  [73/2989] nano_164.root
         -> 2,898 vertices (2,853 trig, 1,696 trig+kin events)
  [74/2989] nano_165.root
         -> 3,161 vertices (3,115 trig, 1,861 trig+kin events)
  [75/2989] nano_166.root
         -> 2,655 vertices (2,746 trig, 1,594 trig+kin events)
  [76/2989] nano_167.root
         -> 3,100 vertices (3,084 trig, 1,841 trig+kin events)
  [77/2989] nano_168.root
         -> 2,542 vertices (2,690 trig, 1,596 trig+kin events)
  [78/2989] nano_169.root
         -> 3,323 vertices (3,261 trig, 1,978 trig+kin events)
  [79/2989] nano_17.root
         -> 1,735 vertices (1,649 trig, 968 trig+kin events)
  [80/2989] nano_170.root
         -> 2,516 vertices (2,463 trig, 1,477 trig+kin events)
  [81/2989] nano_171.root
         -> 3,027 vertices (3,097 trig, 1,798 trig+kin events)
  [82/2989] nano_172.root
         -> 2,886 vertices (2,828 trig, 1,680 trig+kin events)
  [83/2989] nano_173.root
         -> 2,311 vertices (2,179 trig, 1,285 trig+kin events)
  [84/2989] nano_174.root
         -> 3,182 vertices (3,094 trig, 1,817 trig+kin events)
  [85/2989] nano_175.root
         -> 3,094 vertices (3,134 trig, 1,865 trig+kin events)
  [86/2989] nano_176.root
         -> 2,000 vertices (1,931 trig, 1,139 trig+kin events)
  [87/2989] nano_177.root
         -> 3,224 vertices (3,094 trig, 1,854 trig+kin events)
  [88/2989] nano_178.root
         -> 3,181 vertices (3,247 trig, 1,907 trig+kin events)
  [89/2989] nano_179.root
         -> 3,009 vertices (3,129 trig, 1,848 trig+kin events)
  [90/2989] nano_18.root
         -> 2,045 vertices (1,976 trig, 1,186 trig+kin events)
  [91/2989] nano_180.root
         -> 3,301 vertices (3,195 trig, 1,892 trig+kin events)
  [92/2989] nano_181.root
         -> 2,821 vertices (2,636 trig, 1,592 trig+kin events)
  [93/2989] nano_182.root
         -> 1,209 vertices (1,377 trig, 785 trig+kin events)
  [94/2989] nano_183.root
         -> 1,949 vertices (1,917 trig, 1,115 trig+kin events)
  [95/2989] nano_184.root
         -> 3,190 vertices (3,165 trig, 1,861 trig+kin events)
  [96/2989] nano_185.root
         -> 2,884 vertices (3,214 trig, 1,899 trig+kin events)
  [97/2989] nano_186.root
         -> 3,025 vertices (3,099 trig, 1,841 trig+kin events)
  [98/2989] nano_187.root
         -> 2,143 vertices (2,019 trig, 1,204 trig+kin events)
  [99/2989] nano_188.root
         -> 2,993 vertices (3,082 trig, 1,836 trig+kin events)
  [100/2989] nano_189.root
         -> 3,160 vertices (3,091 trig, 1,894 trig+kin events)
  [101/2989] nano_19.root
         -> 1,700 vertices (1,787 trig, 1,061 trig+kin events)
  [102/2989] nano_190.root
         -> 3,255 vertices (3,049 trig, 1,785 trig+kin events)
  [103/2989] nano_191.root
         -> 3,202 vertices (3,135 trig, 1,864 trig+kin events)
  [104/2989] nano_192.root
         -> 2,305 vertices (2,366 trig, 1,455 trig+kin events)
  [105/2989] nano_193.root
         -> 3,176 vertices (3,101 trig, 1,859 trig+kin events)
  [106/2989] nano_194.root
         -> 2,313 vertices (2,335 trig, 1,343 trig+kin events)
  [107/2989] nano_195.root
         -> 3,140 vertices (3,098 trig, 1,841 trig+kin events)
  [108/2989] nano_196.root
         -> 3,306 vertices (3,300 trig, 1,939 trig+kin events)
  [109/2989] nano_197.root
         -> 3,134 vertices (3,113 trig, 1,816 trig+kin events)
  [110/2989] nano_198.root
         -> 2,904 vertices (3,107 trig, 1,791 trig+kin events)
  [111/2989] nano_199.root
         -> 3,130 vertices (3,183 trig, 1,882 trig+kin events)
  [112/2989] nano_2.root
         -> 1,363 vertices (1,439 trig, 834 trig+kin events)
  [113/2989] nano_20.root
         -> 1,582 vertices (1,467 trig, 893 trig+kin events)
  [114/2989] nano_200.root
         -> 878 vertices (869 trig, 560 trig+kin events)
  [115/2989] nano_201.root
         -> 2,611 vertices (2,497 trig, 1,494 trig+kin events)
  [116/2989] nano_202.root
         -> 2,927 vertices (2,915 trig, 1,711 trig+kin events)
  [117/2989] nano_203.root
         -> 3,209 vertices (3,115 trig, 1,852 trig+kin events)
  [118/2989] nano_204.root
         -> 3,105 vertices (3,097 trig, 1,814 trig+kin events)
  [119/2989] nano_205.root
         -> 3,077 vertices (2,953 trig, 1,801 trig+kin events)
  [120/2989] nano_206.root
         -> 2,033 vertices (1,981 trig, 1,177 trig+kin events)
  [121/2989] nano_207.root
         -> 3,105 vertices (3,235 trig, 1,924 trig+kin events)
  [122/2989] nano_208.root
         -> 3,317 vertices (3,120 trig, 1,849 trig+kin events)
  [123/2989] nano_209.root
         -> 1,765 vertices (1,836 trig, 1,083 trig+kin events)
  [124/2989] nano_21.root
         -> 1,602 vertices (1,605 trig, 961 trig+kin events)
  [125/2989] nano_210.root
         -> 3,345 vertices (3,216 trig, 1,889 trig+kin events)
  [126/2989] nano_211.root
         -> 3,287 vertices (3,141 trig, 1,905 trig+kin events)
  [127/2989] nano_212.root
         -> 1,880 vertices (1,930 trig, 1,109 trig+kin events)
  [128/2989] nano_213.root
         -> 3,242 vertices (3,122 trig, 1,878 trig+kin events)
  [129/2989] nano_214.root
         -> 3,038 vertices (3,079 trig, 1,814 trig+kin events)
  [130/2989] nano_215.root
         -> 2,717 vertices (2,698 trig, 1,603 trig+kin events)
  [131/2989] nano_216.root
         -> 3,177 vertices (3,204 trig, 1,929 trig+kin events)
  [132/2989] nano_217.root
         -> 3,118 vertices (3,204 trig, 1,915 trig+kin events)
  [133/2989] nano_218.root
         -> 3,476 vertices (3,183 trig, 1,914 trig+kin events)
  [134/2989] nano_219.root
         -> 2,492 vertices (2,374 trig, 1,402 trig+kin events)
  [135/2989] nano_22.root
         -> 142 vertices (139 trig, 76 trig+kin events)
  [136/2989] nano_220.root
         -> 2,178 vertices (2,145 trig, 1,265 trig+kin events)
  [137/2989] nano_221.root
         -> 3,094 vertices (3,074 trig, 1,836 trig+kin events)
  [138/2989] nano_222.root
         -> 3,198 vertices (3,074 trig, 1,852 trig+kin events)
  [139/2989] nano_223.root
         -> 1,908 vertices (2,000 trig, 1,199 trig+kin events)
  [140/2989] nano_224.root
         -> 2,951 vertices (3,109 trig, 1,843 trig+kin events)
  [141/2989] nano_225.root
         -> 3,140 vertices (3,101 trig, 1,814 trig+kin events)
  [142/2989] nano_226.root
         -> 3,171 vertices (3,141 trig, 1,879 trig+kin events)
  [143/2989] nano_227.root
         -> 3,386 vertices (3,182 trig, 1,897 trig+kin events)
  [144/2989] nano_228.root
         -> 2,231 vertices (2,252 trig, 1,335 trig+kin events)
  [145/2989] nano_229.root
         -> 1,574 vertices (1,676 trig, 999 trig+kin events)
  [146/2989] nano_23.root
         -> 1,845 vertices (1,837 trig, 1,086 trig+kin events)
  [147/2989] nano_230.root
         -> 3,242 vertices (3,086 trig, 1,875 trig+kin events)
  [148/2989] nano_231.root
         -> 2,611 vertices (2,542 trig, 1,516 trig+kin events)
  [149/2989] nano_232.root
         -> 3,139 vertices (3,124 trig, 1,839 trig+kin events)
  [150/2989] nano_233.root
         -> 3,176 vertices (2,990 trig, 1,843 trig+kin events)
  [151/2989] nano_234.root
         -> 3,311 vertices (3,147 trig, 1,828 trig+kin events)
  [152/2989] nano_235.root
         -> 2,699 vertices (2,638 trig, 1,603 trig+kin events)
  [153/2989] nano_236.root
         -> 2,505 vertices (2,630 trig, 1,546 trig+kin events)
  [154/2989] nano_237.root
         -> 3,197 vertices (3,135 trig, 1,878 trig+kin events)
  [155/2989] nano_238.root
         -> 3,293 vertices (3,130 trig, 1,857 trig+kin events)
  [156/2989] nano_239.root
         -> 3,200 vertices (3,085 trig, 1,798 trig+kin events)
  [157/2989] nano_24.root
         -> 2,062 vertices (2,083 trig, 1,226 trig+kin events)
  [158/2989] nano_240.root
         -> 1,198 vertices (1,253 trig, 720 trig+kin events)
  [159/2989] nano_241.root
         -> 203 vertices (217 trig, 129 trig+kin events)
  [160/2989] nano_242.root
         -> 1,492 vertices (1,509 trig, 908 trig+kin events)
  [161/2989] nano_243.root
         -> 1,161 vertices (1,080 trig, 624 trig+kin events)
  [162/2989] nano_244.root
         -> 1,586 vertices (1,632 trig, 923 trig+kin events)
  [163/2989] nano_245.root
         -> 1,934 vertices (1,823 trig, 1,059 trig+kin events)
  [164/2989] nano_246.root
         -> 1,565 vertices (1,626 trig, 971 trig+kin events)
  [165/2989] nano_247.root
         -> 647 vertices (623 trig, 363 trig+kin events)
  [166/2989] nano_248.root
         -> 1,633 vertices (1,754 trig, 1,037 trig+kin events)
  [167/2989] nano_249.root
         -> 1,686 vertices (1,698 trig, 1,009 trig+kin events)
  [168/2989] nano_25.root
         -> 1,371 vertices (1,346 trig, 782 trig+kin events)
  [169/2989] nano_250.root
         -> 1,573 vertices (1,591 trig, 960 trig+kin events)
  [170/2989] nano_251.root
         -> 1,650 vertices (1,743 trig, 1,034 trig+kin events)
  [171/2989] nano_252.root
         -> 1,766 vertices (1,794 trig, 1,091 trig+kin events)
  [172/2989] nano_253.root
         -> 1,804 vertices (1,693 trig, 1,016 trig+kin events)
  [173/2989] nano_254.root
         -> 1,765 vertices (1,796 trig, 1,041 trig+kin events)
  [174/2989] nano_255.root
         -> 1,635 vertices (1,735 trig, 1,013 trig+kin events)
  [175/2989] nano_256.root
         -> 1,693 vertices (1,660 trig, 960 trig+kin events)
  [176/2989] nano_257.root
         -> 1,365 vertices (1,577 trig, 938 trig+kin events)
  [177/2989] nano_258.root
         -> 1,667 vertices (1,738 trig, 1,036 trig+kin events)
  [178/2989] nano_259.root
         -> 1,816 vertices (1,964 trig, 1,116 trig+kin events)
  [179/2989] nano_26.root
         -> 112 vertices (119 trig, 62 trig+kin events)
  [180/2989] nano_260.root
         -> 1,981 vertices (2,032 trig, 1,195 trig+kin events)
  [181/2989] nano_261.root
         -> 1,422 vertices (1,298 trig, 786 trig+kin events)
  [182/2989] nano_262.root
         -> 1,960 vertices (1,868 trig, 1,115 trig+kin events)
  [183/2989] nano_263.root
         -> 1,875 vertices (1,822 trig, 1,063 trig+kin events)
  [184/2989] nano_264.root
         -> 1,574 vertices (1,586 trig, 928 trig+kin events)
  [185/2989] nano_265.root
         -> 1,666 vertices (1,654 trig, 986 trig+kin events)
  [186/2989] nano_266.root
         -> 1,974 vertices (1,893 trig, 1,144 trig+kin events)
  [187/2989] nano_267.root
         -> 819 vertices (754 trig, 432 trig+kin events)
  [188/2989] nano_268.root
         -> 1,844 vertices (1,838 trig, 1,108 trig+kin events)
  [189/2989] nano_269.root
         -> 2,076 vertices (2,050 trig, 1,204 trig+kin events)
  [190/2989] nano_27.root
         -> 3,231 vertices (3,209 trig, 1,854 trig+kin events)
  [191/2989] nano_270.root
         -> 1,798 vertices (2,007 trig, 1,179 trig+kin events)
  [192/2989] nano_271.root
         -> 2,037 vertices (2,105 trig, 1,226 trig+kin events)
  [193/2989] nano_272.root
         -> 1,654 vertices (1,814 trig, 1,104 trig+kin events)
  [194/2989] nano_273.root
         -> 1,836 vertices (1,723 trig, 1,019 trig+kin events)
  [195/2989] nano_274.root
         -> 1,305 vertices (1,187 trig, 723 trig+kin events)
  [196/2989] nano_275.root
         -> 2,134 vertices (1,995 trig, 1,166 trig+kin events)
  [197/2989] nano_276.root
         -> 3,226 vertices (3,195 trig, 1,863 trig+kin events)
  [198/2989] nano_277.root
         -> 3,118 vertices (3,228 trig, 1,938 trig+kin events)
  [199/2989] nano_278.root
         -> 3,052 vertices (3,123 trig, 1,854 trig+kin events)
  [200/2989] nano_279.root
         -> 3,000 vertices (3,048 trig, 1,809 trig+kin events)
  [201/2989] nano_28.root
         -> 3,197 vertices (3,142 trig, 1,866 trig+kin events)
  [202/2989] nano_280.root
         -> 1,840 vertices (1,802 trig, 1,046 trig+kin events)
  [203/2989] nano_281.root
         -> 1,925 vertices (1,753 trig, 1,047 trig+kin events)
  [204/2989] nano_282.root
         -> 2,339 vertices (2,305 trig, 1,404 trig+kin events)
  [205/2989] nano_283.root
         -> 1,814 vertices (1,712 trig, 992 trig+kin events)
  [206/2989] nano_284.root
         -> 2,937 vertices (2,970 trig, 1,755 trig+kin events)
  [207/2989] nano_285.root
         -> 2,109 vertices (1,977 trig, 1,190 trig+kin events)
  [208/2989] nano_286.root
         -> 3,144 vertices (3,228 trig, 1,907 trig+kin events)
  [209/2989] nano_287.root
         -> 1,729 vertices (1,623 trig, 971 trig+kin events)
  [210/2989] nano_288.root
         -> 2,095 vertices (1,983 trig, 1,241 trig+kin events)
  [211/2989] nano_289.root
         -> 3,326 vertices (3,146 trig, 1,914 trig+kin events)
  [212/2989] nano_29.root
         -> 3,149 vertices (3,188 trig, 1,916 trig+kin events)
  [213/2989] nano_290.root
         -> 3,281 vertices (3,121 trig, 1,857 trig+kin events)
  [214/2989] nano_291.root
         -> 2,526 vertices (2,478 trig, 1,509 trig+kin events)
  [215/2989] nano_292.root
         -> 68 vertices (71 trig, 53 trig+kin events)
  [216/2989] nano_293.root
         -> 3,300 vertices (3,120 trig, 1,901 trig+kin events)
  [217/2989] nano_294.root
         -> 1,671 vertices (1,693 trig, 1,010 trig+kin events)
  [218/2989] nano_295.root
         -> 1,895 vertices (2,031 trig, 1,196 trig+kin events)
  [219/2989] nano_296.root
         -> 2,220 vertices (2,165 trig, 1,264 trig+kin events)
  [220/2989] nano_297.root
         -> 1,628 vertices (1,594 trig, 957 trig+kin events)
  [221/2989] nano_298.root
         -> 1,602 vertices (1,598 trig, 948 trig+kin events)
  [222/2989] nano_299.root
         -> 2,967 vertices (3,067 trig, 1,800 trig+kin events)
  [223/2989] nano_3.root
         -> 1,224 vertices (1,205 trig, 729 trig+kin events)
  [224/2989] nano_30.root
         -> 2,200 vertices (2,117 trig, 1,257 trig+kin events)
  [225/2989] nano_300.root
         -> 3,206 vertices (3,083 trig, 1,847 trig+kin events)
  [226/2989] nano_301.root
         -> 3,037 vertices (3,048 trig, 1,788 trig+kin events)
  [227/2989] nano_302.root
         -> 1,962 vertices (2,016 trig, 1,161 trig+kin events)
  [228/2989] nano_303.root
         -> 2,870 vertices (2,815 trig, 1,717 trig+kin events)
  [229/2989] nano_304.root
         -> 2,048 vertices (2,010 trig, 1,188 trig+kin events)
  [230/2989] nano_305.root
         -> 2,266 vertices (2,191 trig, 1,281 trig+kin events)
  [231/2989] nano_306.root
         -> 3,324 vertices (3,134 trig, 1,837 trig+kin events)
  [232/2989] nano_307.root
         -> 3,039 vertices (3,092 trig, 1,773 trig+kin events)
  [233/2989] nano_308.root
         -> 1,884 vertices (1,891 trig, 1,108 trig+kin events)
  [234/2989] nano_309.root
         -> 1,699 vertices (1,748 trig, 1,037 trig+kin events)
  [235/2989] nano_31.root
         -> 1,913 vertices (2,024 trig, 1,183 trig+kin events)
  [236/2989] nano_310.root
         -> 2,997 vertices (3,071 trig, 1,825 trig+kin events)
  [237/2989] nano_311.root
         -> 2,156 vertices (2,208 trig, 1,315 trig+kin events)
  [238/2989] nano_312.root
         -> 1,634 vertices (1,726 trig, 1,012 trig+kin events)
  [239/2989] nano_313.root
         -> 2,924 vertices (3,144 trig, 1,813 trig+kin events)
  [240/2989] nano_314.root
         -> 1,560 vertices (1,609 trig, 950 trig+kin events)
  [241/2989] nano_315.root
         -> 3,205 vertices (3,110 trig, 1,892 trig+kin events)
  [242/2989] nano_316.root
         -> 1,870 vertices (1,862 trig, 1,113 trig+kin events)
  [243/2989] nano_317.root
         -> 3,136 vertices (3,213 trig, 1,861 trig+kin events)
  [244/2989] nano_318.root
         -> 3,122 vertices (3,089 trig, 1,860 trig+kin events)
  [245/2989] nano_319.root
         -> 2,968 vertices (3,042 trig, 1,774 trig+kin events)
  [246/2989] nano_32.root
         -> 3,184 vertices (3,220 trig, 1,943 trig+kin events)
  [247/2989] nano_320.root
         -> 3,248 vertices (3,240 trig, 1,953 trig+kin events)
  [248/2989] nano_321.root
         -> 3,137 vertices (3,146 trig, 1,862 trig+kin events)
  [249/2989] nano_322.root
         -> 1,919 vertices (1,884 trig, 1,095 trig+kin events)
  [250/2989] nano_323.root
         -> 1,853 vertices (1,886 trig, 1,120 trig+kin events)
  [251/2989] nano_324.root
         -> 3,092 vertices (3,086 trig, 1,801 trig+kin events)
  [252/2989] nano_325.root
         -> 3,173 vertices (3,113 trig, 1,842 trig+kin events)
  [253/2989] nano_326.root
         -> 1,976 vertices (1,824 trig, 1,110 trig+kin events)
  [254/2989] nano_327.root
         -> 3,025 vertices (3,123 trig, 1,835 trig+kin events)
  [255/2989] nano_328.root
         -> 3,160 vertices (3,069 trig, 1,815 trig+kin events)
  [256/2989] nano_329.root
         -> 2,911 vertices (3,199 trig, 1,831 trig+kin events)
  [257/2989] nano_33.root
         -> 1,671 vertices (1,870 trig, 1,115 trig+kin events)
  [258/2989] nano_330.root
         -> 3,510 vertices (3,191 trig, 1,874 trig+kin events)
  [259/2989] nano_331.root
         -> 1,777 vertices (1,852 trig, 1,082 trig+kin events)
  [260/2989] nano_332.root
         -> 3,008 vertices (3,138 trig, 1,853 trig+kin events)
  [261/2989] nano_333.root
         -> 2,969 vertices (3,080 trig, 1,831 trig+kin events)
  [262/2989] nano_334.root
         -> 1,766 vertices (1,754 trig, 1,029 trig+kin events)
  [263/2989] nano_335.root
         -> 3,045 vertices (3,181 trig, 1,875 trig+kin events)
  [264/2989] nano_336.root
         -> 3,147 vertices (3,123 trig, 1,909 trig+kin events)
  [265/2989] nano_337.root
         -> 3,185 vertices (3,136 trig, 1,869 trig+kin events)
  [266/2989] nano_338.root
         -> 3,131 vertices (3,135 trig, 1,897 trig+kin events)
  [267/2989] nano_339.root
         -> 3,183 vertices (3,121 trig, 1,882 trig+kin events)
  [268/2989] nano_34.root
         -> 3,057 vertices (3,114 trig, 1,815 trig+kin events)
  [269/2989] nano_340.root
         -> 1,657 vertices (1,696 trig, 986 trig+kin events)
  [270/2989] nano_341.root
         -> 1,822 vertices (1,926 trig, 1,143 trig+kin events)
  [271/2989] nano_342.root
         -> 1,717 vertices (1,654 trig, 978 trig+kin events)
  [272/2989] nano_343.root
         -> 1,625 vertices (1,640 trig, 954 trig+kin events)
  [273/2989] nano_344.root
         -> 2,146 vertices (2,130 trig, 1,237 trig+kin events)
  [274/2989] nano_345.root
         -> 1,944 vertices (1,908 trig, 1,156 trig+kin events)
  [275/2989] nano_346.root
         -> 3,359 vertices (3,211 trig, 1,968 trig+kin events)
  [276/2989] nano_347.root
         -> 2,998 vertices (3,092 trig, 1,885 trig+kin events)
  [277/2989] nano_348.root
         -> 1,582 vertices (1,658 trig, 968 trig+kin events)
  [278/2989] nano_349.root
         -> 2,104 vertices (2,181 trig, 1,292 trig+kin events)
  [279/2989] nano_35.root
         -> 2,691 vertices (2,750 trig, 1,596 trig+kin events)
  [280/2989] nano_350.root
         -> 1,775 vertices (1,713 trig, 1,036 trig+kin events)
  [281/2989] nano_351.root
         -> 2,344 vertices (2,283 trig, 1,338 trig+kin events)
  [282/2989] nano_352.root
         -> 2,882 vertices (3,047 trig, 1,786 trig+kin events)
  [283/2989] nano_353.root
         -> 1,862 vertices (1,760 trig, 1,049 trig+kin events)
  [284/2989] nano_354.root
         -> 3,117 vertices (3,129 trig, 1,834 trig+kin events)
  [285/2989] nano_355.root
         -> 1,686 vertices (1,754 trig, 1,091 trig+kin events)
  [286/2989] nano_356.root
         -> 1,887 vertices (2,058 trig, 1,190 trig+kin events)
  [287/2989] nano_357.root
         -> 3,073 vertices (3,081 trig, 1,825 trig+kin events)
  [288/2989] nano_358.root
         -> 3,161 vertices (3,177 trig, 1,905 trig+kin events)
  [289/2989] nano_359.root
         -> 2,130 vertices (2,111 trig, 1,300 trig+kin events)
  [290/2989] nano_36.root
         -> 3,072 vertices (2,979 trig, 1,788 trig+kin events)
  [291/2989] nano_360.root
         -> 1,740 vertices (1,787 trig, 1,074 trig+kin events)
  [292/2989] nano_361.root
         -> 3,225 vertices (3,113 trig, 1,871 trig+kin events)
  [293/2989] nano_362.root
         -> 2,278 vertices (2,301 trig, 1,377 trig+kin events)
  [294/2989] nano_363.root
         -> 2,267 vertices (2,121 trig, 1,274 trig+kin events)
  [295/2989] nano_364.root
         -> 3,092 vertices (3,119 trig, 1,843 trig+kin events)
  [296/2989] nano_365.root
         -> 1,655 vertices (1,667 trig, 958 trig+kin events)
  [297/2989] nano_366.root
         -> 2,071 vertices (2,055 trig, 1,215 trig+kin events)
  [298/2989] nano_367.root
         -> 2,995 vertices (3,060 trig, 1,775 trig+kin events)
  [299/2989] nano_368.root
         -> 2,958 vertices (3,136 trig, 1,805 trig+kin events)
  [300/2989] nano_369.root
         -> 3,338 vertices (3,197 trig, 1,877 trig+kin events)
  [301/2989] nano_37.root
         -> 1,668 vertices (1,627 trig, 970 trig+kin events)
  [302/2989] nano_370.root
         -> 1,928 vertices (1,877 trig, 1,114 trig+kin events)
  [303/2989] nano_371.root
         -> 1,594 vertices (1,568 trig, 954 trig+kin events)
  [304/2989] nano_372.root
         -> 1,932 vertices (2,105 trig, 1,271 trig+kin events)
  [305/2989] nano_373.root
         -> 3,300 vertices (3,157 trig, 1,889 trig+kin events)
  [306/2989] nano_374.root
         -> 3,310 vertices (3,162 trig, 1,892 trig+kin events)
  [307/2989] nano_375.root
         -> 3,272 vertices (3,166 trig, 1,929 trig+kin events)
  [308/2989] nano_376.root
         -> 3,302 vertices (3,191 trig, 1,902 trig+kin events)
  [309/2989] nano_377.root
         -> 3,081 vertices (2,922 trig, 1,703 trig+kin events)
  [310/2989] nano_378.root
         -> 1,935 vertices (1,794 trig, 1,085 trig+kin events)
  [311/2989] nano_379.root
         -> 3,206 vertices (3,113 trig, 1,812 trig+kin events)
  [312/2989] nano_38.root
         -> 2,387 vertices (2,324 trig, 1,406 trig+kin events)
  [313/2989] nano_380.root
         -> 1,789 vertices (1,858 trig, 1,127 trig+kin events)
  [314/2989] nano_381.root
         -> 2,627 vertices (2,737 trig, 1,610 trig+kin events)
  [315/2989] nano_382.root
         -> 3,087 vertices (3,130 trig, 1,813 trig+kin events)
  [316/2989] nano_383.root
         -> 3,042 vertices (3,080 trig, 1,835 trig+kin events)
  [317/2989] nano_384.root
         -> 2,257 vertices (2,359 trig, 1,418 trig+kin events)
  [318/2989] nano_385.root
         -> 2,822 vertices (2,616 trig, 1,553 trig+kin events)
  [319/2989] nano_386.root
         -> 2,657 vertices (2,702 trig, 1,606 trig+kin events)
  [320/2989] nano_387.root
         -> 3,116 vertices (3,187 trig, 1,840 trig+kin events)
  [321/2989] nano_388.root
         -> 1,830 vertices (1,856 trig, 1,089 trig+kin events)
  [322/2989] nano_389.root
         -> 3,134 vertices (3,103 trig, 1,836 trig+kin events)
  [323/2989] nano_39.root
         -> 3,156 vertices (3,058 trig, 1,851 trig+kin events)
  [324/2989] nano_390.root
         -> 3,333 vertices (3,207 trig, 1,923 trig+kin events)
  [325/2989] nano_391.root
         -> 1,629 vertices (1,704 trig, 1,003 trig+kin events)
  [326/2989] nano_392.root
         -> 3,159 vertices (3,078 trig, 1,773 trig+kin events)
  [327/2989] nano_393.root
         -> 2,244 vertices (2,167 trig, 1,325 trig+kin events)
  [328/2989] nano_394.root
         -> 1,579 vertices (1,632 trig, 998 trig+kin events)
  [329/2989] nano_395.root
         -> 1,884 vertices (1,905 trig, 1,111 trig+kin events)
  [330/2989] nano_396.root
         -> 3,048 vertices (3,162 trig, 1,886 trig+kin events)
  [331/2989] nano_397.root
         -> 3,306 vertices (3,129 trig, 1,857 trig+kin events)
  [332/2989] nano_398.root
         -> 3,110 vertices (3,068 trig, 1,846 trig+kin events)
  [333/2989] nano_399.root
         -> 3,336 vertices (3,144 trig, 1,886 trig+kin events)
  [334/2989] nano_4.root
         -> 1,666 vertices (1,627 trig, 983 trig+kin events)
  [335/2989] nano_40.root
         -> 2,216 vertices (2,203 trig, 1,334 trig+kin events)
  [336/2989] nano_400.root
         -> 3,168 vertices (3,200 trig, 1,914 trig+kin events)
  [337/2989] nano_401.root
         -> 3,483 vertices (3,167 trig, 1,944 trig+kin events)
  [338/2989] nano_402.root
         -> 3,043 vertices (3,136 trig, 1,855 trig+kin events)
  [339/2989] nano_403.root
         -> 1,881 vertices (1,784 trig, 1,063 trig+kin events)
  [340/2989] nano_404.root
         -> 1,729 vertices (1,668 trig, 990 trig+kin events)
  [341/2989] nano_405.root
         -> 3,326 vertices (3,206 trig, 1,910 trig+kin events)
  [342/2989] nano_406.root
         -> 3,109 vertices (3,163 trig, 1,833 trig+kin events)
  [343/2989] nano_407.root
         -> 3,077 vertices (3,149 trig, 1,838 trig+kin events)
  [344/2989] nano_408.root
         -> 1,980 vertices (2,067 trig, 1,218 trig+kin events)
  [345/2989] nano_409.root
         -> 3,024 vertices (3,084 trig, 1,822 trig+kin events)
  [346/2989] nano_41.root
         -> 3,552 vertices (3,196 trig, 1,940 trig+kin events)
  [347/2989] nano_410.root
         -> 3,241 vertices (3,259 trig, 1,941 trig+kin events)
  [348/2989] nano_411.root
         -> 2,267 vertices (2,335 trig, 1,397 trig+kin events)
  [349/2989] nano_412.root
         -> 1,896 vertices (1,914 trig, 1,153 trig+kin events)
  [350/2989] nano_413.root
         -> 1,690 vertices (1,628 trig, 961 trig+kin events)
  [351/2989] nano_414.root
         -> 1,867 vertices (1,852 trig, 1,084 trig+kin events)
  [352/2989] nano_415.root
         -> 1,670 vertices (1,691 trig, 999 trig+kin events)
  [353/2989] nano_416.root
         -> 1,687 vertices (1,581 trig, 956 trig+kin events)
  [354/2989] nano_417.root
         -> 3,022 vertices (3,077 trig, 1,795 trig+kin events)
  [355/2989] nano_418.root
         -> 3,207 vertices (3,186 trig, 1,846 trig+kin events)
  [356/2989] nano_419.root
         -> 2,671 vertices (2,614 trig, 1,575 trig+kin events)
  [357/2989] nano_42.root
         -> 2,992 vertices (3,110 trig, 1,870 trig+kin events)
  [358/2989] nano_420.root
         -> 3,240 vertices (3,185 trig, 1,890 trig+kin events)
  [359/2989] nano_421.root
         -> 3,113 vertices (3,072 trig, 1,817 trig+kin events)
  [360/2989] nano_422.root
         -> 2,003 vertices (1,985 trig, 1,200 trig+kin events)
  [361/2989] nano_423.root
         -> 3,260 vertices (3,200 trig, 1,938 trig+kin events)
  [362/2989] nano_424.root
         -> 3,011 vertices (3,069 trig, 1,836 trig+kin events)
  [363/2989] nano_425.root
         -> 1,993 vertices (1,913 trig, 1,147 trig+kin events)
  [364/2989] nano_426.root
         -> 2,329 vertices (2,209 trig, 1,323 trig+kin events)
  [365/2989] nano_427.root
         -> 1,731 vertices (1,641 trig, 980 trig+kin events)
  [366/2989] nano_428.root
         -> 3,192 vertices (3,136 trig, 1,805 trig+kin events)
  [367/2989] nano_429.root
         -> 3,135 vertices (2,853 trig, 1,692 trig+kin events)
  [368/2989] nano_43.root
         -> 293 vertices (288 trig, 177 trig+kin events)
  [369/2989] nano_430.root
         -> 3,113 vertices (3,157 trig, 1,840 trig+kin events)
  [370/2989] nano_431.root
         -> 3,258 vertices (3,146 trig, 1,872 trig+kin events)
  [371/2989] nano_432.root
         -> 2,195 vertices (2,113 trig, 1,285 trig+kin events)
  [372/2989] nano_433.root
         -> 1,154 vertices (1,138 trig, 680 trig+kin events)
  [373/2989] nano_434.root
         -> 3,064 vertices (3,086 trig, 1,816 trig+kin events)
  [374/2989] nano_435.root
         -> 2,093 vertices (1,979 trig, 1,206 trig+kin events)
  [375/2989] nano_436.root
         -> 2,231 vertices (2,239 trig, 1,326 trig+kin events)
  [376/2989] nano_437.root
         -> 2,539 vertices (2,547 trig, 1,508 trig+kin events)
  [377/2989] nano_438.root
         -> 1,622 vertices (1,565 trig, 927 trig+kin events)
  [378/2989] nano_439.root
         -> 2,939 vertices (3,113 trig, 1,805 trig+kin events)
  [379/2989] nano_44.root
         -> 3,041 vertices (3,093 trig, 1,833 trig+kin events)
  [380/2989] nano_440.root
         -> 3,099 vertices (3,085 trig, 1,835 trig+kin events)
  [381/2989] nano_441.root
         -> 1,685 vertices (1,692 trig, 1,014 trig+kin events)
  [382/2989] nano_442.root
         -> 1,598 vertices (1,612 trig, 957 trig+kin events)
  [383/2989] nano_443.root
         -> 3,252 vertices (3,233 trig, 1,917 trig+kin events)
  [384/2989] nano_444.root
         -> 3,069 vertices (3,134 trig, 1,840 trig+kin events)
  [385/2989] nano_445.root
         -> 3,056 vertices (3,087 trig, 1,837 trig+kin events)
  [386/2989] nano_446.root
         -> 3,016 vertices (3,099 trig, 1,842 trig+kin events)
  [387/2989] nano_447.root
         -> 3,222 vertices (3,140 trig, 1,862 trig+kin events)
  [388/2989] nano_448.root
         -> 2,091 vertices (2,104 trig, 1,245 trig+kin events)
  [389/2989] nano_449.root
         -> 2,439 vertices (2,298 trig, 1,377 trig+kin events)
  [390/2989] nano_45.root
         -> 3,244 vertices (3,137 trig, 1,834 trig+kin events)
  [391/2989] nano_450.root
         -> 1,663 vertices (1,557 trig, 941 trig+kin events)
  [392/2989] nano_451.root
         -> 3,030 vertices (3,145 trig, 1,820 trig+kin events)
  [393/2989] nano_452.root
         -> 2,589 vertices (2,428 trig, 1,427 trig+kin events)
  [394/2989] nano_453.root
         -> 1,469 vertices (1,542 trig, 868 trig+kin events)
  [395/2989] nano_454.root
         -> 2,142 vertices (2,104 trig, 1,227 trig+kin events)
  [396/2989] nano_455.root
         -> 3,138 vertices (3,115 trig, 1,845 trig+kin events)
  [397/2989] nano_456.root
         -> 3,320 vertices (3,141 trig, 1,865 trig+kin events)
  [398/2989] nano_457.root
         -> 2,598 vertices (2,716 trig, 1,591 trig+kin events)
  [399/2989] nano_458.root
         -> 2,958 vertices (3,020 trig, 1,755 trig+kin events)
  [400/2989] nano_459.root
         -> 1,425 vertices (1,574 trig, 929 trig+kin events)
  [401/2989] nano_46.root
         -> 3,375 vertices (3,245 trig, 1,919 trig+kin events)
  [402/2989] nano_460.root
         -> 1,699 vertices (1,594 trig, 994 trig+kin events)
  [403/2989] nano_461.root
         -> 684 vertices (715 trig, 407 trig+kin events)
  [404/2989] nano_462.root
         -> 2,915 vertices (3,162 trig, 1,867 trig+kin events)
  [405/2989] nano_463.root
         -> 3,102 vertices (3,124 trig, 1,839 trig+kin events)
  [406/2989] nano_464.root
         -> 3,225 vertices (3,151 trig, 1,872 trig+kin events)
  [407/2989] nano_465.root
         -> 1,915 vertices (1,954 trig, 1,194 trig+kin events)
  [408/2989] nano_466.root
         -> 2,568 vertices (2,604 trig, 1,496 trig+kin events)
  [409/2989] nano_467.root
         -> 1,857 vertices (1,838 trig, 1,097 trig+kin events)
  [410/2989] nano_468.root
         -> 3,181 vertices (3,107 trig, 1,887 trig+kin events)
  [411/2989] nano_469.root
         -> 3,164 vertices (3,193 trig, 1,866 trig+kin events)
  [412/2989] nano_47.root
         -> 3,238 vertices (3,179 trig, 1,884 trig+kin events)
  [413/2989] nano_470.root
         -> 2,233 vertices (2,337 trig, 1,374 trig+kin events)
  [414/2989] nano_471.root
         -> 2,443 vertices (2,406 trig, 1,423 trig+kin events)
  [415/2989] nano_472.root
         -> 3,090 vertices (3,188 trig, 1,882 trig+kin events)
  [416/2989] nano_473.root
         -> 3,081 vertices (3,141 trig, 1,905 trig+kin events)
  [417/2989] nano_474.root
         -> 1,693 vertices (1,584 trig, 976 trig+kin events)
  [418/2989] nano_475.root
         -> 2,261 vertices (2,372 trig, 1,407 trig+kin events)
  [419/2989] nano_476.root
         -> 3,135 vertices (3,113 trig, 1,881 trig+kin events)
  [420/2989] nano_477.root
         -> 1,748 vertices (1,838 trig, 1,055 trig+kin events)
  [421/2989] nano_478.root
         -> 2,258 vertices (2,306 trig, 1,369 trig+kin events)
  [422/2989] nano_479.root
         -> 3,185 vertices (3,147 trig, 1,904 trig+kin events)
  [423/2989] nano_48.root
         -> 3,057 vertices (3,060 trig, 1,841 trig+kin events)
  [424/2989] nano_480.root
         -> 2,073 vertices (2,025 trig, 1,189 trig+kin events)
  [425/2989] nano_481.root
         -> 1,670 vertices (1,660 trig, 989 trig+kin events)
  [426/2989] nano_482.root
         -> 1,488 vertices (1,646 trig, 980 trig+kin events)
  [427/2989] nano_483.root
         -> 1,881 vertices (1,894 trig, 1,111 trig+kin events)
  [428/2989] nano_484.root
         -> 2,998 vertices (3,082 trig, 1,803 trig+kin events)
  [429/2989] nano_485.root
         -> 3,202 vertices (3,168 trig, 1,854 trig+kin events)
  [430/2989] nano_486.root
         -> 2,722 vertices (2,762 trig, 1,627 trig+kin events)
  [431/2989] nano_487.root
         -> 2,993 vertices (3,093 trig, 1,856 trig+kin events)
  [432/2989] nano_488.root
         -> 1,560 vertices (1,586 trig, 907 trig+kin events)
  [433/2989] nano_489.root
         -> 2,896 vertices (3,027 trig, 1,806 trig+kin events)
  [434/2989] nano_49.root
         -> 3,057 vertices (3,122 trig, 1,836 trig+kin events)
  [435/2989] nano_490.root
         -> 802 vertices (772 trig, 457 trig+kin events)
  [436/2989] nano_491.root
         -> 1,643 vertices (1,648 trig, 961 trig+kin events)
  [437/2989] nano_492.root
         -> 3,205 vertices (3,184 trig, 1,854 trig+kin events)
  [438/2989] nano_493.root
         -> 3,346 vertices (3,201 trig, 1,892 trig+kin events)
  [439/2989] nano_494.root
         -> 2,895 vertices (2,938 trig, 1,733 trig+kin events)
  [440/2989] nano_495.root
         -> 1,617 vertices (1,630 trig, 989 trig+kin events)
  [441/2989] nano_496.root
         -> 1,573 vertices (1,611 trig, 956 trig+kin events)
  [442/2989] nano_497.root
         -> 3,524 vertices (3,260 trig, 1,964 trig+kin events)
  [443/2989] nano_498.root
         -> 1,813 vertices (1,700 trig, 1,010 trig+kin events)
  [444/2989] nano_499.root
         -> 3,149 vertices (3,151 trig, 1,881 trig+kin events)
  [445/2989] nano_5.root
         -> 1,768 vertices (1,762 trig, 1,053 trig+kin events)
  [446/2989] nano_50.root
         -> 3,300 vertices (3,091 trig, 1,814 trig+kin events)
  [447/2989] nano_500.root
         -> 3,164 vertices (3,162 trig, 1,868 trig+kin events)
  [448/2989] nano_501.root
         -> 3,164 vertices (3,114 trig, 1,844 trig+kin events)
  [449/2989] nano_502.root
         -> 444 vertices (431 trig, 263 trig+kin events)
  [450/2989] nano_503.root
         -> 3,314 vertices (3,241 trig, 1,906 trig+kin events)
  [451/2989] nano_504.root
         -> 3,370 vertices (3,152 trig, 1,860 trig+kin events)
  [452/2989] nano_505.root
         -> 2,182 vertices (2,184 trig, 1,296 trig+kin events)
  [453/2989] nano_506.root
         -> 3,045 vertices (3,111 trig, 1,834 trig+kin events)
  [454/2989] nano_507.root
         -> 1,771 vertices (1,658 trig, 988 trig+kin events)
  [455/2989] nano_508.root
         -> 1,735 vertices (1,805 trig, 1,094 trig+kin events)
  [456/2989] nano_509.root
         -> 3,188 vertices (3,189 trig, 1,853 trig+kin events)
  [457/2989] nano_51.root
         -> 2,811 vertices (2,945 trig, 1,703 trig+kin events)
  [458/2989] nano_510.root
         -> 2,155 vertices (1,959 trig, 1,182 trig+kin events)
  [459/2989] nano_511.root
         -> 3,111 vertices (3,184 trig, 1,870 trig+kin events)
  [460/2989] nano_512.root
         -> 1,786 vertices (1,744 trig, 1,063 trig+kin events)
  [461/2989] nano_513.root
         -> 3,167 vertices (3,121 trig, 1,851 trig+kin events)
  [462/2989] nano_514.root
         -> 2,166 vertices (2,062 trig, 1,205 trig+kin events)
  [463/2989] nano_515.root
         -> 3,204 vertices (3,121 trig, 1,839 trig+kin events)
  [464/2989] nano_516.root
         -> 3,116 vertices (3,109 trig, 1,861 trig+kin events)
  [465/2989] nano_517.root
         -> 1,729 vertices (1,648 trig, 974 trig+kin events)
  [466/2989] nano_518.root
         -> 3,154 vertices (3,153 trig, 1,863 trig+kin events)
  [467/2989] nano_519.root
         -> 2,229 vertices (2,239 trig, 1,292 trig+kin events)
  [468/2989] nano_52.root
         -> 3,272 vertices (3,153 trig, 1,862 trig+kin events)
  [469/2989] nano_520.root
         -> 1,911 vertices (1,937 trig, 1,150 trig+kin events)
  [470/2989] nano_521.root
         -> 3,089 vertices (3,102 trig, 1,840 trig+kin events)
  [471/2989] nano_522.root
         -> 1,706 vertices (1,593 trig, 976 trig+kin events)
  [472/2989] nano_523.root
         -> 2,801 vertices (2,813 trig, 1,651 trig+kin events)
  [473/2989] nano_524.root
         -> 3,336 vertices (3,226 trig, 1,943 trig+kin events)
  [474/2989] nano_525.root
         -> 3,145 vertices (3,153 trig, 1,869 trig+kin events)
  [475/2989] nano_526.root
         -> 1,954 vertices (1,953 trig, 1,135 trig+kin events)
  [476/2989] nano_527.root
         -> 3,261 vertices (3,127 trig, 1,854 trig+kin events)
  [477/2989] nano_528.root
         -> 2,175 vertices (2,248 trig, 1,327 trig+kin events)
  [478/2989] nano_529.root
         -> 2,061 vertices (2,027 trig, 1,187 trig+kin events)
  [479/2989] nano_53.root
         -> 3,128 vertices (3,113 trig, 1,841 trig+kin events)
  [480/2989] nano_530.root
         -> 751 vertices (667 trig, 407 trig+kin events)
  [481/2989] nano_531.root
         -> 3,075 vertices (3,077 trig, 1,853 trig+kin events)
  [482/2989] nano_532.root
         -> 3,193 vertices (3,091 trig, 1,871 trig+kin events)
  [483/2989] nano_533.root
         -> 3,034 vertices (3,195 trig, 1,871 trig+kin events)
  [484/2989] nano_534.root
         -> 3,441 vertices (3,155 trig, 1,920 trig+kin events)
  [485/2989] nano_535.root
         -> 3,115 vertices (3,056 trig, 1,871 trig+kin events)
  [486/2989] nano_536.root
         -> 3,017 vertices (3,077 trig, 1,779 trig+kin events)
  [487/2989] nano_537.root
         -> 3,268 vertices (3,165 trig, 1,886 trig+kin events)
  [488/2989] nano_538.root
         -> 2,622 vertices (2,633 trig, 1,551 trig+kin events)
  [489/2989] nano_539.root
         -> 3,186 vertices (3,173 trig, 1,871 trig+kin events)
  [490/2989] nano_54.root
         -> 3,159 vertices (3,210 trig, 1,953 trig+kin events)
  [491/2989] nano_540.root
         -> 3,458 vertices (3,204 trig, 1,951 trig+kin events)
  [492/2989] nano_541.root
         -> 3,075 vertices (3,160 trig, 1,881 trig+kin events)
  [493/2989] nano_542.root
         -> 1,985 vertices (1,923 trig, 1,163 trig+kin events)
  [494/2989] nano_543.root
         -> 3,290 vertices (3,204 trig, 1,945 trig+kin events)
  [495/2989] nano_544.root
         -> 2,245 vertices (2,206 trig, 1,320 trig+kin events)
  [496/2989] nano_545.root
         -> 2,430 vertices (2,531 trig, 1,468 trig+kin events)
  [497/2989] nano_546.root
         -> 2,043 vertices (1,942 trig, 1,126 trig+kin events)
  [498/2989] nano_547.root
         -> 1,998 vertices (1,895 trig, 1,151 trig+kin events)
  [499/2989] nano_548.root
         -> 3,154 vertices (3,211 trig, 1,815 trig+kin events)
  [500/2989] nano_549.root
         -> 3,027 vertices (3,142 trig, 1,859 trig+kin events)
  [501/2989] nano_55.root
         -> 3,168 vertices (3,019 trig, 1,784 trig+kin events)
  [502/2989] nano_550.root
         -> 3,217 vertices (3,218 trig, 1,839 trig+kin events)
  [503/2989] nano_551.root
         -> 1,744 vertices (1,755 trig, 996 trig+kin events)
  [504/2989] nano_552.root
         -> 3,279 vertices (3,090 trig, 1,859 trig+kin events)
  [505/2989] nano_553.root
         -> 3,356 vertices (3,166 trig, 1,906 trig+kin events)
  [506/2989] nano_554.root
         -> 1,532 vertices (1,614 trig, 953 trig+kin events)
  [507/2989] nano_555.root
         -> 3,068 vertices (3,010 trig, 1,782 trig+kin events)
  [508/2989] nano_556.root
         -> 1,784 vertices (1,794 trig, 1,092 trig+kin events)
  [509/2989] nano_557.root
         -> 1,661 vertices (1,780 trig, 1,057 trig+kin events)
  [510/2989] nano_558.root
         -> 3,189 vertices (3,047 trig, 1,804 trig+kin events)
  [511/2989] nano_559.root
         -> 2,089 vertices (1,937 trig, 1,155 trig+kin events)
  [512/2989] nano_56.root
         -> 2,962 vertices (2,848 trig, 1,685 trig+kin events)
  [513/2989] nano_560.root
         -> 2,630 vertices (2,529 trig, 1,548 trig+kin events)
  [514/2989] nano_561.root
         -> 3,196 vertices (3,154 trig, 1,844 trig+kin events)
  [515/2989] nano_562.root
         -> 1,976 vertices (1,998 trig, 1,184 trig+kin events)
  [516/2989] nano_563.root
         -> 2,495 vertices (2,351 trig, 1,438 trig+kin events)
  [517/2989] nano_564.root
         -> 3,338 vertices (3,096 trig, 1,857 trig+kin events)
  [518/2989] nano_565.root
         -> 3,110 vertices (3,144 trig, 1,883 trig+kin events)
  [519/2989] nano_566.root
         -> 3,118 vertices (3,060 trig, 1,764 trig+kin events)
  [520/2989] nano_567.root
         -> 2,064 vertices (1,998 trig, 1,224 trig+kin events)
  [521/2989] nano_568.root
         -> 3,203 vertices (3,111 trig, 1,822 trig+kin events)
  [522/2989] nano_569.root
         -> 2,972 vertices (3,164 trig, 1,829 trig+kin events)
  [523/2989] nano_57.root
         -> 2,226 vertices (2,199 trig, 1,287 trig+kin events)
  [524/2989] nano_570.root
         -> 1,812 vertices (1,756 trig, 1,028 trig+kin events)
  [525/2989] nano_571.root
         -> 1,929 vertices (1,781 trig, 1,090 trig+kin events)
  [526/2989] nano_572.root
         -> 2,008 vertices (1,933 trig, 1,146 trig+kin events)
  [527/2989] nano_573.root
         -> 2,383 vertices (2,249 trig, 1,334 trig+kin events)
  [528/2989] nano_574.root
         -> 3,112 vertices (3,127 trig, 1,895 trig+kin events)
  [529/2989] nano_575.root
         -> 2,161 vertices (2,070 trig, 1,238 trig+kin events)
  [530/2989] nano_576.root
         -> 1,888 vertices (1,856 trig, 1,122 trig+kin events)
  [531/2989] nano_577.root
         -> 2,179 vertices (2,238 trig, 1,335 trig+kin events)
  [532/2989] nano_578.root
         -> 3,190 vertices (3,104 trig, 1,861 trig+kin events)
  [533/2989] nano_579.root
         -> 1,964 vertices (1,896 trig, 1,127 trig+kin events)
  [534/2989] nano_58.root
         -> 3,218 vertices (3,063 trig, 1,813 trig+kin events)
  [535/2989] nano_580.root
         -> 3,197 vertices (3,057 trig, 1,837 trig+kin events)
  [536/2989] nano_581.root
         -> 1,500 vertices (1,582 trig, 927 trig+kin events)
  [537/2989] nano_582.root
         -> 3,045 vertices (3,103 trig, 1,822 trig+kin events)
  [538/2989] nano_583.root
         -> 3,268 vertices (3,150 trig, 1,913 trig+kin events)
  [539/2989] nano_584.root
         -> 1,782 vertices (1,776 trig, 1,056 trig+kin events)
  [540/2989] nano_585.root
         -> 1,755 vertices (1,824 trig, 1,062 trig+kin events)
  [541/2989] nano_586.root
         -> 3,118 vertices (3,109 trig, 1,828 trig+kin events)
  [542/2989] nano_587.root
         -> 1,690 vertices (1,672 trig, 976 trig+kin events)
  [543/2989] nano_588.root
         -> 3,399 vertices (3,221 trig, 1,887 trig+kin events)
  [544/2989] nano_589.root
         -> 2,696 vertices (2,494 trig, 1,535 trig+kin events)
  [545/2989] nano_59.root
         -> 3,196 vertices (3,183 trig, 1,895 trig+kin events)
  [546/2989] nano_590.root
         -> 2,979 vertices (3,039 trig, 1,791 trig+kin events)
  [547/2989] nano_591.root
         -> 1,675 vertices (1,666 trig, 961 trig+kin events)
  [548/2989] nano_592.root
         -> 3,128 vertices (3,146 trig, 1,857 trig+kin events)
  [549/2989] nano_593.root
         -> 2,679 vertices (2,584 trig, 1,562 trig+kin events)
  [550/2989] nano_594.root
         -> 2,014 vertices (2,066 trig, 1,235 trig+kin events)
  [551/2989] nano_595.root
         -> 3,187 vertices (3,087 trig, 1,800 trig+kin events)
  [552/2989] nano_596.root
         -> 3,135 vertices (3,142 trig, 1,902 trig+kin events)
  [553/2989] nano_597.root
         -> 2,216 vertices (2,199 trig, 1,314 trig+kin events)
  [554/2989] nano_598.root
         -> 3,357 vertices (3,231 trig, 1,949 trig+kin events)
  [555/2989] nano_599.root
         -> 2,842 vertices (2,653 trig, 1,575 trig+kin events)
  [556/2989] nano_6.root
         -> 1,671 vertices (1,656 trig, 993 trig+kin events)
  [557/2989] nano_60.root
         -> 3,096 vertices (3,144 trig, 1,849 trig+kin events)
  [558/2989] nano_600.root
         -> 1,866 vertices (1,758 trig, 1,081 trig+kin events)
  [559/2989] nano_601.root
         -> 3,187 vertices (3,042 trig, 1,842 trig+kin events)
  [560/2989] nano_602.root
         -> 1,873 vertices (1,775 trig, 1,081 trig+kin events)
  [561/2989] nano_603.root
         -> 3,245 vertices (3,136 trig, 1,883 trig+kin events)
  [562/2989] nano_604.root
         -> 1,786 vertices (1,717 trig, 1,021 trig+kin events)
  [563/2989] nano_605.root
         -> 1,720 vertices (1,752 trig, 1,044 trig+kin events)
  [564/2989] nano_606.root
         -> 3,172 vertices (3,220 trig, 1,853 trig+kin events)
  [565/2989] nano_607.root
         -> 2,469 vertices (2,357 trig, 1,417 trig+kin events)
  [566/2989] nano_608.root
         -> 3,252 vertices (3,207 trig, 1,868 trig+kin events)
  [567/2989] nano_609.root
         -> 3,009 vertices (3,029 trig, 1,755 trig+kin events)
  [568/2989] nano_61.root
         -> 3,025 vertices (3,083 trig, 1,762 trig+kin events)
  [569/2989] nano_610.root
         -> 3,093 vertices (3,071 trig, 1,778 trig+kin events)
  [570/2989] nano_611.root
         -> 3,121 vertices (3,111 trig, 1,851 trig+kin events)
  [571/2989] nano_612.root
         -> 1,648 vertices (1,754 trig, 1,047 trig+kin events)
  [572/2989] nano_613.root
         -> 3,354 vertices (3,097 trig, 1,891 trig+kin events)
  [573/2989] nano_614.root
         -> 3,082 vertices (3,166 trig, 1,861 trig+kin events)
  [574/2989] nano_615.root
         -> 2,025 vertices (1,991 trig, 1,168 trig+kin events)
  [575/2989] nano_616.root
         -> 3,093 vertices (3,146 trig, 1,886 trig+kin events)
  [576/2989] nano_617.root
         -> 2,122 vertices (2,048 trig, 1,245 trig+kin events)
  [577/2989] nano_618.root
         -> 3,010 vertices (3,106 trig, 1,824 trig+kin events)
  [578/2989] nano_619.root
         -> 3,146 vertices (3,188 trig, 1,914 trig+kin events)
  [579/2989] nano_62.root
         -> 3,119 vertices (3,131 trig, 1,835 trig+kin events)
  [580/2989] nano_620.root
         -> 1,971 vertices (1,915 trig, 1,117 trig+kin events)
  [581/2989] nano_621.root
         -> 2,461 vertices (2,532 trig, 1,471 trig+kin events)
  [582/2989] nano_622.root
         -> 1,847 vertices (1,802 trig, 1,040 trig+kin events)
  [583/2989] nano_623.root
         -> 1,431 vertices (1,511 trig, 900 trig+kin events)
  [584/2989] nano_624.root
         -> 2,999 vertices (3,087 trig, 1,815 trig+kin events)
  [585/2989] nano_625.root
         -> 2,093 vertices (2,017 trig, 1,206 trig+kin events)
  [586/2989] nano_626.root
         -> 3,134 vertices (3,069 trig, 1,812 trig+kin events)
  [587/2989] nano_627.root
         -> 2,001 vertices (2,023 trig, 1,183 trig+kin events)
  [588/2989] nano_628.root
         -> 3,020 vertices (3,035 trig, 1,824 trig+kin events)
  [589/2989] nano_629.root
         -> 2,762 vertices (2,591 trig, 1,570 trig+kin events)
  [590/2989] nano_63.root
         -> 3,165 vertices (3,093 trig, 1,827 trig+kin events)
  [591/2989] nano_630.root
         -> 1,969 vertices (1,961 trig, 1,175 trig+kin events)
  [592/2989] nano_631.root
         -> 3,138 vertices (3,114 trig, 1,878 trig+kin events)
  [593/2989] nano_632.root
         -> 3,256 vertices (3,261 trig, 1,923 trig+kin events)
  [594/2989] nano_633.root
         -> 1,884 vertices (1,976 trig, 1,137 trig+kin events)
  [595/2989] nano_634.root
         -> 2,169 vertices (1,924 trig, 1,118 trig+kin events)
  [596/2989] nano_635.root
         -> 2,494 vertices (2,405 trig, 1,461 trig+kin events)
  [597/2989] nano_636.root
         -> 2,059 vertices (2,213 trig, 1,283 trig+kin events)
  [598/2989] nano_637.root
         -> 2,021 vertices (1,936 trig, 1,152 trig+kin events)
  [599/2989] nano_638.root
         -> 1,924 vertices (1,909 trig, 1,131 trig+kin events)
  [600/2989] nano_639.root
         -> 3,361 vertices (3,243 trig, 1,974 trig+kin events)
  [601/2989] nano_64.root
         -> 2,852 vertices (2,714 trig, 1,627 trig+kin events)
  [602/2989] nano_640.root
         -> 3,303 vertices (3,202 trig, 1,936 trig+kin events)
  [603/2989] nano_641.root
         -> 3,033 vertices (3,139 trig, 1,854 trig+kin events)
  [604/2989] nano_642.root
         -> 2,318 vertices (2,232 trig, 1,292 trig+kin events)
  [605/2989] nano_643.root
         -> 2,038 vertices (1,942 trig, 1,195 trig+kin events)
  [606/2989] nano_644.root
         -> 2,112 vertices (2,175 trig, 1,269 trig+kin events)
  [607/2989] nano_645.root
         -> 3,091 vertices (3,156 trig, 1,859 trig+kin events)
  [608/2989] nano_646.root
         -> 2,085 vertices (1,914 trig, 1,137 trig+kin events)
  [609/2989] nano_647.root
         -> 3,269 vertices (3,229 trig, 1,884 trig+kin events)
  [610/2989] nano_648.root
         -> 3,122 vertices (3,131 trig, 1,871 trig+kin events)
  [611/2989] nano_649.root
         -> 2,224 vertices (2,183 trig, 1,293 trig+kin events)
  [612/2989] nano_65.root
         -> 3,269 vertices (3,130 trig, 1,838 trig+kin events)
  [613/2989] nano_650.root
         -> 1,679 vertices (1,713 trig, 1,014 trig+kin events)
  [614/2989] nano_651.root
         -> 3,035 vertices (3,125 trig, 1,853 trig+kin events)
  [615/2989] nano_652.root
         -> 1,309 vertices (1,244 trig, 722 trig+kin events)
  [616/2989] nano_653.root
         -> 3,171 vertices (3,140 trig, 1,839 trig+kin events)
  [617/2989] nano_654.root
         -> 3,330 vertices (3,198 trig, 1,898 trig+kin events)
  [618/2989] nano_655.root
         -> 3,142 vertices (3,098 trig, 1,850 trig+kin events)
  [619/2989] nano_656.root
         -> 3,373 vertices (3,154 trig, 1,911 trig+kin events)
  [620/2989] nano_657.root
         -> 2,167 vertices (2,141 trig, 1,291 trig+kin events)
  [621/2989] nano_658.root
         -> 3,119 vertices (3,015 trig, 1,825 trig+kin events)
  [622/2989] nano_659.root
         -> 3,099 vertices (3,204 trig, 1,953 trig+kin events)
  [623/2989] nano_66.root
         -> 2,823 vertices (2,866 trig, 1,683 trig+kin events)
  [624/2989] nano_660.root
         -> 3,336 vertices (3,211 trig, 1,915 trig+kin events)
  [625/2989] nano_661.root
         -> 1,590 vertices (1,679 trig, 978 trig+kin events)
  [626/2989] nano_662.root
         -> 2,809 vertices (2,881 trig, 1,676 trig+kin events)
  [627/2989] nano_663.root
         -> 2,836 vertices (2,831 trig, 1,685 trig+kin events)
  [628/2989] nano_664.root
         -> 3,000 vertices (3,099 trig, 1,855 trig+kin events)
  [629/2989] nano_665.root
         -> 3,131 vertices (3,183 trig, 1,928 trig+kin events)
  [630/2989] nano_666.root
         -> 2,380 vertices (2,490 trig, 1,461 trig+kin events)
  [631/2989] nano_667.root
         -> 3,092 vertices (3,041 trig, 1,806 trig+kin events)
  [632/2989] nano_668.root
         -> 502 vertices (483 trig, 298 trig+kin events)
  [633/2989] nano_669.root
         -> 2,449 vertices (2,401 trig, 1,419 trig+kin events)
  [634/2989] nano_67.root
         -> 3,259 vertices (3,194 trig, 1,892 trig+kin events)
  [635/2989] nano_670.root
         -> 2,084 vertices (2,056 trig, 1,213 trig+kin events)
  [636/2989] nano_671.root
         -> 3,031 vertices (3,053 trig, 1,803 trig+kin events)
  [637/2989] nano_672.root
         -> 1,626 vertices (1,629 trig, 997 trig+kin events)
  [638/2989] nano_673.root
         -> 3,098 vertices (3,233 trig, 1,882 trig+kin events)
  [639/2989] nano_674.root
         -> 3,007 vertices (3,117 trig, 1,819 trig+kin events)
  [640/2989] nano_675.root
         -> 1,787 vertices (1,813 trig, 1,030 trig+kin events)
  [641/2989] nano_676.root
         -> 3,156 vertices (3,074 trig, 1,818 trig+kin events)
  [642/2989] nano_677.root
         -> 3,112 vertices (3,262 trig, 1,943 trig+kin events)
  [643/2989] nano_678.root
         -> 2,955 vertices (3,164 trig, 1,836 trig+kin events)
  [644/2989] nano_679.root
         -> 1,930 vertices (2,059 trig, 1,208 trig+kin events)
  [645/2989] nano_68.root
         -> 3,019 vertices (3,030 trig, 1,783 trig+kin events)
  [646/2989] nano_680.root
         -> 1,851 vertices (1,820 trig, 1,062 trig+kin events)
  [647/2989] nano_681.root
         -> 1,776 vertices (1,701 trig, 1,044 trig+kin events)
  [648/2989] nano_682.root
         -> 3,051 vertices (3,078 trig, 1,803 trig+kin events)
  [649/2989] nano_683.root
         -> 1,642 vertices (1,621 trig, 944 trig+kin events)
  [650/2989] nano_684.root
         -> 3,161 vertices (3,155 trig, 1,896 trig+kin events)
  [651/2989] nano_685.root
         -> 3,064 vertices (3,133 trig, 1,848 trig+kin events)
  [652/2989] nano_686.root
         -> 2,986 vertices (3,119 trig, 1,842 trig+kin events)
  [653/2989] nano_687.root
         -> 3,381 vertices (3,271 trig, 1,931 trig+kin events)
  [654/2989] nano_688.root
         -> 2,227 vertices (2,225 trig, 1,306 trig+kin events)
  [655/2989] nano_689.root
         -> 3,333 vertices (3,189 trig, 1,874 trig+kin events)
  [656/2989] nano_69.root
         -> 2,726 vertices (2,525 trig, 1,529 trig+kin events)
  [657/2989] nano_690.root
         -> 3,097 vertices (3,139 trig, 1,837 trig+kin events)
  [658/2989] nano_691.root
         -> 1,703 vertices (1,678 trig, 995 trig+kin events)
  [659/2989] nano_692.root
         -> 2,303 vertices (2,261 trig, 1,350 trig+kin events)
  [660/2989] nano_693.root
         -> 1,742 vertices (1,605 trig, 965 trig+kin events)
  [661/2989] nano_694.root
         -> 2,152 vertices (1,861 trig, 1,130 trig+kin events)
  [662/2989] nano_695.root
         -> 2,994 vertices (3,176 trig, 1,863 trig+kin events)
  [663/2989] nano_696.root
         -> 3,241 vertices (3,173 trig, 1,873 trig+kin events)
  [664/2989] nano_697.root
         -> 3,107 vertices (3,134 trig, 1,872 trig+kin events)
  [665/2989] nano_698.root
         -> 1,855 vertices (1,996 trig, 1,153 trig+kin events)
  [666/2989] nano_699.root
         -> 3,369 vertices (3,244 trig, 1,884 trig+kin events)
  [667/2989] nano_7.root
         -> 1,693 vertices (1,689 trig, 1,005 trig+kin events)
  [668/2989] nano_70.root
         -> 2,952 vertices (2,931 trig, 1,758 trig+kin events)
  [669/2989] nano_700.root
         -> 3,097 vertices (3,143 trig, 1,815 trig+kin events)
  [670/2989] nano_701.root
         -> 3,261 vertices (3,189 trig, 1,898 trig+kin events)
  [671/2989] nano_702.root
         -> 3,275 vertices (3,158 trig, 1,881 trig+kin events)
  [672/2989] nano_703.root
         -> 3,240 vertices (3,217 trig, 1,920 trig+kin events)
  [673/2989] nano_704.root
         -> 1,683 vertices (1,629 trig, 962 trig+kin events)
  [674/2989] nano_705.root
         -> 3,048 vertices (3,155 trig, 1,841 trig+kin events)
  [675/2989] nano_706.root
         -> 3,063 vertices (2,903 trig, 1,749 trig+kin events)
  [676/2989] nano_707.root
         -> 3,200 vertices (3,183 trig, 1,882 trig+kin events)
  [677/2989] nano_708.root
         -> 183 vertices (135 trig, 78 trig+kin events)
  [678/2989] nano_709.root
         -> 3,351 vertices (3,168 trig, 1,913 trig+kin events)
  [679/2989] nano_71.root
         -> 1,727 vertices (1,764 trig, 1,031 trig+kin events)
  [680/2989] nano_710.root
         -> 1,689 vertices (1,664 trig, 1,025 trig+kin events)
  [681/2989] nano_711.root
         -> 3,370 vertices (3,096 trig, 1,818 trig+kin events)
  [682/2989] nano_712.root
         -> 3,240 vertices (3,234 trig, 1,945 trig+kin events)
  [683/2989] nano_713.root
         -> 3,455 vertices (3,142 trig, 1,908 trig+kin events)
  [684/2989] nano_714.root
         -> 1,977 vertices (1,986 trig, 1,183 trig+kin events)
  [685/2989] nano_715.root
         -> 1,225 vertices (1,289 trig, 753 trig+kin events)
  [686/2989] nano_716.root
         -> 1,825 vertices (1,789 trig, 1,045 trig+kin events)
  [687/2989] nano_717.root
         -> 1,836 vertices (1,918 trig, 1,143 trig+kin events)
  [688/2989] nano_718.root
         -> 2,043 vertices (2,123 trig, 1,225 trig+kin events)
  [689/2989] nano_719.root
         -> 2,018 vertices (1,909 trig, 1,156 trig+kin events)
  [690/2989] nano_72.root
         -> 3,333 vertices (3,185 trig, 1,867 trig+kin events)
  [691/2989] nano_720.root
         -> 3,142 vertices (3,055 trig, 1,826 trig+kin events)
  [692/2989] nano_721.root
         -> 2,035 vertices (2,005 trig, 1,208 trig+kin events)
  [693/2989] nano_722.root
         -> 2,110 vertices (2,193 trig, 1,283 trig+kin events)
  [694/2989] nano_723.root
         -> 1,551 vertices (1,580 trig, 946 trig+kin events)
  [695/2989] nano_724.root
         -> 1,635 vertices (1,636 trig, 944 trig+kin events)
  [696/2989] nano_725.root
         -> 3,016 vertices (3,081 trig, 1,813 trig+kin events)
  [697/2989] nano_726.root
         -> 3,241 vertices (3,144 trig, 1,855 trig+kin events)
  [698/2989] nano_727.root
         -> 1,596 vertices (1,574 trig, 918 trig+kin events)
  [699/2989] nano_728.root
         -> 2,249 vertices (2,429 trig, 1,441 trig+kin events)
  [700/2989] nano_729.root
         -> 3,156 vertices (3,200 trig, 1,917 trig+kin events)
  [701/2989] nano_73.root
         -> 3,208 vertices (3,228 trig, 1,875 trig+kin events)
  [702/2989] nano_730.root
         -> 2,892 vertices (2,707 trig, 1,632 trig+kin events)
  [703/2989] nano_731.root
         -> 3,054 vertices (3,083 trig, 1,814 trig+kin events)
  [704/2989] nano_732.root
         -> 2,691 vertices (2,667 trig, 1,585 trig+kin events)
  [705/2989] nano_733.root
         -> 3,121 vertices (3,189 trig, 1,881 trig+kin events)
  [706/2989] nano_734.root
         -> 3,089 vertices (3,194 trig, 1,880 trig+kin events)
  [707/2989] nano_735.root
         -> 3,132 vertices (3,168 trig, 1,891 trig+kin events)
  [708/2989] nano_736.root
         -> 1,858 vertices (1,917 trig, 1,118 trig+kin events)
  [709/2989] nano_737.root
         -> 2,999 vertices (3,057 trig, 1,813 trig+kin events)
  [710/2989] nano_738.root
         -> 3,008 vertices (3,093 trig, 1,812 trig+kin events)
  [711/2989] nano_739.root
         -> 2,987 vertices (3,074 trig, 1,855 trig+kin events)
  [712/2989] nano_74.root
         -> 3,170 vertices (3,095 trig, 1,833 trig+kin events)
  [713/2989] nano_740.root
         -> 2,612 vertices (2,533 trig, 1,503 trig+kin events)
  [714/2989] nano_741.root
         -> 1,718 vertices (1,617 trig, 946 trig+kin events)
  [715/2989] nano_742.root
         -> 1,620 vertices (1,661 trig, 972 trig+kin events)
  [716/2989] nano_743.root
         -> 3,085 vertices (3,101 trig, 1,820 trig+kin events)
  [717/2989] nano_744.root
         -> 1,687 vertices (1,640 trig, 970 trig+kin events)
  [718/2989] nano_745.root
         -> 2,759 vertices (2,769 trig, 1,689 trig+kin events)
  [719/2989] nano_746.root
         -> 3,262 vertices (3,159 trig, 1,860 trig+kin events)
  [720/2989] nano_747.root
         -> 3,156 vertices (3,119 trig, 1,863 trig+kin events)
  [721/2989] nano_748.root
         -> 1,788 vertices (1,650 trig, 996 trig+kin events)
  [722/2989] nano_749.root
         -> 1,687 vertices (1,600 trig, 983 trig+kin events)
  [723/2989] nano_75.root
         -> 2,644 vertices (2,664 trig, 1,560 trig+kin events)
  [724/2989] nano_750.root
         -> 3,321 vertices (3,141 trig, 1,926 trig+kin events)
  [725/2989] nano_751.root
         -> 3,213 vertices (3,093 trig, 1,838 trig+kin events)
  [726/2989] nano_752.root
         -> 3,218 vertices (3,102 trig, 1,849 trig+kin events)
  [727/2989] nano_753.root
         -> 2,540 vertices (2,398 trig, 1,448 trig+kin events)
  [728/2989] nano_754.root
         -> 3,182 vertices (3,059 trig, 1,818 trig+kin events)
  [729/2989] nano_755.root
         -> 3,233 vertices (3,140 trig, 1,855 trig+kin events)
  [730/2989] nano_756.root
         -> 3,223 vertices (3,203 trig, 1,916 trig+kin events)
  [731/2989] nano_757.root
         -> 1,651 vertices (1,678 trig, 949 trig+kin events)
  [732/2989] nano_758.root
         -> 3,188 vertices (3,143 trig, 1,862 trig+kin events)
  [733/2989] nano_759.root
         -> 3,167 vertices (3,207 trig, 1,897 trig+kin events)
  [734/2989] nano_76.root
         -> 3,162 vertices (3,031 trig, 1,779 trig+kin events)
  [735/2989] nano_760.root
         -> 139 vertices (123 trig, 82 trig+kin events)
  [736/2989] nano_761.root
         -> 3,132 vertices (3,097 trig, 1,852 trig+kin events)
  [737/2989] nano_762.root
         -> 3,025 vertices (3,083 trig, 1,800 trig+kin events)
  [738/2989] nano_763.root
         -> 3,165 vertices (3,168 trig, 1,875 trig+kin events)
  [739/2989] nano_764.root
         -> 3,128 vertices (3,115 trig, 1,849 trig+kin events)
  [740/2989] nano_765.root
         -> 2,123 vertices (2,132 trig, 1,251 trig+kin events)
  [741/2989] nano_766.root
         -> 3,243 vertices (3,129 trig, 1,866 trig+kin events)
  [742/2989] nano_767.root
         -> 2,132 vertices (2,182 trig, 1,273 trig+kin events)
  [743/2989] nano_768.root
         -> 1,803 vertices (1,767 trig, 1,033 trig+kin events)
  [744/2989] nano_769.root
         -> 3,148 vertices (3,105 trig, 1,921 trig+kin events)
  [745/2989] nano_77.root
         -> 3,280 vertices (3,221 trig, 1,999 trig+kin events)
  [746/2989] nano_770.root
         -> 1,386 vertices (1,338 trig, 778 trig+kin events)
  [747/2989] nano_771.root
         -> 3,105 vertices (3,121 trig, 1,829 trig+kin events)
  [748/2989] nano_772.root
         -> 1,730 vertices (1,607 trig, 982 trig+kin events)
  [749/2989] nano_773.root
         -> 2,775 vertices (2,773 trig, 1,653 trig+kin events)
  [750/2989] nano_774.root
         -> 2,734 vertices (2,622 trig, 1,539 trig+kin events)
  [751/2989] nano_775.root
         -> 1,587 vertices (1,604 trig, 968 trig+kin events)
  [752/2989] nano_776.root
         -> 1,703 vertices (1,661 trig, 1,004 trig+kin events)
  [753/2989] nano_777.root
         -> 3,108 vertices (3,160 trig, 1,910 trig+kin events)
  [754/2989] nano_778.root
         -> 3,271 vertices (3,085 trig, 1,865 trig+kin events)
  [755/2989] nano_779.root
         -> 1,552 vertices (1,607 trig, 961 trig+kin events)
  [756/2989] nano_78.root
         -> 3,117 vertices (3,197 trig, 1,908 trig+kin events)
  [757/2989] nano_780.root
         -> 3,425 vertices (3,195 trig, 1,903 trig+kin events)
  [758/2989] nano_781.root
         -> 969 vertices (830 trig, 514 trig+kin events)
  [759/2989] nano_782.root
         -> 1,687 vertices (1,646 trig, 1,003 trig+kin events)
  [760/2989] nano_783.root
         -> 3,164 vertices (2,986 trig, 1,766 trig+kin events)
  [761/2989] nano_784.root
         -> 2,371 vertices (2,368 trig, 1,407 trig+kin events)
  [762/2989] nano_785.root
         -> 3,111 vertices (3,082 trig, 1,796 trig+kin events)
  [763/2989] nano_786.root
         -> 2,994 vertices (3,093 trig, 1,805 trig+kin events)
  [764/2989] nano_787.root
         -> 3,118 vertices (3,157 trig, 1,848 trig+kin events)
  [765/2989] nano_788.root
         -> 2,962 vertices (3,080 trig, 1,834 trig+kin events)
  [766/2989] nano_789.root
         -> 1,941 vertices (1,878 trig, 1,127 trig+kin events)
  [767/2989] nano_79.root
         -> 3,326 vertices (3,151 trig, 1,899 trig+kin events)
  [768/2989] nano_790.root
         -> 3,270 vertices (3,242 trig, 1,948 trig+kin events)
  [769/2989] nano_791.root
         -> 3,078 vertices (3,127 trig, 1,871 trig+kin events)
  [770/2989] nano_792.root
         -> 1,507 vertices (1,585 trig, 931 trig+kin events)
  [771/2989] nano_793.root
         -> 1,643 vertices (1,611 trig, 962 trig+kin events)
  [772/2989] nano_794.root
         -> 2,992 vertices (3,079 trig, 1,822 trig+kin events)
  [773/2989] nano_795.root
         -> 3,210 vertices (3,217 trig, 1,912 trig+kin events)
  [774/2989] nano_796.root
         -> 3,005 vertices (3,050 trig, 1,774 trig+kin events)
  [775/2989] nano_797.root
         -> 3,334 vertices (3,201 trig, 1,918 trig+kin events)
  [776/2989] nano_798.root
         -> 2,162 vertices (2,094 trig, 1,227 trig+kin events)
  [777/2989] nano_799.root
         -> 3,357 vertices (3,080 trig, 1,870 trig+kin events)
  [778/2989] nano_8.root
         -> 69 vertices (76 trig, 47 trig+kin events)
  [779/2989] nano_80.root
         -> 2,966 vertices (3,112 trig, 1,803 trig+kin events)
  [780/2989] nano_800.root
         -> 3,098 vertices (3,147 trig, 1,840 trig+kin events)
  [781/2989] nano_801.root
         -> 3,173 vertices (3,142 trig, 1,859 trig+kin events)
  [782/2989] nano_802.root
         -> 2,060 vertices (2,040 trig, 1,232 trig+kin events)
  [783/2989] nano_803.root
         -> 3,007 vertices (3,135 trig, 1,862 trig+kin events)
  [784/2989] nano_804.root
         -> 2,862 vertices (3,162 trig, 1,842 trig+kin events)
  [785/2989] nano_805.root
         -> 2,995 vertices (3,173 trig, 1,858 trig+kin events)
  [786/2989] nano_806.root
         -> 3,083 vertices (3,135 trig, 1,852 trig+kin events)
  [787/2989] nano_807.root
         -> 1,782 vertices (1,784 trig, 1,047 trig+kin events)
  [788/2989] nano_808.root
         -> 1,900 vertices (1,946 trig, 1,109 trig+kin events)
  [789/2989] nano_809.root
         -> 3,272 vertices (3,089 trig, 1,813 trig+kin events)
  [790/2989] nano_81.root
         -> 3,061 vertices (3,075 trig, 1,811 trig+kin events)
  [791/2989] nano_810.root
         -> 2,743 vertices (2,749 trig, 1,652 trig+kin events)
  [792/2989] nano_811.root
         -> 1,771 vertices (1,735 trig, 1,050 trig+kin events)
  [793/2989] nano_812.root
         -> 2,856 vertices (3,051 trig, 1,772 trig+kin events)
  [794/2989] nano_813.root
         -> 1,577 vertices (1,648 trig, 991 trig+kin events)
  [795/2989] nano_814.root
         -> 3,019 vertices (3,203 trig, 1,871 trig+kin events)
  [796/2989] nano_815.root
         -> 3,088 vertices (3,087 trig, 1,829 trig+kin events)
  [797/2989] nano_816.root
         -> 1,661 vertices (1,631 trig, 939 trig+kin events)
  [798/2989] nano_817.root
         -> 3,137 vertices (3,070 trig, 1,781 trig+kin events)
  [799/2989] nano_818.root
         -> 2,348 vertices (2,228 trig, 1,343 trig+kin events)
  [800/2989] nano_819.root
         -> 2,480 vertices (2,552 trig, 1,488 trig+kin events)
  [801/2989] nano_82.root
         -> 3,021 vertices (3,094 trig, 1,824 trig+kin events)
  [802/2989] nano_820.root
         -> 1,883 vertices (1,931 trig, 1,142 trig+kin events)
  [803/2989] nano_821.root
         -> 2,992 vertices (3,083 trig, 1,763 trig+kin events)
  [804/2989] nano_822.root
         -> 3,089 vertices (3,015 trig, 1,851 trig+kin events)
  [805/2989] nano_823.root
         -> 2,051 vertices (1,978 trig, 1,174 trig+kin events)
  [806/2989] nano_824.root
         -> 1,810 vertices (1,783 trig, 1,051 trig+kin events)
  [807/2989] nano_825.root
         -> 3,207 vertices (3,101 trig, 1,837 trig+kin events)
  [808/2989] nano_826.root
         -> 3,266 vertices (3,135 trig, 1,851 trig+kin events)
  [809/2989] nano_827.root
         -> 1,809 vertices (1,904 trig, 1,128 trig+kin events)
  [810/2989] nano_828.root
         -> 1,896 vertices (2,011 trig, 1,198 trig+kin events)
  [811/2989] nano_829.root
         -> 1,769 vertices (1,790 trig, 1,055 trig+kin events)
  [812/2989] nano_83.root
         -> 3,128 vertices (3,181 trig, 1,866 trig+kin events)
  [813/2989] nano_830.root
         -> 3,083 vertices (3,125 trig, 1,830 trig+kin events)
  [814/2989] nano_831.root
         -> 2,330 vertices (2,457 trig, 1,422 trig+kin events)
  [815/2989] nano_832.root
         -> 1,915 vertices (1,844 trig, 1,105 trig+kin events)
  [816/2989] nano_833.root
         -> 2,111 vertices (2,020 trig, 1,219 trig+kin events)
  [817/2989] nano_834.root
         -> 1,846 vertices (1,813 trig, 1,083 trig+kin events)
  [818/2989] nano_835.root
         -> 3,119 vertices (3,153 trig, 1,850 trig+kin events)
  [819/2989] nano_836.root
         -> 2,077 vertices (1,880 trig, 1,134 trig+kin events)
  [820/2989] nano_837.root
         -> 1,777 vertices (1,834 trig, 1,082 trig+kin events)
  [821/2989] nano_838.root
         -> 2,557 vertices (2,634 trig, 1,537 trig+kin events)
  [822/2989] nano_839.root
         -> 2,982 vertices (2,950 trig, 1,705 trig+kin events)
  [823/2989] nano_84.root
         -> 1,762 vertices (1,637 trig, 1,015 trig+kin events)
  [824/2989] nano_840.root
         -> 2,326 vertices (2,285 trig, 1,355 trig+kin events)
  [825/2989] nano_841.root
         -> 1,784 vertices (1,737 trig, 1,007 trig+kin events)
  [826/2989] nano_842.root
         -> 3,425 vertices (3,240 trig, 1,984 trig+kin events)
  [827/2989] nano_843.root
         -> 238 vertices (192 trig, 111 trig+kin events)
  [828/2989] nano_844.root
         -> 516 vertices (477 trig, 301 trig+kin events)
  [829/2989] nano_845.root
         -> 3,346 vertices (3,148 trig, 1,901 trig+kin events)
  [830/2989] nano_846.root
         -> 3,172 vertices (3,140 trig, 1,862 trig+kin events)
  [831/2989] nano_847.root
         -> 1,674 vertices (1,775 trig, 1,055 trig+kin events)
  [832/2989] nano_848.root
         -> 1,829 vertices (1,761 trig, 1,055 trig+kin events)
  [833/2989] nano_849.root
         -> 3,122 vertices (3,015 trig, 1,814 trig+kin events)
  [834/2989] nano_85.root
         -> 1,930 vertices (1,886 trig, 1,113 trig+kin events)
  [835/2989] nano_850.root
         -> 3,181 vertices (3,112 trig, 1,853 trig+kin events)
  [836/2989] nano_851.root
         -> 2,719 vertices (2,658 trig, 1,598 trig+kin events)
  [837/2989] nano_852.root
         -> 1,807 vertices (1,756 trig, 1,055 trig+kin events)
  [838/2989] nano_853.root
         -> 2,458 vertices (2,410 trig, 1,432 trig+kin events)
  [839/2989] nano_854.root
         -> 1,757 vertices (1,886 trig, 1,104 trig+kin events)
  [840/2989] nano_855.root
         -> 3,213 vertices (3,240 trig, 1,945 trig+kin events)
  [841/2989] nano_856.root
         -> 3,309 vertices (3,080 trig, 1,853 trig+kin events)
  [842/2989] nano_857.root
         -> 3,198 vertices (3,174 trig, 1,925 trig+kin events)
  [843/2989] nano_858.root
         -> 2,183 vertices (2,074 trig, 1,229 trig+kin events)
  [844/2989] nano_859.root
         -> 3,257 vertices (3,132 trig, 1,857 trig+kin events)
  [845/2989] nano_86.root
         -> 3,251 vertices (3,239 trig, 1,885 trig+kin events)
  [846/2989] nano_860.root
         -> 2,605 vertices (2,643 trig, 1,535 trig+kin events)
  [847/2989] nano_861.root
         -> 1,425 vertices (1,511 trig, 889 trig+kin events)
  [848/2989] nano_862.root
         -> 2,903 vertices (3,083 trig, 1,800 trig+kin events)
  [849/2989] nano_863.root
         -> 3,234 vertices (3,155 trig, 1,901 trig+kin events)
  [850/2989] nano_864.root
         -> 2,328 vertices (2,348 trig, 1,370 trig+kin events)
  [851/2989] nano_865.root
         -> 3,196 vertices (3,100 trig, 1,868 trig+kin events)
  [852/2989] nano_866.root
         -> 267 vertices (250 trig, 145 trig+kin events)
  [853/2989] nano_867.root
         -> 3,042 vertices (3,148 trig, 1,881 trig+kin events)
  [854/2989] nano_868.root
         -> 3,030 vertices (3,075 trig, 1,787 trig+kin events)
  [855/2989] nano_869.root
         -> 2,426 vertices (2,387 trig, 1,424 trig+kin events)
  [856/2989] nano_87.root
         -> 3,305 vertices (3,080 trig, 1,873 trig+kin events)
  [857/2989] nano_870.root
         -> 1,739 vertices (1,719 trig, 1,031 trig+kin events)
  [858/2989] nano_871.root
         -> 1,496 vertices (1,589 trig, 934 trig+kin events)
  [859/2989] nano_872.root
         -> 3,350 vertices (3,120 trig, 1,876 trig+kin events)
  [860/2989] nano_873.root
         -> 1,716 vertices (1,638 trig, 972 trig+kin events)
  [861/2989] nano_874.root
         -> 3,278 vertices (3,120 trig, 1,864 trig+kin events)
  [862/2989] nano_875.root
         -> 3,131 vertices (3,127 trig, 1,858 trig+kin events)
  [863/2989] nano_876.root
         -> 2,993 vertices (3,118 trig, 1,861 trig+kin events)
  [864/2989] nano_877.root
         -> 3,108 vertices (3,172 trig, 1,897 trig+kin events)
  [865/2989] nano_878.root
         -> 2,822 vertices (2,741 trig, 1,644 trig+kin events)
  [866/2989] nano_879.root
         -> 1,482 vertices (1,568 trig, 877 trig+kin events)
  [867/2989] nano_88.root
         -> 1,700 vertices (1,762 trig, 1,020 trig+kin events)
  [868/2989] nano_880.root
         -> 3,044 vertices (3,048 trig, 1,835 trig+kin events)
  [869/2989] nano_881.root
         -> 1,936 vertices (1,976 trig, 1,144 trig+kin events)
  [870/2989] nano_882.root
         -> 2,036 vertices (2,013 trig, 1,198 trig+kin events)
  [871/2989] nano_883.root
         -> 2,983 vertices (3,080 trig, 1,834 trig+kin events)
  [872/2989] nano_884.root
         -> 3,294 vertices (3,197 trig, 1,920 trig+kin events)
  [873/2989] nano_885.root
         -> 1,990 vertices (2,071 trig, 1,243 trig+kin events)
  [874/2989] nano_886.root
         -> 3,023 vertices (3,091 trig, 1,811 trig+kin events)
  [875/2989] nano_887.root
         -> 2,513 vertices (2,366 trig, 1,436 trig+kin events)
  [876/2989] nano_888.root
         -> 1,912 vertices (2,012 trig, 1,196 trig+kin events)
  [877/2989] nano_889.root
         -> 3,244 vertices (3,162 trig, 1,898 trig+kin events)
  [878/2989] nano_89.root
         -> 3,168 vertices (3,191 trig, 1,901 trig+kin events)
  [879/2989] nano_890.root
         -> 2,393 vertices (2,411 trig, 1,425 trig+kin events)
  [880/2989] nano_891.root
         -> 3,331 vertices (3,164 trig, 1,877 trig+kin events)
  [881/2989] nano_892.root
         -> 808 vertices (800 trig, 465 trig+kin events)
  [882/2989] nano_893.root
         -> 3,070 vertices (3,136 trig, 1,847 trig+kin events)
  [883/2989] nano_894.root
         -> 2,826 vertices (3,050 trig, 1,732 trig+kin events)
  [884/2989] nano_895.root
         -> 2,464 vertices (2,477 trig, 1,481 trig+kin events)
  [885/2989] nano_896.root
         -> 2,867 vertices (2,951 trig, 1,773 trig+kin events)
  [886/2989] nano_897.root
         -> 1,972 vertices (1,805 trig, 1,107 trig+kin events)
  [887/2989] nano_898.root
         -> 3,158 vertices (3,140 trig, 1,835 trig+kin events)
  [888/2989] nano_899.root
         -> 1,796 vertices (1,726 trig, 1,026 trig+kin events)
  [889/2989] nano_9.root
         -> 1,577 vertices (1,635 trig, 967 trig+kin events)
  [890/2989] nano_90.root
         -> 3,063 vertices (3,120 trig, 1,858 trig+kin events)
  [891/2989] nano_900.root
         -> 1,892 vertices (1,869 trig, 1,106 trig+kin events)
  [892/2989] nano_901.root
         -> 3,296 vertices (3,163 trig, 1,924 trig+kin events)
  [893/2989] nano_902.root
         -> 3,187 vertices (3,184 trig, 1,885 trig+kin events)
  [894/2989] nano_903.root
         -> 3,100 vertices (3,133 trig, 1,823 trig+kin events)
  [895/2989] nano_904.root
         -> 2,605 vertices (2,633 trig, 1,581 trig+kin events)
  [896/2989] nano_905.root
         -> 229 vertices (201 trig, 127 trig+kin events)
  [897/2989] nano_906.root
         -> 2,434 vertices (2,543 trig, 1,475 trig+kin events)
  [898/2989] nano_907.root
         -> 1,678 vertices (1,719 trig, 1,011 trig+kin events)
  [899/2989] nano_908.root
         -> 3,052 vertices (3,056 trig, 1,822 trig+kin events)
  [900/2989] nano_909.root
         -> 1,760 vertices (1,828 trig, 1,068 trig+kin events)
  [901/2989] nano_91.root
         -> 2,883 vertices (2,902 trig, 1,699 trig+kin events)
  [902/2989] nano_910.root
         -> 1,852 vertices (1,891 trig, 1,091 trig+kin events)
  [903/2989] nano_911.root
         -> 3,070 vertices (3,107 trig, 1,851 trig+kin events)
  [904/2989] nano_912.root
         -> 2,089 vertices (2,141 trig, 1,260 trig+kin events)
  [905/2989] nano_913.root
         -> 3,095 vertices (3,064 trig, 1,812 trig+kin events)
  [906/2989] nano_914.root
         -> 2,066 vertices (2,103 trig, 1,239 trig+kin events)
  [907/2989] nano_915.root
         -> 3,229 vertices (3,069 trig, 1,834 trig+kin events)
  [908/2989] nano_916.root
         -> 1,498 vertices (1,572 trig, 918 trig+kin events)
  [909/2989] nano_917.root
         -> 2,800 vertices (2,744 trig, 1,621 trig+kin events)
  [910/2989] nano_918.root
         -> 3,254 vertices (3,172 trig, 1,907 trig+kin events)
  [911/2989] nano_919.root
         -> 1,937 vertices (1,878 trig, 1,081 trig+kin events)
  [912/2989] nano_92.root
         -> 3,040 vertices (3,073 trig, 1,800 trig+kin events)
  [913/2989] nano_920.root
         -> 1,880 vertices (1,964 trig, 1,143 trig+kin events)
  [914/2989] nano_921.root
         -> 1,617 vertices (1,626 trig, 987 trig+kin events)
  [915/2989] nano_922.root
         -> 1,422 vertices (1,348 trig, 811 trig+kin events)
  [916/2989] nano_923.root
         -> 1,933 vertices (1,774 trig, 1,109 trig+kin events)
  [917/2989] nano_924.root
         -> 1,637 vertices (1,567 trig, 944 trig+kin events)
  [918/2989] nano_925.root
         -> 3,024 vertices (3,096 trig, 1,870 trig+kin events)
  [919/2989] nano_926.root
         -> 3,023 vertices (3,072 trig, 1,817 trig+kin events)
  [920/2989] nano_927.root
         -> 2,890 vertices (2,775 trig, 1,653 trig+kin events)
  [921/2989] nano_928.root
         -> 2,638 vertices (2,588 trig, 1,525 trig+kin events)
  [922/2989] nano_929.root
         -> 1,656 vertices (1,688 trig, 997 trig+kin events)
  [923/2989] nano_93.root
         -> 2,852 vertices (2,701 trig, 1,654 trig+kin events)
  [924/2989] nano_930.root
         -> 3,415 vertices (3,106 trig, 1,869 trig+kin events)
  [925/2989] nano_931.root
         -> 3,268 vertices (3,173 trig, 1,867 trig+kin events)
  [926/2989] nano_932.root
         -> 3,025 vertices (3,168 trig, 1,840 trig+kin events)
  [927/2989] nano_933.root
         -> 1,731 vertices (1,977 trig, 1,151 trig+kin events)
  [928/2989] nano_934.root
         -> 3,274 vertices (3,025 trig, 1,834 trig+kin events)
  [929/2989] nano_935.root
         -> 3,105 vertices (3,116 trig, 1,837 trig+kin events)
  [930/2989] nano_936.root
         -> 2,833 vertices (2,736 trig, 1,647 trig+kin events)
  [931/2989] nano_937.root
         -> 3,165 vertices (3,213 trig, 1,926 trig+kin events)
  [932/2989] nano_938.root
         -> 3,410 vertices (3,204 trig, 1,880 trig+kin events)
  [933/2989] nano_939.root
         -> 3,136 vertices (3,057 trig, 1,866 trig+kin events)
  [934/2989] nano_94.root
         -> 3,316 vertices (3,144 trig, 1,927 trig+kin events)
  [935/2989] nano_940.root
         -> 1,653 vertices (1,729 trig, 993 trig+kin events)
  [936/2989] nano_941.root
         -> 2,243 vertices (2,300 trig, 1,323 trig+kin events)
  [937/2989] nano_942.root
         -> 753 vertices (792 trig, 470 trig+kin events)
  [938/2989] nano_943.root
         -> 3,218 vertices (3,119 trig, 1,868 trig+kin events)
  [939/2989] nano_944.root
         -> 3,098 vertices (3,194 trig, 1,870 trig+kin events)
  [940/2989] nano_945.root
         -> 3,003 vertices (3,089 trig, 1,813 trig+kin events)
  [941/2989] nano_946.root
         -> 2,212 vertices (2,305 trig, 1,369 trig+kin events)
  [942/2989] nano_947.root
         -> 1,547 vertices (1,543 trig, 903 trig+kin events)
  [943/2989] nano_948.root
         -> 3,179 vertices (3,113 trig, 1,845 trig+kin events)
  [944/2989] nano_949.root
         -> 3,024 vertices (3,083 trig, 1,842 trig+kin events)
  [945/2989] nano_95.root
         -> 2,087 vertices (2,062 trig, 1,175 trig+kin events)
  [946/2989] nano_950.root
         -> 3,167 vertices (3,145 trig, 1,871 trig+kin events)
  [947/2989] nano_951.root
         -> 3,049 vertices (3,143 trig, 1,865 trig+kin events)
  [948/2989] nano_952.root
         -> 3,177 vertices (3,211 trig, 1,887 trig+kin events)
  [949/2989] nano_953.root
         -> 3,374 vertices (3,172 trig, 1,900 trig+kin events)
  [950/2989] nano_954.root
         -> 3,130 vertices (3,128 trig, 1,845 trig+kin events)
  [951/2989] nano_955.root
         -> 2,113 vertices (2,049 trig, 1,194 trig+kin events)
  [952/2989] nano_956.root
         -> 3,217 vertices (3,170 trig, 1,887 trig+kin events)
  [953/2989] nano_957.root
         -> 2,722 vertices (2,660 trig, 1,580 trig+kin events)
  [954/2989] nano_958.root
         -> 2,511 vertices (2,560 trig, 1,539 trig+kin events)
  [955/2989] nano_959.root
         -> 1,783 vertices (1,826 trig, 1,047 trig+kin events)
  [956/2989] nano_96.root
         -> 2,744 vertices (2,723 trig, 1,602 trig+kin events)
  [957/2989] nano_960.root
         -> 1,970 vertices (1,758 trig, 1,018 trig+kin events)
  [958/2989] nano_961.root
         -> 3,097 vertices (3,080 trig, 1,809 trig+kin events)
  [959/2989] nano_962.root
         -> 2,987 vertices (3,098 trig, 1,830 trig+kin events)
  [960/2989] nano_963.root
         -> 3,094 vertices (3,174 trig, 1,908 trig+kin events)
  [961/2989] nano_964.root
         -> 1,661 vertices (1,704 trig, 1,000 trig+kin events)
  [962/2989] nano_965.root
         -> 3,014 vertices (3,070 trig, 1,744 trig+kin events)
  [963/2989] nano_966.root
         -> 1,674 vertices (1,678 trig, 999 trig+kin events)
  [964/2989] nano_967.root
         -> 3,423 vertices (3,157 trig, 1,926 trig+kin events)
  [965/2989] nano_968.root
         -> 3,101 vertices (3,097 trig, 1,812 trig+kin events)
  [966/2989] nano_969.root
         -> 3,113 vertices (3,111 trig, 1,834 trig+kin events)
  [967/2989] nano_97.root
         -> 1,737 vertices (1,703 trig, 1,013 trig+kin events)
  [968/2989] nano_970.root
         -> 3,207 vertices (3,116 trig, 1,864 trig+kin events)
  [969/2989] nano_971.root
         -> 3,270 vertices (3,180 trig, 1,878 trig+kin events)
  [970/2989] nano_972.root
         -> 1,692 vertices (1,685 trig, 1,015 trig+kin events)
  [971/2989] nano_973.root
         -> 3,268 vertices (3,146 trig, 1,852 trig+kin events)
  [972/2989] nano_974.root
         -> 3,139 vertices (3,112 trig, 1,865 trig+kin events)
  [973/2989] nano_975.root
         -> 1,895 vertices (1,990 trig, 1,182 trig+kin events)
  [974/2989] nano_976.root
         -> 1,714 vertices (1,575 trig, 941 trig+kin events)
  [975/2989] nano_977.root
         -> 2,199 vertices (2,218 trig, 1,312 trig+kin events)
  [976/2989] nano_978.root
         -> 1,950 vertices (2,062 trig, 1,195 trig+kin events)
  [977/2989] nano_979.root
         -> 2,008 vertices (1,876 trig, 1,158 trig+kin events)
  [978/2989] nano_98.root
         -> 2,387 vertices (2,330 trig, 1,428 trig+kin events)
  [979/2989] nano_980.root
         -> 2,014 vertices (2,029 trig, 1,182 trig+kin events)
  [980/2989] nano_981.root
         -> 3,119 vertices (3,131 trig, 1,887 trig+kin events)
  [981/2989] nano_982.root
         -> 1,879 vertices (1,849 trig, 1,080 trig+kin events)
  [982/2989] nano_983.root
         -> 1,813 vertices (1,965 trig, 1,131 trig+kin events)
  [983/2989] nano_984.root
         -> 3,235 vertices (3,185 trig, 1,919 trig+kin events)
  [984/2989] nano_985.root
         -> 3,154 vertices (3,103 trig, 1,778 trig+kin events)
  [985/2989] nano_986.root
         -> 3,142 vertices (3,154 trig, 1,864 trig+kin events)
  [986/2989] nano_987.root
         -> 1,915 vertices (1,960 trig, 1,189 trig+kin events)
  [987/2989] nano_988.root
         -> 2,939 vertices (2,872 trig, 1,668 trig+kin events)
  [988/2989] nano_989.root
         -> 2,339 vertices (2,267 trig, 1,330 trig+kin events)
  [989/2989] nano_99.root
         -> 2,512 vertices (2,552 trig, 1,515 trig+kin events)
  [990/2989] nano_990.root
         -> 2,001 vertices (2,082 trig, 1,266 trig+kin events)
  [991/2989] nano_991.root
         -> 3,235 vertices (3,133 trig, 1,838 trig+kin events)
  [992/2989] nano_992.root
         -> 1,908 vertices (1,814 trig, 1,098 trig+kin events)
  [993/2989] nano_993.root
         -> 3,059 vertices (3,119 trig, 1,887 trig+kin events)
  [994/2989] nano_994.root
         -> 1,843 vertices (1,724 trig, 1,018 trig+kin events)
  [995/2989] nano_995.root
         -> 3,472 vertices (3,169 trig, 1,900 trig+kin events)
  [996/2989] nano_996.root
         -> 3,253 vertices (3,169 trig, 1,846 trig+kin events)
  [997/2989] nano_997.root
         -> 1,912 vertices (1,903 trig, 1,137 trig+kin events)
  [998/2989] nano_998.root
         -> 2,015 vertices (1,995 trig, 1,194 trig+kin events)
  [999/2989] nano_999.root
         -> 3,310 vertices (3,163 trig, 1,920 trig+kin events)
  [1000/2989] nano_1000.root
         -> 1,929 vertices (1,840 trig, 1,110 trig+kin events)
  [1001/2989] nano_1001.root
         -> 1,510 vertices (1,597 trig, 946 trig+kin events)
  [1002/2989] nano_1002.root
         -> 3,182 vertices (3,139 trig, 1,900 trig+kin events)
  [1003/2989] nano_1003.root
         -> 2,333 vertices (2,223 trig, 1,346 trig+kin events)
  [1004/2989] nano_1004.root
         -> 2,800 vertices (2,807 trig, 1,670 trig+kin events)
  [1005/2989] nano_1005.root
         -> 3,219 vertices (3,095 trig, 1,865 trig+kin events)
  [1006/2989] nano_1006.root
         -> 2,497 vertices (2,485 trig, 1,501 trig+kin events)
  [1007/2989] nano_1007.root
         -> 2,868 vertices (3,008 trig, 1,755 trig+kin events)
  [1008/2989] nano_1008.root
         -> 3,269 vertices (3,155 trig, 1,919 trig+kin events)
  [1009/2989] nano_1009.root
         -> 3,167 vertices (3,075 trig, 1,853 trig+kin events)
  [1010/2989] nano_1010.root
         -> 1,574 vertices (1,675 trig, 953 trig+kin events)
  [1011/2989] nano_1011.root
         -> 2,381 vertices (2,322 trig, 1,384 trig+kin events)
  [1012/2989] nano_1012.root
         -> 3,155 vertices (3,155 trig, 1,878 trig+kin events)
  [1013/2989] nano_1013.root
         -> 2,333 vertices (2,357 trig, 1,387 trig+kin events)
  [1014/2989] nano_1014.root
         -> 1,855 vertices (1,830 trig, 1,081 trig+kin events)
  [1015/2989] nano_1015.root
         -> 1,935 vertices (1,923 trig, 1,146 trig+kin events)
  [1016/2989] nano_1016.root
         -> 2,176 vertices (2,061 trig, 1,240 trig+kin events)
  [1017/2989] nano_1017.root
         -> 3,122 vertices (3,154 trig, 1,878 trig+kin events)
  [1018/2989] nano_1018.root
         -> 3,028 vertices (3,064 trig, 1,813 trig+kin events)
  [1019/2989] nano_1019.root
         -> 3,345 vertices (3,100 trig, 1,872 trig+kin events)
  [1020/2989] nano_1020.root
         -> 3,211 vertices (3,076 trig, 1,825 trig+kin events)
  [1021/2989] nano_1021.root
         -> 2,299 vertices (2,184 trig, 1,328 trig+kin events)
  [1022/2989] nano_1022.root
         -> 2,981 vertices (3,101 trig, 1,869 trig+kin events)
  [1023/2989] nano_1023.root
         -> 2,224 vertices (2,207 trig, 1,308 trig+kin events)
  [1024/2989] nano_1024.root
         -> 2,217 vertices (2,162 trig, 1,297 trig+kin events)
  [1025/2989] nano_1025.root
         -> 606 vertices (623 trig, 354 trig+kin events)
  [1026/2989] nano_1026.root
         -> 1,940 vertices (1,848 trig, 1,096 trig+kin events)
  [1027/2989] nano_1027.root
         -> 2,014 vertices (2,119 trig, 1,267 trig+kin events)
  [1028/2989] nano_1028.root
         -> 2,010 vertices (2,006 trig, 1,179 trig+kin events)
  [1029/2989] nano_1029.root
         -> 3,096 vertices (3,116 trig, 1,805 trig+kin events)
  [1030/2989] nano_1030.root
         -> 3,374 vertices (3,118 trig, 1,888 trig+kin events)
  [1031/2989] nano_1031.root
         -> 3,198 vertices (3,199 trig, 1,903 trig+kin events)
  [1032/2989] nano_1032.root
         -> 3,091 vertices (3,124 trig, 1,864 trig+kin events)
  [1033/2989] nano_1033.root
         -> 1,598 vertices (1,655 trig, 970 trig+kin events)
  [1034/2989] nano_1034.root
         -> 3,242 vertices (3,177 trig, 1,882 trig+kin events)
  [1035/2989] nano_1035.root
         -> 3,199 vertices (3,152 trig, 1,900 trig+kin events)
  [1036/2989] nano_1036.root
         -> 2,277 vertices (2,299 trig, 1,368 trig+kin events)
  [1037/2989] nano_1037.root
         -> 3,232 vertices (3,084 trig, 1,855 trig+kin events)
  [1038/2989] nano_1038.root
         -> 184 vertices (193 trig, 113 trig+kin events)
  [1039/2989] nano_1039.root
         -> 1,977 vertices (2,101 trig, 1,259 trig+kin events)
  [1040/2989] nano_1040.root
         -> 3,200 vertices (3,119 trig, 1,874 trig+kin events)
  [1041/2989] nano_1041.root
         -> 2,050 vertices (1,936 trig, 1,155 trig+kin events)
  [1042/2989] nano_1042.root
         -> 2,087 vertices (1,984 trig, 1,157 trig+kin events)
  [1043/2989] nano_1043.root
         -> 2,096 vertices (2,146 trig, 1,302 trig+kin events)
  [1044/2989] nano_1044.root
         -> 3,115 vertices (3,101 trig, 1,888 trig+kin events)
  [1045/2989] nano_1045.root
         -> 1,870 vertices (1,876 trig, 1,127 trig+kin events)
  [1046/2989] nano_1046.root
         -> 3,225 vertices (3,184 trig, 1,890 trig+kin events)
  [1047/2989] nano_1047.root
         -> 3,162 vertices (3,142 trig, 1,864 trig+kin events)
  [1048/2989] nano_1048.root
         -> 3,071 vertices (3,099 trig, 1,838 trig+kin events)
  [1049/2989] nano_1049.root
         -> 2,953 vertices (3,073 trig, 1,845 trig+kin events)
  [1050/2989] nano_1050.root
         -> 2,071 vertices (2,053 trig, 1,214 trig+kin events)
  [1051/2989] nano_1051.root
         -> 3,313 vertices (3,107 trig, 1,844 trig+kin events)
  [1052/2989] nano_1052.root
         -> 3,270 vertices (3,193 trig, 1,898 trig+kin events)
  [1053/2989] nano_1053.root
         -> 3,113 vertices (3,190 trig, 1,823 trig+kin events)
  [1054/2989] nano_1054.root
         -> 1,608 vertices (1,758 trig, 1,001 trig+kin events)
  [1055/2989] nano_1055.root
         -> 2,272 vertices (2,118 trig, 1,241 trig+kin events)
  [1056/2989] nano_1056.root
         -> 2,312 vertices (2,011 trig, 1,269 trig+kin events)
  [1057/2989] nano_1057.root
         -> 1,754 vertices (1,708 trig, 1,004 trig+kin events)
  [1058/2989] nano_1058.root
         -> 2,041 vertices (2,043 trig, 1,214 trig+kin events)
  [1059/2989] nano_1059.root
         -> 3,157 vertices (3,062 trig, 1,843 trig+kin events)
  [1060/2989] nano_1060.root
         -> 1,683 vertices (1,808 trig, 1,031 trig+kin events)
  [1061/2989] nano_1061.root
         -> 1,974 vertices (1,923 trig, 1,137 trig+kin events)
  [1062/2989] nano_1062.root
         -> 3,204 vertices (3,148 trig, 1,844 trig+kin events)
  [1063/2989] nano_1063.root
         -> 237 vertices (289 trig, 173 trig+kin events)
  [1064/2989] nano_1064.root
         -> 3,317 vertices (3,210 trig, 1,918 trig+kin events)
  [1065/2989] nano_1065.root
         -> 2,132 vertices (2,077 trig, 1,233 trig+kin events)
  [1066/2989] nano_1066.root
         -> 3,257 vertices (3,119 trig, 1,861 trig+kin events)
  [1067/2989] nano_1067.root
         -> 2,138 vertices (2,183 trig, 1,274 trig+kin events)
  [1068/2989] nano_1068.root
         -> 3,214 vertices (3,230 trig, 1,899 trig+kin events)
  [1069/2989] nano_1069.root
         -> 1,900 vertices (1,856 trig, 1,158 trig+kin events)
  [1070/2989] nano_1070.root
         -> 1,726 vertices (1,613 trig, 937 trig+kin events)
  [1071/2989] nano_1071.root
         -> 1,555 vertices (1,636 trig, 945 trig+kin events)
  [1072/2989] nano_1072.root
         -> 3,310 vertices (3,137 trig, 1,866 trig+kin events)
  [1073/2989] nano_1073.root
         -> 3,165 vertices (3,261 trig, 1,909 trig+kin events)
  [1074/2989] nano_1074.root
         -> 3,031 vertices (3,037 trig, 1,808 trig+kin events)
  [1075/2989] nano_1075.root
         -> 1,765 vertices (1,706 trig, 1,013 trig+kin events)
  [1076/2989] nano_1076.root
         -> 2,127 vertices (2,060 trig, 1,242 trig+kin events)
  [1077/2989] nano_1077.root
         -> 3,082 vertices (3,148 trig, 1,872 trig+kin events)
  [1078/2989] nano_1078.root
         -> 2,158 vertices (2,206 trig, 1,287 trig+kin events)
  [1079/2989] nano_1079.root
         -> 1,975 vertices (1,991 trig, 1,176 trig+kin events)
  [1080/2989] nano_1080.root
         -> 3,125 vertices (3,068 trig, 1,845 trig+kin events)
  [1081/2989] nano_1081.root
         -> 3,307 vertices (3,183 trig, 1,881 trig+kin events)
  [1082/2989] nano_1082.root
         -> 2,021 vertices (1,875 trig, 1,098 trig+kin events)
  [1083/2989] nano_1083.root
         -> 2,880 vertices (2,937 trig, 1,691 trig+kin events)
  [1084/2989] nano_1084.root
         -> 1,555 vertices (1,611 trig, 968 trig+kin events)
  [1085/2989] nano_1085.root
         -> 3,305 vertices (3,192 trig, 1,890 trig+kin events)
  [1086/2989] nano_1086.root
         -> 3,265 vertices (3,145 trig, 1,865 trig+kin events)
  [1087/2989] nano_1087.root
         -> 3,097 vertices (3,135 trig, 1,836 trig+kin events)
  [1088/2989] nano_1088.root
         -> 1,749 vertices (1,865 trig, 1,056 trig+kin events)
  [1089/2989] nano_1089.root
         -> 2,017 vertices (1,997 trig, 1,179 trig+kin events)
  [1090/2989] nano_1090.root
         -> 3,130 vertices (3,077 trig, 1,792 trig+kin events)
  [1091/2989] nano_1091.root
         -> 2,096 vertices (2,210 trig, 1,281 trig+kin events)
  [1092/2989] nano_1092.root
         -> 3,402 vertices (3,216 trig, 1,903 trig+kin events)
  [1093/2989] nano_1093.root
         -> 3,107 vertices (3,134 trig, 1,839 trig+kin events)
  [1094/2989] nano_1094.root
         -> 2,359 vertices (2,357 trig, 1,439 trig+kin events)
  [1095/2989] nano_1095.root
         -> 3,252 vertices (3,167 trig, 1,938 trig+kin events)
  [1096/2989] nano_1096.root
         -> 3,217 vertices (3,203 trig, 1,902 trig+kin events)
  [1097/2989] nano_1097.root
         -> 3,179 vertices (3,101 trig, 1,831 trig+kin events)
  [1098/2989] nano_1098.root
         -> 1,560 vertices (1,666 trig, 1,004 trig+kin events)
  [1099/2989] nano_1099.root
         -> 2,186 vertices (2,014 trig, 1,241 trig+kin events)
  [1100/2989] nano_1100.root
         -> 2,151 vertices (2,179 trig, 1,328 trig+kin events)
  [1101/2989] nano_1101.root
         -> 3,247 vertices (3,239 trig, 1,903 trig+kin events)
  [1102/2989] nano_1102.root
         -> 3,344 vertices (3,194 trig, 1,914 trig+kin events)
  [1103/2989] nano_1103.root
         -> 513 vertices (456 trig, 285 trig+kin events)
  [1104/2989] nano_1104.root
         -> 1,998 vertices (2,000 trig, 1,181 trig+kin events)
  [1105/2989] nano_1105.root
         -> 2,962 vertices (3,044 trig, 1,804 trig+kin events)
  [1106/2989] nano_1106.root
         -> 1,607 vertices (1,576 trig, 927 trig+kin events)
  [1107/2989] nano_1107.root
         -> 2,003 vertices (1,745 trig, 1,067 trig+kin events)
  [1108/2989] nano_1108.root
         -> 3,087 vertices (3,092 trig, 1,828 trig+kin events)
  [1109/2989] nano_1109.root
         -> 3,138 vertices (3,144 trig, 1,854 trig+kin events)
  [1110/2989] nano_1110.root
         -> 1,766 vertices (1,869 trig, 1,095 trig+kin events)
  [1111/2989] nano_1111.root
         -> 1,654 vertices (1,617 trig, 973 trig+kin events)
  [1112/2989] nano_1112.root
         -> 1,554 vertices (1,567 trig, 939 trig+kin events)
  [1113/2989] nano_1113.root
         -> 1,672 vertices (1,767 trig, 1,034 trig+kin events)
  [1114/2989] nano_1114.root
         -> 1,708 vertices (1,674 trig, 968 trig+kin events)
  [1115/2989] nano_1115.root
         -> 3,164 vertices (3,146 trig, 1,852 trig+kin events)
  [1116/2989] nano_1116.root
         -> 2,547 vertices (2,474 trig, 1,439 trig+kin events)
  [1117/2989] nano_1117.root
         -> 3,216 vertices (3,091 trig, 1,798 trig+kin events)
  [1118/2989] nano_1118.root
         -> 3,169 vertices (3,081 trig, 1,858 trig+kin events)
  [1119/2989] nano_1119.root
         -> 1,842 vertices (1,869 trig, 1,126 trig+kin events)
  [1120/2989] nano_1120.root
         -> 1,976 vertices (2,036 trig, 1,228 trig+kin events)
  [1121/2989] nano_1121.root
         -> 1,868 vertices (1,961 trig, 1,162 trig+kin events)
  [1122/2989] nano_1122.root
         -> 2,518 vertices (2,559 trig, 1,504 trig+kin events)
  [1123/2989] nano_1123.root
         -> 2,845 vertices (3,031 trig, 1,787 trig+kin events)
  [1124/2989] nano_1124.root
         -> 2,626 vertices (2,669 trig, 1,582 trig+kin events)
  [1125/2989] nano_1125.root
         -> 2,136 vertices (2,068 trig, 1,253 trig+kin events)
  [1126/2989] nano_1126.root
         -> 1,815 vertices (1,854 trig, 1,092 trig+kin events)
  [1127/2989] nano_1127.root
         -> 3,043 vertices (3,082 trig, 1,815 trig+kin events)
  [1128/2989] nano_1128.root
         -> 3,154 vertices (3,029 trig, 1,804 trig+kin events)
  [1129/2989] nano_1129.root
         -> 3,019 vertices (3,062 trig, 1,793 trig+kin events)
  [1130/2989] nano_1130.root
         -> 2,804 vertices (2,686 trig, 1,620 trig+kin events)
  [1131/2989] nano_1131.root
         -> 1,616 vertices (1,576 trig, 898 trig+kin events)
  [1132/2989] nano_1132.root
         -> 3,080 vertices (3,062 trig, 1,821 trig+kin events)
  [1133/2989] nano_1133.root
         -> 3,132 vertices (3,129 trig, 1,845 trig+kin events)
  [1134/2989] nano_1134.root
         -> 2,562 vertices (2,565 trig, 1,541 trig+kin events)
  [1135/2989] nano_1135.root
         -> 1,991 vertices (2,015 trig, 1,184 trig+kin events)
  [1136/2989] nano_1136.root
         -> 3,044 vertices (3,046 trig, 1,848 trig+kin events)
  [1137/2989] nano_1137.root
         -> 1,947 vertices (1,967 trig, 1,140 trig+kin events)
  [1138/2989] nano_1138.root
         -> 3,100 vertices (3,178 trig, 1,858 trig+kin events)
  [1139/2989] nano_1139.root
         -> 2,356 vertices (2,232 trig, 1,366 trig+kin events)
  [1140/2989] nano_1140.root
         -> 2,743 vertices (2,669 trig, 1,556 trig+kin events)
  [1141/2989] nano_1141.root
         -> 3,349 vertices (3,189 trig, 1,865 trig+kin events)
  [1142/2989] nano_1142.root
         -> 3,080 vertices (3,163 trig, 1,868 trig+kin events)
  [1143/2989] nano_1143.root
         -> 3,472 vertices (3,242 trig, 1,984 trig+kin events)
  [1144/2989] nano_1144.root
         -> 3,037 vertices (3,132 trig, 1,822 trig+kin events)
  [1145/2989] nano_1145.root
         -> 2,785 vertices (2,986 trig, 1,777 trig+kin events)
  [1146/2989] nano_1146.root
         -> 2,059 vertices (2,033 trig, 1,217 trig+kin events)
  [1147/2989] nano_1147.root
         -> 3,311 vertices (3,206 trig, 1,840 trig+kin events)
  [1148/2989] nano_1148.root
         -> 3,172 vertices (3,152 trig, 1,895 trig+kin events)
  [1149/2989] nano_1149.root
         -> 3,061 vertices (3,092 trig, 1,811 trig+kin events)
  [1150/2989] nano_1150.root
         -> 2,612 vertices (2,601 trig, 1,518 trig+kin events)
  [1151/2989] nano_1151.root
         -> 3,138 vertices (3,179 trig, 1,872 trig+kin events)
  [1152/2989] nano_1152.root
         -> 2,962 vertices (3,049 trig, 1,759 trig+kin events)
  [1153/2989] nano_1153.root
         -> 3,114 vertices (3,076 trig, 1,835 trig+kin events)
  [1154/2989] nano_1154.root
         -> 3,070 vertices (3,049 trig, 1,830 trig+kin events)
  [1155/2989] nano_1155.root
         -> 3,277 vertices (3,052 trig, 1,839 trig+kin events)
  [1156/2989] nano_1156.root
         -> 2,055 vertices (1,988 trig, 1,173 trig+kin events)
  [1157/2989] nano_1157.root
         -> 2,639 vertices (2,584 trig, 1,498 trig+kin events)
  [1158/2989] nano_1158.root
         -> 3,080 vertices (3,174 trig, 1,867 trig+kin events)
  [1159/2989] nano_1159.root
         -> 3,130 vertices (3,076 trig, 1,770 trig+kin events)
  [1160/2989] nano_1160.root
         -> 1,699 vertices (1,678 trig, 989 trig+kin events)
  [1161/2989] nano_1161.root
         -> 3,117 vertices (3,029 trig, 1,796 trig+kin events)
  [1162/2989] nano_1162.root
         -> 3,055 vertices (3,165 trig, 1,903 trig+kin events)
  [1163/2989] nano_1163.root
         -> 2,251 vertices (2,309 trig, 1,346 trig+kin events)
  [1164/2989] nano_1164.root
         -> 3,093 vertices (3,129 trig, 1,855 trig+kin events)
  [1165/2989] nano_1165.root
         -> 2,371 vertices (2,262 trig, 1,346 trig+kin events)
  [1166/2989] nano_1166.root
         -> 466 vertices (487 trig, 278 trig+kin events)
  [1167/2989] nano_1167.root
         -> 3,228 vertices (3,204 trig, 1,929 trig+kin events)
  [1168/2989] nano_1168.root
         -> 3,131 vertices (3,126 trig, 1,856 trig+kin events)
  [1169/2989] nano_1169.root
         -> 3,013 vertices (3,037 trig, 1,788 trig+kin events)
  [1170/2989] nano_1170.root
         -> 3,160 vertices (3,164 trig, 1,838 trig+kin events)
  [1171/2989] nano_1171.root
         -> 2,554 vertices (2,505 trig, 1,473 trig+kin events)
  [1172/2989] nano_1172.root
         -> 2,826 vertices (2,937 trig, 1,744 trig+kin events)
  [1173/2989] nano_1173.root
         -> 2,178 vertices (2,117 trig, 1,248 trig+kin events)
  [1174/2989] nano_1174.root
         -> 3,082 vertices (3,122 trig, 1,835 trig+kin events)
  [1175/2989] nano_1175.root
         -> 3,136 vertices (3,191 trig, 1,907 trig+kin events)
  [1176/2989] nano_1176.root
         -> 3,351 vertices (3,149 trig, 1,899 trig+kin events)
  [1177/2989] nano_1177.root
         -> 2,604 vertices (2,461 trig, 1,483 trig+kin events)
  [1178/2989] nano_1178.root
         -> 782 vertices (674 trig, 405 trig+kin events)
  [1179/2989] nano_1179.root
         -> 1,855 vertices (1,830 trig, 1,073 trig+kin events)
  [1180/2989] nano_1180.root
         -> 1,732 vertices (1,761 trig, 1,047 trig+kin events)
  [1181/2989] nano_1181.root
         -> 1,799 vertices (1,895 trig, 1,092 trig+kin events)
  [1182/2989] nano_1182.root
         -> 2,012 vertices (2,005 trig, 1,207 trig+kin events)
  [1183/2989] nano_1183.root
         -> 2,013 vertices (2,099 trig, 1,248 trig+kin events)
  [1184/2989] nano_1184.root
         -> 2,012 vertices (2,036 trig, 1,189 trig+kin events)
  [1185/2989] nano_1185.root
         -> 1,665 vertices (1,672 trig, 966 trig+kin events)
  [1186/2989] nano_1186.root
         -> 3,161 vertices (3,267 trig, 1,938 trig+kin events)
  [1187/2989] nano_1187.root
         -> 1,812 vertices (1,736 trig, 1,030 trig+kin events)
  [1188/2989] nano_1188.root
         -> 1,798 vertices (1,773 trig, 1,053 trig+kin events)
  [1189/2989] nano_1189.root
         -> 1,613 vertices (1,680 trig, 997 trig+kin events)
  [1190/2989] nano_1190.root
         -> 1,763 vertices (1,837 trig, 1,081 trig+kin events)
  [1191/2989] nano_1191.root
         -> 3,391 vertices (3,135 trig, 1,886 trig+kin events)
  [1192/2989] nano_1192.root
         -> 3,120 vertices (3,169 trig, 1,893 trig+kin events)
  [1193/2989] nano_1193.root
         -> 2,349 vertices (2,391 trig, 1,383 trig+kin events)
  [1194/2989] nano_1194.root
         -> 3,012 vertices (3,044 trig, 1,759 trig+kin events)
  [1195/2989] nano_1195.root
         -> 3,089 vertices (3,186 trig, 1,900 trig+kin events)
  [1196/2989] nano_1196.root
         -> 1,984 vertices (1,910 trig, 1,129 trig+kin events)
  [1197/2989] nano_1197.root
         -> 1,952 vertices (1,933 trig, 1,141 trig+kin events)
  [1198/2989] nano_1198.root
         -> 2,371 vertices (2,326 trig, 1,372 trig+kin events)
  [1199/2989] nano_1199.root
         -> 2,301 vertices (2,372 trig, 1,400 trig+kin events)
  [1200/2989] nano_1200.root
         -> 2,164 vertices (2,193 trig, 1,342 trig+kin events)
  [1201/2989] nano_1201.root
         -> 2,126 vertices (2,004 trig, 1,208 trig+kin events)
  [1202/2989] nano_1202.root
         -> 1,725 vertices (1,707 trig, 1,024 trig+kin events)
  [1203/2989] nano_1203.root
         -> 2,476 vertices (2,583 trig, 1,522 trig+kin events)
  [1204/2989] nano_1204.root
         -> 1,835 vertices (1,899 trig, 1,107 trig+kin events)
  [1205/2989] nano_1205.root
         -> 2,938 vertices (3,106 trig, 1,842 trig+kin events)
  [1206/2989] nano_1206.root
         -> 3,097 vertices (2,999 trig, 1,794 trig+kin events)
  [1207/2989] nano_1207.root
         -> 2,215 vertices (2,299 trig, 1,375 trig+kin events)
  [1208/2989] nano_1208.root
         -> 2,210 vertices (2,167 trig, 1,335 trig+kin events)
  [1209/2989] nano_1209.root
         -> 1,545 vertices (1,607 trig, 994 trig+kin events)
  [1210/2989] nano_1210.root
         -> 904 vertices (930 trig, 571 trig+kin events)
  [1211/2989] nano_1211.root
         -> 1,568 vertices (1,549 trig, 917 trig+kin events)
  [1212/2989] nano_1212.root
         -> 2,230 vertices (2,311 trig, 1,396 trig+kin events)
  [1213/2989] nano_1213.root
         -> 3,233 vertices (3,204 trig, 1,907 trig+kin events)
  [1214/2989] nano_1214.root
         -> 2,062 vertices (2,123 trig, 1,212 trig+kin events)
  [1215/2989] nano_1215.root
         -> 1,832 vertices (1,823 trig, 1,051 trig+kin events)
  [1216/2989] nano_1216.root
         -> 1,911 vertices (1,835 trig, 1,125 trig+kin events)
  [1217/2989] nano_1217.root
         -> 2,912 vertices (3,077 trig, 1,768 trig+kin events)
  [1218/2989] nano_1218.root
         -> 3,090 vertices (3,072 trig, 1,830 trig+kin events)
  [1219/2989] nano_1219.root
         -> 2,892 vertices (3,146 trig, 1,850 trig+kin events)
  [1220/2989] nano_1220.root
         -> 1,790 vertices (1,711 trig, 1,022 trig+kin events)
  [1221/2989] nano_1221.root
         -> 1,850 vertices (1,815 trig, 1,062 trig+kin events)
  [1222/2989] nano_1222.root
         -> 1,882 vertices (1,921 trig, 1,128 trig+kin events)
  [1223/2989] nano_1223.root
         -> 2,234 vertices (2,319 trig, 1,372 trig+kin events)
  [1224/2989] nano_1224.root
         -> 3,222 vertices (3,154 trig, 1,858 trig+kin events)
  [1225/2989] nano_1225.root
         -> 3,423 vertices (3,104 trig, 1,845 trig+kin events)
  [1226/2989] nano_1226.root
         -> 1,830 vertices (1,863 trig, 1,114 trig+kin events)
  [1227/2989] nano_1227.root
         -> 2,989 vertices (3,136 trig, 1,867 trig+kin events)
  [1228/2989] nano_1228.root
         -> 2,139 vertices (2,164 trig, 1,275 trig+kin events)
  [1229/2989] nano_1229.root
         -> 1,591 vertices (1,614 trig, 982 trig+kin events)
  [1230/2989] nano_1230.root
         -> 1,709 vertices (1,711 trig, 1,008 trig+kin events)
  [1231/2989] nano_1231.root
         -> 3,127 vertices (3,045 trig, 1,842 trig+kin events)
  [1232/2989] nano_1232.root
         -> 1,899 vertices (1,996 trig, 1,183 trig+kin events)
  [1233/2989] nano_1233.root
         -> 392 vertices (427 trig, 256 trig+kin events)
  [1234/2989] nano_1234.root
         -> 2,089 vertices (1,922 trig, 1,172 trig+kin events)
  [1235/2989] nano_1235.root
         -> 1,793 vertices (1,696 trig, 1,024 trig+kin events)
  [1236/2989] nano_1236.root
         -> 2,970 vertices (3,146 trig, 1,867 trig+kin events)
  [1237/2989] nano_1237.root
         -> 2,100 vertices (1,970 trig, 1,185 trig+kin events)
  [1238/2989] nano_1238.root
         -> 1,966 vertices (1,938 trig, 1,146 trig+kin events)
  [1239/2989] nano_1239.root
         -> 2,171 vertices (1,997 trig, 1,208 trig+kin events)
  [1240/2989] nano_1240.root
         -> 1,896 vertices (1,729 trig, 1,056 trig+kin events)
  [1241/2989] nano_1241.root
         -> 2,381 vertices (2,376 trig, 1,400 trig+kin events)
  [1242/2989] nano_1242.root
         -> 1,850 vertices (1,979 trig, 1,124 trig+kin events)
  [1243/2989] nano_1243.root
         -> 1,002 vertices (963 trig, 554 trig+kin events)
  [1244/2989] nano_1244.root
         -> 2,620 vertices (2,579 trig, 1,534 trig+kin events)
  [1245/2989] nano_1245.root
         -> 1,659 vertices (1,731 trig, 1,019 trig+kin events)
  [1246/2989] nano_1246.root
         -> 3,561 vertices (3,258 trig, 1,971 trig+kin events)
  [1247/2989] nano_1247.root
         -> 1,549 vertices (1,652 trig, 948 trig+kin events)
  [1248/2989] nano_1248.root
         -> 1,925 vertices (1,866 trig, 1,109 trig+kin events)
  [1249/2989] nano_1249.root
         -> 2,472 vertices (2,455 trig, 1,442 trig+kin events)
  [1250/2989] nano_1250.root
         -> 2,395 vertices (2,403 trig, 1,456 trig+kin events)
  [1251/2989] nano_1251.root
         -> 2,999 vertices (3,129 trig, 1,849 trig+kin events)
  [1252/2989] nano_1252.root
         -> 2,817 vertices (3,059 trig, 1,806 trig+kin events)
  [1253/2989] nano_1253.root
         -> 1,926 vertices (1,908 trig, 1,140 trig+kin events)
  [1254/2989] nano_1254.root
         -> 2,338 vertices (2,287 trig, 1,356 trig+kin events)
  [1255/2989] nano_1255.root
         -> 1,809 vertices (1,614 trig, 946 trig+kin events)
  [1256/2989] nano_1256.root
         -> 3,147 vertices (3,096 trig, 1,836 trig+kin events)
  [1257/2989] nano_1257.root
         -> 3,091 vertices (3,150 trig, 1,875 trig+kin events)
  [1258/2989] nano_1258.root
         -> 2,212 vertices (2,153 trig, 1,333 trig+kin events)
  [1259/2989] nano_1259.root
         -> 1,875 vertices (1,857 trig, 1,109 trig+kin events)
  [1260/2989] nano_1260.root
         -> 1,750 vertices (1,860 trig, 1,070 trig+kin events)
  [1261/2989] nano_1261.root
         -> 3,198 vertices (3,155 trig, 1,842 trig+kin events)
  [1262/2989] nano_1262.root
         -> 3,298 vertices (3,210 trig, 1,904 trig+kin events)
  [1263/2989] nano_1263.root
         -> 3,013 vertices (3,056 trig, 1,781 trig+kin events)
  [1264/2989] nano_1264.root
         -> 3,210 vertices (3,194 trig, 1,900 trig+kin events)
  [1265/2989] nano_1265.root
         -> 1,918 vertices (1,986 trig, 1,164 trig+kin events)
  [1266/2989] nano_1266.root
         -> 2,411 vertices (2,300 trig, 1,355 trig+kin events)
  [1267/2989] nano_1267.root
         -> 1,744 vertices (1,852 trig, 1,106 trig+kin events)
  [1268/2989] nano_1268.root
         -> 3,181 vertices (3,184 trig, 1,923 trig+kin events)
  [1269/2989] nano_1269.root
         -> 1,692 vertices (1,685 trig, 999 trig+kin events)
  [1270/2989] nano_1270.root
         -> 3,303 vertices (3,150 trig, 1,897 trig+kin events)
  [1271/2989] nano_1271.root
         -> 3,040 vertices (3,039 trig, 1,776 trig+kin events)
  [1272/2989] nano_1272.root
         -> 2,182 vertices (2,090 trig, 1,247 trig+kin events)
  [1273/2989] nano_1273.root
         -> 3,048 vertices (3,104 trig, 1,872 trig+kin events)
  [1274/2989] nano_1274.root
         -> 3,283 vertices (3,230 trig, 1,950 trig+kin events)
  [1275/2989] nano_1275.root
         -> 3,354 vertices (3,239 trig, 1,914 trig+kin events)
  [1276/2989] nano_1276.root
         -> 3,126 vertices (3,135 trig, 1,843 trig+kin events)
  [1277/2989] nano_1277.root
         -> 1,823 vertices (1,728 trig, 1,028 trig+kin events)
  [1278/2989] nano_1278.root
         -> 2,163 vertices (2,112 trig, 1,245 trig+kin events)
  [1279/2989] nano_1279.root
         -> 2,034 vertices (2,014 trig, 1,179 trig+kin events)
  [1280/2989] nano_1280.root
         -> 2,349 vertices (2,578 trig, 1,486 trig+kin events)
  [1281/2989] nano_1281.root
         -> 1,026 vertices (1,075 trig, 640 trig+kin events)
  [1282/2989] nano_1282.root
         -> 3,204 vertices (3,080 trig, 1,830 trig+kin events)
  [1283/2989] nano_1283.root
         -> 430 vertices (454 trig, 255 trig+kin events)
  [1284/2989] nano_1284.root
         -> 1,845 vertices (1,796 trig, 1,065 trig+kin events)
  [1285/2989] nano_1285.root
         -> 3,277 vertices (3,206 trig, 1,860 trig+kin events)
  [1286/2989] nano_1286.root
         -> 2,216 vertices (2,077 trig, 1,241 trig+kin events)
  [1287/2989] nano_1287.root
         -> 2,772 vertices (2,601 trig, 1,576 trig+kin events)
  [1288/2989] nano_1288.root
         -> 1,643 vertices (1,721 trig, 1,043 trig+kin events)
  [1289/2989] nano_1289.root
         -> 1,653 vertices (1,621 trig, 950 trig+kin events)
  [1290/2989] nano_1290.root
         -> 3,192 vertices (3,155 trig, 1,908 trig+kin events)
  [1291/2989] nano_1291.root
         -> 1,963 vertices (1,852 trig, 1,116 trig+kin events)
  [1292/2989] nano_1292.root
         -> 2,962 vertices (3,113 trig, 1,812 trig+kin events)
  [1293/2989] nano_1293.root
         -> 3,242 vertices (3,084 trig, 1,855 trig+kin events)
  [1294/2989] nano_1294.root
         -> 2,611 vertices (2,653 trig, 1,561 trig+kin events)
  [1295/2989] nano_1295.root
         -> 3,164 vertices (3,185 trig, 1,900 trig+kin events)
  [1296/2989] nano_1296.root
         -> 1,783 vertices (1,699 trig, 985 trig+kin events)
  [1297/2989] nano_1297.root
         -> 3,081 vertices (3,141 trig, 1,869 trig+kin events)
  [1298/2989] nano_1298.root
         -> 1,382 vertices (1,506 trig, 869 trig+kin events)
  [1299/2989] nano_1299.root
         -> 1,879 vertices (1,691 trig, 1,025 trig+kin events)
  [1300/2989] nano_1300.root
         -> 3,148 vertices (3,145 trig, 1,835 trig+kin events)
  [1301/2989] nano_1301.root
         -> 2,005 vertices (2,091 trig, 1,246 trig+kin events)
  [1302/2989] nano_1302.root
         -> 1,706 vertices (1,786 trig, 995 trig+kin events)
  [1303/2989] nano_1303.root
         -> 3,044 vertices (3,079 trig, 1,806 trig+kin events)
  [1304/2989] nano_1304.root
         -> 3,077 vertices (3,141 trig, 1,887 trig+kin events)
  [1305/2989] nano_1305.root
         -> 3,238 vertices (3,152 trig, 1,912 trig+kin events)
  [1306/2989] nano_1306.root
         -> 3,222 vertices (3,009 trig, 1,773 trig+kin events)
  [1307/2989] nano_1307.root
         -> 1,820 vertices (1,902 trig, 1,119 trig+kin events)
  [1308/2989] nano_1308.root
         -> 2,120 vertices (1,950 trig, 1,174 trig+kin events)
  [1309/2989] nano_1309.root
         -> 3,144 vertices (3,149 trig, 1,870 trig+kin events)
  [1310/2989] nano_1310.root
         -> 2,923 vertices (3,060 trig, 1,778 trig+kin events)
  [1311/2989] nano_1311.root
         -> 1,713 vertices (1,607 trig, 965 trig+kin events)
  [1312/2989] nano_1312.root
         -> 3,259 vertices (3,147 trig, 1,858 trig+kin events)
  [1313/2989] nano_1313.root
         -> 1,998 vertices (2,096 trig, 1,185 trig+kin events)
  [1314/2989] nano_1314.root
         -> 1,705 vertices (1,560 trig, 946 trig+kin events)
  [1315/2989] nano_1315.root
         -> 1,486 vertices (1,589 trig, 920 trig+kin events)
  [1316/2989] nano_1316.root
         -> 3,155 vertices (3,126 trig, 1,833 trig+kin events)
  [1317/2989] nano_1317.root
         -> 1,994 vertices (1,878 trig, 1,096 trig+kin events)
  [1318/2989] nano_1318.root
         -> 1,449 vertices (1,333 trig, 828 trig+kin events)
  [1319/2989] nano_1319.root
         -> 3,120 vertices (3,114 trig, 1,815 trig+kin events)
  [1320/2989] nano_1320.root
         -> 2,070 vertices (1,900 trig, 1,173 trig+kin events)
  [1321/2989] nano_1321.root
         -> 1,913 vertices (1,869 trig, 1,101 trig+kin events)
  [1322/2989] nano_1322.root
         -> 3,057 vertices (3,115 trig, 1,844 trig+kin events)
  [1323/2989] nano_1323.root
         -> 3,259 vertices (3,117 trig, 1,891 trig+kin events)
  [1324/2989] nano_1324.root
         -> 3,214 vertices (3,007 trig, 1,844 trig+kin events)
  [1325/2989] nano_1325.root
         -> 3,337 vertices (3,124 trig, 1,894 trig+kin events)
  [1326/2989] nano_1326.root
         -> 3,209 vertices (3,091 trig, 1,842 trig+kin events)
  [1327/2989] nano_1327.root
         -> 3,168 vertices (3,180 trig, 1,870 trig+kin events)
  [1328/2989] nano_1328.root
         -> 1,597 vertices (1,591 trig, 927 trig+kin events)
  [1329/2989] nano_1329.root
         -> 3,207 vertices (3,126 trig, 1,849 trig+kin events)
  [1330/2989] nano_1330.root
         -> 3,276 vertices (3,240 trig, 1,964 trig+kin events)
  [1331/2989] nano_1331.root
         -> 1,792 vertices (1,820 trig, 1,076 trig+kin events)
  [1332/2989] nano_1332.root
         -> 2,071 vertices (2,102 trig, 1,212 trig+kin events)
  [1333/2989] nano_1333.root
         -> 3,096 vertices (3,170 trig, 1,850 trig+kin events)
  [1334/2989] nano_1334.root
         -> 172 vertices (135 trig, 86 trig+kin events)
  [1335/2989] nano_1335.root
         -> 2,029 vertices (2,062 trig, 1,204 trig+kin events)
  [1336/2989] nano_1336.root
         -> 3,043 vertices (3,154 trig, 1,897 trig+kin events)
  [1337/2989] nano_1337.root
         -> 3,212 vertices (3,150 trig, 1,894 trig+kin events)
  [1338/2989] nano_1338.root
         -> 3,424 vertices (3,115 trig, 1,899 trig+kin events)
  [1339/2989] nano_1339.root
         -> 2,226 vertices (2,398 trig, 1,367 trig+kin events)
  [1340/2989] nano_1340.root
         -> 847 vertices (827 trig, 512 trig+kin events)
  [1341/2989] nano_1341.root
         -> 1,683 vertices (1,623 trig, 964 trig+kin events)
  [1342/2989] nano_1342.root
         -> 1,637 vertices (1,664 trig, 1,012 trig+kin events)
  [1343/2989] nano_1343.root
         -> 3,130 vertices (3,197 trig, 1,843 trig+kin events)
  [1344/2989] nano_1344.root
         -> 3,385 vertices (3,115 trig, 1,889 trig+kin events)
  [1345/2989] nano_1345.root
         -> 2,137 vertices (1,970 trig, 1,206 trig+kin events)
  [1346/2989] nano_1346.root
         -> 2,482 vertices (2,311 trig, 1,419 trig+kin events)
  [1347/2989] nano_1347.root
         -> 2,666 vertices (2,594 trig, 1,527 trig+kin events)
  [1348/2989] nano_1348.root
         -> 2,346 vertices (2,396 trig, 1,402 trig+kin events)
  [1349/2989] nano_1349.root
         -> 2,818 vertices (2,843 trig, 1,670 trig+kin events)
  [1350/2989] nano_1350.root
         -> 1,694 vertices (1,683 trig, 1,001 trig+kin events)
  [1351/2989] nano_1351.root
         -> 3,044 vertices (3,101 trig, 1,822 trig+kin events)
  [1352/2989] nano_1352.root
         -> 1,867 vertices (1,970 trig, 1,147 trig+kin events)
  [1353/2989] nano_1353.root
         -> 3,081 vertices (3,066 trig, 1,806 trig+kin events)
  [1354/2989] nano_1354.root
         -> 3,108 vertices (3,054 trig, 1,817 trig+kin events)
  [1355/2989] nano_1355.root
         -> 3,149 vertices (3,119 trig, 1,823 trig+kin events)
  [1356/2989] nano_1356.root
         -> 3,173 vertices (3,168 trig, 1,895 trig+kin events)
  [1357/2989] nano_1357.root
         -> 2,109 vertices (2,021 trig, 1,215 trig+kin events)
  [1358/2989] nano_1358.root
         -> 3,176 vertices (3,086 trig, 1,821 trig+kin events)
  [1359/2989] nano_1359.root
         -> 3,053 vertices (3,128 trig, 1,819 trig+kin events)
  [1360/2989] nano_1360.root
         -> 2,561 vertices (2,585 trig, 1,535 trig+kin events)
  [1361/2989] nano_1361.root
         -> 3,041 vertices (3,035 trig, 1,781 trig+kin events)
  [1362/2989] nano_1362.root
         -> 3,092 vertices (3,167 trig, 1,944 trig+kin events)
  [1363/2989] nano_1363.root
         -> 1,825 vertices (1,787 trig, 1,065 trig+kin events)
  [1364/2989] nano_1364.root
         -> 3,013 vertices (3,087 trig, 1,846 trig+kin events)
  [1365/2989] nano_1365.root
         -> 3,158 vertices (3,088 trig, 1,793 trig+kin events)
  [1366/2989] nano_1366.root
         -> 3,178 vertices (3,079 trig, 1,809 trig+kin events)
  [1367/2989] nano_1367.root
         -> 1,820 vertices (1,920 trig, 1,138 trig+kin events)
  [1368/2989] nano_1368.root
         -> 2,987 vertices (2,658 trig, 1,622 trig+kin events)
  [1369/2989] nano_1369.root
         -> 3,200 vertices (3,197 trig, 1,876 trig+kin events)
  [1370/2989] nano_1370.root
         -> 2,494 vertices (2,301 trig, 1,387 trig+kin events)
  [1371/2989] nano_1371.root
         -> 1,879 vertices (1,764 trig, 1,084 trig+kin events)
  [1372/2989] nano_1372.root
         -> 272 vertices (262 trig, 158 trig+kin events)
  [1373/2989] nano_1373.root
         -> 1,599 vertices (1,598 trig, 963 trig+kin events)
  [1374/2989] nano_1374.root
         -> 2,175 vertices (2,234 trig, 1,340 trig+kin events)
  [1375/2989] nano_1375.root
         -> 3,385 vertices (3,230 trig, 1,893 trig+kin events)
  [1376/2989] nano_1376.root
         -> 1,827 vertices (1,834 trig, 1,100 trig+kin events)
  [1377/2989] nano_1377.root
         -> 1,983 vertices (1,871 trig, 1,100 trig+kin events)
  [1378/2989] nano_1378.root
         -> 2,968 vertices (3,176 trig, 1,836 trig+kin events)
  [1379/2989] nano_1379.root
         -> 2,776 vertices (2,810 trig, 1,683 trig+kin events)
  [1380/2989] nano_1380.root
         -> 2,661 vertices (2,598 trig, 1,565 trig+kin events)
  [1381/2989] nano_1381.root
         -> 1,845 vertices (1,989 trig, 1,183 trig+kin events)
  [1382/2989] nano_1382.root
         -> 1,693 vertices (1,644 trig, 995 trig+kin events)
  [1383/2989] nano_1383.root
         -> 3,021 vertices (3,109 trig, 1,863 trig+kin events)
  [1384/2989] nano_1384.root
         -> 3,025 vertices (3,023 trig, 1,753 trig+kin events)
  [1385/2989] nano_1385.root
         -> 3,080 vertices (3,104 trig, 1,816 trig+kin events)
  [1386/2989] nano_1386.root
         -> 2,398 vertices (2,557 trig, 1,447 trig+kin events)
  [1387/2989] nano_1387.root
         -> 3,000 vertices (3,234 trig, 1,972 trig+kin events)
  [1388/2989] nano_1388.root
         -> 3,148 vertices (3,142 trig, 1,867 trig+kin events)
  [1389/2989] nano_1389.root
         -> 2,137 vertices (2,200 trig, 1,291 trig+kin events)
  [1390/2989] nano_1390.root
         -> 1,836 vertices (1,803 trig, 1,058 trig+kin events)
  [1391/2989] nano_1391.root
         -> 2,896 vertices (2,944 trig, 1,765 trig+kin events)
  [1392/2989] nano_1392.root
         -> 3,296 vertices (3,255 trig, 1,976 trig+kin events)
  [1393/2989] nano_1393.root
         -> 2,511 vertices (2,424 trig, 1,432 trig+kin events)
  [1394/2989] nano_1394.root
         -> 3,045 vertices (3,154 trig, 1,821 trig+kin events)
  [1395/2989] nano_1395.root
         -> 3,184 vertices (3,224 trig, 1,917 trig+kin events)
  [1396/2989] nano_1396.root
         -> 1,757 vertices (1,757 trig, 1,043 trig+kin events)
  [1397/2989] nano_1397.root
         -> 3,121 vertices (3,158 trig, 1,822 trig+kin events)
  [1398/2989] nano_1398.root
         -> 3,225 vertices (3,076 trig, 1,809 trig+kin events)
  [1399/2989] nano_1399.root
         -> 1,754 vertices (1,881 trig, 1,105 trig+kin events)
  [1400/2989] nano_1400.root
         -> 1,582 vertices (1,589 trig, 955 trig+kin events)
  [1401/2989] nano_1401.root
         -> 3,098 vertices (3,081 trig, 1,812 trig+kin events)
  [1402/2989] nano_1402.root
         -> 3,088 vertices (3,134 trig, 1,869 trig+kin events)
  [1403/2989] nano_1403.root
         -> 3,170 vertices (3,047 trig, 1,813 trig+kin events)
  [1404/2989] nano_1404.root
         -> 3,042 vertices (3,084 trig, 1,850 trig+kin events)
  [1405/2989] nano_1405.root
         -> 2,254 vertices (2,273 trig, 1,328 trig+kin events)
  [1406/2989] nano_1406.root
         -> 3,397 vertices (3,176 trig, 1,887 trig+kin events)
  [1407/2989] nano_1407.root
         -> 1,851 vertices (1,714 trig, 1,014 trig+kin events)
  [1408/2989] nano_1408.root
         -> 3,089 vertices (3,106 trig, 1,883 trig+kin events)
  [1409/2989] nano_1409.root
         -> 2,054 vertices (2,038 trig, 1,183 trig+kin events)
  [1410/2989] nano_1410.root
         -> 2,038 vertices (2,047 trig, 1,215 trig+kin events)
  [1411/2989] nano_1411.root
         -> 2,559 vertices (2,494 trig, 1,489 trig+kin events)
  [1412/2989] nano_1412.root
         -> 3,186 vertices (3,203 trig, 1,882 trig+kin events)
  [1413/2989] nano_1413.root
         -> 3,062 vertices (3,096 trig, 1,831 trig+kin events)
  [1414/2989] nano_1414.root
         -> 2,413 vertices (2,403 trig, 1,427 trig+kin events)
  [1415/2989] nano_1415.root
         -> 1,624 vertices (1,648 trig, 965 trig+kin events)
  [1416/2989] nano_1416.root
         -> 2,978 vertices (3,080 trig, 1,837 trig+kin events)
  [1417/2989] nano_1417.root
         -> 3,201 vertices (3,087 trig, 1,839 trig+kin events)
  [1418/2989] nano_1418.root
         -> 3,101 vertices (3,214 trig, 1,938 trig+kin events)
  [1419/2989] nano_1419.root
         -> 3,129 vertices (3,086 trig, 1,886 trig+kin events)
  [1420/2989] nano_1420.root
         -> 1,660 vertices (1,734 trig, 991 trig+kin events)
  [1421/2989] nano_1421.root
         -> 2,126 vertices (2,059 trig, 1,231 trig+kin events)
  [1422/2989] nano_1422.root
         -> 1,645 vertices (1,594 trig, 977 trig+kin events)
  [1423/2989] nano_1423.root
         -> 2,013 vertices (2,008 trig, 1,207 trig+kin events)
  [1424/2989] nano_1424.root
         -> 1,753 vertices (1,807 trig, 1,063 trig+kin events)
  [1425/2989] nano_1425.root
         -> 3,302 vertices (3,172 trig, 1,877 trig+kin events)
  [1426/2989] nano_1426.root
         -> 3,094 vertices (3,096 trig, 1,800 trig+kin events)
  [1427/2989] nano_1427.root
         -> 50 vertices (58 trig, 30 trig+kin events)
  [1428/2989] nano_1428.root
         -> 1,958 vertices (1,803 trig, 1,070 trig+kin events)
  [1429/2989] nano_1429.root
         -> 3,083 vertices (3,032 trig, 1,820 trig+kin events)
  [1430/2989] nano_1430.root
         -> 321 vertices (265 trig, 166 trig+kin events)
  [1431/2989] nano_1431.root
         -> 2,586 vertices (2,497 trig, 1,468 trig+kin events)
  [1432/2989] nano_1432.root
         -> 1,872 vertices (1,864 trig, 1,114 trig+kin events)
  [1433/2989] nano_1433.root
         -> 2,267 vertices (2,376 trig, 1,413 trig+kin events)
  [1434/2989] nano_1434.root
         -> 3,181 vertices (3,141 trig, 1,822 trig+kin events)
  [1435/2989] nano_1435.root
         -> 1,475 vertices (1,594 trig, 910 trig+kin events)
  [1436/2989] nano_1436.root
         -> 3,355 vertices (3,190 trig, 1,876 trig+kin events)
  [1437/2989] nano_1437.root
         -> 3,297 vertices (3,222 trig, 1,904 trig+kin events)
  [1438/2989] nano_1438.root
         -> 3,118 vertices (3,154 trig, 1,839 trig+kin events)
  [1439/2989] nano_1439.root
         -> 2,268 vertices (2,286 trig, 1,360 trig+kin events)
  [1440/2989] nano_1440.root
         -> 2,068 vertices (2,060 trig, 1,223 trig+kin events)
  [1441/2989] nano_1441.root
         -> 2,783 vertices (2,866 trig, 1,682 trig+kin events)
  [1442/2989] nano_1442.root
         -> 1,665 vertices (1,621 trig, 984 trig+kin events)
  [1443/2989] nano_1443.root
         -> 3,151 vertices (2,879 trig, 1,754 trig+kin events)
  [1444/2989] nano_1444.root
         -> 2,837 vertices (3,041 trig, 1,761 trig+kin events)
  [1445/2989] nano_1445.root
         -> 1,823 vertices (1,718 trig, 1,003 trig+kin events)
  [1446/2989] nano_1446.root
         -> 1,452 vertices (1,538 trig, 898 trig+kin events)
  [1447/2989] nano_1447.root
         -> 3,093 vertices (3,072 trig, 1,828 trig+kin events)
  [1448/2989] nano_1448.root
         -> 2,785 vertices (2,717 trig, 1,592 trig+kin events)
  [1449/2989] nano_1449.root
         -> 359 vertices (314 trig, 202 trig+kin events)
  [1450/2989] nano_1450.root
         -> 2,997 vertices (3,105 trig, 1,822 trig+kin events)
  [1451/2989] nano_1451.root
         -> 3,193 vertices (3,051 trig, 1,821 trig+kin events)
  [1452/2989] nano_1452.root
         -> 1,694 vertices (1,749 trig, 1,030 trig+kin events)
  [1453/2989] nano_1453.root
         -> 1,746 vertices (1,746 trig, 1,011 trig+kin events)
  [1454/2989] nano_1454.root
         -> 2,281 vertices (2,144 trig, 1,280 trig+kin events)
  [1455/2989] nano_1455.root
         -> 3,086 vertices (3,127 trig, 1,841 trig+kin events)
  [1456/2989] nano_1456.root
         -> 1,721 vertices (1,843 trig, 1,046 trig+kin events)
  [1457/2989] nano_1457.root
         -> 3,204 vertices (3,190 trig, 1,916 trig+kin events)
  [1458/2989] nano_1458.root
         -> 1,705 vertices (1,678 trig, 1,003 trig+kin events)
  [1459/2989] nano_1459.root
         -> 2,558 vertices (2,513 trig, 1,459 trig+kin events)
  [1460/2989] nano_1460.root
         -> 3,088 vertices (3,174 trig, 1,867 trig+kin events)
  [1461/2989] nano_1461.root
         -> 1,848 vertices (1,918 trig, 1,136 trig+kin events)
  [1462/2989] nano_1462.root
         -> 1,694 vertices (1,642 trig, 952 trig+kin events)
  [1463/2989] nano_1463.root
         -> 1,846 vertices (1,838 trig, 1,058 trig+kin events)
  [1464/2989] nano_1464.root
         -> 1,953 vertices (1,788 trig, 1,075 trig+kin events)
  [1465/2989] nano_1465.root
         -> 2,980 vertices (3,134 trig, 1,858 trig+kin events)
  [1466/2989] nano_1466.root
         -> 3,083 vertices (3,147 trig, 1,859 trig+kin events)
  [1467/2989] nano_1467.root
         -> 2,036 vertices (2,069 trig, 1,196 trig+kin events)
  [1468/2989] nano_1468.root
         -> 2,101 vertices (1,939 trig, 1,165 trig+kin events)
  [1469/2989] nano_1469.root
         -> 3,131 vertices (3,109 trig, 1,864 trig+kin events)
  [1470/2989] nano_1470.root
         -> 3,066 vertices (3,150 trig, 1,882 trig+kin events)
  [1471/2989] nano_1471.root
         -> 2,970 vertices (3,076 trig, 1,819 trig+kin events)
  [1472/2989] nano_1472.root
         -> 1,630 vertices (1,627 trig, 973 trig+kin events)
  [1473/2989] nano_1473.root
         -> 2,952 vertices (3,080 trig, 1,802 trig+kin events)
  [1474/2989] nano_1474.root
         -> 2,591 vertices (2,624 trig, 1,546 trig+kin events)
  [1475/2989] nano_1475.root
         -> 3,332 vertices (3,105 trig, 1,856 trig+kin events)
  [1476/2989] nano_1476.root
         -> 3,095 vertices (3,156 trig, 1,851 trig+kin events)
  [1477/2989] nano_1477.root
         -> 2,991 vertices (3,111 trig, 1,834 trig+kin events)
  [1478/2989] nano_1478.root
         -> 3,116 vertices (2,996 trig, 1,777 trig+kin events)
  [1479/2989] nano_1479.root
         -> 3,062 vertices (3,094 trig, 1,826 trig+kin events)
  [1480/2989] nano_1480.root
         -> 3,123 vertices (3,058 trig, 1,829 trig+kin events)
  [1481/2989] nano_1481.root
         -> 3,075 vertices (2,965 trig, 1,783 trig+kin events)
  [1482/2989] nano_1482.root
         -> 3,200 vertices (3,024 trig, 1,846 trig+kin events)
  [1483/2989] nano_1483.root
         -> 1,969 vertices (1,989 trig, 1,175 trig+kin events)
  [1484/2989] nano_1484.root
         -> 1,745 vertices (1,830 trig, 1,071 trig+kin events)
  [1485/2989] nano_1485.root
         -> 2,962 vertices (3,154 trig, 1,885 trig+kin events)
  [1486/2989] nano_1486.root
         -> 3,118 vertices (3,168 trig, 1,852 trig+kin events)
  [1487/2989] nano_1487.root
         -> 3,085 vertices (3,065 trig, 1,749 trig+kin events)
  [1488/2989] nano_1488.root
         -> 3,173 vertices (3,028 trig, 1,818 trig+kin events)
  [1489/2989] nano_1489.root
         -> 1,976 vertices (2,051 trig, 1,191 trig+kin events)
  [1490/2989] nano_1490.root
         -> 1,477 vertices (1,587 trig, 923 trig+kin events)
  [1491/2989] nano_1491.root
         -> 3,041 vertices (3,118 trig, 1,822 trig+kin events)
  [1492/2989] nano_1492.root
         -> 3,139 vertices (3,071 trig, 1,837 trig+kin events)
  [1493/2989] nano_1493.root
         -> 2,980 vertices (3,088 trig, 1,805 trig+kin events)
  [1494/2989] nano_1494.root
         -> 3,029 vertices (3,131 trig, 1,833 trig+kin events)
  [1495/2989] nano_1495.root
         -> 3,385 vertices (3,135 trig, 1,875 trig+kin events)
  [1496/2989] nano_1496.root
         -> 2,309 vertices (2,208 trig, 1,311 trig+kin events)
  [1497/2989] nano_1497.root
         -> 3,200 vertices (3,150 trig, 1,893 trig+kin events)
  [1498/2989] nano_1498.root
         -> 3,170 vertices (3,187 trig, 1,832 trig+kin events)
  [1499/2989] nano_1499.root
         -> 2,611 vertices (2,631 trig, 1,553 trig+kin events)
  [1500/2989] nano_1500.root
         -> 1,877 vertices (1,800 trig, 1,068 trig+kin events)
  [1501/2989] nano_1501.root
         -> 2,137 vertices (1,995 trig, 1,174 trig+kin events)
  [1502/2989] nano_1502.root
         -> 1,976 vertices (1,931 trig, 1,160 trig+kin events)
  [1503/2989] nano_1503.root
         -> 2,775 vertices (2,719 trig, 1,588 trig+kin events)
  [1504/2989] nano_1504.root
         -> 2,224 vertices (2,194 trig, 1,334 trig+kin events)
  [1505/2989] nano_1505.root
         -> 3,290 vertices (3,175 trig, 1,934 trig+kin events)
  [1506/2989] nano_1506.root
         -> 3,210 vertices (3,205 trig, 1,905 trig+kin events)
  [1507/2989] nano_1507.root
         -> 1,812 vertices (1,850 trig, 1,103 trig+kin events)
  [1508/2989] nano_1508.root
         -> 3,333 vertices (3,167 trig, 1,927 trig+kin events)
  [1509/2989] nano_1509.root
         -> 3,180 vertices (3,097 trig, 1,848 trig+kin events)
  [1510/2989] nano_1510.root
         -> 3,219 vertices (3,094 trig, 1,866 trig+kin events)
  [1511/2989] nano_1511.root
         -> 3,031 vertices (3,184 trig, 1,846 trig+kin events)
  [1512/2989] nano_1512.root
         -> 3,139 vertices (3,138 trig, 1,852 trig+kin events)
  [1513/2989] nano_1513.root
         -> 3,268 vertices (3,089 trig, 1,838 trig+kin events)
  [1514/2989] nano_1514.root
         -> 2,650 vertices (2,752 trig, 1,626 trig+kin events)
  [1515/2989] nano_1515.root
         -> 1,764 vertices (1,714 trig, 1,028 trig+kin events)
  [1516/2989] nano_1516.root
         -> 1,629 vertices (1,581 trig, 952 trig+kin events)
  [1517/2989] nano_1517.root
         -> 3,207 vertices (3,125 trig, 1,860 trig+kin events)
  [1518/2989] nano_1518.root
         -> 2,479 vertices (2,520 trig, 1,533 trig+kin events)
  [1519/2989] nano_1519.root
         -> 2,346 vertices (2,505 trig, 1,469 trig+kin events)
  [1520/2989] nano_1520.root
         -> 3,022 vertices (3,090 trig, 1,825 trig+kin events)
  [1521/2989] nano_1521.root
         -> 3,118 vertices (3,045 trig, 1,777 trig+kin events)
  [1522/2989] nano_1522.root
         -> 2,036 vertices (2,111 trig, 1,231 trig+kin events)
  [1523/2989] nano_1523.root
         -> 2,004 vertices (1,988 trig, 1,166 trig+kin events)
  [1524/2989] nano_1524.root
         -> 2,840 vertices (2,732 trig, 1,639 trig+kin events)
  [1525/2989] nano_1525.root
         -> 2,919 vertices (2,802 trig, 1,655 trig+kin events)
  [1526/2989] nano_1526.root
         -> 2,612 vertices (2,652 trig, 1,553 trig+kin events)
  [1527/2989] nano_1527.root
         -> 2,603 vertices (2,517 trig, 1,485 trig+kin events)
  [1528/2989] nano_1528.root
         -> 1,870 vertices (1,741 trig, 1,064 trig+kin events)
  [1529/2989] nano_1529.root
         -> 3,119 vertices (3,112 trig, 1,790 trig+kin events)
  [1530/2989] nano_1530.root
         -> 1,812 vertices (1,754 trig, 1,056 trig+kin events)
  [1531/2989] nano_1531.root
         -> 3,380 vertices (3,045 trig, 1,783 trig+kin events)
  [1532/2989] nano_1532.root
         -> 3,392 vertices (3,175 trig, 1,881 trig+kin events)
  [1533/2989] nano_1533.root
         -> 2,296 vertices (2,239 trig, 1,330 trig+kin events)
  [1534/2989] nano_1534.root
         -> 3,242 vertices (3,167 trig, 1,875 trig+kin events)
  [1535/2989] nano_1535.root
         -> 3,190 vertices (3,130 trig, 1,882 trig+kin events)
  [1536/2989] nano_1536.root
         -> 2,040 vertices (2,075 trig, 1,243 trig+kin events)
  [1537/2989] nano_1537.root
         -> 1,971 vertices (2,019 trig, 1,216 trig+kin events)
  [1538/2989] nano_1538.root
         -> 1,709 vertices (1,873 trig, 1,104 trig+kin events)
  [1539/2989] nano_1539.root
         -> 3,188 vertices (3,103 trig, 1,816 trig+kin events)
  [1540/2989] nano_1540.root
         -> 3,273 vertices (3,169 trig, 1,872 trig+kin events)
  [1541/2989] nano_1541.root
         -> 2,886 vertices (3,030 trig, 1,766 trig+kin events)
  [1542/2989] nano_1542.root
         -> 1,537 vertices (1,590 trig, 887 trig+kin events)
  [1543/2989] nano_1543.root
         -> 3,243 vertices (3,121 trig, 1,855 trig+kin events)
  [1544/2989] nano_1544.root
         -> 2,016 vertices (1,959 trig, 1,148 trig+kin events)
  [1545/2989] nano_1545.root
         -> 3,338 vertices (3,146 trig, 1,885 trig+kin events)
  [1546/2989] nano_1546.root
         -> 1,818 vertices (1,876 trig, 1,141 trig+kin events)
  [1547/2989] nano_1547.root
         -> 3,022 vertices (3,187 trig, 1,882 trig+kin events)
  [1548/2989] nano_1548.root
         -> 3,371 vertices (3,137 trig, 1,853 trig+kin events)
  [1549/2989] nano_1549.root
         -> 3,261 vertices (3,132 trig, 1,868 trig+kin events)
  [1550/2989] nano_1550.root
         -> 2,180 vertices (1,976 trig, 1,179 trig+kin events)
  [1551/2989] nano_1551.root
         -> 1,522 vertices (1,705 trig, 1,001 trig+kin events)
  [1552/2989] nano_1552.root
         -> 3,020 vertices (3,094 trig, 1,846 trig+kin events)
  [1553/2989] nano_1553.root
         -> 2,117 vertices (1,960 trig, 1,169 trig+kin events)
  [1554/2989] nano_1554.root
         -> 1,746 vertices (1,680 trig, 1,000 trig+kin events)
  [1555/2989] nano_1555.root
         -> 3,325 vertices (3,127 trig, 1,884 trig+kin events)
  [1556/2989] nano_1556.root
         -> 1,985 vertices (2,155 trig, 1,263 trig+kin events)
  [1557/2989] nano_1557.root
         -> 3,362 vertices (3,172 trig, 1,858 trig+kin events)
  [1558/2989] nano_1558.root
         -> 1,670 vertices (1,596 trig, 957 trig+kin events)
  [1559/2989] nano_1559.root
         -> 1,888 vertices (1,839 trig, 1,104 trig+kin events)
  [1560/2989] nano_1560.root
         -> 3,049 vertices (3,148 trig, 1,835 trig+kin events)
  [1561/2989] nano_1561.root
         -> 2,967 vertices (3,137 trig, 1,842 trig+kin events)
  [1562/2989] nano_1562.root
         -> 2,229 vertices (2,064 trig, 1,220 trig+kin events)
  [1563/2989] nano_1563.root
         -> 2,915 vertices (2,702 trig, 1,628 trig+kin events)
  [1564/2989] nano_1564.root
         -> 3,251 vertices (3,192 trig, 1,933 trig+kin events)
  [1565/2989] nano_1565.root
         -> 2,438 vertices (2,419 trig, 1,452 trig+kin events)
  [1566/2989] nano_1566.root
         -> 422 vertices (396 trig, 245 trig+kin events)
  [1567/2989] nano_1567.root
         -> 3,088 vertices (3,066 trig, 1,806 trig+kin events)
  [1568/2989] nano_1568.root
         -> 3,066 vertices (3,134 trig, 1,882 trig+kin events)
  [1569/2989] nano_1569.root
         -> 1,600 vertices (1,687 trig, 1,028 trig+kin events)
  [1570/2989] nano_1570.root
         -> 1,814 vertices (1,847 trig, 1,104 trig+kin events)
  [1571/2989] nano_1571.root
         -> 2,080 vertices (1,944 trig, 1,153 trig+kin events)
  [1572/2989] nano_1572.root
         -> 2,280 vertices (2,265 trig, 1,366 trig+kin events)
  [1573/2989] nano_1573.root
         -> 2,163 vertices (2,162 trig, 1,335 trig+kin events)
  [1574/2989] nano_1574.root
         -> 3,147 vertices (3,072 trig, 1,850 trig+kin events)
  [1575/2989] nano_1575.root
         -> 3,147 vertices (3,131 trig, 1,914 trig+kin events)
  [1576/2989] nano_1576.root
         -> 2,012 vertices (1,974 trig, 1,178 trig+kin events)
  [1577/2989] nano_1577.root
         -> 3,259 vertices (3,143 trig, 1,859 trig+kin events)
  [1578/2989] nano_1578.root
         -> 3,156 vertices (3,075 trig, 1,839 trig+kin events)
  [1579/2989] nano_1579.root
         -> 3,293 vertices (3,125 trig, 1,825 trig+kin events)
  [1580/2989] nano_1580.root
         -> 3,103 vertices (3,032 trig, 1,845 trig+kin events)
  [1581/2989] nano_1581.root
         -> 3,081 vertices (3,125 trig, 1,823 trig+kin events)
  [1582/2989] nano_1582.root
         -> 3,181 vertices (3,101 trig, 1,821 trig+kin events)
  [1583/2989] nano_1583.root
         -> 1,823 vertices (1,903 trig, 1,158 trig+kin events)
  [1584/2989] nano_1584.root
         -> 1,934 vertices (2,028 trig, 1,179 trig+kin events)
  [1585/2989] nano_1585.root
         -> 3,153 vertices (3,154 trig, 1,878 trig+kin events)
  [1586/2989] nano_1586.root
         -> 2,316 vertices (2,166 trig, 1,298 trig+kin events)
  [1587/2989] nano_1587.root
         -> 3,281 vertices (3,180 trig, 1,898 trig+kin events)
  [1588/2989] nano_1588.root
         -> 2,860 vertices (2,745 trig, 1,663 trig+kin events)
  [1589/2989] nano_1589.root
         -> 1,778 vertices (1,895 trig, 1,113 trig+kin events)
  [1590/2989] nano_1590.root
         -> 2,372 vertices (2,433 trig, 1,396 trig+kin events)
  [1591/2989] nano_1591.root
         -> 3,073 vertices (3,126 trig, 1,872 trig+kin events)
  [1592/2989] nano_1592.root
         -> 1,507 vertices (1,573 trig, 948 trig+kin events)
  [1593/2989] nano_1593.root
         -> 1,891 vertices (1,906 trig, 1,158 trig+kin events)
  [1594/2989] nano_1594.root
         -> 3,253 vertices (3,106 trig, 1,765 trig+kin events)
  [1595/2989] nano_1595.root
         -> 3,001 vertices (3,180 trig, 1,881 trig+kin events)
  [1596/2989] nano_1596.root
         -> 3,183 vertices (3,113 trig, 1,865 trig+kin events)
  [1597/2989] nano_1597.root
         -> 1,466 vertices (1,476 trig, 903 trig+kin events)
  [1598/2989] nano_1598.root
         -> 1,650 vertices (1,584 trig, 922 trig+kin events)
  [1599/2989] nano_1599.root
         -> 1,976 vertices (1,907 trig, 1,110 trig+kin events)
  [1600/2989] nano_1600.root
         -> 1,981 vertices (1,926 trig, 1,137 trig+kin events)
  [1601/2989] nano_1601.root
         -> 2,994 vertices (3,116 trig, 1,789 trig+kin events)
  [1602/2989] nano_1602.root
         -> 3,062 vertices (3,147 trig, 1,858 trig+kin events)
  [1603/2989] nano_1603.root
         -> 2,139 vertices (2,233 trig, 1,311 trig+kin events)
  [1604/2989] nano_1604.root
         -> 3,166 vertices (3,147 trig, 1,871 trig+kin events)
  [1605/2989] nano_1605.root
         -> 1,758 vertices (1,818 trig, 1,094 trig+kin events)
  [1606/2989] nano_1606.root
         -> 1,663 vertices (1,686 trig, 1,005 trig+kin events)
  [1607/2989] nano_1607.root
         -> 1,526 vertices (1,564 trig, 900 trig+kin events)
  [1608/2989] nano_1608.root
         -> 2,964 vertices (3,039 trig, 1,808 trig+kin events)
  [1609/2989] nano_1609.root
         -> 2,039 vertices (2,009 trig, 1,222 trig+kin events)
  [1610/2989] nano_1610.root
         -> 3,163 vertices (2,990 trig, 1,785 trig+kin events)
  [1611/2989] nano_1611.root
         -> 3,140 vertices (3,151 trig, 1,845 trig+kin events)
  [1612/2989] nano_1612.root
         -> 3,103 vertices (3,187 trig, 1,868 trig+kin events)
  [1613/2989] nano_1613.root
         -> 2,534 vertices (2,574 trig, 1,501 trig+kin events)
  [1614/2989] nano_1614.root
         -> 3,141 vertices (3,132 trig, 1,882 trig+kin events)
  [1615/2989] nano_1615.root
         -> 3,312 vertices (3,077 trig, 1,863 trig+kin events)
  [1616/2989] nano_1616.root
         -> 2,213 vertices (2,160 trig, 1,275 trig+kin events)
  [1617/2989] nano_1617.root
         -> 2,177 vertices (2,119 trig, 1,273 trig+kin events)
  [1618/2989] nano_1618.root
         -> 1,612 vertices (1,568 trig, 923 trig+kin events)
  [1619/2989] nano_1619.root
         -> 3,235 vertices (3,116 trig, 1,844 trig+kin events)
  [1620/2989] nano_1620.root
         -> 1,727 vertices (1,657 trig, 1,006 trig+kin events)
  [1621/2989] nano_1621.root
         -> 3,106 vertices (3,088 trig, 1,854 trig+kin events)
  [1622/2989] nano_1622.root
         -> 1,630 vertices (1,760 trig, 1,066 trig+kin events)
  [1623/2989] nano_1623.root
         -> 2,099 vertices (2,105 trig, 1,221 trig+kin events)
  [1624/2989] nano_1624.root
         -> 3,004 vertices (3,192 trig, 1,874 trig+kin events)
  [1625/2989] nano_1625.root
         -> 2,143 vertices (2,149 trig, 1,289 trig+kin events)
  [1626/2989] nano_1626.root
         -> 2,215 vertices (2,251 trig, 1,328 trig+kin events)
  [1627/2989] nano_1627.root
         -> 3,384 vertices (3,167 trig, 1,872 trig+kin events)
  [1628/2989] nano_1628.root
         -> 1,365 vertices (1,309 trig, 755 trig+kin events)
  [1629/2989] nano_1629.root
         -> 3,085 vertices (3,153 trig, 1,909 trig+kin events)
  [1630/2989] nano_1630.root
         -> 3,172 vertices (3,164 trig, 1,892 trig+kin events)
  [1631/2989] nano_1631.root
         -> 3,284 vertices (3,170 trig, 1,902 trig+kin events)
  [1632/2989] nano_1632.root
         -> 1,741 vertices (1,802 trig, 1,058 trig+kin events)
  [1633/2989] nano_1633.root
         -> 3,034 vertices (3,086 trig, 1,848 trig+kin events)
  [1634/2989] nano_1634.root
         -> 1,711 vertices (1,574 trig, 933 trig+kin events)
  [1635/2989] nano_1635.root
         -> 3,145 vertices (3,160 trig, 1,820 trig+kin events)
  [1636/2989] nano_1636.root
         -> 3,109 vertices (3,175 trig, 1,878 trig+kin events)
  [1637/2989] nano_1637.root
         -> 3,144 vertices (3,108 trig, 1,822 trig+kin events)
  [1638/2989] nano_1638.root
         -> 1,477 vertices (1,594 trig, 958 trig+kin events)
  [1639/2989] nano_1639.root
         -> 609 vertices (684 trig, 391 trig+kin events)
  [1640/2989] nano_1640.root
         -> 2,336 vertices (2,279 trig, 1,356 trig+kin events)
  [1641/2989] nano_1641.root
         -> 2,418 vertices (2,235 trig, 1,356 trig+kin events)
  [1642/2989] nano_1642.root
         -> 2,153 vertices (2,266 trig, 1,375 trig+kin events)
  [1643/2989] nano_1643.root
         -> 1,667 vertices (1,748 trig, 1,064 trig+kin events)
  [1644/2989] nano_1644.root
         -> 948 vertices (998 trig, 586 trig+kin events)
  [1645/2989] nano_1645.root
         -> 2,052 vertices (2,087 trig, 1,231 trig+kin events)
  [1646/2989] nano_1646.root
         -> 2,840 vertices (2,684 trig, 1,618 trig+kin events)
  [1647/2989] nano_1647.root
         -> 1,764 vertices (1,678 trig, 1,033 trig+kin events)
  [1648/2989] nano_1648.root
         -> 2,858 vertices (3,058 trig, 1,788 trig+kin events)
  [1649/2989] nano_1649.root
         -> 3,170 vertices (3,123 trig, 1,792 trig+kin events)
  [1650/2989] nano_1650.root
         -> 2,235 vertices (2,343 trig, 1,339 trig+kin events)
  [1651/2989] nano_1651.root
         -> 3,144 vertices (3,067 trig, 1,812 trig+kin events)
  [1652/2989] nano_1652.root
         -> 1,618 vertices (1,603 trig, 950 trig+kin events)
  [1653/2989] nano_1653.root
         -> 3,294 vertices (3,134 trig, 1,846 trig+kin events)
  [1654/2989] nano_1654.root
         -> 3,302 vertices (3,124 trig, 1,901 trig+kin events)
  [1655/2989] nano_1655.root
         -> 1,888 vertices (1,763 trig, 1,036 trig+kin events)
  [1656/2989] nano_1656.root
         -> 2,105 vertices (2,023 trig, 1,180 trig+kin events)
  [1657/2989] nano_1657.root
         -> 3,195 vertices (3,192 trig, 1,912 trig+kin events)
  [1658/2989] nano_1658.root
         -> 3,256 vertices (3,134 trig, 1,866 trig+kin events)
  [1659/2989] nano_1659.root
         -> 3,116 vertices (3,116 trig, 1,807 trig+kin events)
  [1660/2989] nano_1660.root
         -> 2,607 vertices (2,595 trig, 1,509 trig+kin events)
  [1661/2989] nano_1661.root
         -> 1,508 vertices (1,553 trig, 903 trig+kin events)
  [1662/2989] nano_1662.root
         -> 3,085 vertices (3,129 trig, 1,844 trig+kin events)
  [1663/2989] nano_1663.root
         -> 3,449 vertices (3,199 trig, 1,996 trig+kin events)
  [1664/2989] nano_1664.root
         -> 2,289 vertices (2,178 trig, 1,307 trig+kin events)
  [1665/2989] nano_1665.root
         -> 3,260 vertices (3,235 trig, 1,932 trig+kin events)
  [1666/2989] nano_1666.root
         -> 3,152 vertices (3,227 trig, 1,875 trig+kin events)
  [1667/2989] nano_1667.root
         -> 1,976 vertices (2,041 trig, 1,195 trig+kin events)
  [1668/2989] nano_1668.root
         -> 3,164 vertices (3,135 trig, 1,876 trig+kin events)
  [1669/2989] nano_1669.root
         -> 2,143 vertices (2,162 trig, 1,264 trig+kin events)
  [1670/2989] nano_1670.root
         -> 2,866 vertices (2,837 trig, 1,721 trig+kin events)
  [1671/2989] nano_1671.root
         -> 3,084 vertices (3,107 trig, 1,811 trig+kin events)
  [1672/2989] nano_1672.root
         -> 1,787 vertices (1,660 trig, 996 trig+kin events)
  [1673/2989] nano_1673.root
         -> 3,321 vertices (3,145 trig, 1,886 trig+kin events)
  [1674/2989] nano_1674.root
         -> 2,766 vertices (2,647 trig, 1,565 trig+kin events)
  [1675/2989] nano_1675.root
         -> 2,949 vertices (2,974 trig, 1,752 trig+kin events)
  [1676/2989] nano_1676.root
         -> 2,124 vertices (1,916 trig, 1,129 trig+kin events)
  [1677/2989] nano_1677.root
         -> 1,673 vertices (1,711 trig, 1,037 trig+kin events)
  [1678/2989] nano_1678.root
         -> 1,729 vertices (1,576 trig, 970 trig+kin events)
  [1679/2989] nano_1679.root
         -> 2,478 vertices (2,526 trig, 1,495 trig+kin events)
  [1680/2989] nano_1680.root
         -> 3,087 vertices (3,098 trig, 1,828 trig+kin events)
  [1681/2989] nano_1681.root
         -> 3,233 vertices (3,158 trig, 1,882 trig+kin events)
  [1682/2989] nano_1682.root
         -> 3,167 vertices (3,121 trig, 1,879 trig+kin events)
  [1683/2989] nano_1683.root
         -> 3,046 vertices (3,092 trig, 1,853 trig+kin events)
  [1684/2989] nano_1684.root
         -> 1,977 vertices (1,963 trig, 1,187 trig+kin events)
  [1685/2989] nano_1685.root
         -> 1,678 vertices (1,641 trig, 970 trig+kin events)
  [1686/2989] nano_1686.root
         -> 1,678 vertices (1,653 trig, 956 trig+kin events)
  [1687/2989] nano_1687.root
         -> 3,325 vertices (3,155 trig, 1,911 trig+kin events)
  [1688/2989] nano_1688.root
         -> 2,036 vertices (2,095 trig, 1,258 trig+kin events)
  [1689/2989] nano_1689.root
         -> 2,236 vertices (2,096 trig, 1,278 trig+kin events)
  [1690/2989] nano_1690.root
         -> 3,097 vertices (3,137 trig, 1,897 trig+kin events)
  [1691/2989] nano_1691.root
         -> 3,087 vertices (3,121 trig, 1,818 trig+kin events)
  [1692/2989] nano_1692.root
         -> 3,165 vertices (3,224 trig, 1,903 trig+kin events)
  [1693/2989] nano_1693.root
         -> 2,216 vertices (2,261 trig, 1,361 trig+kin events)
  [1694/2989] nano_1694.root
         -> 2,865 vertices (3,039 trig, 1,787 trig+kin events)
  [1695/2989] nano_1695.root
         -> 2,352 vertices (2,304 trig, 1,390 trig+kin events)
  [1696/2989] nano_1696.root
         -> 3,171 vertices (3,130 trig, 1,880 trig+kin events)
  [1697/2989] nano_1697.root
         -> 3,282 vertices (3,082 trig, 1,842 trig+kin events)
  [1698/2989] nano_1698.root
         -> 1,747 vertices (1,830 trig, 1,094 trig+kin events)
  [1699/2989] nano_1699.root
         -> 1,979 vertices (2,085 trig, 1,230 trig+kin events)
  [1700/2989] nano_1700.root
         -> 3,036 vertices (3,094 trig, 1,818 trig+kin events)
  [1701/2989] nano_1701.root
         -> 3,004 vertices (3,105 trig, 1,826 trig+kin events)
  [1702/2989] nano_1702.root
         -> 2,949 vertices (3,089 trig, 1,782 trig+kin events)
  [1703/2989] nano_1703.root
         -> 3,165 vertices (3,152 trig, 1,875 trig+kin events)
  [1704/2989] nano_1704.root
         -> 2,113 vertices (2,202 trig, 1,319 trig+kin events)
  [1705/2989] nano_1705.root
         -> 1,330 vertices (1,375 trig, 806 trig+kin events)
  [1706/2989] nano_1706.root
         -> 2,813 vertices (2,888 trig, 1,704 trig+kin events)
  [1707/2989] nano_1707.root
         -> 1,885 vertices (1,992 trig, 1,157 trig+kin events)
  [1708/2989] nano_1708.root
         -> 3,012 vertices (3,161 trig, 1,876 trig+kin events)
  [1709/2989] nano_1709.root
         -> 2,115 vertices (2,208 trig, 1,290 trig+kin events)
  [1710/2989] nano_1710.root
         -> 3,171 vertices (3,050 trig, 1,820 trig+kin events)
  [1711/2989] nano_1711.root
         -> 2,398 vertices (2,308 trig, 1,390 trig+kin events)
  [1712/2989] nano_1712.root
         -> 1,734 vertices (1,674 trig, 1,001 trig+kin events)
  [1713/2989] nano_1713.root
         -> 1,552 vertices (1,585 trig, 945 trig+kin events)
  [1714/2989] nano_1714.root
         -> 3,027 vertices (3,096 trig, 1,814 trig+kin events)
  [1715/2989] nano_1715.root
         -> 2,353 vertices (2,400 trig, 1,399 trig+kin events)
  [1716/2989] nano_1716.root
         -> 1,755 vertices (1,731 trig, 1,031 trig+kin events)
  [1717/2989] nano_1717.root
         -> 2,712 vertices (2,530 trig, 1,509 trig+kin events)
  [1718/2989] nano_1718.root
         -> 2,636 vertices (2,633 trig, 1,529 trig+kin events)
  [1719/2989] nano_1719.root
         -> 3,359 vertices (3,184 trig, 1,932 trig+kin events)
  [1720/2989] nano_1720.root
         -> 1,912 vertices (1,922 trig, 1,104 trig+kin events)
  [1721/2989] nano_1721.root
         -> 2,804 vertices (3,030 trig, 1,793 trig+kin events)
  [1722/2989] nano_1722.root
         -> 3,015 vertices (2,997 trig, 1,792 trig+kin events)
  [1723/2989] nano_1723.root
         -> 3,347 vertices (3,093 trig, 1,864 trig+kin events)
  [1724/2989] nano_1724.root
         -> 3,228 vertices (3,076 trig, 1,835 trig+kin events)
  [1725/2989] nano_1725.root
         -> 1,939 vertices (1,963 trig, 1,198 trig+kin events)
  [1726/2989] nano_1726.root
         -> 3,125 vertices (3,157 trig, 1,872 trig+kin events)
  [1727/2989] nano_1727.root
         -> 1,776 vertices (1,749 trig, 1,022 trig+kin events)
  [1728/2989] nano_1728.root
         -> 1,660 vertices (1,784 trig, 1,043 trig+kin events)
  [1729/2989] nano_1729.root
         -> 2,851 vertices (2,675 trig, 1,601 trig+kin events)
  [1730/2989] nano_1730.root
         -> 2,098 vertices (2,147 trig, 1,303 trig+kin events)
  [1731/2989] nano_1731.root
         -> 3,393 vertices (3,172 trig, 1,884 trig+kin events)
  [1732/2989] nano_1732.root
         -> 3,281 vertices (3,195 trig, 1,940 trig+kin events)
  [1733/2989] nano_1733.root
         -> 3,158 vertices (3,176 trig, 1,900 trig+kin events)
  [1734/2989] nano_1734.root
         -> 3,086 vertices (3,060 trig, 1,826 trig+kin events)
  [1735/2989] nano_1735.root
         -> 2,736 vertices (2,731 trig, 1,624 trig+kin events)
  [1736/2989] nano_1736.root
         -> 3,193 vertices (3,199 trig, 1,867 trig+kin events)
  [1737/2989] nano_1737.root
         -> 3,307 vertices (3,091 trig, 1,834 trig+kin events)
  [1738/2989] nano_1738.root
         -> 3,359 vertices (3,205 trig, 1,958 trig+kin events)
  [1739/2989] nano_1739.root
         -> 3,260 vertices (3,155 trig, 1,870 trig+kin events)
  [1740/2989] nano_1740.root
         -> 1,639 vertices (1,693 trig, 980 trig+kin events)
  [1741/2989] nano_1741.root
         -> 1,863 vertices (1,849 trig, 1,134 trig+kin events)
  [1742/2989] nano_1742.root
         -> 2,249 vertices (2,216 trig, 1,343 trig+kin events)
  [1743/2989] nano_1743.root
         -> 2,792 vertices (2,851 trig, 1,696 trig+kin events)
  [1744/2989] nano_1744.root
         -> 3,013 vertices (3,115 trig, 1,864 trig+kin events)
  [1745/2989] nano_1745.root
         -> 3,081 vertices (3,080 trig, 1,783 trig+kin events)
  [1746/2989] nano_1746.root
         -> 2,524 vertices (2,407 trig, 1,467 trig+kin events)
  [1747/2989] nano_1747.root
         -> 2,117 vertices (2,090 trig, 1,263 trig+kin events)
  [1748/2989] nano_1748.root
         -> 2,637 vertices (2,667 trig, 1,563 trig+kin events)
  [1749/2989] nano_1749.root
         -> 2,991 vertices (3,005 trig, 1,772 trig+kin events)
  [1750/2989] nano_1750.root
         -> 3,228 vertices (3,186 trig, 1,916 trig+kin events)
  [1751/2989] nano_1751.root
         -> 3,281 vertices (3,058 trig, 1,844 trig+kin events)
  [1752/2989] nano_1752.root
         -> 3,024 vertices (3,120 trig, 1,845 trig+kin events)
  [1753/2989] nano_1753.root
         -> 1,789 vertices (1,870 trig, 1,085 trig+kin events)
  [1754/2989] nano_1754.root
         -> 2,280 vertices (2,138 trig, 1,287 trig+kin events)
  [1755/2989] nano_1755.root
         -> 1,893 vertices (1,777 trig, 1,065 trig+kin events)
  [1756/2989] nano_1756.root
         -> 3,077 vertices (3,136 trig, 1,840 trig+kin events)
  [1757/2989] nano_1757.root
         -> 2,928 vertices (2,883 trig, 1,713 trig+kin events)
  [1758/2989] nano_1758.root
         -> 3,094 vertices (3,043 trig, 1,767 trig+kin events)
  [1759/2989] nano_1759.root
         -> 3,189 vertices (3,049 trig, 1,798 trig+kin events)
  [1760/2989] nano_1760.root
         -> 2,161 vertices (2,190 trig, 1,294 trig+kin events)
  [1761/2989] nano_1761.root
         -> 3,039 vertices (2,996 trig, 1,784 trig+kin events)
  [1762/2989] nano_1762.root
         -> 3,292 vertices (3,151 trig, 1,894 trig+kin events)
  [1763/2989] nano_1763.root
         -> 2,955 vertices (2,930 trig, 1,750 trig+kin events)
  [1764/2989] nano_1764.root
         -> 2,166 vertices (2,060 trig, 1,201 trig+kin events)
  [1765/2989] nano_1765.root
         -> 1,794 vertices (1,706 trig, 1,049 trig+kin events)
  [1766/2989] nano_1766.root
         -> 3,155 vertices (3,207 trig, 1,895 trig+kin events)
  [1767/2989] nano_1767.root
         -> 2,402 vertices (2,529 trig, 1,526 trig+kin events)
  [1768/2989] nano_1768.root
         -> 2,614 vertices (2,539 trig, 1,534 trig+kin events)
  [1769/2989] nano_1769.root
         -> 3,288 vertices (3,160 trig, 1,868 trig+kin events)
  [1770/2989] nano_1770.root
         -> 3,072 vertices (3,097 trig, 1,848 trig+kin events)
  [1771/2989] nano_1771.root
         -> 2,912 vertices (3,065 trig, 1,792 trig+kin events)
  [1772/2989] nano_1772.root
         -> 230 vertices (200 trig, 132 trig+kin events)
  [1773/2989] nano_1773.root
         -> 3,252 vertices (3,196 trig, 1,894 trig+kin events)
  [1774/2989] nano_1774.root
         -> 3,177 vertices (3,147 trig, 1,875 trig+kin events)
  [1775/2989] nano_1775.root
         -> 2,390 vertices (2,463 trig, 1,458 trig+kin events)
  [1776/2989] nano_1776.root
         -> 3,266 vertices (3,184 trig, 1,934 trig+kin events)
  [1777/2989] nano_1777.root
         -> 2,040 vertices (1,911 trig, 1,140 trig+kin events)
  [1778/2989] nano_1778.root
         -> 2,269 vertices (2,176 trig, 1,302 trig+kin events)
  [1779/2989] nano_1779.root
         -> 1,964 vertices (2,105 trig, 1,164 trig+kin events)
  [1780/2989] nano_1780.root
         -> 2,584 vertices (2,608 trig, 1,532 trig+kin events)
  [1781/2989] nano_1781.root
         -> 1,678 vertices (1,843 trig, 1,054 trig+kin events)
  [1782/2989] nano_1782.root
         -> 3,152 vertices (3,213 trig, 1,915 trig+kin events)
  [1783/2989] nano_1783.root
         -> 1,659 vertices (1,650 trig, 966 trig+kin events)
  [1784/2989] nano_1784.root
         -> 2,986 vertices (3,061 trig, 1,832 trig+kin events)
  [1785/2989] nano_1785.root
         -> 3,196 vertices (3,185 trig, 1,849 trig+kin events)
  [1786/2989] nano_1786.root
         -> 2,793 vertices (2,808 trig, 1,664 trig+kin events)
  [1787/2989] nano_1787.root
         -> 3,188 vertices (3,166 trig, 1,924 trig+kin events)
  [1788/2989] nano_1788.root
         -> 2,952 vertices (3,088 trig, 1,825 trig+kin events)
  [1789/2989] nano_1789.root
         -> 2,712 vertices (2,733 trig, 1,630 trig+kin events)
  [1790/2989] nano_1790.root
         -> 2,897 vertices (2,982 trig, 1,779 trig+kin events)
  [1791/2989] nano_1791.root
         -> 2,151 vertices (2,123 trig, 1,245 trig+kin events)
  [1792/2989] nano_1792.root
         -> 1,768 vertices (1,915 trig, 1,101 trig+kin events)
  [1793/2989] nano_1793.root
         -> 662 vertices (712 trig, 402 trig+kin events)
  [1794/2989] nano_1794.root
         -> 3,204 vertices (3,140 trig, 1,881 trig+kin events)
  [1795/2989] nano_1795.root
         -> 3,277 vertices (3,232 trig, 1,899 trig+kin events)
  [1796/2989] nano_1796.root
         -> 3,247 vertices (3,180 trig, 1,895 trig+kin events)
  [1797/2989] nano_1797.root
         -> 3,038 vertices (3,110 trig, 1,852 trig+kin events)
  [1798/2989] nano_1798.root
         -> 3,191 vertices (3,091 trig, 1,841 trig+kin events)
  [1799/2989] nano_1799.root
         -> 1,802 vertices (1,743 trig, 1,015 trig+kin events)
  [1800/2989] nano_1800.root
         -> 3,033 vertices (3,083 trig, 1,878 trig+kin events)
  [1801/2989] nano_1801.root
         -> 2,625 vertices (2,575 trig, 1,516 trig+kin events)
  [1802/2989] nano_1802.root
         -> 1,965 vertices (2,018 trig, 1,185 trig+kin events)
  [1803/2989] nano_1803.root
         -> 2,538 vertices (2,558 trig, 1,537 trig+kin events)
  [1804/2989] nano_1804.root
         -> 2,851 vertices (3,115 trig, 1,866 trig+kin events)
  [1805/2989] nano_1805.root
         -> 2,117 vertices (1,952 trig, 1,175 trig+kin events)
  [1806/2989] nano_1806.root
         -> 1,783 vertices (1,871 trig, 1,092 trig+kin events)
  [1807/2989] nano_1807.root
         -> 1,858 vertices (1,808 trig, 1,050 trig+kin events)
  [1808/2989] nano_1808.root
         -> 2,030 vertices (1,988 trig, 1,218 trig+kin events)
  [1809/2989] nano_1809.root
         -> 3,027 vertices (3,154 trig, 1,882 trig+kin events)
  [1810/2989] nano_1810.root
         -> 2,705 vertices (2,649 trig, 1,570 trig+kin events)
  [1811/2989] nano_1811.root
         -> 1,665 vertices (1,655 trig, 981 trig+kin events)
  [1812/2989] nano_1812.root
         -> 3,067 vertices (3,145 trig, 1,823 trig+kin events)
  [1813/2989] nano_1813.root
         -> 3,079 vertices (3,085 trig, 1,858 trig+kin events)
  [1814/2989] nano_1814.root
         -> 2,758 vertices (2,666 trig, 1,587 trig+kin events)
  [1815/2989] nano_1815.root
         -> 1,699 vertices (1,720 trig, 990 trig+kin events)
  [1816/2989] nano_1816.root
         -> 1,618 vertices (1,688 trig, 1,015 trig+kin events)
  [1817/2989] nano_1817.root
         -> 2,030 vertices (2,036 trig, 1,187 trig+kin events)
  [1818/2989] nano_1818.root
         -> 1,816 vertices (1,987 trig, 1,159 trig+kin events)
  [1819/2989] nano_1819.root
         -> 2,248 vertices (2,116 trig, 1,286 trig+kin events)
  [1820/2989] nano_1820.root
         -> 3,068 vertices (3,111 trig, 1,859 trig+kin events)
  [1821/2989] nano_1821.root
         -> 3,073 vertices (3,158 trig, 1,884 trig+kin events)
  [1822/2989] nano_1822.root
         -> 3,100 vertices (3,112 trig, 1,827 trig+kin events)
  [1823/2989] nano_1823.root
         -> 3,265 vertices (3,186 trig, 1,826 trig+kin events)
  [1824/2989] nano_1824.root
         -> 2,993 vertices (3,112 trig, 1,847 trig+kin events)
  [1825/2989] nano_1825.root
         -> 3,222 vertices (3,160 trig, 1,881 trig+kin events)
  [1826/2989] nano_1826.root
         -> 3,156 vertices (3,072 trig, 1,870 trig+kin events)
  [1827/2989] nano_1827.root
         -> 3,137 vertices (3,138 trig, 1,847 trig+kin events)
  [1828/2989] nano_1828.root
         -> 3,256 vertices (3,075 trig, 1,850 trig+kin events)
  [1829/2989] nano_1829.root
         -> 3,049 vertices (3,073 trig, 1,839 trig+kin events)
  [1830/2989] nano_1830.root
         -> 3,259 vertices (3,173 trig, 1,893 trig+kin events)
  [1831/2989] nano_1831.root
         -> 3,150 vertices (3,168 trig, 1,849 trig+kin events)
  [1832/2989] nano_1832.root
         -> 3,138 vertices (3,167 trig, 1,881 trig+kin events)
  [1833/2989] nano_1833.root
         -> 3,304 vertices (3,047 trig, 1,848 trig+kin events)
  [1834/2989] nano_1834.root
         -> 3,397 vertices (3,150 trig, 1,962 trig+kin events)
  [1835/2989] nano_1835.root
         -> 3,323 vertices (3,154 trig, 1,919 trig+kin events)
  [1836/2989] nano_1836.root
         -> 3,081 vertices (3,100 trig, 1,872 trig+kin events)
  [1837/2989] nano_1837.root
         -> 3,148 vertices (3,103 trig, 1,813 trig+kin events)
  [1838/2989] nano_1838.root
         -> 3,046 vertices (3,091 trig, 1,845 trig+kin events)
  [1839/2989] nano_1839.root
         -> 2,566 vertices (2,673 trig, 1,570 trig+kin events)
  [1840/2989] nano_1840.root
         -> 2,434 vertices (2,542 trig, 1,514 trig+kin events)
  [1841/2989] nano_1841.root
         -> 3,256 vertices (3,054 trig, 1,825 trig+kin events)
  [1842/2989] nano_1842.root
         -> 1,984 vertices (1,995 trig, 1,199 trig+kin events)
  [1843/2989] nano_1843.root
         -> 3,143 vertices (2,994 trig, 1,796 trig+kin events)
  [1844/2989] nano_1844.root
         -> 1,631 vertices (1,769 trig, 1,036 trig+kin events)
  [1845/2989] nano_1845.root
         -> 3,134 vertices (3,050 trig, 1,831 trig+kin events)
  [1846/2989] nano_1846.root
         -> 3,044 vertices (3,092 trig, 1,866 trig+kin events)
  [1847/2989] nano_1847.root
         -> 3,283 vertices (3,123 trig, 1,826 trig+kin events)
  [1848/2989] nano_1848.root
         -> 2,437 vertices (2,405 trig, 1,444 trig+kin events)
  [1849/2989] nano_1849.root
         -> 2,173 vertices (2,191 trig, 1,298 trig+kin events)
  [1850/2989] nano_1850.root
         -> 3,150 vertices (3,014 trig, 1,831 trig+kin events)
  [1851/2989] nano_1851.root
         -> 2,955 vertices (2,962 trig, 1,774 trig+kin events)
  [1852/2989] nano_1852.root
         -> 1,797 vertices (1,763 trig, 1,038 trig+kin events)
  [1853/2989] nano_1853.root
         -> 2,523 vertices (2,529 trig, 1,452 trig+kin events)
  [1854/2989] nano_1854.root
         -> 3,151 vertices (3,091 trig, 1,832 trig+kin events)
  [1855/2989] nano_1855.root
         -> 3,200 vertices (3,149 trig, 1,863 trig+kin events)
  [1856/2989] nano_1856.root
         -> 1,630 vertices (1,642 trig, 992 trig+kin events)
  [1857/2989] nano_1857.root
         -> 3,097 vertices (3,120 trig, 1,855 trig+kin events)
  [1858/2989] nano_1858.root
         -> 2,053 vertices (1,857 trig, 1,152 trig+kin events)
  [1859/2989] nano_1859.root
         -> 3,144 vertices (3,097 trig, 1,873 trig+kin events)
  [1860/2989] nano_1860.root
         -> 2,564 vertices (2,362 trig, 1,426 trig+kin events)
  [1861/2989] nano_1861.root
         -> 3,134 vertices (3,113 trig, 1,871 trig+kin events)
  [1862/2989] nano_1862.root
         -> 2,235 vertices (2,085 trig, 1,243 trig+kin events)
  [1863/2989] nano_1863.root
         -> 3,121 vertices (3,147 trig, 1,871 trig+kin events)
  [1864/2989] nano_1864.root
         -> 3,022 vertices (3,133 trig, 1,852 trig+kin events)
  [1865/2989] nano_1865.root
         -> 3,125 vertices (3,179 trig, 1,871 trig+kin events)
  [1866/2989] nano_1866.root
         -> 3,162 vertices (2,952 trig, 1,769 trig+kin events)
  [1867/2989] nano_1867.root
         -> 1,481 vertices (1,580 trig, 918 trig+kin events)
  [1868/2989] nano_1868.root
         -> 2,120 vertices (2,170 trig, 1,292 trig+kin events)
  [1869/2989] nano_1869.root
         -> 3,351 vertices (3,171 trig, 1,879 trig+kin events)
  [1870/2989] nano_1870.root
         -> 2,572 vertices (2,446 trig, 1,461 trig+kin events)
  [1871/2989] nano_1871.root
         -> 2,168 vertices (2,163 trig, 1,286 trig+kin events)
  [1872/2989] nano_1872.root
         -> 3,108 vertices (3,080 trig, 1,807 trig+kin events)
  [1873/2989] nano_1873.root
         -> 1,718 vertices (1,737 trig, 1,002 trig+kin events)
  [1874/2989] nano_1874.root
         -> 2,920 vertices (3,052 trig, 1,777 trig+kin events)
  [1875/2989] nano_1875.root
         -> 1,567 vertices (1,634 trig, 944 trig+kin events)
  [1876/2989] nano_1876.root
         -> 2,964 vertices (3,115 trig, 1,851 trig+kin events)
  [1877/2989] nano_1877.root
         -> 2,465 vertices (2,600 trig, 1,504 trig+kin events)
  [1878/2989] nano_1878.root
         -> 3,066 vertices (3,120 trig, 1,868 trig+kin events)
  [1879/2989] nano_1879.root
         -> 1,559 vertices (1,474 trig, 891 trig+kin events)
  [1880/2989] nano_1880.root
         -> 3,095 vertices (3,182 trig, 1,919 trig+kin events)
  [1881/2989] nano_1881.root
         -> 1,767 vertices (1,707 trig, 1,032 trig+kin events)
  [1882/2989] nano_1882.root
         -> 1,765 vertices (1,834 trig, 1,099 trig+kin events)
  [1883/2989] nano_1883.root
         -> 1,720 vertices (1,855 trig, 1,100 trig+kin events)
  [1884/2989] nano_1884.root
         -> 2,647 vertices (2,569 trig, 1,549 trig+kin events)
  [1885/2989] nano_1885.root
         -> 408 vertices (414 trig, 231 trig+kin events)
  [1886/2989] nano_1886.root
         -> 2,902 vertices (2,795 trig, 1,631 trig+kin events)
  [1887/2989] nano_1887.root
         -> 2,464 vertices (2,337 trig, 1,427 trig+kin events)
  [1888/2989] nano_1888.root
         -> 2,845 vertices (2,917 trig, 1,707 trig+kin events)
  [1889/2989] nano_1889.root
         -> 2,196 vertices (2,243 trig, 1,349 trig+kin events)
  [1890/2989] nano_1890.root
         -> 2,643 vertices (2,603 trig, 1,566 trig+kin events)
  [1891/2989] nano_1891.root
         -> 3,284 vertices (3,224 trig, 1,869 trig+kin events)
  [1892/2989] nano_1892.root
         -> 3,195 vertices (3,179 trig, 1,869 trig+kin events)
  [1893/2989] nano_1893.root
         -> 2,997 vertices (3,119 trig, 1,839 trig+kin events)
  [1894/2989] nano_1894.root
         -> 3,166 vertices (3,088 trig, 1,812 trig+kin events)
  [1895/2989] nano_1895.root
         -> 3,115 vertices (3,140 trig, 1,893 trig+kin events)
  [1896/2989] nano_1896.root
         -> 3,119 vertices (3,118 trig, 1,838 trig+kin events)
  [1897/2989] nano_1897.root
         -> 2,375 vertices (2,400 trig, 1,379 trig+kin events)
  [1898/2989] nano_1898.root
         -> 3,175 vertices (3,187 trig, 1,897 trig+kin events)
  [1899/2989] nano_1899.root
         -> 3,088 vertices (3,061 trig, 1,795 trig+kin events)
  [1900/2989] nano_1900.root
         -> 3,033 vertices (3,078 trig, 1,819 trig+kin events)
  [1901/2989] nano_1901.root
         -> 3,038 vertices (3,142 trig, 1,873 trig+kin events)
  [1902/2989] nano_1902.root
         -> 1,622 vertices (1,628 trig, 959 trig+kin events)
  [1903/2989] nano_1903.root
         -> 2,443 vertices (2,324 trig, 1,431 trig+kin events)
  [1904/2989] nano_1904.root
         -> 3,147 vertices (3,177 trig, 1,892 trig+kin events)
  [1905/2989] nano_1905.root
         -> 3,152 vertices (3,048 trig, 1,825 trig+kin events)
  [1906/2989] nano_1906.root
         -> 2,857 vertices (2,709 trig, 1,616 trig+kin events)
  [1907/2989] nano_1907.root
         -> 1,610 vertices (1,782 trig, 1,018 trig+kin events)
  [1908/2989] nano_1908.root
         -> 3,108 vertices (3,084 trig, 1,857 trig+kin events)
  [1909/2989] nano_1909.root
         -> 1,739 vertices (1,857 trig, 1,090 trig+kin events)
  [1910/2989] nano_1910.root
         -> 2,142 vertices (2,067 trig, 1,257 trig+kin events)
  [1911/2989] nano_1911.root
         -> 2,110 vertices (2,149 trig, 1,253 trig+kin events)
  [1912/2989] nano_1912.root
         -> 2,718 vertices (2,590 trig, 1,534 trig+kin events)
  [1913/2989] nano_1913.root
         -> 1,797 vertices (1,885 trig, 1,123 trig+kin events)
  [1914/2989] nano_1914.root
         -> 1,961 vertices (1,851 trig, 1,083 trig+kin events)
  [1915/2989] nano_1915.root
         -> 3,071 vertices (3,023 trig, 1,824 trig+kin events)
  [1916/2989] nano_1916.root
         -> 2,633 vertices (2,670 trig, 1,579 trig+kin events)
  [1917/2989] nano_1917.root
         -> 1,614 vertices (1,617 trig, 942 trig+kin events)
  [1918/2989] nano_1918.root
         -> 3,165 vertices (3,139 trig, 1,894 trig+kin events)
  [1919/2989] nano_1919.root
         -> 2,492 vertices (2,438 trig, 1,471 trig+kin events)
  [1920/2989] nano_1920.root
         -> 3,169 vertices (3,115 trig, 1,875 trig+kin events)
  [1921/2989] nano_1921.root
         -> 3,173 vertices (3,174 trig, 1,897 trig+kin events)
  [1922/2989] nano_1922.root
         -> 2,043 vertices (2,064 trig, 1,238 trig+kin events)
  [1923/2989] nano_1923.root
         -> 2,134 vertices (2,157 trig, 1,259 trig+kin events)
  [1924/2989] nano_1924.root
         -> 3,168 vertices (3,145 trig, 1,836 trig+kin events)
  [1925/2989] nano_1925.root
         -> 3,330 vertices (3,175 trig, 1,870 trig+kin events)
  [1926/2989] nano_1926.root
         -> 2,437 vertices (2,422 trig, 1,457 trig+kin events)
  [1927/2989] nano_1927.root
         -> 3,032 vertices (3,147 trig, 1,820 trig+kin events)
  [1928/2989] nano_1928.root
         -> 3,129 vertices (3,084 trig, 1,848 trig+kin events)
  [1929/2989] nano_1929.root
         -> 1,995 vertices (1,866 trig, 1,168 trig+kin events)
  [1930/2989] nano_1930.root
         -> 3,037 vertices (3,065 trig, 1,878 trig+kin events)
  [1931/2989] nano_1931.root
         -> 2,249 vertices (2,192 trig, 1,314 trig+kin events)
  [1932/2989] nano_1932.root
         -> 1,685 vertices (1,664 trig, 964 trig+kin events)
  [1933/2989] nano_1933.root
         -> 2,544 vertices (2,646 trig, 1,588 trig+kin events)
  [1934/2989] nano_1934.root
         -> 2,466 vertices (2,506 trig, 1,448 trig+kin events)
  [1935/2989] nano_1935.root
         -> 1,887 vertices (1,903 trig, 1,137 trig+kin events)
  [1936/2989] nano_1936.root
         -> 3,114 vertices (3,179 trig, 1,856 trig+kin events)
  [1937/2989] nano_1937.root
         -> 3,023 vertices (3,043 trig, 1,790 trig+kin events)
  [1938/2989] nano_1938.root
         -> 3,134 vertices (3,196 trig, 1,916 trig+kin events)
  [1939/2989] nano_1939.root
         -> 3,126 vertices (3,227 trig, 1,925 trig+kin events)
  [1940/2989] nano_1940.root
         -> 3,196 vertices (3,216 trig, 1,918 trig+kin events)
  [1941/2989] nano_1941.root
         -> 1,197 vertices (1,039 trig, 610 trig+kin events)
  [1942/2989] nano_1942.root
         -> 3,088 vertices (3,086 trig, 1,831 trig+kin events)
  [1943/2989] nano_1943.root
         -> 2,202 vertices (2,218 trig, 1,283 trig+kin events)
  [1944/2989] nano_1944.root
         -> 3,207 vertices (3,158 trig, 1,854 trig+kin events)
  [1945/2989] nano_1945.root
         -> 1,996 vertices (2,029 trig, 1,202 trig+kin events)
  [1946/2989] nano_1946.root
         -> 3,362 vertices (3,116 trig, 1,862 trig+kin events)
  [1947/2989] nano_1947.root
         -> 3,117 vertices (3,170 trig, 1,840 trig+kin events)
  [1948/2989] nano_1948.root
         -> 2,115 vertices (2,115 trig, 1,233 trig+kin events)
  [1949/2989] nano_1949.root
         -> 2,017 vertices (1,965 trig, 1,174 trig+kin events)
  [1950/2989] nano_1950.root
         -> 2,471 vertices (2,426 trig, 1,448 trig+kin events)
  [1951/2989] nano_1951.root
         -> 3,183 vertices (3,128 trig, 1,866 trig+kin events)
  [1952/2989] nano_1952.root
         -> 3,190 vertices (3,192 trig, 1,902 trig+kin events)
  [1953/2989] nano_1953.root
         -> 2,332 vertices (2,296 trig, 1,371 trig+kin events)
  [1954/2989] nano_1954.root
         -> 3,013 vertices (3,100 trig, 1,843 trig+kin events)
  [1955/2989] nano_1955.root
         -> 3,223 vertices (3,135 trig, 1,857 trig+kin events)
  [1956/2989] nano_1956.root
         -> 3,158 vertices (3,189 trig, 1,912 trig+kin events)
  [1957/2989] nano_1957.root
         -> 2,608 vertices (2,528 trig, 1,503 trig+kin events)
  [1958/2989] nano_1958.root
         -> 3,052 vertices (3,039 trig, 1,750 trig+kin events)
  [1959/2989] nano_1959.root
         -> 2,034 vertices (1,995 trig, 1,226 trig+kin events)
  [1960/2989] nano_1960.root
         -> 3,050 vertices (3,194 trig, 1,872 trig+kin events)
  [1961/2989] nano_1961.root
         -> 2,663 vertices (2,607 trig, 1,583 trig+kin events)
  [1962/2989] nano_1962.root
         -> 3,153 vertices (3,204 trig, 1,889 trig+kin events)
  [1963/2989] nano_1963.root
         -> 3,117 vertices (3,131 trig, 1,900 trig+kin events)
  [1964/2989] nano_1964.root
         -> 2,694 vertices (2,814 trig, 1,655 trig+kin events)
  [1965/2989] nano_1965.root
         -> 1,935 vertices (1,810 trig, 1,071 trig+kin events)
  [1966/2989] nano_1966.root
         -> 1,490 vertices (1,585 trig, 938 trig+kin events)
  [1967/2989] nano_1967.root
         -> 2,007 vertices (2,040 trig, 1,193 trig+kin events)
  [1968/2989] nano_1968.root
         -> 2,078 vertices (2,023 trig, 1,208 trig+kin events)
  [1969/2989] nano_1969.root
         -> 3,169 vertices (3,078 trig, 1,796 trig+kin events)
  [1970/2989] nano_1970.root
         -> 3,021 vertices (3,035 trig, 1,841 trig+kin events)
  [1971/2989] nano_1971.root
         -> 2,562 vertices (2,518 trig, 1,502 trig+kin events)
  [1972/2989] nano_1972.root
         -> 1,761 vertices (1,854 trig, 1,104 trig+kin events)
  [1973/2989] nano_1973.root
         -> 3,245 vertices (3,199 trig, 1,902 trig+kin events)
  [1974/2989] nano_1974.root
         -> 3,158 vertices (3,158 trig, 1,882 trig+kin events)
  [1975/2989] nano_1975.root
         -> 3,208 vertices (3,131 trig, 1,858 trig+kin events)
  [1976/2989] nano_1976.root
         -> 2,982 vertices (3,085 trig, 1,815 trig+kin events)
  [1977/2989] nano_1977.root
         -> 1,897 vertices (1,855 trig, 1,075 trig+kin events)
  [1978/2989] nano_1978.root
         -> 2,740 vertices (2,743 trig, 1,610 trig+kin events)
  [1979/2989] nano_1979.root
         -> 2,038 vertices (1,917 trig, 1,107 trig+kin events)
  [1980/2989] nano_1980.root
         -> 3,168 vertices (3,117 trig, 1,793 trig+kin events)
  [1981/2989] nano_1981.root
         -> 3,059 vertices (3,216 trig, 1,918 trig+kin events)
  [1982/2989] nano_1982.root
         -> 2,350 vertices (2,234 trig, 1,349 trig+kin events)
  [1983/2989] nano_1983.root
         -> 3,279 vertices (3,176 trig, 1,879 trig+kin events)
  [1984/2989] nano_1984.root
         -> 1,867 vertices (1,775 trig, 1,096 trig+kin events)
  [1985/2989] nano_1985.root
         -> 3,034 vertices (3,040 trig, 1,800 trig+kin events)
  [1986/2989] nano_1986.root
         -> 3,304 vertices (3,241 trig, 1,902 trig+kin events)
  [1987/2989] nano_1987.root
         -> 1,906 vertices (1,958 trig, 1,167 trig+kin events)
  [1988/2989] nano_1988.root
         -> 2,029 vertices (2,106 trig, 1,273 trig+kin events)
  [1989/2989] nano_1989.root
         -> 3,017 vertices (3,087 trig, 1,842 trig+kin events)
  [1990/2989] nano_1990.root
         -> 557 vertices (537 trig, 318 trig+kin events)
  [1991/2989] nano_1991.root
         -> 3,192 vertices (3,199 trig, 1,865 trig+kin events)
  [1992/2989] nano_1992.root
         -> 3,324 vertices (3,165 trig, 1,887 trig+kin events)
  [1993/2989] nano_1993.root
         -> 1,810 vertices (1,774 trig, 1,026 trig+kin events)
  [1994/2989] nano_1994.root
         -> 2,795 vertices (2,687 trig, 1,610 trig+kin events)
  [1995/2989] nano_1995.root
         -> 3,361 vertices (3,092 trig, 1,852 trig+kin events)
  [1996/2989] nano_1996.root
         -> 2,059 vertices (1,972 trig, 1,177 trig+kin events)
  [1997/2989] nano_1997.root
         -> 2,286 vertices (2,347 trig, 1,382 trig+kin events)
  [1998/2989] nano_1998.root
         -> 2,039 vertices (2,150 trig, 1,257 trig+kin events)
  [1999/2989] nano_1999.root
         -> 3,040 vertices (3,060 trig, 1,815 trig+kin events)
  [2000/2989] nano_2000.root
         -> 2,929 vertices (3,123 trig, 1,797 trig+kin events)
  [2001/2989] nano_2001.root
         -> 1,672 vertices (1,686 trig, 1,036 trig+kin events)
  [2002/2989] nano_2002.root
         -> 2,113 vertices (2,143 trig, 1,292 trig+kin events)
  [2003/2989] nano_2003.root
         -> 3,013 vertices (2,948 trig, 1,828 trig+kin events)
  [2004/2989] nano_2004.root
         -> 1,811 vertices (1,826 trig, 1,076 trig+kin events)
  [2005/2989] nano_2005.root
         -> 3,167 vertices (3,176 trig, 1,898 trig+kin events)
  [2006/2989] nano_2006.root
         -> 2,201 vertices (2,246 trig, 1,332 trig+kin events)
  [2007/2989] nano_2007.root
         -> 2,036 vertices (2,021 trig, 1,203 trig+kin events)
  [2008/2989] nano_2008.root
         -> 3,133 vertices (3,146 trig, 1,884 trig+kin events)
  [2009/2989] nano_2009.root
         -> 2,998 vertices (3,070 trig, 1,784 trig+kin events)
  [2010/2989] nano_2010.root
         -> 3,465 vertices (3,263 trig, 1,959 trig+kin events)
  [2011/2989] nano_2011.root
         -> 3,416 vertices (3,282 trig, 1,961 trig+kin events)
  [2012/2989] nano_2012.root
         -> 2,519 vertices (2,567 trig, 1,500 trig+kin events)
  [2013/2989] nano_2013.root
         -> 1,797 vertices (1,854 trig, 1,111 trig+kin events)
  [2014/2989] nano_2014.root
         -> 2,713 vertices (2,663 trig, 1,562 trig+kin events)
  [2015/2989] nano_2015.root
         -> 3,058 vertices (2,868 trig, 1,693 trig+kin events)
  [2016/2989] nano_2016.root
         -> 2,518 vertices (2,528 trig, 1,481 trig+kin events)
  [2017/2989] nano_2017.root
         -> 2,755 vertices (2,765 trig, 1,591 trig+kin events)
  [2018/2989] nano_2018.root
         -> 885 vertices (857 trig, 527 trig+kin events)
  [2019/2989] nano_2019.root
         -> 2,488 vertices (2,455 trig, 1,457 trig+kin events)
  [2020/2989] nano_2020.root
         -> 1,523 vertices (1,582 trig, 915 trig+kin events)
  [2021/2989] nano_2021.root
         -> 1,727 vertices (1,653 trig, 993 trig+kin events)
  [2022/2989] nano_2022.root
         -> 3,162 vertices (3,098 trig, 1,893 trig+kin events)
  [2023/2989] nano_2023.root
         -> 2,519 vertices (2,461 trig, 1,498 trig+kin events)
  [2024/2989] nano_2024.root
         -> 1,897 vertices (1,830 trig, 1,078 trig+kin events)
  [2025/2989] nano_2025.root
         -> 2,506 vertices (2,610 trig, 1,542 trig+kin events)
  [2026/2989] nano_2026.root
         -> 3,051 vertices (3,229 trig, 1,931 trig+kin events)
  [2027/2989] nano_2027.root
         -> 2,407 vertices (2,113 trig, 1,257 trig+kin events)
  [2028/2989] nano_2028.root
         -> 3,190 vertices (3,088 trig, 1,844 trig+kin events)
  [2029/2989] nano_2029.root
         -> 3,230 vertices (3,169 trig, 1,827 trig+kin events)
  [2030/2989] nano_2030.root
         -> 3,118 vertices (3,055 trig, 1,799 trig+kin events)
  [2031/2989] nano_2031.root
         -> 263 vertices (269 trig, 148 trig+kin events)
  [2032/2989] nano_2032.root
         -> 3,329 vertices (3,129 trig, 1,833 trig+kin events)
  [2033/2989] nano_2033.root
         -> 3,394 vertices (3,203 trig, 1,901 trig+kin events)
  [2034/2989] nano_2034.root
         -> 3,288 vertices (3,126 trig, 1,861 trig+kin events)
  [2035/2989] nano_2035.root
         -> 2,526 vertices (2,564 trig, 1,500 trig+kin events)
  [2036/2989] nano_2036.root
         -> 3,151 vertices (3,107 trig, 1,846 trig+kin events)
  [2037/2989] nano_2037.root
         -> 2,532 vertices (2,495 trig, 1,471 trig+kin events)
  [2038/2989] nano_2038.root
         -> 1,794 vertices (1,696 trig, 1,017 trig+kin events)
  [2039/2989] nano_2039.root
         -> 2,738 vertices (2,808 trig, 1,640 trig+kin events)
  [2040/2989] nano_2040.root
         -> 1,642 vertices (1,669 trig, 1,001 trig+kin events)
  [2041/2989] nano_2041.root
         -> 1,973 vertices (2,001 trig, 1,207 trig+kin events)
  [2042/2989] nano_2042.root
         -> 2,010 vertices (2,145 trig, 1,304 trig+kin events)
  [2043/2989] nano_2043.root
         -> 3,140 vertices (3,149 trig, 1,856 trig+kin events)
  [2044/2989] nano_2044.root
         -> 2,046 vertices (1,986 trig, 1,203 trig+kin events)
  [2045/2989] nano_2045.root
         -> 3,286 vertices (3,225 trig, 1,915 trig+kin events)
  [2046/2989] nano_2046.root
         -> 3,128 vertices (2,993 trig, 1,776 trig+kin events)
  [2047/2989] nano_2047.root
         -> 1,734 vertices (1,781 trig, 1,066 trig+kin events)
  [2048/2989] nano_2048.root
         -> 3,299 vertices (3,184 trig, 1,945 trig+kin events)
  [2049/2989] nano_2049.root
         -> 3,193 vertices (3,162 trig, 1,885 trig+kin events)
  [2050/2989] nano_2050.root
         -> 2,970 vertices (3,096 trig, 1,826 trig+kin events)
  [2051/2989] nano_2051.root
         -> 2,780 vertices (2,841 trig, 1,681 trig+kin events)
  [2052/2989] nano_2052.root
         -> 2,905 vertices (3,088 trig, 1,802 trig+kin events)
  [2053/2989] nano_2053.root
         -> 3,210 vertices (3,124 trig, 1,859 trig+kin events)
  [2054/2989] nano_2054.root
         -> 2,120 vertices (2,047 trig, 1,192 trig+kin events)
  [2055/2989] nano_2055.root
         -> 2,265 vertices (2,132 trig, 1,275 trig+kin events)
  [2056/2989] nano_2056.root
         -> 3,046 vertices (3,139 trig, 1,833 trig+kin events)
  [2057/2989] nano_2057.root
         -> 2,113 vertices (1,950 trig, 1,164 trig+kin events)
  [2058/2989] nano_2058.root
         -> 1,909 vertices (1,981 trig, 1,166 trig+kin events)
  [2059/2989] nano_2059.root
         -> 1,617 vertices (1,697 trig, 981 trig+kin events)
  [2060/2989] nano_2060.root
         -> 3,128 vertices (3,148 trig, 1,834 trig+kin events)
  [2061/2989] nano_2061.root
         -> 1,954 vertices (1,780 trig, 1,057 trig+kin events)
  [2062/2989] nano_2062.root
         -> 3,277 vertices (3,149 trig, 1,870 trig+kin events)
  [2063/2989] nano_2063.root
         -> 3,044 vertices (3,018 trig, 1,751 trig+kin events)
  [2064/2989] nano_2064.root
         -> 3,291 vertices (3,237 trig, 1,929 trig+kin events)
  [2065/2989] nano_2065.root
         -> 708 vertices (651 trig, 372 trig+kin events)
  [2066/2989] nano_2066.root
         -> 3,187 vertices (3,224 trig, 1,916 trig+kin events)
  [2067/2989] nano_2067.root
         -> 2,944 vertices (3,045 trig, 1,826 trig+kin events)
  [2068/2989] nano_2068.root
         -> 3,168 vertices (3,178 trig, 1,888 trig+kin events)
  [2069/2989] nano_2069.root
         -> 2,969 vertices (2,748 trig, 1,655 trig+kin events)
  [2070/2989] nano_2070.root
         -> 1,782 vertices (1,840 trig, 1,084 trig+kin events)
  [2071/2989] nano_2071.root
         -> 2,314 vertices (2,308 trig, 1,375 trig+kin events)
  [2072/2989] nano_2072.root
         -> 1,610 vertices (1,588 trig, 937 trig+kin events)
  [2073/2989] nano_2073.root
         -> 2,591 vertices (2,494 trig, 1,498 trig+kin events)
  [2074/2989] nano_2074.root
         -> 2,531 vertices (2,475 trig, 1,491 trig+kin events)
  [2075/2989] nano_2075.root
         -> 3,048 vertices (2,997 trig, 1,812 trig+kin events)
  [2076/2989] nano_2076.root
         -> 3,204 vertices (3,238 trig, 1,946 trig+kin events)
  [2077/2989] nano_2077.root
         -> 3,341 vertices (3,220 trig, 1,947 trig+kin events)
  [2078/2989] nano_2078.root
         -> 950 vertices (966 trig, 554 trig+kin events)
  [2079/2989] nano_2079.root
         -> 2,965 vertices (3,033 trig, 1,744 trig+kin events)
  [2080/2989] nano_2080.root
         -> 2,283 vertices (2,373 trig, 1,406 trig+kin events)
  [2081/2989] nano_2081.root
         -> 2,557 vertices (2,540 trig, 1,495 trig+kin events)
  [2082/2989] nano_2082.root
         -> 3,190 vertices (3,110 trig, 1,825 trig+kin events)
  [2083/2989] nano_2083.root
         -> 2,752 vertices (2,747 trig, 1,672 trig+kin events)
  [2084/2989] nano_2084.root
         -> 3,047 vertices (3,126 trig, 1,851 trig+kin events)
  [2085/2989] nano_2085.root
         -> 1,870 vertices (1,929 trig, 1,159 trig+kin events)
  [2086/2989] nano_2086.root
         -> 1,641 vertices (1,751 trig, 994 trig+kin events)
  [2087/2989] nano_2087.root
         -> 2,848 vertices (2,812 trig, 1,647 trig+kin events)
  [2088/2989] nano_2088.root
         -> 3,106 vertices (3,091 trig, 1,791 trig+kin events)
  [2089/2989] nano_2089.root
         -> 3,043 vertices (3,084 trig, 1,829 trig+kin events)
  [2090/2989] nano_2090.root
         -> 3,040 vertices (3,094 trig, 1,828 trig+kin events)
  [2091/2989] nano_2091.root
         -> 3,195 vertices (3,116 trig, 1,830 trig+kin events)
  [2092/2989] nano_2092.root
         -> 2,941 vertices (2,833 trig, 1,662 trig+kin events)
  [2093/2989] nano_2093.root
         -> 3,202 vertices (3,120 trig, 1,887 trig+kin events)
  [2094/2989] nano_2094.root
         -> 3,035 vertices (3,052 trig, 1,784 trig+kin events)
  [2095/2989] nano_2095.root
         -> 3,014 vertices (3,111 trig, 1,845 trig+kin events)
  [2096/2989] nano_2096.root
         -> 3,270 vertices (3,232 trig, 1,931 trig+kin events)
  [2097/2989] nano_2097.root
         -> 3,236 vertices (3,163 trig, 1,863 trig+kin events)
  [2098/2989] nano_2098.root
         -> 1,564 vertices (1,538 trig, 941 trig+kin events)
  [2099/2989] nano_2099.root
         -> 3,149 vertices (3,159 trig, 1,850 trig+kin events)
  [2100/2989] nano_2100.root
         -> 2,537 vertices (2,440 trig, 1,479 trig+kin events)
  [2101/2989] nano_2101.root
         -> 2,690 vertices (2,792 trig, 1,633 trig+kin events)
  [2102/2989] nano_2102.root
         -> 3,348 vertices (3,143 trig, 1,878 trig+kin events)
  [2103/2989] nano_2103.root
         -> 1,933 vertices (2,167 trig, 1,232 trig+kin events)
  [2104/2989] nano_2104.root
         -> 3,122 vertices (3,010 trig, 1,805 trig+kin events)
  [2105/2989] nano_2105.root
         -> 3,115 vertices (3,118 trig, 1,845 trig+kin events)
  [2106/2989] nano_2106.root
         -> 3,057 vertices (2,951 trig, 1,719 trig+kin events)
  [2107/2989] nano_2107.root
         -> 1,796 vertices (1,744 trig, 1,001 trig+kin events)
  [2108/2989] nano_2108.root
         -> 2,974 vertices (3,024 trig, 1,777 trig+kin events)
  [2109/2989] nano_2109.root
         -> 3,010 vertices (3,118 trig, 1,868 trig+kin events)
  [2110/2989] nano_2110.root
         -> 1,653 vertices (1,647 trig, 962 trig+kin events)
  [2111/2989] nano_2111.root
         -> 3,037 vertices (3,086 trig, 1,784 trig+kin events)
  [2112/2989] nano_2112.root
         -> 1,743 vertices (1,698 trig, 1,020 trig+kin events)
  [2113/2989] nano_2113.root
         -> 981 vertices (1,036 trig, 616 trig+kin events)
  [2114/2989] nano_2114.root
         -> 3,103 vertices (3,110 trig, 1,842 trig+kin events)
  [2115/2989] nano_2115.root
         -> 1,664 vertices (1,783 trig, 1,036 trig+kin events)
  [2116/2989] nano_2116.root
         -> 2,022 vertices (2,034 trig, 1,205 trig+kin events)
  [2117/2989] nano_2117.root
         -> 1,877 vertices (1,799 trig, 1,076 trig+kin events)
  [2118/2989] nano_2118.root
         -> 3,125 vertices (3,152 trig, 1,898 trig+kin events)
  [2119/2989] nano_2119.root
         -> 3,239 vertices (3,133 trig, 1,868 trig+kin events)
  [2120/2989] nano_2120.root
         -> 2,513 vertices (2,431 trig, 1,465 trig+kin events)
  [2121/2989] nano_2121.root
         -> 3,218 vertices (3,195 trig, 1,899 trig+kin events)
  [2122/2989] nano_2122.root
         -> 3,144 vertices (3,206 trig, 1,902 trig+kin events)
  [2123/2989] nano_2123.root
         -> 1,752 vertices (1,723 trig, 1,032 trig+kin events)
  [2124/2989] nano_2124.root
         -> 2,754 vertices (2,958 trig, 1,679 trig+kin events)
  [2125/2989] nano_2125.root
         -> 304 vertices (312 trig, 176 trig+kin events)
  [2126/2989] nano_2126.root
         -> 3,227 vertices (3,064 trig, 1,832 trig+kin events)
  [2127/2989] nano_2127.root
         -> 1,766 vertices (1,716 trig, 993 trig+kin events)
  [2128/2989] nano_2128.root
         -> 2,940 vertices (3,113 trig, 1,835 trig+kin events)
  [2129/2989] nano_2129.root
         -> 1,980 vertices (1,781 trig, 1,055 trig+kin events)
  [2130/2989] nano_2130.root
         -> 3,192 vertices (3,139 trig, 1,866 trig+kin events)
  [2131/2989] nano_2131.root
         -> 1,121 vertices (1,115 trig, 617 trig+kin events)
  [2132/2989] nano_2132.root
         -> 1,585 vertices (1,659 trig, 981 trig+kin events)
  [2133/2989] nano_2133.root
         -> 3,083 vertices (3,131 trig, 1,844 trig+kin events)
  [2134/2989] nano_2134.root
         -> 1,617 vertices (1,644 trig, 996 trig+kin events)
  [2135/2989] nano_2135.root
         -> 1,714 vertices (1,787 trig, 1,061 trig+kin events)
  [2136/2989] nano_2136.root
         -> 3,226 vertices (3,084 trig, 1,860 trig+kin events)
  [2137/2989] nano_2137.root
         -> 3,448 vertices (3,183 trig, 1,915 trig+kin events)
  [2138/2989] nano_2138.root
         -> 2,405 vertices (2,473 trig, 1,443 trig+kin events)
  [2139/2989] nano_2139.root
         -> 3,241 vertices (3,251 trig, 1,948 trig+kin events)
  [2140/2989] nano_2140.root
         -> 3,247 vertices (3,079 trig, 1,797 trig+kin events)
  [2141/2989] nano_2141.root
         -> 3,016 vertices (3,037 trig, 1,787 trig+kin events)
  [2142/2989] nano_2142.root
         -> 2,875 vertices (2,907 trig, 1,738 trig+kin events)
  [2143/2989] nano_2143.root
         -> 2,208 vertices (2,096 trig, 1,284 trig+kin events)
  [2144/2989] nano_2144.root
         -> 3,022 vertices (3,094 trig, 1,849 trig+kin events)
  [2145/2989] nano_2145.root
         -> 2,100 vertices (2,027 trig, 1,221 trig+kin events)
  [2146/2989] nano_2146.root
         -> 2,120 vertices (2,253 trig, 1,364 trig+kin events)
  [2147/2989] nano_2147.root
         -> 2,044 vertices (2,091 trig, 1,270 trig+kin events)
  [2148/2989] nano_2148.root
         -> 3,012 vertices (3,072 trig, 1,818 trig+kin events)
  [2149/2989] nano_2149.root
         -> 1,911 vertices (1,800 trig, 1,062 trig+kin events)
  [2150/2989] nano_2150.root
         -> 2,931 vertices (3,168 trig, 1,886 trig+kin events)
  [2151/2989] nano_2151.root
         -> 3,080 vertices (3,178 trig, 1,855 trig+kin events)
  [2152/2989] nano_2152.root
         -> 3,073 vertices (3,080 trig, 1,875 trig+kin events)
  [2153/2989] nano_2153.root
         -> 3,192 vertices (3,185 trig, 1,885 trig+kin events)
  [2154/2989] nano_2154.root
         -> 3,321 vertices (3,178 trig, 1,897 trig+kin events)
  [2155/2989] nano_2155.root
         -> 1,934 vertices (1,992 trig, 1,189 trig+kin events)
  [2156/2989] nano_2156.root
         -> 2,145 vertices (2,158 trig, 1,284 trig+kin events)
  [2157/2989] nano_2157.root
         -> 316 vertices (328 trig, 190 trig+kin events)
  [2158/2989] nano_2158.root
         -> 1,809 vertices (1,622 trig, 1,023 trig+kin events)
  [2159/2989] nano_2159.root
         -> 2,613 vertices (2,564 trig, 1,522 trig+kin events)
  [2160/2989] nano_2160.root
         -> 1,826 vertices (1,844 trig, 1,107 trig+kin events)
  [2161/2989] nano_2161.root
         -> 2,090 vertices (1,905 trig, 1,182 trig+kin events)
  [2162/2989] nano_2162.root
         -> 2,297 vertices (2,293 trig, 1,358 trig+kin events)
  [2163/2989] nano_2163.root
         -> 2,857 vertices (2,869 trig, 1,708 trig+kin events)
  [2164/2989] nano_2164.root
         -> 1,971 vertices (2,140 trig, 1,256 trig+kin events)
  [2165/2989] nano_2165.root
         -> 3,287 vertices (3,245 trig, 1,958 trig+kin events)
  [2166/2989] nano_2166.root
         -> 3,058 vertices (3,118 trig, 1,845 trig+kin events)
  [2167/2989] nano_2167.root
         -> 2,116 vertices (2,173 trig, 1,329 trig+kin events)
  [2168/2989] nano_2168.root
         -> 1,511 vertices (1,675 trig, 983 trig+kin events)
  [2169/2989] nano_2169.root
         -> 1,742 vertices (1,831 trig, 1,077 trig+kin events)
  [2170/2989] nano_2170.root
         -> 3,194 vertices (3,189 trig, 1,911 trig+kin events)
  [2171/2989] nano_2171.root
         -> 3,219 vertices (3,218 trig, 1,894 trig+kin events)
  [2172/2989] nano_2172.root
         -> 3,082 vertices (3,121 trig, 1,850 trig+kin events)
  [2173/2989] nano_2173.root
         -> 3,147 vertices (3,120 trig, 1,851 trig+kin events)
  [2174/2989] nano_2174.root
         -> 2,212 vertices (2,231 trig, 1,325 trig+kin events)
  [2175/2989] nano_2175.root
         -> 3,248 vertices (3,155 trig, 1,922 trig+kin events)
  [2176/2989] nano_2176.root
         -> 1,258 vertices (1,193 trig, 727 trig+kin events)
  [2177/2989] nano_2177.root
         -> 1,769 vertices (1,689 trig, 1,019 trig+kin events)
  [2178/2989] nano_2178.root
         -> 1,023 vertices (1,058 trig, 622 trig+kin events)
  [2179/2989] nano_2179.root
         -> 1,990 vertices (1,832 trig, 1,088 trig+kin events)
  [2180/2989] nano_2180.root
         -> 2,444 vertices (2,456 trig, 1,431 trig+kin events)
  [2181/2989] nano_2181.root
         -> 1,624 vertices (1,632 trig, 937 trig+kin events)
  [2182/2989] nano_2182.root
         -> 1,867 vertices (1,783 trig, 1,117 trig+kin events)
  [2183/2989] nano_2183.root
         -> 2,830 vertices (2,828 trig, 1,682 trig+kin events)
  [2184/2989] nano_2184.root
         -> 3,130 vertices (3,108 trig, 1,801 trig+kin events)
  [2185/2989] nano_2185.root
         -> 2,124 vertices (2,189 trig, 1,293 trig+kin events)
  [2186/2989] nano_2186.root
         -> 1,976 vertices (1,974 trig, 1,194 trig+kin events)
  [2187/2989] nano_2187.root
         -> 2,937 vertices (2,879 trig, 1,719 trig+kin events)
  [2188/2989] nano_2188.root
         -> 1,766 vertices (1,674 trig, 976 trig+kin events)
  [2189/2989] nano_2189.root
         -> 1,529 vertices (1,705 trig, 1,007 trig+kin events)
  [2190/2989] nano_2190.root
         -> 1,743 vertices (1,751 trig, 1,072 trig+kin events)
  [2191/2989] nano_2191.root
         -> 765 vertices (856 trig, 502 trig+kin events)
  [2192/2989] nano_2192.root
         -> 268 vertices (310 trig, 179 trig+kin events)
  [2193/2989] nano_2193.root
         -> 2,530 vertices (2,656 trig, 1,582 trig+kin events)
  [2194/2989] nano_2194.root
         -> 102 vertices (111 trig, 59 trig+kin events)
  [2195/2989] nano_2195.root
         -> 3,201 vertices (3,197 trig, 1,897 trig+kin events)
  [2196/2989] nano_2196.root
         -> 3,158 vertices (3,138 trig, 1,846 trig+kin events)
  [2197/2989] nano_2197.root
         -> 2,439 vertices (2,307 trig, 1,424 trig+kin events)
  [2198/2989] nano_2198.root
         -> 1,865 vertices (1,884 trig, 1,124 trig+kin events)
  [2199/2989] nano_2199.root
         -> 3,155 vertices (3,173 trig, 1,911 trig+kin events)
  [2200/2989] nano_2200.root
         -> 2,893 vertices (3,184 trig, 1,877 trig+kin events)
  [2201/2989] nano_2201.root
         -> 3,422 vertices (3,117 trig, 1,876 trig+kin events)
  [2202/2989] nano_2202.root
         -> 1,957 vertices (2,006 trig, 1,151 trig+kin events)
  [2203/2989] nano_2203.root
         -> 2,002 vertices (1,978 trig, 1,160 trig+kin events)
  [2204/2989] nano_2204.root
         -> 2,568 vertices (2,382 trig, 1,426 trig+kin events)
  [2205/2989] nano_2205.root
         -> 3,324 vertices (3,089 trig, 1,844 trig+kin events)
  [2206/2989] nano_2206.root
         -> 1,067 vertices (1,093 trig, 663 trig+kin events)
  [2207/2989] nano_2207.root
         -> 3,156 vertices (3,131 trig, 1,876 trig+kin events)
  [2208/2989] nano_2208.root
         -> 2,379 vertices (2,461 trig, 1,449 trig+kin events)
  [2209/2989] nano_2209.root
         -> 3,065 vertices (3,112 trig, 1,804 trig+kin events)
  [2210/2989] nano_2210.root
         -> 2,167 vertices (2,250 trig, 1,306 trig+kin events)
  [2211/2989] nano_2211.root
         -> 2,704 vertices (2,605 trig, 1,517 trig+kin events)
  [2212/2989] nano_2212.root
         -> 1,679 vertices (1,708 trig, 1,020 trig+kin events)
  [2213/2989] nano_2213.root
         -> 3,119 vertices (3,129 trig, 1,871 trig+kin events)
  [2214/2989] nano_2214.root
         -> 3,045 vertices (3,048 trig, 1,818 trig+kin events)
  [2215/2989] nano_2215.root
         -> 3,035 vertices (3,147 trig, 1,836 trig+kin events)
  [2216/2989] nano_2216.root
         -> 3,206 vertices (3,103 trig, 1,808 trig+kin events)
  [2217/2989] nano_2217.root
         -> 2,667 vertices (2,702 trig, 1,579 trig+kin events)
  [2218/2989] nano_2218.root
         -> 2,200 vertices (2,120 trig, 1,269 trig+kin events)
  [2219/2989] nano_2219.root
         -> 1,649 vertices (1,675 trig, 977 trig+kin events)
  [2220/2989] nano_2220.root
         -> 2,625 vertices (2,582 trig, 1,562 trig+kin events)
  [2221/2989] nano_2221.root
         -> 2,148 vertices (2,267 trig, 1,324 trig+kin events)
  [2222/2989] nano_2222.root
         -> 3,000 vertices (3,149 trig, 1,833 trig+kin events)
  [2223/2989] nano_2223.root
         -> 3,034 vertices (3,165 trig, 1,839 trig+kin events)
  [2224/2989] nano_2224.root
         -> 3,218 vertices (3,165 trig, 1,894 trig+kin events)
  [2225/2989] nano_2225.root
         -> 3,027 vertices (2,880 trig, 1,718 trig+kin events)
  [2226/2989] nano_2226.root
         -> 2,960 vertices (2,985 trig, 1,782 trig+kin events)
  [2227/2989] nano_2227.root
         -> 1,575 vertices (1,668 trig, 975 trig+kin events)
  [2228/2989] nano_2228.root
         -> 3,068 vertices (3,130 trig, 1,835 trig+kin events)
  [2229/2989] nano_2229.root
         -> 2,370 vertices (2,216 trig, 1,329 trig+kin events)
  [2230/2989] nano_2230.root
         -> 2,512 vertices (2,596 trig, 1,543 trig+kin events)
  [2231/2989] nano_2231.root
         -> 2,716 vertices (2,740 trig, 1,643 trig+kin events)
  [2232/2989] nano_2232.root
         -> 3,332 vertices (3,193 trig, 1,912 trig+kin events)
  [2233/2989] nano_2233.root
         -> 3,146 vertices (3,121 trig, 1,882 trig+kin events)
  [2234/2989] nano_2234.root
         -> 2,042 vertices (2,019 trig, 1,228 trig+kin events)
  [2235/2989] nano_2235.root
         -> 3,254 vertices (3,207 trig, 1,915 trig+kin events)
  [2236/2989] nano_2236.root
         -> 2,755 vertices (2,857 trig, 1,688 trig+kin events)
  [2237/2989] nano_2237.root
         -> 1,778 vertices (1,934 trig, 1,153 trig+kin events)
  [2238/2989] nano_2238.root
         -> 3,284 vertices (3,022 trig, 1,819 trig+kin events)
  [2239/2989] nano_2239.root
         -> 2,395 vertices (2,225 trig, 1,329 trig+kin events)
  [2240/2989] nano_2240.root
         -> 2,272 vertices (2,417 trig, 1,414 trig+kin events)
  [2241/2989] nano_2241.root
         -> 2,166 vertices (2,194 trig, 1,289 trig+kin events)
  [2242/2989] nano_2242.root
         -> 1,938 vertices (1,969 trig, 1,196 trig+kin events)
  [2243/2989] nano_2243.root
         -> 3,304 vertices (3,104 trig, 1,891 trig+kin events)
  [2244/2989] nano_2244.root
         -> 2,568 vertices (2,542 trig, 1,484 trig+kin events)
  [2245/2989] nano_2245.root
         -> 3,036 vertices (2,857 trig, 1,700 trig+kin events)
  [2246/2989] nano_2246.root
         -> 2,658 vertices (2,657 trig, 1,612 trig+kin events)
  [2247/2989] nano_2247.root
         -> 3,106 vertices (3,094 trig, 1,812 trig+kin events)
  [2248/2989] nano_2248.root
         -> 1,704 vertices (1,675 trig, 1,019 trig+kin events)
  [2249/2989] nano_2249.root
         -> 1,651 vertices (1,631 trig, 928 trig+kin events)
  [2250/2989] nano_2250.root
         -> 1,761 vertices (1,737 trig, 1,021 trig+kin events)
  [2251/2989] nano_2251.root
         -> 3,241 vertices (3,237 trig, 1,916 trig+kin events)
  [2252/2989] nano_2252.root
         -> 3,089 vertices (3,142 trig, 1,848 trig+kin events)
  [2253/2989] nano_2253.root
         -> 3,195 vertices (3,083 trig, 1,866 trig+kin events)
  [2254/2989] nano_2254.root
         -> 2,328 vertices (2,185 trig, 1,320 trig+kin events)
  [2255/2989] nano_2255.root
         -> 2,908 vertices (3,056 trig, 1,791 trig+kin events)
  [2256/2989] nano_2256.root
         -> 2,916 vertices (2,944 trig, 1,756 trig+kin events)
  [2257/2989] nano_2257.root
         -> 2,187 vertices (2,076 trig, 1,240 trig+kin events)
  [2258/2989] nano_2258.root
         -> 2,154 vertices (2,035 trig, 1,218 trig+kin events)
  [2259/2989] nano_2259.root
         -> 2,326 vertices (2,170 trig, 1,338 trig+kin events)
  [2260/2989] nano_2260.root
         -> 3,111 vertices (3,114 trig, 1,836 trig+kin events)
  [2261/2989] nano_2261.root
         -> 1,510 vertices (1,571 trig, 923 trig+kin events)
  [2262/2989] nano_2262.root
         -> 3,111 vertices (3,112 trig, 1,852 trig+kin events)
  [2263/2989] nano_2263.root
         -> 3,109 vertices (3,136 trig, 1,885 trig+kin events)
  [2264/2989] nano_2264.root
         -> 2,768 vertices (2,624 trig, 1,573 trig+kin events)
  [2265/2989] nano_2265.root
         -> 2,412 vertices (2,505 trig, 1,481 trig+kin events)
  [2266/2989] nano_2266.root
         -> 2,923 vertices (3,087 trig, 1,799 trig+kin events)
  [2267/2989] nano_2267.root
         -> 2,487 vertices (2,439 trig, 1,493 trig+kin events)
  [2268/2989] nano_2268.root
         -> 3,080 vertices (3,110 trig, 1,831 trig+kin events)
  [2269/2989] nano_2269.root
         -> 3,067 vertices (3,150 trig, 1,845 trig+kin events)
  [2270/2989] nano_2270.root
         -> 3,327 vertices (3,143 trig, 1,870 trig+kin events)
  [2271/2989] nano_2271.root
         -> 2,989 vertices (3,021 trig, 1,811 trig+kin events)
  [2272/2989] nano_2272.root
         -> 3,047 vertices (3,152 trig, 1,838 trig+kin events)
  [2273/2989] nano_2273.root
         -> 1,652 vertices (1,675 trig, 1,005 trig+kin events)
  [2274/2989] nano_2274.root
         -> 3,174 vertices (3,059 trig, 1,796 trig+kin events)
  [2275/2989] nano_2275.root
         -> 2,973 vertices (3,113 trig, 1,859 trig+kin events)
  [2276/2989] nano_2276.root
         -> 2,411 vertices (2,414 trig, 1,416 trig+kin events)
  [2277/2989] nano_2277.root
         -> 2,410 vertices (2,449 trig, 1,439 trig+kin events)
  [2278/2989] nano_2278.root
         -> 3,065 vertices (2,926 trig, 1,742 trig+kin events)
  [2279/2989] nano_2279.root
         -> 2,888 vertices (2,749 trig, 1,617 trig+kin events)
  [2280/2989] nano_2280.root
         -> 2,532 vertices (2,555 trig, 1,510 trig+kin events)
  [2281/2989] nano_2281.root
         -> 3,052 vertices (3,081 trig, 1,852 trig+kin events)
  [2282/2989] nano_2282.root
         -> 3,204 vertices (3,121 trig, 1,852 trig+kin events)
  [2283/2989] nano_2283.root
         -> 3,124 vertices (3,157 trig, 1,862 trig+kin events)
  [2284/2989] nano_2284.root
         -> 916 vertices (960 trig, 552 trig+kin events)
  [2285/2989] nano_2285.root
         -> 2,841 vertices (2,824 trig, 1,708 trig+kin events)
  [2286/2989] nano_2286.root
         -> 3,050 vertices (3,210 trig, 1,906 trig+kin events)
  [2287/2989] nano_2287.root
         -> 3,099 vertices (3,168 trig, 1,865 trig+kin events)
  [2288/2989] nano_2288.root
         -> 3,165 vertices (3,112 trig, 1,811 trig+kin events)
  [2289/2989] nano_2289.root
         -> 1,812 vertices (1,915 trig, 1,145 trig+kin events)
  [2290/2989] nano_2290.root
         -> 3,079 vertices (3,164 trig, 1,847 trig+kin events)
  [2291/2989] nano_2291.root
         -> 3,138 vertices (3,145 trig, 1,854 trig+kin events)
  [2292/2989] nano_2292.root
         -> 2,937 vertices (3,108 trig, 1,801 trig+kin events)
  [2293/2989] nano_2293.root
         -> 2,028 vertices (2,087 trig, 1,260 trig+kin events)
  [2294/2989] nano_2294.root
         -> 3,109 vertices (3,146 trig, 1,863 trig+kin events)
  [2295/2989] nano_2295.root
         -> 1,878 vertices (1,849 trig, 1,092 trig+kin events)
  [2296/2989] nano_2296.root
         -> 2,569 vertices (2,689 trig, 1,606 trig+kin events)
  [2297/2989] nano_2297.root
         -> 2,374 vertices (2,412 trig, 1,404 trig+kin events)
  [2298/2989] nano_2298.root
         -> 2,004 vertices (1,955 trig, 1,179 trig+kin events)
  [2299/2989] nano_2299.root
         -> 3,115 vertices (3,136 trig, 1,845 trig+kin events)
  [2300/2989] nano_2300.root
         -> 3,048 vertices (3,090 trig, 1,837 trig+kin events)
  [2301/2989] nano_2301.root
         -> 579 vertices (618 trig, 343 trig+kin events)
  [2302/2989] nano_2302.root
         -> 3,184 vertices (3,126 trig, 1,866 trig+kin events)
  [2303/2989] nano_2303.root
         -> 2,952 vertices (3,039 trig, 1,796 trig+kin events)
  [2304/2989] nano_2304.root
         -> 1,987 vertices (2,039 trig, 1,177 trig+kin events)
  [2305/2989] nano_2305.root
         -> 1,556 vertices (1,605 trig, 940 trig+kin events)
  [2306/2989] nano_2306.root
         -> 2,577 vertices (2,483 trig, 1,473 trig+kin events)
  [2307/2989] nano_2307.root
         -> 3,231 vertices (3,111 trig, 1,833 trig+kin events)
  [2308/2989] nano_2308.root
         -> 3,064 vertices (3,168 trig, 1,813 trig+kin events)
  [2309/2989] nano_2309.root
         -> 2,398 vertices (2,429 trig, 1,398 trig+kin events)
  [2310/2989] nano_2310.root
         -> 1,708 vertices (1,649 trig, 964 trig+kin events)
  [2311/2989] nano_2311.root
         -> 2,972 vertices (3,077 trig, 1,818 trig+kin events)
  [2312/2989] nano_2312.root
         -> 3,182 vertices (3,102 trig, 1,821 trig+kin events)
  [2313/2989] nano_2313.root
         -> 2,248 vertices (2,218 trig, 1,322 trig+kin events)
  [2314/2989] nano_2314.root
         -> 2,214 vertices (2,152 trig, 1,316 trig+kin events)
  [2315/2989] nano_2315.root
         -> 3,155 vertices (3,150 trig, 1,832 trig+kin events)
  [2316/2989] nano_2316.root
         -> 2,988 vertices (3,043 trig, 1,782 trig+kin events)
  [2317/2989] nano_2317.root
         -> 1,675 vertices (1,658 trig, 995 trig+kin events)
  [2318/2989] nano_2318.root
         -> 1,767 vertices (1,753 trig, 1,064 trig+kin events)
  [2319/2989] nano_2319.root
         -> 3,297 vertices (3,217 trig, 1,922 trig+kin events)
  [2320/2989] nano_2320.root
         -> 1,253 vertices (1,242 trig, 703 trig+kin events)
  [2321/2989] nano_2321.root
         -> 1,454 vertices (1,514 trig, 892 trig+kin events)
  [2322/2989] nano_2322.root
         -> 3,146 vertices (3,121 trig, 1,877 trig+kin events)
  [2323/2989] nano_2323.root
         -> 3,073 vertices (3,034 trig, 1,843 trig+kin events)
  [2324/2989] nano_2324.root
         -> 2,290 vertices (2,256 trig, 1,341 trig+kin events)
  [2325/2989] nano_2325.root
         -> 2,261 vertices (2,330 trig, 1,379 trig+kin events)
  [2326/2989] nano_2326.root
         -> 3,050 vertices (3,028 trig, 1,820 trig+kin events)
  [2327/2989] nano_2327.root
         -> 1,667 vertices (1,673 trig, 1,005 trig+kin events)
  [2328/2989] nano_2328.root
         -> 3,191 vertices (3,202 trig, 1,930 trig+kin events)
  [2329/2989] nano_2329.root
         -> 3,039 vertices (3,076 trig, 1,846 trig+kin events)
  [2330/2989] nano_2330.root
         -> 3,034 vertices (3,049 trig, 1,808 trig+kin events)
  [2331/2989] nano_2331.root
         -> 717 vertices (697 trig, 400 trig+kin events)
  [2332/2989] nano_2332.root
         -> 2,136 vertices (2,071 trig, 1,244 trig+kin events)
  [2333/2989] nano_2333.root
         -> 2,785 vertices (2,802 trig, 1,637 trig+kin events)
  [2334/2989] nano_2334.root
         -> 1,832 vertices (1,830 trig, 1,108 trig+kin events)
  [2335/2989] nano_2335.root
         -> 3,174 vertices (3,095 trig, 1,870 trig+kin events)
  [2336/2989] nano_2336.root
         -> 3,015 vertices (3,121 trig, 1,827 trig+kin events)
  [2337/2989] nano_2337.root
         -> 1,880 vertices (1,692 trig, 1,020 trig+kin events)
  [2338/2989] nano_2338.root
         -> 2,641 vertices (2,639 trig, 1,537 trig+kin events)
  [2339/2989] nano_2339.root
         -> 2,836 vertices (2,778 trig, 1,665 trig+kin events)
  [2340/2989] nano_2340.root
         -> 3,241 vertices (3,120 trig, 1,869 trig+kin events)
  [2341/2989] nano_2341.root
         -> 2,569 vertices (2,615 trig, 1,536 trig+kin events)
  [2342/2989] nano_2342.root
         -> 3,200 vertices (3,128 trig, 1,887 trig+kin events)
  [2343/2989] nano_2343.root
         -> 3,131 vertices (3,181 trig, 1,891 trig+kin events)
  [2344/2989] nano_2344.root
         -> 3,359 vertices (3,175 trig, 1,876 trig+kin events)
  [2345/2989] nano_2345.root
         -> 2,037 vertices (2,086 trig, 1,227 trig+kin events)
  [2346/2989] nano_2346.root
         -> 3,215 vertices (3,129 trig, 1,834 trig+kin events)
  [2347/2989] nano_2347.root
         -> 1,859 vertices (1,828 trig, 1,106 trig+kin events)
  [2348/2989] nano_2348.root
         -> 2,140 vertices (2,038 trig, 1,221 trig+kin events)
  [2349/2989] nano_2349.root
         -> 472 vertices (491 trig, 270 trig+kin events)
  [2350/2989] nano_2350.root
         -> 1,907 vertices (1,937 trig, 1,148 trig+kin events)
  [2351/2989] nano_2351.root
         -> 1,862 vertices (1,681 trig, 1,013 trig+kin events)
  [2352/2989] nano_2352.root
         -> 1,840 vertices (1,867 trig, 1,107 trig+kin events)
  [2353/2989] nano_2353.root
         -> 3,037 vertices (3,080 trig, 1,801 trig+kin events)
  [2354/2989] nano_2354.root
         -> 2,421 vertices (2,495 trig, 1,503 trig+kin events)
  [2355/2989] nano_2355.root
         -> 3,057 vertices (3,211 trig, 1,889 trig+kin events)
  [2356/2989] nano_2356.root
         -> 3,071 vertices (3,144 trig, 1,855 trig+kin events)
  [2357/2989] nano_2357.root
         -> 2,929 vertices (3,070 trig, 1,818 trig+kin events)
  [2358/2989] nano_2358.root
         -> 3,291 vertices (3,233 trig, 1,928 trig+kin events)
  [2359/2989] nano_2359.root
         -> 3,092 vertices (3,077 trig, 1,845 trig+kin events)
  [2360/2989] nano_2360.root
         -> 3,059 vertices (3,146 trig, 1,896 trig+kin events)
  [2361/2989] nano_2361.root
         -> 1,921 vertices (1,922 trig, 1,124 trig+kin events)
  [2362/2989] nano_2362.root
         -> 849 vertices (843 trig, 505 trig+kin events)
  [2363/2989] nano_2363.root
         -> 1,711 vertices (1,725 trig, 1,029 trig+kin events)
  [2364/2989] nano_2364.root
         -> 3,062 vertices (3,116 trig, 1,826 trig+kin events)
  [2365/2989] nano_2365.root
         -> 3,269 vertices (3,142 trig, 1,854 trig+kin events)
  [2366/2989] nano_2366.root
         -> 2,177 vertices (2,363 trig, 1,372 trig+kin events)
  [2367/2989] nano_2367.root
         -> 3,033 vertices (3,051 trig, 1,783 trig+kin events)
  [2368/2989] nano_2368.root
         -> 1,882 vertices (1,925 trig, 1,106 trig+kin events)
  [2369/2989] nano_2369.root
         -> 3,055 vertices (3,114 trig, 1,831 trig+kin events)
  [2370/2989] nano_2370.root
         -> 3,117 vertices (3,093 trig, 1,842 trig+kin events)
  [2371/2989] nano_2371.root
         -> 3,141 vertices (3,127 trig, 1,836 trig+kin events)
  [2372/2989] nano_2372.root
         -> 3,417 vertices (3,216 trig, 1,906 trig+kin events)
  [2373/2989] nano_2373.root
         -> 3,134 vertices (2,984 trig, 1,838 trig+kin events)
  [2374/2989] nano_2374.root
         -> 2,225 vertices (2,242 trig, 1,285 trig+kin events)
  [2375/2989] nano_2375.root
         -> 3,083 vertices (3,107 trig, 1,829 trig+kin events)
  [2376/2989] nano_2376.root
         -> 3,161 vertices (3,055 trig, 1,817 trig+kin events)
  [2377/2989] nano_2377.root
         -> 2,206 vertices (2,279 trig, 1,330 trig+kin events)
  [2378/2989] nano_2378.root
         -> 1,649 vertices (1,630 trig, 955 trig+kin events)
  [2379/2989] nano_2379.root
         -> 2,940 vertices (3,007 trig, 1,815 trig+kin events)
  [2380/2989] nano_2380.root
         -> 2,325 vertices (2,242 trig, 1,339 trig+kin events)
  [2381/2989] nano_2381.root
         -> 3,423 vertices (3,137 trig, 1,881 trig+kin events)
  [2382/2989] nano_2382.root
         -> 3,250 vertices (3,100 trig, 1,856 trig+kin events)
  [2383/2989] nano_2383.root
         -> 3,187 vertices (3,165 trig, 1,858 trig+kin events)
  [2384/2989] nano_2384.root
         -> 2,883 vertices (2,808 trig, 1,709 trig+kin events)
  [2385/2989] nano_2385.root
         -> 2,098 vertices (2,108 trig, 1,262 trig+kin events)
  [2386/2989] nano_2386.root
         -> 1,664 vertices (1,602 trig, 933 trig+kin events)
  [2387/2989] nano_2387.root
         -> 1,876 vertices (1,913 trig, 1,170 trig+kin events)
  [2388/2989] nano_2388.root
         -> 1,870 vertices (1,772 trig, 1,048 trig+kin events)
  [2389/2989] nano_2389.root
         -> 1,912 vertices (1,899 trig, 1,117 trig+kin events)
  [2390/2989] nano_2390.root
         -> 3,274 vertices (3,193 trig, 1,832 trig+kin events)
  [2391/2989] nano_2391.root
         -> 2,301 vertices (2,283 trig, 1,344 trig+kin events)
  [2392/2989] nano_2392.root
         -> 2,975 vertices (2,991 trig, 1,759 trig+kin events)
  [2393/2989] nano_2393.root
         -> 1,952 vertices (1,763 trig, 1,053 trig+kin events)
  [2394/2989] nano_2394.root
         -> 721 vertices (681 trig, 401 trig+kin events)
  [2395/2989] nano_2395.root
         -> 2,984 vertices (2,983 trig, 1,719 trig+kin events)
  [2396/2989] nano_2396.root
         -> 2,924 vertices (3,048 trig, 1,779 trig+kin events)
  [2397/2989] nano_2397.root
         -> 1,913 vertices (1,832 trig, 1,075 trig+kin events)
  [2398/2989] nano_2398.root
         -> 2,881 vertices (3,010 trig, 1,738 trig+kin events)
  [2399/2989] nano_2399.root
         -> 3,361 vertices (3,249 trig, 1,920 trig+kin events)
  [2400/2989] nano_2400.root
         -> 3,158 vertices (3,167 trig, 1,862 trig+kin events)
  [2401/2989] nano_2401.root
         -> 3,226 vertices (3,122 trig, 1,827 trig+kin events)
  [2402/2989] nano_2402.root
         -> 2,491 vertices (2,579 trig, 1,484 trig+kin events)
  [2403/2989] nano_2403.root
         -> 1,560 vertices (1,599 trig, 952 trig+kin events)
  [2404/2989] nano_2404.root
         -> 3,015 vertices (3,141 trig, 1,821 trig+kin events)
  [2405/2989] nano_2405.root
         -> 3,032 vertices (3,150 trig, 1,861 trig+kin events)
  [2406/2989] nano_2406.root
         -> 3,285 vertices (3,162 trig, 1,854 trig+kin events)
  [2407/2989] nano_2407.root
         -> 3,142 vertices (3,109 trig, 1,862 trig+kin events)
  [2408/2989] nano_2408.root
         -> 3,179 vertices (3,182 trig, 1,901 trig+kin events)
  [2409/2989] nano_2409.root
         -> 3,086 vertices (3,151 trig, 1,875 trig+kin events)
  [2410/2989] nano_2410.root
         -> 3,245 vertices (3,114 trig, 1,836 trig+kin events)
  [2411/2989] nano_2411.root
         -> 1,736 vertices (1,654 trig, 1,001 trig+kin events)
  [2412/2989] nano_2412.root
         -> 2,517 vertices (2,476 trig, 1,443 trig+kin events)
  [2413/2989] nano_2413.root
         -> 3,225 vertices (3,118 trig, 1,882 trig+kin events)
  [2414/2989] nano_2414.root
         -> 2,947 vertices (3,151 trig, 1,844 trig+kin events)
  [2415/2989] nano_2415.root
         -> 2,978 vertices (3,133 trig, 1,829 trig+kin events)
  [2416/2989] nano_2416.root
         -> 1,185 vertices (1,183 trig, 675 trig+kin events)
  [2417/2989] nano_2417.root
         -> 2,275 vertices (2,330 trig, 1,348 trig+kin events)
  [2418/2989] nano_2418.root
         -> 2,658 vertices (2,450 trig, 1,506 trig+kin events)
  [2419/2989] nano_2419.root
         -> 3,103 vertices (3,102 trig, 1,875 trig+kin events)
  [2420/2989] nano_2420.root
         -> 3,142 vertices (3,100 trig, 1,835 trig+kin events)
  [2421/2989] nano_2421.root
         -> 2,200 vertices (2,189 trig, 1,308 trig+kin events)
  [2422/2989] nano_2422.root
         -> 3,084 vertices (3,165 trig, 1,851 trig+kin events)
  [2423/2989] nano_2423.root
         -> 2,677 vertices (2,620 trig, 1,564 trig+kin events)
  [2424/2989] nano_2424.root
         -> 3,140 vertices (3,178 trig, 1,889 trig+kin events)
  [2425/2989] nano_2425.root
         -> 1,524 vertices (1,652 trig, 955 trig+kin events)
  [2426/2989] nano_2426.root
         -> 2,869 vertices (3,107 trig, 1,807 trig+kin events)
  [2427/2989] nano_2427.root
         -> 3,039 vertices (3,077 trig, 1,826 trig+kin events)
  [2428/2989] nano_2428.root
         -> 2,233 vertices (2,312 trig, 1,385 trig+kin events)
  [2429/2989] nano_2429.root
         -> 85 vertices (114 trig, 65 trig+kin events)
  [2430/2989] nano_2430.root
         -> 1,778 vertices (1,761 trig, 1,058 trig+kin events)
  [2431/2989] nano_2431.root
         -> 2,287 vertices (2,247 trig, 1,297 trig+kin events)
  [2432/2989] nano_2432.root
         -> 3,015 vertices (3,171 trig, 1,874 trig+kin events)
  [2433/2989] nano_2433.root
         -> 2,513 vertices (2,352 trig, 1,397 trig+kin events)
  [2434/2989] nano_2434.root
         -> 3,201 vertices (3,104 trig, 1,832 trig+kin events)
  [2435/2989] nano_2435.root
         -> 3,287 vertices (3,212 trig, 1,918 trig+kin events)
  [2436/2989] nano_2436.root
         -> 3,207 vertices (3,150 trig, 1,844 trig+kin events)
  [2437/2989] nano_2437.root
         -> 3,162 vertices (3,183 trig, 1,913 trig+kin events)
  [2438/2989] nano_2438.root
         -> 3,185 vertices (3,079 trig, 1,829 trig+kin events)
  [2439/2989] nano_2439.root
         -> 2,447 vertices (2,327 trig, 1,404 trig+kin events)
  [2440/2989] nano_2440.root
         -> 1,666 vertices (1,651 trig, 1,025 trig+kin events)
  [2441/2989] nano_2441.root
         -> 3,066 vertices (3,032 trig, 1,786 trig+kin events)
  [2442/2989] nano_2442.root
         -> 3,141 vertices (3,137 trig, 1,828 trig+kin events)
  [2443/2989] nano_2443.root
         -> 1,965 vertices (1,907 trig, 1,129 trig+kin events)
  [2444/2989] nano_2444.root
         -> 3,038 vertices (3,105 trig, 1,828 trig+kin events)
  [2445/2989] nano_2445.root
         -> 3,174 vertices (3,101 trig, 1,816 trig+kin events)
  [2446/2989] nano_2446.root
         -> 3,138 vertices (3,170 trig, 1,863 trig+kin events)
  [2447/2989] nano_2447.root
         -> 3,221 vertices (3,103 trig, 1,861 trig+kin events)
  [2448/2989] nano_2448.root
         -> 2,502 vertices (2,537 trig, 1,492 trig+kin events)
  [2449/2989] nano_2449.root
         -> 3,446 vertices (3,230 trig, 1,958 trig+kin events)
  [2450/2989] nano_2450.root
         -> 2,158 vertices (2,448 trig, 1,429 trig+kin events)
  [2451/2989] nano_2451.root
         -> 2,059 vertices (1,979 trig, 1,199 trig+kin events)
  [2452/2989] nano_2452.root
         -> 1,499 vertices (1,638 trig, 942 trig+kin events)
  [2453/2989] nano_2453.root
         -> 3,182 vertices (3,108 trig, 1,867 trig+kin events)
  [2454/2989] nano_2454.root
         -> 3,294 vertices (3,128 trig, 1,829 trig+kin events)
  [2455/2989] nano_2455.root
         -> 2,040 vertices (2,062 trig, 1,244 trig+kin events)
  [2456/2989] nano_2456.root
         -> 3,163 vertices (3,177 trig, 1,866 trig+kin events)
  [2457/2989] nano_2457.root
         -> 3,045 vertices (3,040 trig, 1,808 trig+kin events)
  [2458/2989] nano_2458.root
         -> 1,897 vertices (1,825 trig, 1,085 trig+kin events)
  [2459/2989] nano_2459.root
         -> 3,004 vertices (3,087 trig, 1,841 trig+kin events)
  [2460/2989] nano_2460.root
         -> 2,174 vertices (2,184 trig, 1,296 trig+kin events)
  [2461/2989] nano_2461.root
         -> 3,010 vertices (2,915 trig, 1,744 trig+kin events)
  [2462/2989] nano_2462.root
         -> 538 vertices (495 trig, 300 trig+kin events)
  [2463/2989] nano_2463.root
         -> 3,244 vertices (3,190 trig, 1,911 trig+kin events)
  [2464/2989] nano_2464.root
         -> 2,987 vertices (2,728 trig, 1,664 trig+kin events)
  [2465/2989] nano_2465.root
         -> 2,576 vertices (2,431 trig, 1,429 trig+kin events)
  [2466/2989] nano_2466.root
         -> 2,659 vertices (2,592 trig, 1,570 trig+kin events)
  [2467/2989] nano_2467.root
         -> 3,283 vertices (3,169 trig, 1,886 trig+kin events)
  [2468/2989] nano_2468.root
         -> 1,657 vertices (1,655 trig, 982 trig+kin events)
  [2469/2989] nano_2469.root
         -> 2,994 vertices (3,051 trig, 1,785 trig+kin events)
  [2470/2989] nano_2470.root
         -> 1,752 vertices (1,675 trig, 988 trig+kin events)
  [2471/2989] nano_2471.root
         -> 2,011 vertices (1,877 trig, 1,103 trig+kin events)
  [2472/2989] nano_2472.root
         -> 1,837 vertices (1,897 trig, 1,120 trig+kin events)
  [2473/2989] nano_2473.root
         -> 3,052 vertices (3,047 trig, 1,830 trig+kin events)
  [2474/2989] nano_2474.root
         -> 3,445 vertices (3,255 trig, 1,935 trig+kin events)
  [2475/2989] nano_2475.root
         -> 2,790 vertices (2,649 trig, 1,619 trig+kin events)
  [2476/2989] nano_2476.root
         -> 3,108 vertices (3,115 trig, 1,810 trig+kin events)
  [2477/2989] nano_2477.root
         -> 3,209 vertices (3,123 trig, 1,829 trig+kin events)
  [2478/2989] nano_2478.root
         -> 2,436 vertices (2,441 trig, 1,429 trig+kin events)
  [2479/2989] nano_2479.root
         -> 3,011 vertices (3,105 trig, 1,854 trig+kin events)
  [2480/2989] nano_2480.root
         -> 2,443 vertices (2,358 trig, 1,412 trig+kin events)
  [2481/2989] nano_2481.root
         -> 1,688 vertices (1,691 trig, 1,027 trig+kin events)
  [2482/2989] nano_2482.root
         -> 3,184 vertices (3,116 trig, 1,833 trig+kin events)
  [2483/2989] nano_2483.root
         -> 1,669 vertices (1,752 trig, 1,025 trig+kin events)
  [2484/2989] nano_2484.root
         -> 2,971 vertices (3,093 trig, 1,838 trig+kin events)
  [2485/2989] nano_2485.root
         -> 1,666 vertices (1,680 trig, 975 trig+kin events)
  [2486/2989] nano_2486.root
         -> 1,780 vertices (1,787 trig, 1,049 trig+kin events)
  [2487/2989] nano_2487.root
         -> 3,225 vertices (3,073 trig, 1,856 trig+kin events)
  [2488/2989] nano_2488.root
         -> 2,887 vertices (2,731 trig, 1,674 trig+kin events)
  [2489/2989] nano_2489.root
         -> 1,153 vertices (1,200 trig, 701 trig+kin events)
  [2490/2989] nano_2490.root
         -> 3,351 vertices (3,161 trig, 1,906 trig+kin events)
  [2491/2989] nano_2491.root
         -> 3,378 vertices (3,233 trig, 1,891 trig+kin events)
  [2492/2989] nano_2492.root
         -> 1,971 vertices (1,878 trig, 1,157 trig+kin events)
  [2493/2989] nano_2493.root
         -> 1,929 vertices (1,735 trig, 1,050 trig+kin events)
  [2494/2989] nano_2494.root
         -> 3,125 vertices (3,059 trig, 1,815 trig+kin events)
  [2495/2989] nano_2495.root
         -> 2,980 vertices (2,933 trig, 1,705 trig+kin events)
  [2496/2989] nano_2496.root
         -> 3,365 vertices (3,147 trig, 1,890 trig+kin events)
  [2497/2989] nano_2497.root
         -> 2,667 vertices (2,666 trig, 1,599 trig+kin events)
  [2498/2989] nano_2498.root
         -> 1,950 vertices (1,976 trig, 1,172 trig+kin events)
  [2499/2989] nano_2499.root
         -> 3,177 vertices (3,138 trig, 1,846 trig+kin events)
  [2500/2989] nano_2500.root
         -> 2,080 vertices (2,116 trig, 1,260 trig+kin events)
  [2501/2989] nano_2501.root
         -> 3,010 vertices (3,125 trig, 1,833 trig+kin events)
  [2502/2989] nano_2502.root
         -> 3,081 vertices (3,008 trig, 1,770 trig+kin events)
  [2503/2989] nano_2503.root
         -> 2,710 vertices (2,557 trig, 1,482 trig+kin events)
  [2504/2989] nano_2504.root
         -> 1,805 vertices (1,818 trig, 1,110 trig+kin events)
  [2505/2989] nano_2505.root
         -> 3,097 vertices (3,104 trig, 1,825 trig+kin events)
  [2506/2989] nano_2506.root
         -> 3,270 vertices (3,155 trig, 1,845 trig+kin events)
  [2507/2989] nano_2507.root
         -> 1,863 vertices (1,965 trig, 1,165 trig+kin events)
  [2508/2989] nano_2508.root
         -> 3,106 vertices (3,133 trig, 1,905 trig+kin events)
  [2509/2989] nano_2509.root
         -> 1,943 vertices (2,097 trig, 1,212 trig+kin events)
  [2510/2989] nano_2510.root
         -> 3,170 vertices (3,122 trig, 1,859 trig+kin events)
  [2511/2989] nano_2511.root
         -> 1,648 vertices (1,634 trig, 949 trig+kin events)
  [2512/2989] nano_2512.root
         -> 1,688 vertices (1,877 trig, 1,078 trig+kin events)
  [2513/2989] nano_2513.root
         -> 3,342 vertices (3,258 trig, 1,951 trig+kin events)
  [2514/2989] nano_2514.root
         -> 2,021 vertices (1,942 trig, 1,169 trig+kin events)
  [2515/2989] nano_2515.root
         -> 3,097 vertices (3,153 trig, 1,849 trig+kin events)
  [2516/2989] nano_2516.root
         -> 2,282 vertices (2,389 trig, 1,390 trig+kin events)
  [2517/2989] nano_2517.root
         -> 1,621 vertices (1,691 trig, 1,000 trig+kin events)
  [2518/2989] nano_2518.root
         -> 3,256 vertices (3,199 trig, 1,914 trig+kin events)
  [2519/2989] nano_2519.root
         -> 2,597 vertices (2,647 trig, 1,542 trig+kin events)
  [2520/2989] nano_2520.root
         -> 3,310 vertices (3,088 trig, 1,842 trig+kin events)
  [2521/2989] nano_2521.root
         -> 1,801 vertices (1,890 trig, 1,110 trig+kin events)
  [2522/2989] nano_2522.root
         -> 3,160 vertices (3,145 trig, 1,861 trig+kin events)
  [2523/2989] nano_2523.root
         -> 3,188 vertices (3,153 trig, 1,880 trig+kin events)
  [2524/2989] nano_2524.root
         -> 3,182 vertices (3,105 trig, 1,878 trig+kin events)
  [2525/2989] nano_2525.root
         -> 3,105 vertices (3,159 trig, 1,885 trig+kin events)
  [2526/2989] nano_2526.root
         -> 3,045 vertices (3,114 trig, 1,839 trig+kin events)
  [2527/2989] nano_2527.root
         -> 2,989 vertices (3,064 trig, 1,790 trig+kin events)
  [2528/2989] nano_2528.root
         -> 3,194 vertices (3,124 trig, 1,892 trig+kin events)
  [2529/2989] nano_2529.root
         -> 2,764 vertices (2,766 trig, 1,628 trig+kin events)
  [2530/2989] nano_2530.root
         -> 2,907 vertices (3,071 trig, 1,800 trig+kin events)
  [2531/2989] nano_2531.root
         -> 1,826 vertices (1,798 trig, 1,085 trig+kin events)
  [2532/2989] nano_2532.root
         -> 3,023 vertices (3,129 trig, 1,851 trig+kin events)
  [2533/2989] nano_2533.root
         -> 1,977 vertices (2,078 trig, 1,199 trig+kin events)
  [2534/2989] nano_2534.root
         -> 2,855 vertices (2,793 trig, 1,678 trig+kin events)
  [2535/2989] nano_2535.root
         -> 3,031 vertices (3,060 trig, 1,834 trig+kin events)
  [2536/2989] nano_2536.root
         -> 3,028 vertices (3,194 trig, 1,863 trig+kin events)
  [2537/2989] nano_2537.root
         -> 2,057 vertices (1,880 trig, 1,122 trig+kin events)
  [2538/2989] nano_2538.root
         -> 2,993 vertices (3,078 trig, 1,842 trig+kin events)
  [2539/2989] nano_2539.root
         -> 3,055 vertices (3,012 trig, 1,806 trig+kin events)
  [2540/2989] nano_2540.root
         -> 3,156 vertices (3,128 trig, 1,856 trig+kin events)
  [2541/2989] nano_2541.root
         -> 3,226 vertices (3,173 trig, 1,868 trig+kin events)
  [2542/2989] nano_2542.root
         -> 1,690 vertices (1,710 trig, 1,010 trig+kin events)
  [2543/2989] nano_2543.root
         -> 2,978 vertices (3,145 trig, 1,854 trig+kin events)
  [2544/2989] nano_2544.root
         -> 2,942 vertices (3,108 trig, 1,856 trig+kin events)
  [2545/2989] nano_2545.root
         -> 3,155 vertices (3,042 trig, 1,829 trig+kin events)
  [2546/2989] nano_2546.root
         -> 110 vertices (136 trig, 74 trig+kin events)
  [2547/2989] nano_2547.root
         -> 2,506 vertices (2,477 trig, 1,477 trig+kin events)
  [2548/2989] nano_2548.root
         -> 3,228 vertices (3,164 trig, 1,908 trig+kin events)
  [2549/2989] nano_2549.root
         -> 3,080 vertices (2,944 trig, 1,732 trig+kin events)
  [2550/2989] nano_2550.root
         -> 1,833 vertices (1,974 trig, 1,139 trig+kin events)
  [2551/2989] nano_2551.root
         -> 2,136 vertices (2,107 trig, 1,274 trig+kin events)
  [2552/2989] nano_2552.root
         -> 2,227 vertices (2,268 trig, 1,348 trig+kin events)
  [2553/2989] nano_2553.root
         -> 2,463 vertices (2,604 trig, 1,500 trig+kin events)
  [2554/2989] nano_2554.root
         -> 3,100 vertices (3,030 trig, 1,768 trig+kin events)
  [2555/2989] nano_2555.root
         -> 467 vertices (477 trig, 266 trig+kin events)
  [2556/2989] nano_2556.root
         -> 3,148 vertices (3,200 trig, 1,917 trig+kin events)
  [2557/2989] nano_2557.root
         -> 2,065 vertices (2,198 trig, 1,277 trig+kin events)
  [2558/2989] nano_2558.root
         -> 1,950 vertices (1,764 trig, 1,077 trig+kin events)
  [2559/2989] nano_2559.root
         -> 2,982 vertices (3,046 trig, 1,758 trig+kin events)
  [2560/2989] nano_2560.root
         -> 3,010 vertices (3,162 trig, 1,843 trig+kin events)
  [2561/2989] nano_2561.root
         -> 3,267 vertices (3,117 trig, 1,860 trig+kin events)
  [2562/2989] nano_2562.root
         -> 2,808 vertices (2,842 trig, 1,656 trig+kin events)
  [2563/2989] nano_2563.root
         -> 1,755 vertices (1,811 trig, 1,040 trig+kin events)
  [2564/2989] nano_2564.root
         -> 2,462 vertices (2,432 trig, 1,433 trig+kin events)
  [2565/2989] nano_2565.root
         -> 1,859 vertices (1,812 trig, 1,077 trig+kin events)
  [2566/2989] nano_2566.root
         -> 341 vertices (255 trig, 166 trig+kin events)
  [2567/2989] nano_2567.root
         -> 2,553 vertices (2,550 trig, 1,534 trig+kin events)
  [2568/2989] nano_2568.root
         -> 3,365 vertices (3,243 trig, 1,936 trig+kin events)
  [2569/2989] nano_2569.root
         -> 3,242 vertices (3,177 trig, 1,876 trig+kin events)
  [2570/2989] nano_2570.root
         -> 3,202 vertices (3,206 trig, 1,875 trig+kin events)
  [2571/2989] nano_2571.root
         -> 3,096 vertices (3,114 trig, 1,832 trig+kin events)
  [2572/2989] nano_2572.root
         -> 3,030 vertices (3,123 trig, 1,856 trig+kin events)
  [2573/2989] nano_2573.root
         -> 3,322 vertices (3,180 trig, 1,903 trig+kin events)
  [2574/2989] nano_2574.root
         -> 1,789 vertices (1,828 trig, 1,099 trig+kin events)
  [2575/2989] nano_2575.root
         -> 3,084 vertices (3,147 trig, 1,837 trig+kin events)
  [2576/2989] nano_2576.root
         -> 3,167 vertices (3,121 trig, 1,907 trig+kin events)
  [2577/2989] nano_2577.root
         -> 3,178 vertices (3,144 trig, 1,868 trig+kin events)
  [2578/2989] nano_2578.root
         -> 1,865 vertices (1,887 trig, 1,130 trig+kin events)
  [2579/2989] nano_2579.root
         -> 2,350 vertices (2,325 trig, 1,371 trig+kin events)
  [2580/2989] nano_2580.root
         -> 3,088 vertices (3,205 trig, 1,842 trig+kin events)
  [2581/2989] nano_2581.root
         -> 1,530 vertices (1,617 trig, 954 trig+kin events)
  [2582/2989] nano_2582.root
         -> 2,929 vertices (2,989 trig, 1,814 trig+kin events)
  [2583/2989] nano_2583.root
         -> 3,249 vertices (3,169 trig, 1,887 trig+kin events)
  [2584/2989] nano_2584.root
         -> 3,051 vertices (3,170 trig, 1,852 trig+kin events)
  [2585/2989] nano_2585.root
         -> 3,362 vertices (3,207 trig, 1,914 trig+kin events)
  [2586/2989] nano_2586.root
         -> 2,832 vertices (2,622 trig, 1,596 trig+kin events)
  [2587/2989] nano_2587.root
         -> 2,155 vertices (1,998 trig, 1,178 trig+kin events)
  [2588/2989] nano_2588.root
         -> 2,624 vertices (2,729 trig, 1,575 trig+kin events)
  [2589/2989] nano_2589.root
         -> 1,649 vertices (1,622 trig, 945 trig+kin events)
  [2590/2989] nano_2590.root
         -> 2,071 vertices (2,102 trig, 1,255 trig+kin events)
  [2591/2989] nano_2591.root
         -> 3,078 vertices (3,140 trig, 1,884 trig+kin events)
  [2592/2989] nano_2592.root
         -> 1,749 vertices (1,759 trig, 1,039 trig+kin events)
  [2593/2989] nano_2593.root
         -> 1,748 vertices (1,809 trig, 1,078 trig+kin events)
  [2594/2989] nano_2594.root
         -> 1,709 vertices (1,729 trig, 1,021 trig+kin events)
  [2595/2989] nano_2595.root
         -> 2,924 vertices (3,038 trig, 1,817 trig+kin events)
  [2596/2989] nano_2596.root
         -> 3,211 vertices (3,104 trig, 1,859 trig+kin events)
  [2597/2989] nano_2597.root
         -> 3,452 vertices (3,238 trig, 1,943 trig+kin events)
  [2598/2989] nano_2598.root
         -> 2,631 vertices (2,723 trig, 1,589 trig+kin events)
  [2599/2989] nano_2599.root
         -> 2,683 vertices (2,672 trig, 1,593 trig+kin events)
  [2600/2989] nano_2600.root
         -> 3,274 vertices (3,203 trig, 1,931 trig+kin events)
  [2601/2989] nano_2601.root
         -> 3,119 vertices (3,156 trig, 1,873 trig+kin events)
  [2602/2989] nano_2602.root
         -> 1,655 vertices (1,791 trig, 1,019 trig+kin events)
  [2603/2989] nano_2603.root
         -> 2,658 vertices (2,717 trig, 1,589 trig+kin events)
  [2604/2989] nano_2604.root
         -> 1,720 vertices (1,625 trig, 959 trig+kin events)
  [2605/2989] nano_2605.root
         -> 1,816 vertices (1,814 trig, 1,064 trig+kin events)
  [2606/2989] nano_2606.root
         -> 2,740 vertices (2,666 trig, 1,603 trig+kin events)
  [2607/2989] nano_2607.root
         -> 2,450 vertices (2,212 trig, 1,352 trig+kin events)
  [2608/2989] nano_2608.root
         -> 2,030 vertices (2,002 trig, 1,167 trig+kin events)
  [2609/2989] nano_2609.root
         -> 1,764 vertices (1,664 trig, 1,029 trig+kin events)
  [2610/2989] nano_2610.root
         -> 1,779 vertices (1,623 trig, 979 trig+kin events)
  [2611/2989] nano_2611.root
         -> 3,074 vertices (3,178 trig, 1,846 trig+kin events)
  [2612/2989] nano_2612.root
         -> 1,822 vertices (1,788 trig, 1,087 trig+kin events)
  [2613/2989] nano_2613.root
         -> 1,731 vertices (1,751 trig, 1,026 trig+kin events)
  [2614/2989] nano_2614.root
         -> 1,698 vertices (1,721 trig, 988 trig+kin events)
  [2615/2989] nano_2615.root
         -> 3,272 vertices (3,179 trig, 1,925 trig+kin events)
  [2616/2989] nano_2616.root
         -> 3,232 vertices (3,123 trig, 1,861 trig+kin events)
  [2617/2989] nano_2617.root
         -> 3,068 vertices (3,051 trig, 1,789 trig+kin events)
  [2618/2989] nano_2618.root
         -> 116 vertices (112 trig, 60 trig+kin events)
  [2619/2989] nano_2619.root
         -> 3,214 vertices (3,245 trig, 1,925 trig+kin events)
  [2620/2989] nano_2620.root
         -> 2,347 vertices (2,328 trig, 1,396 trig+kin events)
  [2621/2989] nano_2621.root
         -> 3,162 vertices (3,032 trig, 1,767 trig+kin events)
  [2622/2989] nano_2622.root
         -> 1,470 vertices (1,559 trig, 911 trig+kin events)
  [2623/2989] nano_2623.root
         -> 3,240 vertices (3,211 trig, 1,889 trig+kin events)
  [2624/2989] nano_2624.root
         -> 3,288 vertices (3,076 trig, 1,836 trig+kin events)
  [2625/2989] nano_2625.root
         -> 1,759 vertices (1,643 trig, 999 trig+kin events)
  [2626/2989] nano_2626.root
         -> 2,253 vertices (2,353 trig, 1,395 trig+kin events)
  [2627/2989] nano_2627.root
         -> 3,181 vertices (3,142 trig, 1,870 trig+kin events)
  [2628/2989] nano_2628.root
         -> 3,079 vertices (3,130 trig, 1,857 trig+kin events)
  [2629/2989] nano_2629.root
         -> 3,131 vertices (3,155 trig, 1,853 trig+kin events)
  [2630/2989] nano_2630.root
         -> 3,058 vertices (3,014 trig, 1,778 trig+kin events)
  [2631/2989] nano_2631.root
         -> 2,937 vertices (3,131 trig, 1,844 trig+kin events)
  [2632/2989] nano_2632.root
         -> 930 vertices (871 trig, 526 trig+kin events)
  [2633/2989] nano_2633.root
         -> 1,559 vertices (1,580 trig, 943 trig+kin events)
  [2634/2989] nano_2634.root
         -> 1,669 vertices (1,655 trig, 985 trig+kin events)
  [2635/2989] nano_2635.root
         -> 3,031 vertices (3,090 trig, 1,815 trig+kin events)
  [2636/2989] nano_2636.root
         -> 2,781 vertices (2,825 trig, 1,669 trig+kin events)
  [2637/2989] nano_2637.root
         -> 2,237 vertices (2,246 trig, 1,342 trig+kin events)
  [2638/2989] nano_2638.root
         -> 3,207 vertices (3,140 trig, 1,885 trig+kin events)
  [2639/2989] nano_2639.root
         -> 2,451 vertices (2,619 trig, 1,573 trig+kin events)
  [2640/2989] nano_2640.root
         -> 3,033 vertices (3,114 trig, 1,825 trig+kin events)
  [2641/2989] nano_2641.root
         -> 1,841 vertices (1,908 trig, 1,125 trig+kin events)
  [2642/2989] nano_2642.root
         -> 1,733 vertices (1,677 trig, 962 trig+kin events)
  [2643/2989] nano_2643.root
         -> 2,387 vertices (2,411 trig, 1,462 trig+kin events)
  [2644/2989] nano_2644.root
         -> 3,221 vertices (3,144 trig, 1,902 trig+kin events)
  [2645/2989] nano_2645.root
         -> 1,684 vertices (1,716 trig, 1,033 trig+kin events)
  [2646/2989] nano_2646.root
         -> 3,178 vertices (3,162 trig, 1,883 trig+kin events)
  [2647/2989] nano_2647.root
         -> 3,057 vertices (3,219 trig, 1,901 trig+kin events)
  [2648/2989] nano_2648.root
         -> 3,172 vertices (3,202 trig, 1,873 trig+kin events)
  [2649/2989] nano_2649.root
         -> 475 vertices (505 trig, 295 trig+kin events)
  [2650/2989] nano_2650.root
         -> 3,167 vertices (3,098 trig, 1,817 trig+kin events)
  [2651/2989] nano_2651.root
         -> 1,606 vertices (1,564 trig, 939 trig+kin events)
  [2652/2989] nano_2652.root
         -> 2,228 vertices (2,289 trig, 1,373 trig+kin events)
  [2653/2989] nano_2653.root
         -> 1,700 vertices (1,882 trig, 1,078 trig+kin events)
  [2654/2989] nano_2654.root
         -> 3,219 vertices (3,093 trig, 1,844 trig+kin events)
  [2655/2989] nano_2655.root
         -> 2,793 vertices (2,741 trig, 1,640 trig+kin events)
  [2656/2989] nano_2656.root
         -> 3,371 vertices (3,205 trig, 1,936 trig+kin events)
  [2657/2989] nano_2657.root
         -> 3,145 vertices (3,014 trig, 1,754 trig+kin events)
  [2658/2989] nano_2658.root
         -> 3,095 vertices (3,100 trig, 1,831 trig+kin events)
  [2659/2989] nano_2659.root
         -> 3,503 vertices (3,140 trig, 1,917 trig+kin events)
  [2660/2989] nano_2660.root
         -> 3,096 vertices (3,066 trig, 1,819 trig+kin events)
  [2661/2989] nano_2661.root
         -> 1,832 vertices (1,832 trig, 1,085 trig+kin events)
  [2662/2989] nano_2662.root
         -> 1,944 vertices (1,814 trig, 1,117 trig+kin events)
  [2663/2989] nano_2663.root
         -> 2,644 vertices (2,726 trig, 1,621 trig+kin events)
  [2664/2989] nano_2664.root
         -> 3,081 vertices (3,134 trig, 1,819 trig+kin events)
  [2665/2989] nano_2665.root
         -> 3,116 vertices (3,100 trig, 1,843 trig+kin events)
  [2666/2989] nano_2666.root
         -> 2,985 vertices (2,784 trig, 1,637 trig+kin events)
  [2667/2989] nano_2667.root
         -> 3,059 vertices (2,994 trig, 1,801 trig+kin events)
  [2668/2989] nano_2668.root
         -> 1,742 vertices (1,818 trig, 1,049 trig+kin events)
  [2669/2989] nano_2669.root
         -> 2,501 vertices (2,467 trig, 1,455 trig+kin events)
  [2670/2989] nano_2670.root
         -> 3,239 vertices (3,213 trig, 1,883 trig+kin events)
  [2671/2989] nano_2671.root
         -> 3,048 vertices (3,103 trig, 1,806 trig+kin events)
  [2672/2989] nano_2672.root
         -> 1,733 vertices (1,774 trig, 1,057 trig+kin events)
  [2673/2989] nano_2673.root
         -> 2,327 vertices (2,273 trig, 1,332 trig+kin events)
  [2674/2989] nano_2674.root
         -> 3,023 vertices (3,071 trig, 1,825 trig+kin events)
  [2675/2989] nano_2675.root
         -> 3,111 vertices (3,235 trig, 1,903 trig+kin events)
  [2676/2989] nano_2676.root
         -> 2,679 vertices (2,567 trig, 1,534 trig+kin events)
  [2677/2989] nano_2677.root
         -> 3,082 vertices (3,219 trig, 1,947 trig+kin events)
  [2678/2989] nano_2678.root
         -> 3,047 vertices (3,104 trig, 1,803 trig+kin events)
  [2679/2989] nano_2679.root
         -> 3,121 vertices (3,061 trig, 1,845 trig+kin events)
  [2680/2989] nano_2680.root
         -> 3,048 vertices (3,105 trig, 1,829 trig+kin events)
  [2681/2989] nano_2681.root
         -> 3,367 vertices (3,247 trig, 1,908 trig+kin events)
  [2682/2989] nano_2682.root
         -> 3,041 vertices (3,115 trig, 1,777 trig+kin events)
  [2683/2989] nano_2683.root
         -> 3,279 vertices (3,159 trig, 1,908 trig+kin events)
  [2684/2989] nano_2684.root
         -> 1,910 vertices (1,914 trig, 1,167 trig+kin events)
  [2685/2989] nano_2685.root
         -> 2,118 vertices (1,984 trig, 1,173 trig+kin events)
  [2686/2989] nano_2686.root
         -> 3,277 vertices (3,166 trig, 1,859 trig+kin events)
  [2687/2989] nano_2687.root
         -> 3,084 vertices (3,149 trig, 1,880 trig+kin events)
  [2688/2989] nano_2688.root
         -> 2,690 vertices (2,629 trig, 1,597 trig+kin events)
  [2689/2989] nano_2689.root
         -> 1,723 vertices (1,903 trig, 1,094 trig+kin events)
  [2690/2989] nano_2690.root
         -> 2,158 vertices (2,143 trig, 1,259 trig+kin events)
  [2691/2989] nano_2691.root
         -> 1,555 vertices (1,664 trig, 1,004 trig+kin events)
  [2692/2989] nano_2692.root
         -> 2,630 vertices (2,647 trig, 1,553 trig+kin events)
  [2693/2989] nano_2693.root
         -> 1,937 vertices (1,927 trig, 1,131 trig+kin events)
  [2694/2989] nano_2694.root
         -> 3,079 vertices (3,068 trig, 1,861 trig+kin events)
  [2695/2989] nano_2695.root
         -> 3,178 vertices (3,123 trig, 1,857 trig+kin events)
  [2696/2989] nano_2696.root
         -> 3,282 vertices (3,153 trig, 1,895 trig+kin events)
  [2697/2989] nano_2697.root
         -> 2,398 vertices (2,309 trig, 1,375 trig+kin events)
  [2698/2989] nano_2698.root
         -> 1,813 vertices (1,775 trig, 1,059 trig+kin events)
  [2699/2989] nano_2699.root
         -> 3,149 vertices (3,084 trig, 1,834 trig+kin events)
  [2700/2989] nano_2700.root
         -> 3,054 vertices (3,148 trig, 1,886 trig+kin events)
  [2701/2989] nano_2701.root
         -> 3,134 vertices (3,054 trig, 1,813 trig+kin events)
  [2702/2989] nano_2702.root
         -> 3,239 vertices (3,181 trig, 1,862 trig+kin events)
  [2703/2989] nano_2703.root
         -> 2,308 vertices (2,220 trig, 1,317 trig+kin events)
  [2704/2989] nano_2704.root
         -> 2,483 vertices (2,526 trig, 1,490 trig+kin events)
  [2705/2989] nano_2705.root
         -> 1,626 vertices (1,633 trig, 951 trig+kin events)
  [2706/2989] nano_2706.root
         -> 3,168 vertices (3,088 trig, 1,881 trig+kin events)
  [2707/2989] nano_2707.root
         -> 3,335 vertices (3,173 trig, 1,908 trig+kin events)
  [2708/2989] nano_2708.root
         -> 3,165 vertices (3,158 trig, 1,835 trig+kin events)
  [2709/2989] nano_2709.root
         -> 3,178 vertices (3,134 trig, 1,862 trig+kin events)
  [2710/2989] nano_2710.root
         -> 2,656 vertices (2,734 trig, 1,606 trig+kin events)
  [2711/2989] nano_2711.root
         -> 1,307 vertices (1,254 trig, 777 trig+kin events)
  [2712/2989] nano_2712.root
         -> 2,858 vertices (2,871 trig, 1,660 trig+kin events)
  [2713/2989] nano_2713.root
         -> 530 vertices (567 trig, 335 trig+kin events)
  [2714/2989] nano_2714.root
         -> 1,724 vertices (1,614 trig, 1,001 trig+kin events)
  [2715/2989] nano_2715.root
         -> 2,156 vertices (2,207 trig, 1,302 trig+kin events)
  [2716/2989] nano_2716.root
         -> 2,062 vertices (1,985 trig, 1,226 trig+kin events)
  [2717/2989] nano_2717.root
         -> 1,681 vertices (1,663 trig, 980 trig+kin events)
  [2718/2989] nano_2718.root
         -> 3,192 vertices (3,088 trig, 1,824 trig+kin events)
  [2719/2989] nano_2719.root
         -> 577 vertices (634 trig, 358 trig+kin events)
  [2720/2989] nano_2720.root
         -> 2,656 vertices (2,678 trig, 1,578 trig+kin events)
  [2721/2989] nano_2721.root
         -> 3,172 vertices (3,093 trig, 1,860 trig+kin events)
  [2722/2989] nano_2722.root
         -> 1,661 vertices (1,677 trig, 998 trig+kin events)
  [2723/2989] nano_2723.root
         -> 3,399 vertices (3,173 trig, 1,907 trig+kin events)
  [2724/2989] nano_2724.root
         -> 3,260 vertices (3,107 trig, 1,847 trig+kin events)
  [2725/2989] nano_2725.root
         -> 3,204 vertices (3,194 trig, 1,874 trig+kin events)
  [2726/2989] nano_2726.root
         -> 1,705 vertices (1,747 trig, 1,031 trig+kin events)
  [2727/2989] nano_2727.root
         -> 3,174 vertices (3,105 trig, 1,819 trig+kin events)
  [2728/2989] nano_2728.root
         -> 2,917 vertices (3,098 trig, 1,821 trig+kin events)
  [2729/2989] nano_2729.root
         -> 3,050 vertices (3,103 trig, 1,776 trig+kin events)
  [2730/2989] nano_2730.root
         -> 2,706 vertices (2,619 trig, 1,533 trig+kin events)
  [2731/2989] nano_2731.root
         -> 3,001 vertices (3,134 trig, 1,861 trig+kin events)
  [2732/2989] nano_2732.root
         -> 1,677 vertices (1,723 trig, 1,056 trig+kin events)
  [2733/2989] nano_2733.root
         -> 2,881 vertices (2,933 trig, 1,766 trig+kin events)
  [2734/2989] nano_2734.root
         -> 2,808 vertices (2,837 trig, 1,653 trig+kin events)
  [2735/2989] nano_2735.root
         -> 2,981 vertices (2,947 trig, 1,762 trig+kin events)
  [2736/2989] nano_2736.root
         -> 833 vertices (857 trig, 517 trig+kin events)
  [2737/2989] nano_2737.root
         -> 2,686 vertices (2,471 trig, 1,479 trig+kin events)
  [2738/2989] nano_2738.root
         -> 1,729 vertices (1,671 trig, 1,008 trig+kin events)
  [2739/2989] nano_2739.root
         -> 3,217 vertices (3,131 trig, 1,863 trig+kin events)
  [2740/2989] nano_2740.root
         -> 2,080 vertices (2,103 trig, 1,256 trig+kin events)
  [2741/2989] nano_2741.root
         -> 3,069 vertices (3,047 trig, 1,835 trig+kin events)
  [2742/2989] nano_2742.root
         -> 2,151 vertices (2,022 trig, 1,251 trig+kin events)
  [2743/2989] nano_2743.root
         -> 3,146 vertices (3,033 trig, 1,817 trig+kin events)
  [2744/2989] nano_2744.root
         -> 2,273 vertices (2,236 trig, 1,333 trig+kin events)
  [2745/2989] nano_2745.root
         -> 2,561 vertices (2,620 trig, 1,497 trig+kin events)
  [2746/2989] nano_2746.root
         -> 2,237 vertices (2,188 trig, 1,288 trig+kin events)
  [2747/2989] nano_2747.root
         -> 1,821 vertices (1,852 trig, 1,102 trig+kin events)
  [2748/2989] nano_2748.root
         -> 3,238 vertices (3,160 trig, 1,824 trig+kin events)
  [2749/2989] nano_2749.root
         -> 3,270 vertices (3,177 trig, 1,886 trig+kin events)
  [2750/2989] nano_2750.root
         -> 2,994 vertices (3,101 trig, 1,780 trig+kin events)
  [2751/2989] nano_2751.root
         -> 1,926 vertices (1,896 trig, 1,123 trig+kin events)
  [2752/2989] nano_2752.root
         -> 1,784 vertices (1,716 trig, 1,034 trig+kin events)
  [2753/2989] nano_2753.root
         -> 3,105 vertices (3,072 trig, 1,793 trig+kin events)
  [2754/2989] nano_2754.root
         -> 3,403 vertices (3,084 trig, 1,842 trig+kin events)
  [2755/2989] nano_2755.root
         -> 3,114 vertices (3,085 trig, 1,780 trig+kin events)
  [2756/2989] nano_2756.root
         -> 2,843 vertices (2,839 trig, 1,693 trig+kin events)
  [2757/2989] nano_2757.root
         -> 2,231 vertices (2,149 trig, 1,267 trig+kin events)
  [2758/2989] nano_2758.root
         -> 2,196 vertices (2,103 trig, 1,229 trig+kin events)
  [2759/2989] nano_2759.root
         -> 3,197 vertices (3,238 trig, 1,915 trig+kin events)
  [2760/2989] nano_2760.root
         -> 2,988 vertices (3,097 trig, 1,861 trig+kin events)
  [2761/2989] nano_2761.root
         -> 3,477 vertices (3,235 trig, 1,935 trig+kin events)
  [2762/2989] nano_2762.root
         -> 2,975 vertices (3,069 trig, 1,783 trig+kin events)
  [2763/2989] nano_2763.root
         -> 3,101 vertices (3,141 trig, 1,822 trig+kin events)
  [2764/2989] nano_2764.root
         -> 3,128 vertices (3,111 trig, 1,862 trig+kin events)
  [2765/2989] nano_2765.root
         -> 2,020 vertices (1,975 trig, 1,171 trig+kin events)
  [2766/2989] nano_2766.root
         -> 3,153 vertices (3,187 trig, 1,835 trig+kin events)
  [2767/2989] nano_2767.root
         -> 2,821 vertices (2,907 trig, 1,671 trig+kin events)
  [2768/2989] nano_2768.root
         -> 1,699 vertices (1,764 trig, 1,062 trig+kin events)
  [2769/2989] nano_2769.root
         -> 2,699 vertices (2,617 trig, 1,609 trig+kin events)
  [2770/2989] nano_2770.root
         -> 2,421 vertices (2,457 trig, 1,437 trig+kin events)
  [2771/2989] nano_2771.root
         -> 3,140 vertices (3,187 trig, 1,856 trig+kin events)
  [2772/2989] nano_2772.root
         -> 3,127 vertices (3,121 trig, 1,899 trig+kin events)
  [2773/2989] nano_2773.root
         -> 2,589 vertices (2,505 trig, 1,492 trig+kin events)
  [2774/2989] nano_2774.root
         -> 3,204 vertices (3,206 trig, 1,924 trig+kin events)
  [2775/2989] nano_2775.root
         -> 3,205 vertices (3,212 trig, 1,901 trig+kin events)
  [2776/2989] nano_2776.root
         -> 3,050 vertices (3,145 trig, 1,853 trig+kin events)
  [2777/2989] nano_2777.root
         -> 2,122 vertices (2,038 trig, 1,213 trig+kin events)
  [2778/2989] nano_2778.root
         -> 3,042 vertices (3,108 trig, 1,816 trig+kin events)
  [2779/2989] nano_2779.root
         -> 2,965 vertices (3,091 trig, 1,828 trig+kin events)
  [2780/2989] nano_2780.root
         -> 1,563 vertices (1,581 trig, 930 trig+kin events)
  [2781/2989] nano_2781.root
         -> 3,347 vertices (3,199 trig, 1,890 trig+kin events)
  [2782/2989] nano_2782.root
         -> 2,678 vertices (2,610 trig, 1,529 trig+kin events)
  [2783/2989] nano_2783.root
         -> 3,387 vertices (3,278 trig, 1,932 trig+kin events)
  [2784/2989] nano_2784.root
         -> 2,780 vertices (2,657 trig, 1,583 trig+kin events)
  [2785/2989] nano_2785.root
         -> 2,610 vertices (2,458 trig, 1,444 trig+kin events)
  [2786/2989] nano_2786.root
         -> 1,893 vertices (1,983 trig, 1,191 trig+kin events)
  [2787/2989] nano_2787.root
         -> 2,291 vertices (2,207 trig, 1,277 trig+kin events)
  [2788/2989] nano_2788.root
         -> 2,231 vertices (2,314 trig, 1,349 trig+kin events)
  [2789/2989] nano_2789.root
         -> 3,253 vertices (3,092 trig, 1,833 trig+kin events)
  [2790/2989] nano_2790.root
         -> 2,069 vertices (2,054 trig, 1,246 trig+kin events)
  [2791/2989] nano_2791.root
         -> 2,371 vertices (2,313 trig, 1,385 trig+kin events)
  [2792/2989] nano_2792.root
         -> 2,075 vertices (1,980 trig, 1,161 trig+kin events)
  [2793/2989] nano_2793.root
         -> 3,353 vertices (3,207 trig, 1,893 trig+kin events)
  [2794/2989] nano_2794.root
         -> 3,410 vertices (3,028 trig, 1,753 trig+kin events)
  [2795/2989] nano_2795.root
         -> 2,540 vertices (2,534 trig, 1,488 trig+kin events)
  [2796/2989] nano_2796.root
         -> 2,349 vertices (2,343 trig, 1,389 trig+kin events)
  [2797/2989] nano_2797.root
         -> 1,719 vertices (1,767 trig, 1,039 trig+kin events)
  [2798/2989] nano_2798.root
         -> 3,138 vertices (3,153 trig, 1,855 trig+kin events)
  [2799/2989] nano_2799.root
         -> 2,271 vertices (2,388 trig, 1,405 trig+kin events)
  [2800/2989] nano_2800.root
         -> 2,362 vertices (2,274 trig, 1,370 trig+kin events)
  [2801/2989] nano_2801.root
         -> 2,557 vertices (2,506 trig, 1,480 trig+kin events)
  [2802/2989] nano_2802.root
         -> 2,480 vertices (2,416 trig, 1,468 trig+kin events)
  [2803/2989] nano_2803.root
         -> 3,011 vertices (3,129 trig, 1,855 trig+kin events)
  [2804/2989] nano_2804.root
         -> 3,275 vertices (3,085 trig, 1,827 trig+kin events)
  [2805/2989] nano_2805.root
         -> 2,979 vertices (3,154 trig, 1,837 trig+kin events)
  [2806/2989] nano_2806.root
         -> 3,330 vertices (3,161 trig, 1,874 trig+kin events)
  [2807/2989] nano_2807.root
         -> 1,880 vertices (1,872 trig, 1,095 trig+kin events)
  [2808/2989] nano_2808.root
         -> 3,026 vertices (3,216 trig, 1,884 trig+kin events)
  [2809/2989] nano_2809.root
         -> 3,149 vertices (3,125 trig, 1,844 trig+kin events)
  [2810/2989] nano_2810.root
         -> 1,968 vertices (1,920 trig, 1,153 trig+kin events)
  [2811/2989] nano_2811.root
         -> 3,184 vertices (3,151 trig, 1,866 trig+kin events)
  [2812/2989] nano_2812.root
         -> 565 vertices (509 trig, 304 trig+kin events)
  [2813/2989] nano_2813.root
         -> 3,142 vertices (3,128 trig, 1,808 trig+kin events)
  [2814/2989] nano_2814.root
         -> 3,077 vertices (3,072 trig, 1,856 trig+kin events)
  [2815/2989] nano_2815.root
         -> 2,272 vertices (2,256 trig, 1,361 trig+kin events)
  [2816/2989] nano_2816.root
         -> 2,477 vertices (2,609 trig, 1,515 trig+kin events)
  [2817/2989] nano_2817.root
         -> 1,558 vertices (1,613 trig, 955 trig+kin events)
  [2818/2989] nano_2818.root
         -> 2,880 vertices (2,719 trig, 1,623 trig+kin events)
  [2819/2989] nano_2819.root
         -> 2,625 vertices (2,550 trig, 1,501 trig+kin events)
  [2820/2989] nano_2820.root
         -> 1,511 vertices (1,604 trig, 934 trig+kin events)
  [2821/2989] nano_2821.root
         -> 2,044 vertices (1,974 trig, 1,195 trig+kin events)
  [2822/2989] nano_2822.root
         -> 2,112 vertices (2,083 trig, 1,250 trig+kin events)
  [2823/2989] nano_2823.root
         -> 1,943 vertices (1,984 trig, 1,186 trig+kin events)
  [2824/2989] nano_2824.root
         -> 2,059 vertices (2,173 trig, 1,280 trig+kin events)
  [2825/2989] nano_2825.root
         -> 1,024 vertices (964 trig, 571 trig+kin events)
  [2826/2989] nano_2826.root
         -> 2,356 vertices (2,338 trig, 1,408 trig+kin events)
  [2827/2989] nano_2827.root
         -> 1,707 vertices (1,729 trig, 1,033 trig+kin events)
  [2828/2989] nano_2828.root
         -> 2,050 vertices (2,132 trig, 1,289 trig+kin events)
  [2829/2989] nano_2829.root
         -> 2,151 vertices (2,105 trig, 1,227 trig+kin events)
  [2830/2989] nano_2830.root
         -> 2,016 vertices (2,073 trig, 1,221 trig+kin events)
  [2831/2989] nano_2831.root
         -> 2,712 vertices (2,621 trig, 1,543 trig+kin events)
  [2832/2989] nano_2832.root
         -> 1,680 vertices (1,690 trig, 996 trig+kin events)
  [2833/2989] nano_2833.root
         -> 2,621 vertices (2,438 trig, 1,497 trig+kin events)
  [2834/2989] nano_2834.root
         -> 2,047 vertices (2,026 trig, 1,199 trig+kin events)
  [2835/2989] nano_2835.root
         -> 1,789 vertices (1,661 trig, 1,008 trig+kin events)
  [2836/2989] nano_2836.root
         -> 1,995 vertices (1,899 trig, 1,120 trig+kin events)
  [2837/2989] nano_2837.root
         -> 2,030 vertices (1,937 trig, 1,170 trig+kin events)
  [2838/2989] nano_2838.root
         -> 1,962 vertices (2,019 trig, 1,206 trig+kin events)
  [2839/2989] nano_2839.root
         -> 2,710 vertices (2,652 trig, 1,578 trig+kin events)
  [2840/2989] nano_2840.root
         -> 1,941 vertices (1,789 trig, 1,058 trig+kin events)
  [2841/2989] nano_2841.root
         -> 1,958 vertices (1,894 trig, 1,147 trig+kin events)
  [2842/2989] nano_2842.root
         -> 1,629 vertices (1,662 trig, 966 trig+kin events)
  [2843/2989] nano_2843.root
         -> 2,304 vertices (2,217 trig, 1,334 trig+kin events)
  [2844/2989] nano_2844.root
         -> 1,819 vertices (1,900 trig, 1,122 trig+kin events)
  [2845/2989] nano_2845.root
         -> 1,750 vertices (1,760 trig, 1,035 trig+kin events)
  [2846/2989] nano_2846.root
         -> 2,195 vertices (2,195 trig, 1,305 trig+kin events)
  [2847/2989] nano_2847.root
         -> 2,289 vertices (2,259 trig, 1,343 trig+kin events)
  [2848/2989] nano_2848.root
         -> 2,565 vertices (2,430 trig, 1,463 trig+kin events)
  [2849/2989] nano_2849.root
         -> 1,814 vertices (1,754 trig, 1,052 trig+kin events)
  [2850/2989] nano_2850.root
         -> 2,237 vertices (2,232 trig, 1,320 trig+kin events)
  [2851/2989] nano_2851.root
         -> 2,893 vertices (2,725 trig, 1,669 trig+kin events)
  [2852/2989] nano_2852.root
         -> 1,720 vertices (1,785 trig, 1,040 trig+kin events)
  [2853/2989] nano_2853.root
         -> 1,936 vertices (1,974 trig, 1,186 trig+kin events)
  [2854/2989] nano_2854.root
         -> 1,977 vertices (2,010 trig, 1,182 trig+kin events)
  [2855/2989] nano_2855.root
         -> 1,798 vertices (1,790 trig, 1,074 trig+kin events)
  [2856/2989] nano_2856.root
         -> 2,071 vertices (1,775 trig, 1,100 trig+kin events)
  [2857/2989] nano_2857.root
         -> 2,247 vertices (2,120 trig, 1,279 trig+kin events)
  [2858/2989] nano_2858.root
         -> 1,738 vertices (1,875 trig, 1,110 trig+kin events)
  [2859/2989] nano_2859.root
         -> 1,665 vertices (1,734 trig, 1,066 trig+kin events)
  [2860/2989] nano_2860.root
         -> 1,882 vertices (2,055 trig, 1,203 trig+kin events)
  [2861/2989] nano_2861.root
         -> 1,608 vertices (1,744 trig, 981 trig+kin events)
  [2862/2989] nano_2862.root
         -> 2,085 vertices (2,025 trig, 1,219 trig+kin events)
  [2863/2989] nano_2863.root
         -> 2,442 vertices (2,382 trig, 1,395 trig+kin events)
  [2864/2989] nano_2864.root
         -> 1,742 vertices (1,688 trig, 1,020 trig+kin events)
  [2865/2989] nano_2865.root
         -> 1,364 vertices (1,298 trig, 774 trig+kin events)
  [2866/2989] nano_2866.root
         -> 3,113 vertices (3,174 trig, 1,912 trig+kin events)
  [2867/2989] nano_2867.root
         -> 2,341 vertices (2,381 trig, 1,393 trig+kin events)
  [2868/2989] nano_2868.root
         -> 2,556 vertices (2,575 trig, 1,532 trig+kin events)
  [2869/2989] nano_2869.root
         -> 1,757 vertices (1,881 trig, 1,092 trig+kin events)
  [2870/2989] nano_2870.root
         -> 2,639 vertices (2,476 trig, 1,515 trig+kin events)
  [2871/2989] nano_2871.root
         -> 2,234 vertices (2,270 trig, 1,332 trig+kin events)
  [2872/2989] nano_2872.root
         -> 1,813 vertices (1,786 trig, 1,107 trig+kin events)
  [2873/2989] nano_2873.root
         -> 3,154 vertices (3,161 trig, 1,831 trig+kin events)
  [2874/2989] nano_2874.root
         -> 2,165 vertices (2,112 trig, 1,282 trig+kin events)
  [2875/2989] nano_2875.root
         -> 1,409 vertices (1,599 trig, 936 trig+kin events)
  [2876/2989] nano_2876.root
         -> 2,481 vertices (2,605 trig, 1,497 trig+kin events)
  [2877/2989] nano_2877.root
         -> 2,996 vertices (2,934 trig, 1,729 trig+kin events)
  [2878/2989] nano_2878.root
         -> 2,183 vertices (2,099 trig, 1,265 trig+kin events)
  [2879/2989] nano_2879.root
         -> 464 vertices (452 trig, 266 trig+kin events)
  [2880/2989] nano_2880.root
         -> 1,923 vertices (2,020 trig, 1,202 trig+kin events)
  [2881/2989] nano_2881.root
         -> 2,204 vertices (2,097 trig, 1,250 trig+kin events)
  [2882/2989] nano_2882.root
         -> 2,784 vertices (2,889 trig, 1,758 trig+kin events)
  [2883/2989] nano_2883.root
         -> 3,095 vertices (3,060 trig, 1,834 trig+kin events)
  [2884/2989] nano_2884.root
         -> 2,940 vertices (2,842 trig, 1,717 trig+kin events)
  [2885/2989] nano_2885.root
         -> 1,966 vertices (2,002 trig, 1,186 trig+kin events)
  [2886/2989] nano_2886.root
         -> 2,424 vertices (2,414 trig, 1,442 trig+kin events)
  [2887/2989] nano_2887.root
         -> 1,746 vertices (1,734 trig, 1,039 trig+kin events)
  [2888/2989] nano_2888.root
         -> 1,911 vertices (1,883 trig, 1,119 trig+kin events)
  [2889/2989] nano_2889.root
         -> 1,888 vertices (1,864 trig, 1,110 trig+kin events)
  [2890/2989] nano_2890.root
         -> 3,126 vertices (3,186 trig, 1,889 trig+kin events)
  [2891/2989] nano_2891.root
         -> 2,073 vertices (2,058 trig, 1,205 trig+kin events)
  [2892/2989] nano_2892.root
         -> 1,550 vertices (1,645 trig, 951 trig+kin events)
  [2893/2989] nano_2893.root
         -> 392 vertices (419 trig, 254 trig+kin events)
  [2894/2989] nano_2894.root
         -> 2,106 vertices (2,026 trig, 1,188 trig+kin events)
  [2895/2989] nano_2895.root
         -> 2,140 vertices (2,123 trig, 1,257 trig+kin events)
  [2896/2989] nano_2896.root
         -> 1,847 vertices (1,936 trig, 1,131 trig+kin events)
  [2897/2989] nano_2897.root
         -> 1,974 vertices (1,970 trig, 1,198 trig+kin events)
  [2898/2989] nano_2898.root
         -> 2,345 vertices (2,491 trig, 1,472 trig+kin events)
  [2899/2989] nano_2899.root
         -> 2,598 vertices (2,515 trig, 1,528 trig+kin events)
  [2900/2989] nano_2900.root
         -> 2,085 vertices (2,149 trig, 1,285 trig+kin events)
  [2901/2989] nano_2901.root
         -> 1,729 vertices (1,750 trig, 1,017 trig+kin events)
  [2902/2989] nano_2902.root
         -> 2,864 vertices (2,844 trig, 1,706 trig+kin events)
  [2903/2989] nano_2903.root
         -> 2,122 vertices (2,024 trig, 1,195 trig+kin events)
  [2904/2989] nano_2904.root
         -> 1,674 vertices (1,683 trig, 996 trig+kin events)
  [2905/2989] nano_2905.root
         -> 1,577 vertices (1,644 trig, 984 trig+kin events)
  [2906/2989] nano_2906.root
         -> 1,545 vertices (1,588 trig, 957 trig+kin events)
  [2907/2989] nano_2907.root
         -> 1,774 vertices (1,679 trig, 1,001 trig+kin events)
  [2908/2989] nano_2908.root
         -> 1,671 vertices (1,655 trig, 1,009 trig+kin events)
  [2909/2989] nano_2909.root
         -> 514 vertices (483 trig, 291 trig+kin events)
  [2910/2989] nano_2910.root
         -> 1,993 vertices (1,898 trig, 1,140 trig+kin events)
  [2911/2989] nano_2911.root
         -> 1,568 vertices (1,694 trig, 992 trig+kin events)
  [2912/2989] nano_2912.root
         -> 1,795 vertices (1,739 trig, 1,039 trig+kin events)
  [2913/2989] nano_2913.root
         -> 1,751 vertices (1,782 trig, 1,047 trig+kin events)
  [2914/2989] nano_2914.root
         -> 236 vertices (203 trig, 124 trig+kin events)
  [2915/2989] nano_2915.root
         -> 1,610 vertices (1,687 trig, 983 trig+kin events)
  [2916/2989] nano_2916.root
         -> 1,951 vertices (1,792 trig, 1,064 trig+kin events)
  [2917/2989] nano_2917.root
         -> 1,480 vertices (1,550 trig, 930 trig+kin events)
  [2918/2989] nano_2918.root
         -> 1,877 vertices (1,802 trig, 1,075 trig+kin events)
  [2919/2989] nano_2919.root
         -> 1,824 vertices (1,781 trig, 1,071 trig+kin events)
  [2920/2989] nano_2920.root
         -> 1,939 vertices (1,897 trig, 1,102 trig+kin events)
  [2921/2989] nano_2921.root
         -> 2,114 vertices (1,895 trig, 1,145 trig+kin events)
  [2922/2989] nano_2922.root
         -> 1,875 vertices (2,055 trig, 1,223 trig+kin events)
  [2923/2989] nano_2923.root
         -> 1,938 vertices (2,019 trig, 1,162 trig+kin events)
  [2924/2989] nano_2924.root
         -> 1,857 vertices (1,880 trig, 1,121 trig+kin events)
  [2925/2989] nano_2925.root
         -> 2,113 vertices (2,030 trig, 1,216 trig+kin events)
  [2926/2989] nano_2926.root
         -> 1,884 vertices (1,841 trig, 1,089 trig+kin events)
  [2927/2989] nano_2927.root
         -> 1,681 vertices (1,706 trig, 1,041 trig+kin events)
  [2928/2989] nano_2928.root
         -> 1,750 vertices (1,683 trig, 1,001 trig+kin events)
  [2929/2989] nano_2929.root
         -> 1,681 vertices (1,779 trig, 1,027 trig+kin events)
  [2930/2989] nano_2930.root
         -> 2,236 vertices (2,264 trig, 1,335 trig+kin events)
  [2931/2989] nano_2931.root
         -> 2,948 vertices (2,968 trig, 1,752 trig+kin events)
  [2932/2989] nano_2932.root
         -> 1,404 vertices (1,485 trig, 854 trig+kin events)
  [2933/2989] nano_2933.root
         -> 2,837 vertices (2,754 trig, 1,646 trig+kin events)
  [2934/2989] nano_2934.root
         -> 1,713 vertices (1,542 trig, 950 trig+kin events)
  [2935/2989] nano_2935.root
         -> 2,056 vertices (2,166 trig, 1,265 trig+kin events)
  [2936/2989] nano_2936.root
         -> 2,093 vertices (2,229 trig, 1,298 trig+kin events)
  [2937/2989] nano_2937.root
         -> 2,750 vertices (2,708 trig, 1,623 trig+kin events)
  [2938/2989] nano_2938.root
         -> 1,754 vertices (1,707 trig, 1,056 trig+kin events)
  [2939/2989] nano_2939.root
         -> 2,471 vertices (2,594 trig, 1,575 trig+kin events)
  [2940/2989] nano_2940.root
         -> 1,817 vertices (1,833 trig, 1,084 trig+kin events)
  [2941/2989] nano_2941.root
         -> 2,178 vertices (2,239 trig, 1,287 trig+kin events)
  [2942/2989] nano_2942.root
         -> 1,920 vertices (1,752 trig, 1,065 trig+kin events)
  [2943/2989] nano_2943.root
         -> 1,621 vertices (1,728 trig, 1,027 trig+kin events)
  [2944/2989] nano_2944.root
         -> 1,825 vertices (1,802 trig, 1,065 trig+kin events)
  [2945/2989] nano_2945.root
         -> 1,967 vertices (1,988 trig, 1,194 trig+kin events)
  [2946/2989] nano_2946.root
         -> 1,781 vertices (1,794 trig, 1,083 trig+kin events)
  [2947/2989] nano_2947.root
         -> 2,298 vertices (2,318 trig, 1,373 trig+kin events)
  [2948/2989] nano_2948.root
         -> 2,069 vertices (1,907 trig, 1,149 trig+kin events)
  [2949/2989] nano_2949.root
         -> 1,588 vertices (1,559 trig, 917 trig+kin events)
  [2950/2989] nano_2950.root
         -> 1,783 vertices (1,958 trig, 1,152 trig+kin events)
  [2951/2989] nano_2951.root
         -> 1,824 vertices (1,860 trig, 1,109 trig+kin events)
  [2952/2989] nano_2952.root
         -> 1,454 vertices (1,582 trig, 935 trig+kin events)
  [2953/2989] nano_2953.root
         -> 1,677 vertices (1,618 trig, 958 trig+kin events)
  [2954/2989] nano_2954.root
         -> 2,149 vertices (2,057 trig, 1,241 trig+kin events)
  [2955/2989] nano_2955.root
         -> 2,884 vertices (2,731 trig, 1,627 trig+kin events)
  [2956/2989] nano_2956.root
         -> 1,954 vertices (2,021 trig, 1,191 trig+kin events)
  [2957/2989] nano_2957.root
         -> 2,328 vertices (2,291 trig, 1,367 trig+kin events)
  [2958/2989] nano_2958.root
         -> 1,682 vertices (1,663 trig, 983 trig+kin events)
  [2959/2989] nano_2959.root
         -> 1,992 vertices (1,925 trig, 1,140 trig+kin events)
  [2960/2989] nano_2960.root
         -> 491 vertices (484 trig, 281 trig+kin events)
  [2961/2989] nano_2961.root
         -> 1,717 vertices (1,667 trig, 996 trig+kin events)
  [2962/2989] nano_2962.root
         -> 1,990 vertices (1,788 trig, 1,064 trig+kin events)
  [2963/2989] nano_2963.root
         -> 1,612 vertices (1,574 trig, 924 trig+kin events)
  [2964/2989] nano_2964.root
         -> 1,635 vertices (1,676 trig, 1,000 trig+kin events)
  [2965/2989] nano_2965.root
         -> 1,838 vertices (1,809 trig, 1,071 trig+kin events)
  [2966/2989] nano_2966.root
         -> 1,778 vertices (1,855 trig, 1,071 trig+kin events)
  [2967/2989] nano_2967.root
         -> 1,903 vertices (1,843 trig, 1,104 trig+kin events)
  [2968/2989] nano_2968.root
         -> 1,803 vertices (1,785 trig, 1,017 trig+kin events)
  [2969/2989] nano_2969.root
         -> 138 vertices (127 trig, 79 trig+kin events)
  [2970/2989] nano_2970.root
         -> 1,751 vertices (1,752 trig, 1,028 trig+kin events)
  [2971/2989] nano_2971.root
         -> 1,571 vertices (1,661 trig, 982 trig+kin events)
  [2972/2989] nano_2972.root
         -> 2,006 vertices (1,929 trig, 1,112 trig+kin events)
  [2973/2989] nano_2973.root
         -> 2,252 vertices (2,330 trig, 1,407 trig+kin events)
  [2974/2989] nano_2974.root
         -> 2,109 vertices (2,045 trig, 1,215 trig+kin events)
  [2975/2989] nano_2975.root
         -> 1,961 vertices (1,983 trig, 1,202 trig+kin events)
  [2976/2989] nano_2976.root
         -> 2,056 vertices (1,939 trig, 1,147 trig+kin events)
  [2977/2989] nano_2977.root
         -> 1,799 vertices (1,716 trig, 1,000 trig+kin events)
  [2978/2989] nano_2978.root
         -> 1,972 vertices (2,101 trig, 1,252 trig+kin events)
  [2979/2989] nano_2979.root
         -> 1,712 vertices (1,827 trig, 1,046 trig+kin events)
  [2980/2989] nano_2980.root
         -> 1,607 vertices (1,570 trig, 948 trig+kin events)
  [2981/2989] nano_2981.root
         -> 1,490 vertices (1,616 trig, 938 trig+kin events)
  [2982/2989] nano_2982.root
         -> 1,877 vertices (1,846 trig, 1,064 trig+kin events)
  [2983/2989] nano_2983.root
         -> 2,184 vertices (2,198 trig, 1,269 trig+kin events)
  [2984/2989] nano_2984.root
         -> 2,321 vertices (2,273 trig, 1,295 trig+kin events)
  [2985/2989] nano_2985.root
         -> 1,749 vertices (1,614 trig, 969 trig+kin events)
  [2986/2989] nano_2986.root
         -> 2,196 vertices (1,990 trig, 1,174 trig+kin events)
  [2987/2989] nano_2987.root
         -> 1,938 vertices (2,001 trig, 1,207 trig+kin events)
  [2988/2989] nano_2988.root
         -> 980 vertices (1,074 trig, 630 trig+kin events)
  [2989/2989] nano_2989.root
         -> 1,781 vertices (1,820 trig, 1,080 trig+kin events)

Saved QCD shard: /vols/cms/jtafoyav/parking/nanoaod_base_analysis_13/dqcd/_tools/shards_local_v3/.tmp_1089158_qcd_QCD_Bin-PT-300to470_Fil-MuEnriched_TuneCP5_13p6TeV_pythia8.npz  (QCD_Bin-PT-300to470_Fil-MuEnriched_TuneCP5_13p6TeV_pythia8, 7,494,671 vertices)
