
=== QCD ===

[QCD] listing /pnfs/hep.ph.ic.ac.uk/data/cms/store/user/tafoyava/samples/bParking/2024
  1 PT-bin directories; taking ALL file(s) each
  -> 250923_140447/
    -> 0000/
         999 .root files collected under 0000
    -> 0001/
         1000 .root files collected under 0001
    -> 0002/
         902 .root files collected under 0002
       2901 .root files collected under 250923_140447
     2901 .root files collected under QCD_Bin-PT-470to600_Fil-MuEnriched_TuneCP5_13p6TeV_pythia8
  => 2901 QCD files over 1 bins

[QCD bin] QCD_Bin-PT-470to600_Fil-MuEnriched_TuneCP5_13p6TeV_pythia8  (xs = 67.67 pb, 2901 of 2901 files)
/vols/cms/jtafoyav/parking/nanoaod_base_analysis_13/dqcd/nanoaod_base_analysis/data/software/lib/python3.9/site-packages/_distutils_hack/__init__.py:11: UserWarning: Distutils was imported before Setuptools, but importing Setuptools also replaces the `distutils` module in `sys.modules`. This may lead to undesirable behaviors or errors. To avoid these issues, avoid using distutils directly, ensure that setuptools is installed in the traditional way (e.g. not an editable install), and/or make sure that setuptools is always imported before distutils.
  warnings.warn(
/vols/cms/jtafoyav/parking/nanoaod_base_analysis_13/dqcd/nanoaod_base_analysis/data/software/lib/python3.9/site-packages/_distutils_hack/__init__.py:26: UserWarning: Setuptools is replacing distutils.
  warnings.warn("Setuptools is replacing distutils.")
  [1/2901] nano_1.root
         -> 2,603 vertices (1,693 trig, 1,115 trig+kin events)
  [2/2901] nano_10.root
         -> 3,070 vertices (1,997 trig, 1,306 trig+kin events)
  [3/2901] nano_100.root
         -> 2,689 vertices (1,764 trig, 1,144 trig+kin events)
  [4/2901] nano_101.root
         -> 2,721 vertices (1,762 trig, 1,181 trig+kin events)
  [5/2901] nano_102.root
         -> 1,864 vertices (1,182 trig, 781 trig+kin events)
  [6/2901] nano_103.root
         -> 2,635 vertices (1,650 trig, 1,079 trig+kin events)
  [7/2901] nano_104.root
         -> 2,948 vertices (1,996 trig, 1,312 trig+kin events)
  [8/2901] nano_105.root
         -> 119 vertices (67 trig, 46 trig+kin events)
  [9/2901] nano_106.root
         -> 3,071 vertices (1,930 trig, 1,296 trig+kin events)
  [10/2901] nano_107.root
         -> 2,649 vertices (1,651 trig, 1,101 trig+kin events)
  [11/2901] nano_108.root
         -> 2,740 vertices (1,805 trig, 1,216 trig+kin events)
  [12/2901] nano_109.root
         -> 3,572 vertices (2,326 trig, 1,547 trig+kin events)
  [13/2901] nano_11.root
         -> 2,545 vertices (1,767 trig, 1,154 trig+kin events)
  [14/2901] nano_110.root
         -> 3,413 vertices (2,179 trig, 1,441 trig+kin events)
  [15/2901] nano_111.root
         -> 2,664 vertices (1,727 trig, 1,152 trig+kin events)
  [16/2901] nano_112.root
         -> 2,712 vertices (1,873 trig, 1,211 trig+kin events)
  [17/2901] nano_113.root
         -> 2,760 vertices (1,806 trig, 1,216 trig+kin events)
  [18/2901] nano_114.root
         -> 2,665 vertices (1,681 trig, 1,129 trig+kin events)
  [19/2901] nano_115.root
         -> 1,628 vertices (1,049 trig, 679 trig+kin events)
  [20/2901] nano_116.root
         -> 3,616 vertices (2,261 trig, 1,491 trig+kin events)
  [21/2901] nano_117.root
         -> 4,411 vertices (2,885 trig, 1,899 trig+kin events)
  [22/2901] nano_118.root
         -> 3,957 vertices (2,542 trig, 1,730 trig+kin events)
  [23/2901] nano_119.root
         -> 2,493 vertices (1,610 trig, 1,080 trig+kin events)
  [24/2901] nano_12.root
         -> 2,969 vertices (1,896 trig, 1,238 trig+kin events)
  [25/2901] nano_120.root
         -> 3,112 vertices (2,031 trig, 1,352 trig+kin events)
  [26/2901] nano_121.root
         -> 2,701 vertices (1,815 trig, 1,195 trig+kin events)
  [27/2901] nano_122.root
         -> 2,799 vertices (1,743 trig, 1,155 trig+kin events)
  [28/2901] nano_123.root
         -> 3,115 vertices (1,818 trig, 1,223 trig+kin events)
  [29/2901] nano_124.root
         -> 2,457 vertices (1,612 trig, 1,065 trig+kin events)
  [30/2901] nano_125.root
         -> 2,963 vertices (2,087 trig, 1,389 trig+kin events)
  [31/2901] nano_126.root
         -> 3,048 vertices (1,896 trig, 1,281 trig+kin events)
  [32/2901] nano_127.root
         -> 2,918 vertices (1,864 trig, 1,230 trig+kin events)
  [33/2901] nano_128.root
         -> 2,879 vertices (1,864 trig, 1,268 trig+kin events)
  [34/2901] nano_129.root
         -> 3,314 vertices (2,136 trig, 1,404 trig+kin events)
  [35/2901] nano_13.root
         -> 3,168 vertices (2,015 trig, 1,330 trig+kin events)
  [36/2901] nano_130.root
         -> 2,411 vertices (1,688 trig, 1,126 trig+kin events)
  [37/2901] nano_131.root
         -> 2,891 vertices (1,724 trig, 1,150 trig+kin events)
  [38/2901] nano_132.root
         -> 2,606 vertices (1,691 trig, 1,118 trig+kin events)
  [39/2901] nano_133.root
         -> 131 vertices (105 trig, 66 trig+kin events)
  [40/2901] nano_134.root
         -> 3,230 vertices (2,031 trig, 1,395 trig+kin events)
  [41/2901] nano_135.root
         -> 2,937 vertices (1,847 trig, 1,224 trig+kin events)
  [42/2901] nano_136.root
         -> 3,061 vertices (1,902 trig, 1,338 trig+kin events)
  [43/2901] nano_137.root
         -> 2,527 vertices (1,687 trig, 1,114 trig+kin events)
  [44/2901] nano_138.root
         -> 2,798 vertices (1,868 trig, 1,266 trig+kin events)
  [45/2901] nano_139.root
         -> 2,997 vertices (1,882 trig, 1,266 trig+kin events)
  [46/2901] nano_14.root
         -> 3,418 vertices (2,113 trig, 1,410 trig+kin events)
  [47/2901] nano_140.root
         -> 3,220 vertices (2,092 trig, 1,388 trig+kin events)
  [48/2901] nano_141.root
         -> 2,622 vertices (1,808 trig, 1,185 trig+kin events)
  [49/2901] nano_142.root
         -> 2,087 vertices (1,427 trig, 960 trig+kin events)
  [50/2901] nano_143.root
         -> 2,744 vertices (1,714 trig, 1,167 trig+kin events)
  [51/2901] nano_144.root
         -> 3,668 vertices (2,554 trig, 1,700 trig+kin events)
  [52/2901] nano_145.root
         -> 3,959 vertices (2,496 trig, 1,699 trig+kin events)
  [53/2901] nano_146.root
         -> 4,508 vertices (2,730 trig, 1,875 trig+kin events)
  [54/2901] nano_147.root
         -> 3,149 vertices (2,137 trig, 1,399 trig+kin events)
  [55/2901] nano_148.root
         -> 2,576 vertices (1,693 trig, 1,124 trig+kin events)
  [56/2901] nano_149.root
         -> 2,534 vertices (1,719 trig, 1,160 trig+kin events)
  [57/2901] nano_15.root
         -> 3,264 vertices (2,064 trig, 1,380 trig+kin events)
  [58/2901] nano_150.root
         -> 4,827 vertices (3,018 trig, 2,048 trig+kin events)
  [59/2901] nano_151.root
         -> 3,738 vertices (2,376 trig, 1,612 trig+kin events)
  [60/2901] nano_152.root
         -> 3,475 vertices (2,225 trig, 1,485 trig+kin events)
  [61/2901] nano_153.root
         -> 3,236 vertices (2,037 trig, 1,378 trig+kin events)
  [62/2901] nano_154.root
         -> 3,665 vertices (2,389 trig, 1,604 trig+kin events)
  [63/2901] nano_155.root
         -> 3,130 vertices (1,885 trig, 1,247 trig+kin events)
  [64/2901] nano_156.root
         -> 4,106 vertices (2,640 trig, 1,735 trig+kin events)
  [65/2901] nano_157.root
         -> 2,959 vertices (1,986 trig, 1,337 trig+kin events)
  [66/2901] nano_158.root
         -> 3,925 vertices (2,569 trig, 1,683 trig+kin events)
  [67/2901] nano_159.root
         -> 3,799 vertices (2,591 trig, 1,692 trig+kin events)
  [68/2901] nano_16.root
         -> 2,646 vertices (1,607 trig, 1,097 trig+kin events)
  [69/2901] nano_160.root
         -> 3,612 vertices (2,411 trig, 1,601 trig+kin events)
  [70/2901] nano_161.root
         -> 2,835 vertices (1,810 trig, 1,227 trig+kin events)
  [71/2901] nano_162.root
         -> 3,479 vertices (2,171 trig, 1,465 trig+kin events)
  [72/2901] nano_163.root
         -> 4,849 vertices (3,130 trig, 2,080 trig+kin events)
  [73/2901] nano_164.root
         -> 2,248 vertices (1,642 trig, 1,064 trig+kin events)
  [74/2901] nano_165.root
         -> 2,830 vertices (1,789 trig, 1,193 trig+kin events)
  [75/2901] nano_166.root
         -> 2,679 vertices (1,833 trig, 1,220 trig+kin events)
  [76/2901] nano_167.root
         -> 4,361 vertices (2,768 trig, 1,866 trig+kin events)
  [77/2901] nano_168.root
         -> 3,609 vertices (2,273 trig, 1,526 trig+kin events)
  [78/2901] nano_169.root
         -> 4,315 vertices (2,764 trig, 1,836 trig+kin events)
  [79/2901] nano_17.root
         -> 3,054 vertices (2,039 trig, 1,352 trig+kin events)
  [80/2901] nano_170.root
         -> 3,695 vertices (2,305 trig, 1,560 trig+kin events)
  [81/2901] nano_171.root
         -> 843 vertices (566 trig, 369 trig+kin events)
  [82/2901] nano_172.root
         -> 4,053 vertices (2,586 trig, 1,733 trig+kin events)
  [83/2901] nano_173.root
         -> 3,749 vertices (2,403 trig, 1,612 trig+kin events)
  [84/2901] nano_174.root
         -> 3,819 vertices (2,566 trig, 1,649 trig+kin events)
  [85/2901] nano_175.root
         -> 2,945 vertices (1,959 trig, 1,285 trig+kin events)
  [86/2901] nano_176.root
         -> 714 vertices (471 trig, 306 trig+kin events)
  [87/2901] nano_177.root
         -> 2,618 vertices (1,625 trig, 1,075 trig+kin events)
  [88/2901] nano_178.root
         -> 84 vertices (61 trig, 41 trig+kin events)
  [89/2901] nano_179.root
         -> 2,590 vertices (1,700 trig, 1,117 trig+kin events)
  [90/2901] nano_18.root
         -> 2,798 vertices (1,774 trig, 1,142 trig+kin events)
  [91/2901] nano_180.root
         -> 2,249 vertices (1,464 trig, 993 trig+kin events)
  [92/2901] nano_181.root
         -> 2,642 vertices (1,766 trig, 1,166 trig+kin events)
  [93/2901] nano_182.root
         -> 2,616 vertices (1,638 trig, 1,107 trig+kin events)
  [94/2901] nano_183.root
         -> 4,239 vertices (2,762 trig, 1,895 trig+kin events)
  [95/2901] nano_184.root
         -> 4,861 vertices (3,172 trig, 2,119 trig+kin events)
  [96/2901] nano_185.root
         -> 4,639 vertices (3,089 trig, 2,071 trig+kin events)
  [97/2901] nano_186.root
         -> 4,995 vertices (3,204 trig, 2,190 trig+kin events)
  [98/2901] nano_187.root
         -> 4,369 vertices (2,908 trig, 1,942 trig+kin events)
  [99/2901] nano_188.root
         -> 4,975 vertices (3,124 trig, 2,120 trig+kin events)
  [100/2901] nano_189.root
         -> 4,267 vertices (2,731 trig, 1,854 trig+kin events)
  [101/2901] nano_19.root
         -> 2,970 vertices (1,896 trig, 1,271 trig+kin events)
  [102/2901] nano_190.root
         -> 3,416 vertices (2,165 trig, 1,462 trig+kin events)
  [103/2901] nano_191.root
         -> 4,462 vertices (2,924 trig, 1,936 trig+kin events)
  [104/2901] nano_192.root
         -> 5,148 vertices (3,205 trig, 2,191 trig+kin events)
  [105/2901] nano_193.root
         -> 4,609 vertices (3,005 trig, 2,002 trig+kin events)
  [106/2901] nano_194.root
         -> 4,138 vertices (2,732 trig, 1,796 trig+kin events)
  [107/2901] nano_195.root
         -> 3,462 vertices (2,018 trig, 1,391 trig+kin events)
  [108/2901] nano_196.root
         -> 5,236 vertices (3,330 trig, 2,236 trig+kin events)
  [109/2901] nano_197.root
         -> 4,131 vertices (2,609 trig, 1,744 trig+kin events)
  [110/2901] nano_198.root
         -> 3,945 vertices (2,562 trig, 1,734 trig+kin events)
  [111/2901] nano_199.root
         -> 4,370 vertices (2,939 trig, 1,949 trig+kin events)
  [112/2901] nano_2.root
         -> 2,779 vertices (1,736 trig, 1,160 trig+kin events)
  [113/2901] nano_20.root
         -> 2,573 vertices (1,625 trig, 1,076 trig+kin events)
  [114/2901] nano_200.root
         -> 2,797 vertices (1,916 trig, 1,298 trig+kin events)
  [115/2901] nano_201.root
         -> 1,558 vertices (903 trig, 615 trig+kin events)
  [116/2901] nano_202.root
         -> 4,569 vertices (3,093 trig, 2,067 trig+kin events)
  [117/2901] nano_203.root
         -> 4,950 vertices (3,145 trig, 2,124 trig+kin events)
  [118/2901] nano_204.root
         -> 4,661 vertices (3,232 trig, 2,119 trig+kin events)
  [119/2901] nano_205.root
         -> 5,030 vertices (3,105 trig, 2,067 trig+kin events)
  [120/2901] nano_206.root
         -> 4,244 vertices (2,567 trig, 1,742 trig+kin events)
  [121/2901] nano_207.root
         -> 4,737 vertices (3,125 trig, 2,063 trig+kin events)
  [122/2901] nano_208.root
         -> 4,528 vertices (2,685 trig, 1,844 trig+kin events)
  [123/2901] nano_209.root
         -> 3,668 vertices (2,403 trig, 1,599 trig+kin events)
  [124/2901] nano_21.root
         -> 2,620 vertices (1,685 trig, 1,100 trig+kin events)
  [125/2901] nano_210.root
         -> 2,835 vertices (2,005 trig, 1,334 trig+kin events)
  [126/2901] nano_211.root
         -> 4,176 vertices (2,658 trig, 1,766 trig+kin events)
  [127/2901] nano_212.root
         -> 5,264 vertices (3,165 trig, 2,095 trig+kin events)
  [128/2901] nano_213.root
         -> 3,650 vertices (2,333 trig, 1,551 trig+kin events)
  [129/2901] nano_214.root
         -> 4,794 vertices (2,989 trig, 2,022 trig+kin events)
  [130/2901] nano_215.root
         -> 2,910 vertices (1,889 trig, 1,282 trig+kin events)
  [131/2901] nano_216.root
         -> 2,806 vertices (1,730 trig, 1,174 trig+kin events)
  [132/2901] nano_217.root
         -> 2,490 vertices (1,698 trig, 1,143 trig+kin events)
  [133/2901] nano_218.root
         -> 4,308 vertices (2,550 trig, 1,692 trig+kin events)
  [134/2901] nano_219.root
         -> 5,038 vertices (3,246 trig, 2,200 trig+kin events)
  [135/2901] nano_22.root
         -> 2,557 vertices (1,729 trig, 1,143 trig+kin events)
  [136/2901] nano_220.root
         -> 4,763 vertices (3,218 trig, 2,116 trig+kin events)
  [137/2901] nano_221.root
         -> 5,353 vertices (3,201 trig, 2,152 trig+kin events)
  [138/2901] nano_222.root
         -> 2,633 vertices (1,699 trig, 1,138 trig+kin events)
  [139/2901] nano_223.root
         -> 3,040 vertices (2,101 trig, 1,377 trig+kin events)
  [140/2901] nano_224.root
         -> 3,526 vertices (2,371 trig, 1,577 trig+kin events)
  [141/2901] nano_225.root
         -> 2,561 vertices (1,644 trig, 1,088 trig+kin events)
  [142/2901] nano_226.root
         -> 3,264 vertices (2,202 trig, 1,459 trig+kin events)
  [143/2901] nano_227.root
         -> 4,718 vertices (3,089 trig, 2,095 trig+kin events)
  [144/2901] nano_228.root
         -> 2,941 vertices (1,897 trig, 1,284 trig+kin events)
  [145/2901] nano_229.root
         -> 4,793 vertices (2,972 trig, 1,988 trig+kin events)
  [146/2901] nano_23.root
         -> 2,531 vertices (1,641 trig, 1,107 trig+kin events)
  [147/2901] nano_230.root
         -> 3,882 vertices (2,422 trig, 1,627 trig+kin events)
  [148/2901] nano_231.root
         -> 5,018 vertices (3,196 trig, 2,171 trig+kin events)
  [149/2901] nano_232.root
         -> 4,536 vertices (2,931 trig, 1,931 trig+kin events)
  [150/2901] nano_233.root
         -> 4,329 vertices (2,726 trig, 1,825 trig+kin events)
  [151/2901] nano_234.root
         -> 1,482 vertices (1,000 trig, 665 trig+kin events)
  [152/2901] nano_235.root
         -> 4,243 vertices (2,650 trig, 1,766 trig+kin events)
  [153/2901] nano_236.root
         -> 3,157 vertices (1,935 trig, 1,274 trig+kin events)
  [154/2901] nano_237.root
         -> 3,626 vertices (2,352 trig, 1,601 trig+kin events)
  [155/2901] nano_238.root
         -> 4,597 vertices (2,829 trig, 1,911 trig+kin events)
  [156/2901] nano_239.root
         -> 2,974 vertices (1,954 trig, 1,300 trig+kin events)
  [157/2901] nano_24.root
         -> 2,429 vertices (1,563 trig, 1,054 trig+kin events)
  [158/2901] nano_240.root
         -> 4,162 vertices (2,525 trig, 1,697 trig+kin events)
  [159/2901] nano_241.root
         -> 5,196 vertices (3,149 trig, 2,163 trig+kin events)
  [160/2901] nano_242.root
         -> 2,572 vertices (1,640 trig, 1,097 trig+kin events)
  [161/2901] nano_243.root
         -> 5,014 vertices (3,215 trig, 2,160 trig+kin events)
  [162/2901] nano_244.root
         -> 3,312 vertices (2,194 trig, 1,431 trig+kin events)
  [163/2901] nano_245.root
         -> 4,352 vertices (2,958 trig, 1,975 trig+kin events)
  [164/2901] nano_246.root
         -> 3,174 vertices (2,003 trig, 1,311 trig+kin events)
  [165/2901] nano_247.root
         -> 3,254 vertices (2,157 trig, 1,432 trig+kin events)
  [166/2901] nano_248.root
         -> 2,821 vertices (1,859 trig, 1,241 trig+kin events)
  [167/2901] nano_249.root
         -> 2,911 vertices (1,918 trig, 1,272 trig+kin events)
  [168/2901] nano_25.root
         -> 2,678 vertices (1,777 trig, 1,162 trig+kin events)
  [169/2901] nano_250.root
         -> 5,127 vertices (3,236 trig, 2,164 trig+kin events)
  [170/2901] nano_251.root
         -> 5,244 vertices (3,228 trig, 2,194 trig+kin events)
  [171/2901] nano_252.root
         -> 3,298 vertices (2,080 trig, 1,412 trig+kin events)
  [172/2901] nano_253.root
         -> 4,166 vertices (2,639 trig, 1,748 trig+kin events)
  [173/2901] nano_254.root
         -> 4,363 vertices (2,730 trig, 1,808 trig+kin events)
  [174/2901] nano_255.root
         -> 3,731 vertices (2,491 trig, 1,670 trig+kin events)
  [175/2901] nano_256.root
         -> 3,667 vertices (2,258 trig, 1,526 trig+kin events)
  [176/2901] nano_257.root
         -> 3,996 vertices (2,562 trig, 1,712 trig+kin events)
  [177/2901] nano_258.root
         -> 3,393 vertices (2,214 trig, 1,463 trig+kin events)
  [178/2901] nano_259.root
         -> 3,426 vertices (2,408 trig, 1,571 trig+kin events)
  [179/2901] nano_26.root
         -> 2,725 vertices (1,756 trig, 1,138 trig+kin events)
  [180/2901] nano_260.root
         -> 3,463 vertices (2,267 trig, 1,489 trig+kin events)
  [181/2901] nano_261.root
         -> 3,242 vertices (2,163 trig, 1,420 trig+kin events)
  [182/2901] nano_262.root
         -> 3,965 vertices (2,393 trig, 1,612 trig+kin events)
  [183/2901] nano_263.root
         -> 4,834 vertices (3,240 trig, 2,156 trig+kin events)
  [184/2901] nano_264.root
         -> 3,862 vertices (2,510 trig, 1,708 trig+kin events)
  [185/2901] nano_265.root
         -> 2,811 vertices (1,869 trig, 1,227 trig+kin events)
  [186/2901] nano_266.root
         -> 5,007 vertices (3,218 trig, 2,214 trig+kin events)
  [187/2901] nano_267.root
         -> 3,653 vertices (2,403 trig, 1,581 trig+kin events)
  [188/2901] nano_268.root
         -> 3,947 vertices (2,586 trig, 1,659 trig+kin events)
  [189/2901] nano_269.root
         -> 4,535 vertices (2,864 trig, 1,911 trig+kin events)
  [190/2901] nano_27.root
         -> 2,597 vertices (1,669 trig, 1,135 trig+kin events)
  [191/2901] nano_270.root
         -> 3,060 vertices (1,953 trig, 1,343 trig+kin events)
  [192/2901] nano_271.root
         -> 2,923 vertices (1,862 trig, 1,227 trig+kin events)
  [193/2901] nano_272.root
         -> 2,754 vertices (1,760 trig, 1,126 trig+kin events)
  [194/2901] nano_273.root
         -> 3,976 vertices (2,524 trig, 1,728 trig+kin events)
  [195/2901] nano_274.root
         -> 3,919 vertices (2,462 trig, 1,685 trig+kin events)
  [196/2901] nano_275.root
         -> 2,555 vertices (1,671 trig, 1,085 trig+kin events)
  [197/2901] nano_276.root
         -> 3,828 vertices (2,417 trig, 1,638 trig+kin events)
  [198/2901] nano_277.root
         -> 4,763 vertices (3,123 trig, 2,040 trig+kin events)
  [199/2901] nano_278.root
         -> 4,502 vertices (3,037 trig, 2,024 trig+kin events)
  [200/2901] nano_279.root
         -> 3,080 vertices (1,995 trig, 1,337 trig+kin events)
  [201/2901] nano_28.root
         -> 2,499 vertices (1,725 trig, 1,166 trig+kin events)
  [202/2901] nano_280.root
         -> 4,997 vertices (3,220 trig, 2,178 trig+kin events)
  [203/2901] nano_281.root
         -> 5,074 vertices (3,243 trig, 2,168 trig+kin events)
  [204/2901] nano_282.root
         -> 4,788 vertices (3,109 trig, 2,090 trig+kin events)
  [205/2901] nano_283.root
         -> 4,600 vertices (3,117 trig, 2,060 trig+kin events)
  [206/2901] nano_284.root
         -> 4,875 vertices (3,215 trig, 2,152 trig+kin events)
  [207/2901] nano_285.root
         -> 4,643 vertices (3,063 trig, 2,038 trig+kin events)
  [208/2901] nano_286.root
         -> 4,415 vertices (3,163 trig, 2,101 trig+kin events)
  [209/2901] nano_287.root
         -> 4,390 vertices (2,829 trig, 1,867 trig+kin events)
  [210/2901] nano_288.root
         -> 5,044 vertices (3,206 trig, 2,116 trig+kin events)
  [211/2901] nano_289.root
         -> 3,550 vertices (2,355 trig, 1,560 trig+kin events)
  [212/2901] nano_29.root
         -> 151 vertices (72 trig, 41 trig+kin events)
  [213/2901] nano_290.root
         -> 5,094 vertices (3,136 trig, 2,126 trig+kin events)
  [214/2901] nano_291.root
         -> 2,629 vertices (1,651 trig, 1,094 trig+kin events)
  [215/2901] nano_292.root
         -> 3,822 vertices (2,477 trig, 1,667 trig+kin events)
  [216/2901] nano_293.root
         -> 4,923 vertices (3,298 trig, 2,178 trig+kin events)
  [217/2901] nano_294.root
         -> 4,948 vertices (3,196 trig, 2,149 trig+kin events)
  [218/2901] nano_295.root
         -> 5,169 vertices (3,251 trig, 2,176 trig+kin events)
  [219/2901] nano_296.root
         -> 5,211 vertices (3,329 trig, 2,177 trig+kin events)
  [220/2901] nano_297.root
         -> 4,977 vertices (3,224 trig, 2,193 trig+kin events)
  [221/2901] nano_298.root
         -> 4,654 vertices (3,184 trig, 2,093 trig+kin events)
  [222/2901] nano_299.root
         -> 4,826 vertices (3,129 trig, 2,070 trig+kin events)
  [223/2901] nano_3.root
         -> 2,659 vertices (1,659 trig, 1,125 trig+kin events)
  [224/2901] nano_30.root
         -> 2,943 vertices (1,799 trig, 1,208 trig+kin events)
  [225/2901] nano_300.root
         -> 5,011 vertices (3,189 trig, 2,166 trig+kin events)
  [226/2901] nano_301.root
         -> 5,026 vertices (3,187 trig, 2,132 trig+kin events)
  [227/2901] nano_302.root
         -> 4,858 vertices (3,107 trig, 2,092 trig+kin events)
  [228/2901] nano_303.root
         -> 4,672 vertices (3,169 trig, 2,105 trig+kin events)
  [229/2901] nano_304.root
         -> 4,875 vertices (3,174 trig, 2,120 trig+kin events)
  [230/2901] nano_305.root
         -> 4,928 vertices (3,335 trig, 2,151 trig+kin events)
  [231/2901] nano_306.root
         -> 4,742 vertices (3,205 trig, 2,120 trig+kin events)
  [232/2901] nano_307.root
         -> 4,932 vertices (3,104 trig, 2,106 trig+kin events)
  [233/2901] nano_308.root
         -> 4,659 vertices (3,177 trig, 2,126 trig+kin events)
  [234/2901] nano_309.root
         -> 4,787 vertices (3,104 trig, 2,044 trig+kin events)
  [235/2901] nano_31.root
         -> 2,635 vertices (1,659 trig, 1,116 trig+kin events)
  [236/2901] nano_310.root
         -> 4,997 vertices (3,291 trig, 2,210 trig+kin events)
  [237/2901] nano_311.root
         -> 4,843 vertices (3,195 trig, 2,166 trig+kin events)
  [238/2901] nano_312.root
         -> 4,815 vertices (3,180 trig, 2,092 trig+kin events)
  [239/2901] nano_313.root
         -> 4,930 vertices (3,217 trig, 2,159 trig+kin events)
  [240/2901] nano_314.root
         -> 5,162 vertices (3,204 trig, 2,160 trig+kin events)
  [241/2901] nano_315.root
         -> 4,767 vertices (3,201 trig, 2,110 trig+kin events)
  [242/2901] nano_316.root
         -> 4,620 vertices (3,122 trig, 2,099 trig+kin events)
  [243/2901] nano_317.root
         -> 4,987 vertices (3,216 trig, 2,143 trig+kin events)
  [244/2901] nano_318.root
         -> 4,957 vertices (3,198 trig, 2,171 trig+kin events)
  [245/2901] nano_319.root
         -> 5,052 vertices (3,144 trig, 2,116 trig+kin events)
  [246/2901] nano_32.root
         -> 3,219 vertices (1,994 trig, 1,341 trig+kin events)
  [247/2901] nano_320.root
         -> 5,043 vertices (3,263 trig, 2,221 trig+kin events)
  [248/2901] nano_321.root
         -> 4,836 vertices (3,180 trig, 2,106 trig+kin events)
  [249/2901] nano_322.root
         -> 2,939 vertices (1,930 trig, 1,270 trig+kin events)
  [250/2901] nano_323.root
         -> 4,877 vertices (3,171 trig, 2,118 trig+kin events)
  [251/2901] nano_324.root
         -> 3,187 vertices (1,919 trig, 1,317 trig+kin events)
  [252/2901] nano_325.root
         -> 3,564 vertices (2,236 trig, 1,483 trig+kin events)
  [253/2901] nano_326.root
         -> 5,306 vertices (3,235 trig, 2,191 trig+kin events)
  [254/2901] nano_327.root
         -> 3,522 vertices (2,179 trig, 1,460 trig+kin events)
  [255/2901] nano_328.root
         -> 5,234 vertices (3,218 trig, 2,158 trig+kin events)
  [256/2901] nano_329.root
         -> 5,291 vertices (3,205 trig, 2,196 trig+kin events)
  [257/2901] nano_33.root
         -> 3,130 vertices (2,075 trig, 1,389 trig+kin events)
  [258/2901] nano_330.root
         -> 4,776 vertices (3,048 trig, 2,035 trig+kin events)
  [259/2901] nano_331.root
         -> 5,086 vertices (3,161 trig, 2,092 trig+kin events)
  [260/2901] nano_332.root
         -> 5,057 vertices (3,238 trig, 2,183 trig+kin events)
  [261/2901] nano_333.root
         -> 4,917 vertices (3,113 trig, 2,073 trig+kin events)
  [262/2901] nano_334.root
         -> 2,897 vertices (1,864 trig, 1,246 trig+kin events)
  [263/2901] nano_335.root
         -> 5,267 vertices (3,239 trig, 2,167 trig+kin events)
  [264/2901] nano_336.root
         -> 3,875 vertices (2,660 trig, 1,791 trig+kin events)
  [265/2901] nano_337.root
         -> 4,665 vertices (3,086 trig, 2,063 trig+kin events)
  [266/2901] nano_338.root
         -> 3,720 vertices (2,323 trig, 1,543 trig+kin events)
  [267/2901] nano_339.root
         -> 5,111 vertices (3,267 trig, 2,188 trig+kin events)
  [268/2901] nano_34.root
         -> 2,568 vertices (1,724 trig, 1,164 trig+kin events)
  [269/2901] nano_340.root
         -> 3,328 vertices (2,260 trig, 1,511 trig+kin events)
  [270/2901] nano_341.root
         -> 1,949 vertices (1,219 trig, 810 trig+kin events)
  [271/2901] nano_342.root
         -> 4,847 vertices (3,149 trig, 2,109 trig+kin events)
  [272/2901] nano_343.root
         -> 91 vertices (67 trig, 55 trig+kin events)
  [273/2901] nano_344.root
         -> 5,180 vertices (3,153 trig, 2,151 trig+kin events)
  [274/2901] nano_345.root
         -> 4,754 vertices (3,230 trig, 2,126 trig+kin events)
  [275/2901] nano_346.root
         -> 5,084 vertices (3,204 trig, 2,147 trig+kin events)
  [276/2901] nano_347.root
         -> 4,742 vertices (3,191 trig, 2,121 trig+kin events)
  [277/2901] nano_348.root
         -> 5,345 vertices (3,237 trig, 2,231 trig+kin events)
  [278/2901] nano_349.root
         -> 4,720 vertices (3,134 trig, 2,064 trig+kin events)
  [279/2901] nano_35.root
         -> 2,899 vertices (1,721 trig, 1,187 trig+kin events)
  [280/2901] nano_350.root
         -> 4,690 vertices (2,971 trig, 1,984 trig+kin events)
  [281/2901] nano_351.root
         -> 4,702 vertices (3,191 trig, 2,103 trig+kin events)
  [282/2901] nano_352.root
         -> 3,937 vertices (2,526 trig, 1,708 trig+kin events)
  [283/2901] nano_353.root
         -> 5,024 vertices (3,139 trig, 2,157 trig+kin events)
  [284/2901] nano_354.root
         -> 3,418 vertices (2,140 trig, 1,425 trig+kin events)
  [285/2901] nano_355.root
         -> 4,729 vertices (3,210 trig, 2,168 trig+kin events)
  [286/2901] nano_356.root
         -> 3,813 vertices (2,467 trig, 1,636 trig+kin events)
  [287/2901] nano_357.root
         -> 3,497 vertices (2,176 trig, 1,500 trig+kin events)
  [288/2901] nano_358.root
         -> 4,555 vertices (2,877 trig, 2,002 trig+kin events)
  [289/2901] nano_359.root
         -> 4,321 vertices (2,670 trig, 1,823 trig+kin events)
  [290/2901] nano_36.root
         -> 2,469 vertices (1,566 trig, 1,074 trig+kin events)
  [291/2901] nano_360.root
         -> 2,746 vertices (1,872 trig, 1,210 trig+kin events)
  [292/2901] nano_361.root
         -> 4,703 vertices (3,093 trig, 2,042 trig+kin events)
  [293/2901] nano_362.root
         -> 4,859 vertices (3,131 trig, 2,130 trig+kin events)
  [294/2901] nano_363.root
         -> 5,029 vertices (3,172 trig, 2,132 trig+kin events)
  [295/2901] nano_364.root
         -> 4,025 vertices (2,815 trig, 1,882 trig+kin events)
  [296/2901] nano_365.root
         -> 4,876 vertices (3,044 trig, 2,022 trig+kin events)
  [297/2901] nano_366.root
         -> 4,933 vertices (3,263 trig, 2,167 trig+kin events)
  [298/2901] nano_367.root
         -> 3,983 vertices (2,675 trig, 1,733 trig+kin events)
  [299/2901] nano_368.root
         -> 4,613 vertices (2,956 trig, 1,995 trig+kin events)
  [300/2901] nano_369.root
         -> 4,801 vertices (3,165 trig, 2,145 trig+kin events)
  [301/2901] nano_37.root
         -> 3,091 vertices (1,985 trig, 1,330 trig+kin events)
  [302/2901] nano_370.root
         -> 5,075 vertices (3,297 trig, 2,205 trig+kin events)
  [303/2901] nano_371.root
         -> 4,933 vertices (3,304 trig, 2,155 trig+kin events)
  [304/2901] nano_372.root
         -> 3,009 vertices (1,999 trig, 1,332 trig+kin events)
  [305/2901] nano_373.root
         -> 2,675 vertices (1,657 trig, 1,129 trig+kin events)
  [306/2901] nano_374.root
         -> 3,557 vertices (2,387 trig, 1,578 trig+kin events)
  [307/2901] nano_375.root
         -> 4,470 vertices (3,079 trig, 2,036 trig+kin events)
  [308/2901] nano_376.root
         -> 4,785 vertices (3,205 trig, 2,110 trig+kin events)
  [309/2901] nano_377.root
         -> 3,425 vertices (2,127 trig, 1,422 trig+kin events)
  [310/2901] nano_378.root
         -> 4,800 vertices (3,143 trig, 2,138 trig+kin events)
  [311/2901] nano_379.root
         -> 3,782 vertices (2,356 trig, 1,566 trig+kin events)
  [312/2901] nano_38.root
         -> 4,709 vertices (3,121 trig, 2,058 trig+kin events)
  [313/2901] nano_380.root
         -> 5,003 vertices (3,202 trig, 2,141 trig+kin events)
  [314/2901] nano_381.root
         -> 3,244 vertices (2,154 trig, 1,438 trig+kin events)
  [315/2901] nano_382.root
         -> 4,842 vertices (3,130 trig, 2,054 trig+kin events)
  [316/2901] nano_383.root
         -> 4,844 vertices (3,241 trig, 2,112 trig+kin events)
  [317/2901] nano_384.root
         -> 5,024 vertices (3,151 trig, 2,129 trig+kin events)
  [318/2901] nano_385.root
         -> 4,954 vertices (3,245 trig, 2,136 trig+kin events)
  [319/2901] nano_386.root
         -> 5,163 vertices (3,336 trig, 2,228 trig+kin events)
  [320/2901] nano_387.root
         -> 2,631 vertices (1,605 trig, 1,098 trig+kin events)
  [321/2901] nano_388.root
         -> 5,002 vertices (3,307 trig, 2,187 trig+kin events)
  [322/2901] nano_389.root
         -> 5,113 vertices (3,312 trig, 2,184 trig+kin events)
  [323/2901] nano_39.root
         -> 4,256 vertices (2,749 trig, 1,846 trig+kin events)
  [324/2901] nano_390.root
         -> 3,988 vertices (2,622 trig, 1,746 trig+kin events)
  [325/2901] nano_391.root
         -> 4,785 vertices (3,128 trig, 2,109 trig+kin events)
  [326/2901] nano_392.root
         -> 4,957 vertices (3,053 trig, 2,043 trig+kin events)
  [327/2901] nano_393.root
         -> 152 vertices (112 trig, 70 trig+kin events)
  [328/2901] nano_394.root
         -> 341 vertices (181 trig, 123 trig+kin events)
  [329/2901] nano_395.root
         -> 1,233 vertices (917 trig, 603 trig+kin events)
  [330/2901] nano_396.root
         -> 938 vertices (676 trig, 443 trig+kin events)
  [331/2901] nano_397.root
         -> 736 vertices (576 trig, 373 trig+kin events)
  [332/2901] nano_398.root
         -> 2,544 vertices (1,648 trig, 1,069 trig+kin events)
  [333/2901] nano_399.root
         -> 2,696 vertices (1,746 trig, 1,175 trig+kin events)
  [334/2901] nano_4.root
         -> 3,325 vertices (2,223 trig, 1,436 trig+kin events)
  [335/2901] nano_40.root
         -> 4,131 vertices (2,510 trig, 1,662 trig+kin events)
  [336/2901] nano_400.root
         -> 2,030 vertices (1,291 trig, 851 trig+kin events)
  [337/2901] nano_401.root
         -> 2,622 vertices (1,803 trig, 1,207 trig+kin events)
  [338/2901] nano_402.root
         -> 2,569 vertices (1,640 trig, 1,070 trig+kin events)
  [339/2901] nano_403.root
         -> 1,895 vertices (1,258 trig, 815 trig+kin events)
  [340/2901] nano_404.root
         -> 2,870 vertices (1,690 trig, 1,138 trig+kin events)
  [341/2901] nano_405.root
         -> 2,859 vertices (1,911 trig, 1,242 trig+kin events)
  [342/2901] nano_406.root
         -> 2,592 vertices (1,707 trig, 1,146 trig+kin events)
  [343/2901] nano_407.root
         -> 2,566 vertices (1,632 trig, 1,085 trig+kin events)
  [344/2901] nano_408.root
         -> 3,256 vertices (1,993 trig, 1,308 trig+kin events)
  [345/2901] nano_409.root
         -> 2,875 vertices (1,871 trig, 1,230 trig+kin events)
  [346/2901] nano_41.root
         -> 3,983 vertices (2,582 trig, 1,734 trig+kin events)
  [347/2901] nano_410.root
         -> 2,739 vertices (1,752 trig, 1,175 trig+kin events)
  [348/2901] nano_411.root
         -> 2,872 vertices (1,791 trig, 1,177 trig+kin events)
  [349/2901] nano_412.root
         -> 2,327 vertices (1,587 trig, 1,070 trig+kin events)
  [350/2901] nano_413.root
         -> 2,023 vertices (1,228 trig, 830 trig+kin events)
  [351/2901] nano_414.root
         -> 2,514 vertices (1,646 trig, 1,109 trig+kin events)
  [352/2901] nano_415.root
         -> 2,494 vertices (1,571 trig, 1,045 trig+kin events)
  [353/2901] nano_416.root
         -> 3,018 vertices (1,774 trig, 1,201 trig+kin events)
  [354/2901] nano_417.root
         -> 2,480 vertices (1,616 trig, 1,090 trig+kin events)
  [355/2901] nano_418.root
         -> 2,816 vertices (1,780 trig, 1,179 trig+kin events)
  [356/2901] nano_419.root
         -> 81 vertices (61 trig, 40 trig+kin events)
  [357/2901] nano_42.root
         -> 2,848 vertices (1,953 trig, 1,316 trig+kin events)
  [358/2901] nano_420.root
         -> 3,155 vertices (2,119 trig, 1,419 trig+kin events)
  [359/2901] nano_421.root
         -> 2,738 vertices (1,703 trig, 1,141 trig+kin events)
  [360/2901] nano_422.root
         -> 2,240 vertices (1,415 trig, 960 trig+kin events)
  [361/2901] nano_423.root
         -> 2,702 vertices (1,639 trig, 1,096 trig+kin events)
  [362/2901] nano_424.root
         -> 2,897 vertices (1,754 trig, 1,200 trig+kin events)
  [363/2901] nano_425.root
         -> 2,497 vertices (1,699 trig, 1,149 trig+kin events)
  [364/2901] nano_426.root
         -> 3,089 vertices (1,971 trig, 1,301 trig+kin events)
  [365/2901] nano_427.root
         -> 3,562 vertices (2,229 trig, 1,460 trig+kin events)
  [366/2901] nano_428.root
         -> 2,641 vertices (1,601 trig, 1,079 trig+kin events)
  [367/2901] nano_429.root
         -> 2,882 vertices (1,755 trig, 1,212 trig+kin events)
  [368/2901] nano_43.root
         -> 878 vertices (614 trig, 414 trig+kin events)
  [369/2901] nano_430.root
         -> 2,890 vertices (1,867 trig, 1,277 trig+kin events)
  [370/2901] nano_431.root
         -> 3,086 vertices (1,863 trig, 1,254 trig+kin events)
  [371/2901] nano_432.root
         -> 3,007 vertices (1,847 trig, 1,216 trig+kin events)
  [372/2901] nano_433.root
         -> 2,564 vertices (1,716 trig, 1,140 trig+kin events)
  [373/2901] nano_434.root
         -> 2,914 vertices (1,957 trig, 1,317 trig+kin events)
  [374/2901] nano_435.root
         -> 2,691 vertices (1,723 trig, 1,133 trig+kin events)
  [375/2901] nano_436.root
         -> 2,971 vertices (1,880 trig, 1,250 trig+kin events)
  [376/2901] nano_437.root
         -> 2,114 vertices (1,353 trig, 879 trig+kin events)
  [377/2901] nano_438.root
         -> 4,272 vertices (2,550 trig, 1,703 trig+kin events)
  [378/2901] nano_439.root
         -> 2,698 vertices (1,807 trig, 1,186 trig+kin events)
  [379/2901] nano_44.root
         -> 4,052 vertices (2,758 trig, 1,856 trig+kin events)
  [380/2901] nano_440.root
         -> 3,101 vertices (2,057 trig, 1,388 trig+kin events)
  [381/2901] nano_441.root
         -> 2,762 vertices (1,832 trig, 1,229 trig+kin events)
  [382/2901] nano_442.root
         -> 3,057 vertices (2,062 trig, 1,366 trig+kin events)
  [383/2901] nano_443.root
         -> 2,722 vertices (1,884 trig, 1,232 trig+kin events)
  [384/2901] nano_444.root
         -> 3,782 vertices (2,421 trig, 1,599 trig+kin events)
  [385/2901] nano_445.root
         -> 2,813 vertices (1,844 trig, 1,246 trig+kin events)
  [386/2901] nano_446.root
         -> 4,090 vertices (2,551 trig, 1,711 trig+kin events)
  [387/2901] nano_447.root
         -> 4,168 vertices (2,792 trig, 1,875 trig+kin events)
  [388/2901] nano_448.root
         -> 5,083 vertices (3,118 trig, 2,128 trig+kin events)
  [389/2901] nano_449.root
         -> 3,096 vertices (1,948 trig, 1,315 trig+kin events)
  [390/2901] nano_45.root
         -> 5,154 vertices (3,155 trig, 2,085 trig+kin events)
  [391/2901] nano_450.root
         -> 5,038 vertices (3,161 trig, 2,116 trig+kin events)
  [392/2901] nano_451.root
         -> 4,556 vertices (2,889 trig, 1,934 trig+kin events)
  [393/2901] nano_452.root
         -> 4,968 vertices (3,166 trig, 2,084 trig+kin events)
  [394/2901] nano_453.root
         -> 2,979 vertices (1,895 trig, 1,266 trig+kin events)
  [395/2901] nano_454.root
         -> 615 vertices (387 trig, 265 trig+kin events)
  [396/2901] nano_455.root
         -> 4,732 vertices (3,192 trig, 2,175 trig+kin events)
  [397/2901] nano_456.root
         -> 5,160 vertices (3,168 trig, 2,116 trig+kin events)
  [398/2901] nano_457.root
         -> 3,117 vertices (2,037 trig, 1,388 trig+kin events)
  [399/2901] nano_458.root
         -> 3,560 vertices (2,280 trig, 1,535 trig+kin events)
  [400/2901] nano_459.root
         -> 2,630 vertices (1,799 trig, 1,179 trig+kin events)
  [401/2901] nano_46.root
         -> 4,956 vertices (3,194 trig, 2,119 trig+kin events)
  [402/2901] nano_460.root
         -> 4,839 vertices (3,194 trig, 2,121 trig+kin events)
  [403/2901] nano_461.root
         -> 1,345 vertices (875 trig, 573 trig+kin events)
  [404/2901] nano_462.root
         -> 4,905 vertices (3,225 trig, 2,155 trig+kin events)
  [405/2901] nano_463.root
         -> 2,803 vertices (1,824 trig, 1,172 trig+kin events)
  [406/2901] nano_464.root
         -> 4,817 vertices (3,248 trig, 2,141 trig+kin events)
  [407/2901] nano_465.root
         -> 3,254 vertices (2,168 trig, 1,451 trig+kin events)
  [408/2901] nano_466.root
         -> 4,847 vertices (3,188 trig, 2,096 trig+kin events)
  [409/2901] nano_467.root
         -> 2,952 vertices (1,858 trig, 1,295 trig+kin events)
  [410/2901] nano_468.root
         -> 4,435 vertices (2,900 trig, 1,890 trig+kin events)
  [411/2901] nano_469.root
         -> 5,007 vertices (3,199 trig, 2,116 trig+kin events)
  [412/2901] nano_47.root
         -> 3,233 vertices (2,019 trig, 1,381 trig+kin events)
  [413/2901] nano_470.root
         -> 3,008 vertices (1,923 trig, 1,244 trig+kin events)
  [414/2901] nano_471.root
         -> 2,776 vertices (1,689 trig, 1,131 trig+kin events)
  [415/2901] nano_472.root
         -> 3,442 vertices (2,196 trig, 1,440 trig+kin events)
  [416/2901] nano_473.root
         -> 5,095 vertices (3,299 trig, 2,227 trig+kin events)
  [417/2901] nano_474.root
         -> 2,648 vertices (1,691 trig, 1,119 trig+kin events)
  [418/2901] nano_475.root
         -> 4,934 vertices (3,229 trig, 2,119 trig+kin events)
  [419/2901] nano_476.root
         -> 1,600 vertices (1,026 trig, 686 trig+kin events)
  [420/2901] nano_477.root
         -> 2,546 vertices (1,591 trig, 1,045 trig+kin events)
  [421/2901] nano_478.root
         -> 4,922 vertices (3,203 trig, 2,143 trig+kin events)
  [422/2901] nano_479.root
         -> 5,208 vertices (3,226 trig, 2,166 trig+kin events)
  [423/2901] nano_48.root
         -> 3,652 vertices (2,230 trig, 1,543 trig+kin events)
  [424/2901] nano_480.root
         -> 3,279 vertices (2,085 trig, 1,408 trig+kin events)
  [425/2901] nano_481.root
         -> 4,402 vertices (2,855 trig, 1,924 trig+kin events)
  [426/2901] nano_482.root
         -> 3,556 vertices (2,188 trig, 1,481 trig+kin events)
  [427/2901] nano_483.root
         -> 2,623 vertices (1,703 trig, 1,128 trig+kin events)
  [428/2901] nano_484.root
         -> 4,938 vertices (3,178 trig, 2,036 trig+kin events)
  [429/2901] nano_485.root
         -> 4,695 vertices (3,197 trig, 2,140 trig+kin events)
  [430/2901] nano_486.root
         -> 4,512 vertices (3,051 trig, 2,044 trig+kin events)
  [431/2901] nano_487.root
         -> 3,647 vertices (2,368 trig, 1,549 trig+kin events)
  [432/2901] nano_488.root
         -> 5,028 vertices (3,204 trig, 2,156 trig+kin events)
  [433/2901] nano_489.root
         -> 2,948 vertices (1,800 trig, 1,244 trig+kin events)
  [434/2901] nano_49.root
         -> 2,700 vertices (1,755 trig, 1,154 trig+kin events)
  [435/2901] nano_490.root
         -> 5,026 vertices (3,201 trig, 2,120 trig+kin events)
  [436/2901] nano_491.root
         -> 2,887 vertices (1,844 trig, 1,252 trig+kin events)
  [437/2901] nano_492.root
         -> 2,554 vertices (1,747 trig, 1,168 trig+kin events)
  [438/2901] nano_493.root
         -> 2,799 vertices (1,809 trig, 1,189 trig+kin events)
  [439/2901] nano_494.root
         -> 5,037 vertices (3,277 trig, 2,201 trig+kin events)
  [440/2901] nano_495.root
         -> 4,605 vertices (3,201 trig, 2,099 trig+kin events)
  [441/2901] nano_496.root
         -> 2,589 vertices (1,654 trig, 1,132 trig+kin events)
  [442/2901] nano_497.root
         -> 2,461 vertices (1,615 trig, 1,091 trig+kin events)
  [443/2901] nano_498.root
         -> 2,757 vertices (1,762 trig, 1,178 trig+kin events)
  [444/2901] nano_499.root
         -> 3,430 vertices (2,055 trig, 1,366 trig+kin events)
  [445/2901] nano_5.root
         -> 3,362 vertices (2,204 trig, 1,478 trig+kin events)
  [446/2901] nano_50.root
         -> 4,314 vertices (2,695 trig, 1,805 trig+kin events)
  [447/2901] nano_500.root
         -> 5,190 vertices (3,195 trig, 2,135 trig+kin events)
  [448/2901] nano_501.root
         -> 2,848 vertices (1,812 trig, 1,217 trig+kin events)
  [449/2901] nano_502.root
         -> 3,101 vertices (1,928 trig, 1,280 trig+kin events)
  [450/2901] nano_503.root
         -> 4,973 vertices (3,190 trig, 2,184 trig+kin events)
  [451/2901] nano_504.root
         -> 5,686 vertices (3,283 trig, 2,243 trig+kin events)
  [452/2901] nano_505.root
         -> 5,171 vertices (3,170 trig, 2,166 trig+kin events)
  [453/2901] nano_506.root
         -> 122 vertices (59 trig, 42 trig+kin events)
  [454/2901] nano_507.root
         -> 5,150 vertices (3,188 trig, 2,163 trig+kin events)
  [455/2901] nano_508.root
         -> 2,766 vertices (1,847 trig, 1,202 trig+kin events)
  [456/2901] nano_509.root
         -> 5,038 vertices (3,167 trig, 2,067 trig+kin events)
  [457/2901] nano_51.root
         -> 2,972 vertices (1,804 trig, 1,230 trig+kin events)
  [458/2901] nano_510.root
         -> 724 vertices (450 trig, 297 trig+kin events)
  [459/2901] nano_511.root
         -> 4,986 vertices (3,183 trig, 2,144 trig+kin events)
  [460/2901] nano_512.root
         -> 3,077 vertices (2,027 trig, 1,371 trig+kin events)
  [461/2901] nano_513.root
         -> 5,069 vertices (3,189 trig, 2,147 trig+kin events)
  [462/2901] nano_514.root
         -> 2,409 vertices (1,704 trig, 1,116 trig+kin events)
  [463/2901] nano_515.root
         -> 2,921 vertices (1,757 trig, 1,195 trig+kin events)
  [464/2901] nano_516.root
         -> 4,990 vertices (3,205 trig, 2,128 trig+kin events)
  [465/2901] nano_517.root
         -> 2,686 vertices (1,763 trig, 1,192 trig+kin events)
  [466/2901] nano_518.root
         -> 4,553 vertices (3,113 trig, 2,049 trig+kin events)
  [467/2901] nano_519.root
         -> 4,818 vertices (3,212 trig, 2,122 trig+kin events)
  [468/2901] nano_52.root
         -> 4,044 vertices (2,759 trig, 1,828 trig+kin events)
  [469/2901] nano_520.root
         -> 4,646 vertices (3,130 trig, 2,060 trig+kin events)
  [470/2901] nano_521.root
         -> 3,175 vertices (2,024 trig, 1,361 trig+kin events)
  [471/2901] nano_522.root
         -> 2,862 vertices (1,756 trig, 1,181 trig+kin events)
  [472/2901] nano_523.root
         -> 3,028 vertices (2,047 trig, 1,372 trig+kin events)
  [473/2901] nano_524.root
         -> 4,887 vertices (3,177 trig, 2,087 trig+kin events)
  [474/2901] nano_525.root
         -> 5,017 vertices (3,235 trig, 2,111 trig+kin events)
  [475/2901] nano_526.root
         -> 2,942 vertices (1,878 trig, 1,220 trig+kin events)
  [476/2901] nano_527.root
         -> 5,239 vertices (3,153 trig, 2,141 trig+kin events)
  [477/2901] nano_528.root
         -> 3,259 vertices (2,175 trig, 1,426 trig+kin events)
  [478/2901] nano_529.root
         -> 4,810 vertices (3,229 trig, 2,198 trig+kin events)
  [479/2901] nano_53.root
         -> 4,759 vertices (2,832 trig, 1,866 trig+kin events)
  [480/2901] nano_530.root
         -> 3,230 vertices (2,097 trig, 1,447 trig+kin events)
  [481/2901] nano_531.root
         -> 5,272 vertices (3,210 trig, 2,176 trig+kin events)
  [482/2901] nano_532.root
         -> 5,019 vertices (3,182 trig, 2,160 trig+kin events)
  [483/2901] nano_533.root
         -> 2,856 vertices (1,760 trig, 1,173 trig+kin events)
  [484/2901] nano_534.root
         -> 3,890 vertices (2,542 trig, 1,701 trig+kin events)
  [485/2901] nano_535.root
         -> 3,461 vertices (2,258 trig, 1,504 trig+kin events)
  [486/2901] nano_536.root
         -> 5,269 vertices (3,272 trig, 2,163 trig+kin events)
  [487/2901] nano_537.root
         -> 4,995 vertices (3,139 trig, 2,174 trig+kin events)
  [488/2901] nano_538.root
         -> 3,267 vertices (1,995 trig, 1,342 trig+kin events)
  [489/2901] nano_539.root
         -> 2,636 vertices (1,775 trig, 1,184 trig+kin events)
  [490/2901] nano_54.root
         -> 4,604 vertices (3,182 trig, 2,133 trig+kin events)
  [491/2901] nano_540.root
         -> 3,161 vertices (2,230 trig, 1,423 trig+kin events)
  [492/2901] nano_541.root
         -> 5,083 vertices (3,166 trig, 2,101 trig+kin events)
  [493/2901] nano_542.root
         -> 3,473 vertices (2,237 trig, 1,497 trig+kin events)
  [494/2901] nano_543.root
         -> 2,661 vertices (1,606 trig, 1,064 trig+kin events)
  [495/2901] nano_544.root
         -> 4,873 vertices (3,143 trig, 2,119 trig+kin events)
  [496/2901] nano_545.root
         -> 4,157 vertices (2,606 trig, 1,759 trig+kin events)
  [497/2901] nano_546.root
         -> 4,980 vertices (3,217 trig, 2,115 trig+kin events)
  [498/2901] nano_547.root
         -> 4,639 vertices (3,160 trig, 2,115 trig+kin events)
  [499/2901] nano_548.root
         -> 3,169 vertices (2,016 trig, 1,383 trig+kin events)
  [500/2901] nano_549.root
         -> 5,131 vertices (3,318 trig, 2,216 trig+kin events)
  [501/2901] nano_55.root
         -> 2,864 vertices (1,730 trig, 1,178 trig+kin events)
  [502/2901] nano_550.root
         -> 2,818 vertices (1,915 trig, 1,247 trig+kin events)
  [503/2901] nano_551.root
         -> 2,583 vertices (1,727 trig, 1,164 trig+kin events)
  [504/2901] nano_552.root
         -> 3,886 vertices (2,517 trig, 1,660 trig+kin events)
  [505/2901] nano_553.root
         -> 4,907 vertices (3,115 trig, 2,112 trig+kin events)
  [506/2901] nano_554.root
         -> 4,918 vertices (3,201 trig, 2,126 trig+kin events)
  [507/2901] nano_555.root
         -> 3,736 vertices (2,413 trig, 1,617 trig+kin events)
  [508/2901] nano_556.root
         -> 4,785 vertices (3,146 trig, 2,116 trig+kin events)
  [509/2901] nano_557.root
         -> 5,199 vertices (3,277 trig, 2,206 trig+kin events)
  [510/2901] nano_558.root
         -> 4,590 vertices (3,111 trig, 2,031 trig+kin events)
  [511/2901] nano_559.root
         -> 4,096 vertices (2,701 trig, 1,786 trig+kin events)
  [512/2901] nano_56.root
         -> 4,907 vertices (3,208 trig, 2,197 trig+kin events)
  [513/2901] nano_560.root
         -> 3,060 vertices (2,055 trig, 1,336 trig+kin events)
  [514/2901] nano_561.root
         -> 2,811 vertices (1,698 trig, 1,161 trig+kin events)
  [515/2901] nano_562.root
         -> 3,017 vertices (1,844 trig, 1,242 trig+kin events)
  [516/2901] nano_563.root
         -> 2,511 vertices (1,680 trig, 1,145 trig+kin events)
  [517/2901] nano_564.root
         -> 2,547 vertices (1,754 trig, 1,154 trig+kin events)
  [518/2901] nano_565.root
         -> 4,806 vertices (3,181 trig, 2,134 trig+kin events)
  [519/2901] nano_566.root
         -> 711 vertices (458 trig, 305 trig+kin events)
  [520/2901] nano_567.root
         -> 3,008 vertices (1,898 trig, 1,271 trig+kin events)
  [521/2901] nano_568.root
         -> 4,902 vertices (3,205 trig, 2,123 trig+kin events)
  [522/2901] nano_569.root
         -> 4,905 vertices (3,171 trig, 2,140 trig+kin events)
  [523/2901] nano_57.root
         -> 2,779 vertices (1,776 trig, 1,179 trig+kin events)
  [524/2901] nano_570.root
         -> 5,226 vertices (3,205 trig, 2,106 trig+kin events)
  [525/2901] nano_571.root
         -> 4,258 vertices (2,766 trig, 1,811 trig+kin events)
  [526/2901] nano_572.root
         -> 3,223 vertices (2,007 trig, 1,347 trig+kin events)
  [527/2901] nano_573.root
         -> 4,857 vertices (3,183 trig, 2,098 trig+kin events)
  [528/2901] nano_574.root
         -> 2,476 vertices (1,579 trig, 1,095 trig+kin events)
  [529/2901] nano_575.root
         -> 4,816 vertices (3,132 trig, 2,068 trig+kin events)
  [530/2901] nano_576.root
         -> 3,192 vertices (2,069 trig, 1,364 trig+kin events)
  [531/2901] nano_577.root
         -> 3,122 vertices (1,979 trig, 1,341 trig+kin events)
  [532/2901] nano_578.root
         -> 2,589 vertices (1,717 trig, 1,144 trig+kin events)
  [533/2901] nano_579.root
         -> 4,786 vertices (2,923 trig, 1,921 trig+kin events)
  [534/2901] nano_58.root
         -> 3,304 vertices (2,031 trig, 1,373 trig+kin events)
  [535/2901] nano_580.root
         -> 4,495 vertices (3,003 trig, 1,988 trig+kin events)
  [536/2901] nano_581.root
         -> 3,071 vertices (2,010 trig, 1,342 trig+kin events)
  [537/2901] nano_582.root
         -> 5,016 vertices (3,180 trig, 2,068 trig+kin events)
  [538/2901] nano_583.root
         -> 3,034 vertices (1,926 trig, 1,270 trig+kin events)
  [539/2901] nano_584.root
         -> 5,234 vertices (3,216 trig, 2,145 trig+kin events)
  [540/2901] nano_585.root
         -> 3,409 vertices (2,364 trig, 1,583 trig+kin events)
  [541/2901] nano_586.root
         -> 5,343 vertices (3,248 trig, 2,193 trig+kin events)
  [542/2901] nano_587.root
         -> 2,540 vertices (1,679 trig, 1,127 trig+kin events)
  [543/2901] nano_588.root
         -> 3,718 vertices (2,510 trig, 1,648 trig+kin events)
  [544/2901] nano_589.root
         -> 1,357 vertices (896 trig, 596 trig+kin events)
  [545/2901] nano_59.root
         -> 3,880 vertices (2,456 trig, 1,680 trig+kin events)
  [546/2901] nano_590.root
         -> 4,821 vertices (3,083 trig, 2,010 trig+kin events)
  [547/2901] nano_591.root
         -> 2,577 vertices (1,658 trig, 1,107 trig+kin events)
  [548/2901] nano_592.root
         -> 5,160 vertices (3,249 trig, 2,180 trig+kin events)
  [549/2901] nano_593.root
         -> 2,443 vertices (1,612 trig, 1,087 trig+kin events)
  [550/2901] nano_594.root
         -> 3,876 vertices (2,269 trig, 1,551 trig+kin events)
  [551/2901] nano_595.root
         -> 5,234 vertices (3,237 trig, 2,144 trig+kin events)
  [552/2901] nano_596.root
         -> 2,523 vertices (1,685 trig, 1,132 trig+kin events)
  [553/2901] nano_597.root
         -> 2,850 vertices (1,761 trig, 1,160 trig+kin events)
  [554/2901] nano_598.root
         -> 2,145 vertices (1,574 trig, 1,036 trig+kin events)
  [555/2901] nano_599.root
         -> 2,517 vertices (1,640 trig, 1,102 trig+kin events)
  [556/2901] nano_6.root
         -> 2,678 vertices (1,837 trig, 1,273 trig+kin events)
  [557/2901] nano_60.root
         -> 4,766 vertices (2,977 trig, 1,955 trig+kin events)
  [558/2901] nano_600.root
         -> 4,945 vertices (3,113 trig, 2,063 trig+kin events)
  [559/2901] nano_601.root
         -> 2,590 vertices (1,669 trig, 1,088 trig+kin events)
  [560/2901] nano_602.root
         -> 4,962 vertices (3,196 trig, 2,134 trig+kin events)
  [561/2901] nano_603.root
         -> 4,877 vertices (3,270 trig, 2,209 trig+kin events)
  [562/2901] nano_604.root
         -> 4,691 vertices (3,132 trig, 2,068 trig+kin events)
  [563/2901] nano_605.root
         -> 3,561 vertices (2,432 trig, 1,605 trig+kin events)
  [564/2901] nano_606.root
         -> 4,790 vertices (3,262 trig, 2,168 trig+kin events)
  [565/2901] nano_607.root
         -> 2,618 vertices (1,635 trig, 1,080 trig+kin events)
  [566/2901] nano_608.root
         -> 4,073 vertices (2,689 trig, 1,821 trig+kin events)
  [567/2901] nano_609.root
         -> 5,084 vertices (3,202 trig, 2,134 trig+kin events)
  [568/2901] nano_61.root
         -> 3,660 vertices (2,231 trig, 1,492 trig+kin events)
  [569/2901] nano_610.root
         -> 5,102 vertices (3,229 trig, 2,189 trig+kin events)
  [570/2901] nano_611.root
         -> 5,011 vertices (3,157 trig, 2,109 trig+kin events)
  [571/2901] nano_612.root
         -> 2,903 vertices (1,845 trig, 1,223 trig+kin events)
  [572/2901] nano_613.root
         -> 4,960 vertices (3,195 trig, 2,092 trig+kin events)
  [573/2901] nano_614.root
         -> 925 vertices (558 trig, 374 trig+kin events)
  [574/2901] nano_615.root
         -> 2,468 vertices (1,664 trig, 1,094 trig+kin events)
  [575/2901] nano_616.root
         -> 4,440 vertices (2,936 trig, 1,979 trig+kin events)
  [576/2901] nano_617.root
         -> 4,546 vertices (3,247 trig, 2,154 trig+kin events)
  [577/2901] nano_618.root
         -> 3,307 vertices (2,085 trig, 1,370 trig+kin events)
  [578/2901] nano_619.root
         -> 4,917 vertices (3,140 trig, 2,088 trig+kin events)
  [579/2901] nano_62.root
         -> 3,065 vertices (1,851 trig, 1,236 trig+kin events)
  [580/2901] nano_620.root
         -> 3,091 vertices (1,965 trig, 1,345 trig+kin events)
  [581/2901] nano_621.root
         -> 5,003 vertices (3,271 trig, 2,199 trig+kin events)
  [582/2901] nano_622.root
         -> 2,745 vertices (1,780 trig, 1,194 trig+kin events)
  [583/2901] nano_623.root
         -> 3,406 vertices (2,068 trig, 1,371 trig+kin events)
  [584/2901] nano_624.root
         -> 2,612 vertices (1,704 trig, 1,126 trig+kin events)
  [585/2901] nano_625.root
         -> 2,507 vertices (1,645 trig, 1,080 trig+kin events)
  [586/2901] nano_626.root
         -> 2,749 vertices (1,771 trig, 1,181 trig+kin events)
  [587/2901] nano_627.root
         -> 2,630 vertices (1,573 trig, 1,058 trig+kin events)
  [588/2901] nano_628.root
         -> 2,911 vertices (1,831 trig, 1,201 trig+kin events)
  [589/2901] nano_629.root
         -> 4,771 vertices (3,186 trig, 2,136 trig+kin events)
  [590/2901] nano_63.root
         -> 1,559 vertices (946 trig, 638 trig+kin events)
  [591/2901] nano_630.root
         -> 2,751 vertices (1,777 trig, 1,192 trig+kin events)
  [592/2901] nano_631.root
         -> 2,826 vertices (1,815 trig, 1,206 trig+kin events)
  [593/2901] nano_632.root
         -> 4,815 vertices (3,186 trig, 2,107 trig+kin events)
  [594/2901] nano_633.root
         -> 3,624 vertices (2,360 trig, 1,583 trig+kin events)
  [595/2901] nano_634.root
         -> 2,825 vertices (1,941 trig, 1,270 trig+kin events)
  [596/2901] nano_635.root
         -> 4,357 vertices (2,636 trig, 1,762 trig+kin events)
  [597/2901] nano_636.root
         -> 4,867 vertices (3,211 trig, 2,146 trig+kin events)
  [598/2901] nano_637.root
         -> 2,633 vertices (1,611 trig, 1,105 trig+kin events)
  [599/2901] nano_638.root
         -> 2,924 vertices (1,876 trig, 1,252 trig+kin events)
  [600/2901] nano_639.root
         -> 2,825 vertices (1,827 trig, 1,235 trig+kin events)
  [601/2901] nano_64.root
         -> 2,818 vertices (1,913 trig, 1,273 trig+kin events)
  [602/2901] nano_640.root
         -> 3,041 vertices (1,872 trig, 1,264 trig+kin events)
  [603/2901] nano_641.root
         -> 3,149 vertices (2,039 trig, 1,392 trig+kin events)
  [604/2901] nano_642.root
         -> 2,731 vertices (1,728 trig, 1,176 trig+kin events)
  [605/2901] nano_643.root
         -> 4,902 vertices (3,203 trig, 2,131 trig+kin events)
  [606/2901] nano_644.root
         -> 4,847 vertices (3,209 trig, 2,129 trig+kin events)
  [607/2901] nano_645.root
         -> 5,205 vertices (3,215 trig, 2,181 trig+kin events)
  [608/2901] nano_646.root
         -> 4,636 vertices (3,128 trig, 2,083 trig+kin events)
  [609/2901] nano_647.root
         -> 3,223 vertices (2,053 trig, 1,383 trig+kin events)
  [610/2901] nano_648.root
         -> 2,999 vertices (1,841 trig, 1,260 trig+kin events)
  [611/2901] nano_649.root
         -> 2,822 vertices (1,808 trig, 1,202 trig+kin events)
  [612/2901] nano_65.root
         -> 5,279 vertices (3,210 trig, 2,122 trig+kin events)
  [613/2901] nano_650.root
         -> 5,131 vertices (3,166 trig, 2,116 trig+kin events)
  [614/2901] nano_651.root
         -> 4,642 vertices (3,014 trig, 2,002 trig+kin events)
  [615/2901] nano_652.root
         -> 2,106 vertices (1,394 trig, 894 trig+kin events)
  [616/2901] nano_653.root
         -> 3,727 vertices (2,432 trig, 1,635 trig+kin events)
  [617/2901] nano_654.root
         -> 4,788 vertices (3,212 trig, 2,166 trig+kin events)
  [618/2901] nano_655.root
         -> 3,909 vertices (2,474 trig, 1,659 trig+kin events)
  [619/2901] nano_656.root
         -> 5,173 vertices (3,268 trig, 2,209 trig+kin events)
  [620/2901] nano_657.root
         -> 4,799 vertices (3,216 trig, 2,150 trig+kin events)
  [621/2901] nano_658.root
         -> 4,811 vertices (3,197 trig, 2,146 trig+kin events)
  [622/2901] nano_659.root
         -> 2,580 vertices (1,621 trig, 1,100 trig+kin events)
  [623/2901] nano_66.root
         -> 4,985 vertices (3,282 trig, 2,180 trig+kin events)
  [624/2901] nano_660.root
         -> 4,898 vertices (3,171 trig, 2,158 trig+kin events)
  [625/2901] nano_661.root
         -> 2,802 vertices (1,897 trig, 1,233 trig+kin events)
  [626/2901] nano_662.root
         -> 2,691 vertices (1,675 trig, 1,113 trig+kin events)
  [627/2901] nano_663.root
         -> 4,247 vertices (2,773 trig, 1,792 trig+kin events)
  [628/2901] nano_664.root
         -> 4,842 vertices (3,097 trig, 2,083 trig+kin events)
  [629/2901] nano_665.root
         -> 4,497 vertices (2,741 trig, 1,866 trig+kin events)
  [630/2901] nano_666.root
         -> 2,946 vertices (1,853 trig, 1,245 trig+kin events)
  [631/2901] nano_667.root
         -> 4,608 vertices (3,187 trig, 2,118 trig+kin events)
  [632/2901] nano_668.root
         -> 5,031 vertices (3,319 trig, 2,216 trig+kin events)
  [633/2901] nano_669.root
         -> 4,194 vertices (2,491 trig, 1,693 trig+kin events)
  [634/2901] nano_67.root
         -> 4,700 vertices (2,939 trig, 1,948 trig+kin events)
  [635/2901] nano_670.root
         -> 4,837 vertices (3,223 trig, 2,109 trig+kin events)
  [636/2901] nano_671.root
         -> 3,746 vertices (2,181 trig, 1,485 trig+kin events)
  [637/2901] nano_672.root
         -> 2,407 vertices (1,473 trig, 979 trig+kin events)
  [638/2901] nano_673.root
         -> 2,610 vertices (1,734 trig, 1,166 trig+kin events)
  [639/2901] nano_674.root
         -> 4,689 vertices (3,199 trig, 2,094 trig+kin events)
  [640/2901] nano_675.root
         -> 4,639 vertices (3,116 trig, 2,063 trig+kin events)
  [641/2901] nano_676.root
         -> 4,721 vertices (3,177 trig, 2,095 trig+kin events)
  [642/2901] nano_677.root
         -> 4,776 vertices (3,125 trig, 2,088 trig+kin events)
  [643/2901] nano_678.root
         -> 2,905 vertices (1,876 trig, 1,257 trig+kin events)
  [644/2901] nano_679.root
         -> 4,746 vertices (3,123 trig, 2,067 trig+kin events)
  [645/2901] nano_68.root
         -> 4,483 vertices (3,014 trig, 1,961 trig+kin events)
  [646/2901] nano_680.root
         -> 5,055 vertices (3,216 trig, 2,166 trig+kin events)
  [647/2901] nano_681.root
         -> 4,801 vertices (3,056 trig, 2,052 trig+kin events)
  [648/2901] nano_682.root
         -> 5,140 vertices (3,258 trig, 2,212 trig+kin events)
  [649/2901] nano_683.root
         -> 2,442 vertices (1,629 trig, 1,074 trig+kin events)
  [650/2901] nano_684.root
         -> 4,868 vertices (3,172 trig, 2,055 trig+kin events)
  [651/2901] nano_685.root
         -> 2,609 vertices (1,772 trig, 1,180 trig+kin events)
  [652/2901] nano_686.root
         -> 3,521 vertices (2,272 trig, 1,554 trig+kin events)
  [653/2901] nano_687.root
         -> 2,500 vertices (1,670 trig, 1,132 trig+kin events)
  [654/2901] nano_688.root
         -> 2,902 vertices (1,794 trig, 1,216 trig+kin events)
  [655/2901] nano_689.root
         -> 5,158 vertices (3,196 trig, 2,135 trig+kin events)
  [656/2901] nano_69.root
         -> 4,148 vertices (2,736 trig, 1,800 trig+kin events)
  [657/2901] nano_690.root
         -> 2,575 vertices (1,701 trig, 1,131 trig+kin events)
  [658/2901] nano_691.root
         -> 3,244 vertices (1,978 trig, 1,361 trig+kin events)
  [659/2901] nano_692.root
         -> 4,979 vertices (3,158 trig, 2,119 trig+kin events)
  [660/2901] nano_693.root
         -> 4,872 vertices (3,206 trig, 2,147 trig+kin events)
  [661/2901] nano_694.root
         -> 2,579 vertices (1,697 trig, 1,113 trig+kin events)
  [662/2901] nano_695.root
         -> 3,322 vertices (2,148 trig, 1,410 trig+kin events)
  [663/2901] nano_696.root
         -> 5,073 vertices (3,204 trig, 2,136 trig+kin events)
  [664/2901] nano_697.root
         -> 2,779 vertices (1,806 trig, 1,186 trig+kin events)
  [665/2901] nano_698.root
         -> 2,714 vertices (1,688 trig, 1,129 trig+kin events)
  [666/2901] nano_699.root
         -> 3,060 vertices (1,907 trig, 1,274 trig+kin events)
  [667/2901] nano_7.root
         -> 2,130 vertices (1,451 trig, 974 trig+kin events)
  [668/2901] nano_70.root
         -> 3,214 vertices (2,132 trig, 1,430 trig+kin events)
  [669/2901] nano_700.root
         -> 834 vertices (590 trig, 386 trig+kin events)
  [670/2901] nano_701.root
         -> 3,236 vertices (1,972 trig, 1,327 trig+kin events)
  [671/2901] nano_702.root
         -> 3,351 vertices (2,229 trig, 1,467 trig+kin events)
  [672/2901] nano_703.root
         -> 2,635 vertices (1,692 trig, 1,111 trig+kin events)
  [673/2901] nano_704.root
         -> 3,219 vertices (1,964 trig, 1,344 trig+kin events)
  [674/2901] nano_705.root
         -> 5,147 vertices (3,249 trig, 2,170 trig+kin events)
  [675/2901] nano_706.root
         -> 2,956 vertices (1,891 trig, 1,303 trig+kin events)
  [676/2901] nano_707.root
         -> 3,490 vertices (2,344 trig, 1,506 trig+kin events)
  [677/2901] nano_708.root
         -> 4,486 vertices (2,832 trig, 1,914 trig+kin events)
  [678/2901] nano_709.root
         -> 3,598 vertices (2,342 trig, 1,576 trig+kin events)
  [679/2901] nano_71.root
         -> 5,123 vertices (3,293 trig, 2,161 trig+kin events)
  [680/2901] nano_710.root
         -> 2,982 vertices (1,934 trig, 1,286 trig+kin events)
  [681/2901] nano_711.root
         -> 3,319 vertices (2,065 trig, 1,394 trig+kin events)
  [682/2901] nano_712.root
         -> 2,786 vertices (1,768 trig, 1,199 trig+kin events)
  [683/2901] nano_713.root
         -> 3,537 vertices (2,303 trig, 1,548 trig+kin events)
  [684/2901] nano_714.root
         -> 5,092 vertices (3,265 trig, 2,248 trig+kin events)
  [685/2901] nano_715.root
         -> 4,266 vertices (2,648 trig, 1,780 trig+kin events)
  [686/2901] nano_716.root
         -> 2,709 vertices (1,905 trig, 1,282 trig+kin events)
  [687/2901] nano_717.root
         -> 4,629 vertices (2,991 trig, 1,949 trig+kin events)
  [688/2901] nano_718.root
         -> 4,879 vertices (3,229 trig, 2,127 trig+kin events)
  [689/2901] nano_719.root
         -> 4,107 vertices (2,559 trig, 1,696 trig+kin events)
  [690/2901] nano_72.root
         -> 2,550 vertices (1,663 trig, 1,115 trig+kin events)
  [691/2901] nano_720.root
         -> 4,855 vertices (3,201 trig, 2,139 trig+kin events)
  [692/2901] nano_721.root
         -> 2,871 vertices (1,935 trig, 1,279 trig+kin events)
  [693/2901] nano_722.root
         -> 2,734 vertices (1,676 trig, 1,154 trig+kin events)
  [694/2901] nano_723.root
         -> 2,676 vertices (1,722 trig, 1,188 trig+kin events)
  [695/2901] nano_724.root
         -> 2,453 vertices (1,658 trig, 1,091 trig+kin events)
  [696/2901] nano_725.root
         -> 2,733 vertices (1,711 trig, 1,161 trig+kin events)
  [697/2901] nano_726.root
         -> 4,946 vertices (3,224 trig, 2,146 trig+kin events)
  [698/2901] nano_727.root
         -> 3,817 vertices (2,479 trig, 1,607 trig+kin events)
  [699/2901] nano_728.root
         -> 3,315 vertices (2,144 trig, 1,468 trig+kin events)
  [700/2901] nano_729.root
         -> 4,915 vertices (3,258 trig, 2,180 trig+kin events)
  [701/2901] nano_73.root
         -> 3,163 vertices (1,990 trig, 1,342 trig+kin events)
  [702/2901] nano_730.root
         -> 5,004 vertices (3,133 trig, 2,113 trig+kin events)
  [703/2901] nano_731.root
         -> 5,259 vertices (3,174 trig, 2,118 trig+kin events)
  [704/2901] nano_732.root
         -> 4,662 vertices (3,221 trig, 2,143 trig+kin events)
  [705/2901] nano_733.root
         -> 3,491 vertices (2,200 trig, 1,464 trig+kin events)
  [706/2901] nano_734.root
         -> 2,119 vertices (1,376 trig, 912 trig+kin events)
  [707/2901] nano_735.root
         -> 3,100 vertices (2,132 trig, 1,410 trig+kin events)
  [708/2901] nano_736.root
         -> 4,773 vertices (3,119 trig, 2,117 trig+kin events)
  [709/2901] nano_737.root
         -> 4,720 vertices (3,116 trig, 2,070 trig+kin events)
  [710/2901] nano_738.root
         -> 3,726 vertices (2,458 trig, 1,675 trig+kin events)
  [711/2901] nano_739.root
         -> 5,051 vertices (3,180 trig, 2,126 trig+kin events)
  [712/2901] nano_74.root
         -> 4,857 vertices (3,153 trig, 2,080 trig+kin events)
  [713/2901] nano_740.root
         -> 4,599 vertices (3,123 trig, 2,101 trig+kin events)
  [714/2901] nano_741.root
         -> 5,481 vertices (3,253 trig, 2,188 trig+kin events)
  [715/2901] nano_742.root
         -> 4,759 vertices (3,212 trig, 2,126 trig+kin events)
  [716/2901] nano_743.root
         -> 3,374 vertices (2,185 trig, 1,497 trig+kin events)
  [717/2901] nano_744.root
         -> 3,085 vertices (1,871 trig, 1,276 trig+kin events)
  [718/2901] nano_745.root
         -> 5,237 vertices (3,209 trig, 2,180 trig+kin events)
  [719/2901] nano_746.root
         -> 3,245 vertices (2,068 trig, 1,386 trig+kin events)
  [720/2901] nano_747.root
         -> 5,194 vertices (3,239 trig, 2,147 trig+kin events)
  [721/2901] nano_748.root
         -> 3,712 vertices (2,396 trig, 1,625 trig+kin events)
  [722/2901] nano_749.root
         -> 5,097 vertices (3,107 trig, 2,102 trig+kin events)
  [723/2901] nano_75.root
         -> 3,855 vertices (2,588 trig, 1,661 trig+kin events)
  [724/2901] nano_750.root
         -> 2,873 vertices (1,853 trig, 1,243 trig+kin events)
  [725/2901] nano_751.root
         -> 2,804 vertices (1,898 trig, 1,271 trig+kin events)
  [726/2901] nano_752.root
         -> 2,606 vertices (1,721 trig, 1,166 trig+kin events)
  [727/2901] nano_753.root
         -> 2,569 vertices (1,664 trig, 1,076 trig+kin events)
  [728/2901] nano_754.root
         -> 4,144 vertices (2,672 trig, 1,777 trig+kin events)
  [729/2901] nano_755.root
         -> 2,793 vertices (1,707 trig, 1,143 trig+kin events)
  [730/2901] nano_756.root
         -> 5,076 vertices (3,187 trig, 2,167 trig+kin events)
  [731/2901] nano_757.root
         -> 2,793 vertices (1,877 trig, 1,273 trig+kin events)
  [732/2901] nano_758.root
         -> 4,892 vertices (3,213 trig, 2,134 trig+kin events)
  [733/2901] nano_759.root
         -> 5,066 vertices (3,207 trig, 2,123 trig+kin events)
  [734/2901] nano_76.root
         -> 2,679 vertices (1,672 trig, 1,154 trig+kin events)
  [735/2901] nano_760.root
         -> 2,958 vertices (1,945 trig, 1,310 trig+kin events)
  [736/2901] nano_761.root
         -> 5,207 vertices (3,190 trig, 2,174 trig+kin events)
  [737/2901] nano_762.root
         -> 4,795 vertices (3,275 trig, 2,193 trig+kin events)
  [738/2901] nano_763.root
         -> 2,987 vertices (1,920 trig, 1,291 trig+kin events)
  [739/2901] nano_764.root
         -> 2,935 vertices (1,801 trig, 1,212 trig+kin events)
  [740/2901] nano_765.root
         -> 4,916 vertices (3,175 trig, 2,094 trig+kin events)
  [741/2901] nano_766.root
         -> 5,151 vertices (3,276 trig, 2,244 trig+kin events)
  [742/2901] nano_767.root
         -> 2,416 vertices (1,629 trig, 1,068 trig+kin events)
  [743/2901] nano_768.root
         -> 5,275 vertices (3,210 trig, 2,194 trig+kin events)
  [744/2901] nano_769.root
         -> 2,791 vertices (1,873 trig, 1,234 trig+kin events)
  [745/2901] nano_77.root
         -> 2,945 vertices (1,863 trig, 1,262 trig+kin events)
  [746/2901] nano_770.root
         -> 3,022 vertices (1,750 trig, 1,202 trig+kin events)
  [747/2901] nano_771.root
         -> 3,562 vertices (2,236 trig, 1,535 trig+kin events)
  [748/2901] nano_772.root
         -> 4,412 vertices (3,128 trig, 2,072 trig+kin events)
  [749/2901] nano_773.root
         -> 4,633 vertices (3,188 trig, 2,054 trig+kin events)
  [750/2901] nano_774.root
         -> 3,109 vertices (1,770 trig, 1,233 trig+kin events)
  [751/2901] nano_775.root
         -> 3,750 vertices (2,500 trig, 1,708 trig+kin events)
  [752/2901] nano_776.root
         -> 5,280 vertices (3,197 trig, 2,155 trig+kin events)
  [753/2901] nano_777.root
         -> 4,851 vertices (3,002 trig, 2,022 trig+kin events)
  [754/2901] nano_778.root
         -> 2,539 vertices (1,663 trig, 1,106 trig+kin events)
  [755/2901] nano_779.root
         -> 4,957 vertices (3,252 trig, 2,167 trig+kin events)
  [756/2901] nano_78.root
         -> 4,843 vertices (3,105 trig, 2,050 trig+kin events)
  [757/2901] nano_780.root
         -> 2,564 vertices (1,761 trig, 1,158 trig+kin events)
  [758/2901] nano_781.root
         -> 2,511 vertices (1,631 trig, 1,083 trig+kin events)
  [759/2901] nano_782.root
         -> 3,732 vertices (2,337 trig, 1,563 trig+kin events)
  [760/2901] nano_783.root
         -> 4,870 vertices (3,131 trig, 2,075 trig+kin events)
  [761/2901] nano_784.root
         -> 4,953 vertices (3,168 trig, 2,105 trig+kin events)
  [762/2901] nano_785.root
         -> 2,404 vertices (1,620 trig, 1,087 trig+kin events)
  [763/2901] nano_786.root
         -> 4,985 vertices (3,269 trig, 2,203 trig+kin events)
  [764/2901] nano_787.root
         -> 3,688 vertices (2,356 trig, 1,556 trig+kin events)
  [765/2901] nano_788.root
         -> 4,848 vertices (3,117 trig, 2,092 trig+kin events)
  [766/2901] nano_789.root
         -> 5,017 vertices (3,208 trig, 2,167 trig+kin events)
  [767/2901] nano_79.root
         -> 2,783 vertices (1,778 trig, 1,196 trig+kin events)
  [768/2901] nano_790.root
         -> 4,469 vertices (2,851 trig, 1,884 trig+kin events)
  [769/2901] nano_791.root
         -> 2,623 vertices (1,718 trig, 1,128 trig+kin events)
  [770/2901] nano_792.root
         -> 4,945 vertices (3,142 trig, 2,147 trig+kin events)
  [771/2901] nano_793.root
         -> 4,867 vertices (3,275 trig, 2,130 trig+kin events)
  [772/2901] nano_794.root
         -> 555 vertices (375 trig, 242 trig+kin events)
  [773/2901] nano_795.root
         -> 3,235 vertices (2,013 trig, 1,346 trig+kin events)
  [774/2901] nano_796.root
         -> 4,430 vertices (2,939 trig, 1,944 trig+kin events)
  [775/2901] nano_797.root
         -> 5,167 vertices (3,181 trig, 2,139 trig+kin events)
  [776/2901] nano_798.root
         -> 2,825 vertices (1,812 trig, 1,186 trig+kin events)
  [777/2901] nano_799.root
         -> 4,906 vertices (3,230 trig, 2,187 trig+kin events)
  [778/2901] nano_8.root
         -> 2,758 vertices (1,747 trig, 1,166 trig+kin events)
  [779/2901] nano_80.root
         -> 2,932 vertices (1,799 trig, 1,224 trig+kin events)
  [780/2901] nano_800.root
         -> 3,343 vertices (2,235 trig, 1,490 trig+kin events)
  [781/2901] nano_801.root
         -> 3,403 vertices (2,134 trig, 1,468 trig+kin events)
  [782/2901] nano_802.root
         -> 4,995 vertices (3,250 trig, 2,216 trig+kin events)
  [783/2901] nano_803.root
         -> 619 vertices (413 trig, 290 trig+kin events)
  [784/2901] nano_804.root
         -> 3,102 vertices (1,855 trig, 1,248 trig+kin events)
  [785/2901] nano_805.root
         -> 2,565 vertices (1,604 trig, 1,041 trig+kin events)
  [786/2901] nano_806.root
         -> 4,790 vertices (3,188 trig, 2,087 trig+kin events)
  [787/2901] nano_807.root
         -> 5,055 vertices (3,198 trig, 2,108 trig+kin events)
  [788/2901] nano_808.root
         -> 3,996 vertices (2,522 trig, 1,678 trig+kin events)
  [789/2901] nano_809.root
         -> 3,517 vertices (2,216 trig, 1,461 trig+kin events)
  [790/2901] nano_81.root
         -> 4,260 vertices (2,769 trig, 1,858 trig+kin events)
  [791/2901] nano_810.root
         -> 4,966 vertices (3,160 trig, 2,068 trig+kin events)
  [792/2901] nano_811.root
         -> 2,727 vertices (1,830 trig, 1,232 trig+kin events)
  [793/2901] nano_812.root
         -> 5,256 vertices (3,283 trig, 2,217 trig+kin events)
  [794/2901] nano_813.root
         -> 5,202 vertices (3,256 trig, 2,208 trig+kin events)
  [795/2901] nano_814.root
         -> 4,797 vertices (3,140 trig, 2,116 trig+kin events)
  [796/2901] nano_815.root
         -> 5,251 vertices (3,188 trig, 2,183 trig+kin events)
  [797/2901] nano_816.root
         -> 2,970 vertices (1,845 trig, 1,255 trig+kin events)
  [798/2901] nano_817.root
         -> 4,824 vertices (3,154 trig, 2,135 trig+kin events)
  [799/2901] nano_818.root
         -> 2,835 vertices (1,821 trig, 1,217 trig+kin events)
  [800/2901] nano_819.root
         -> 5,136 vertices (3,234 trig, 2,174 trig+kin events)
  [801/2901] nano_82.root
         -> 5,093 vertices (3,211 trig, 2,172 trig+kin events)
  [802/2901] nano_820.root
         -> 4,972 vertices (3,175 trig, 2,095 trig+kin events)
  [803/2901] nano_821.root
         -> 3,157 vertices (2,087 trig, 1,387 trig+kin events)
  [804/2901] nano_822.root
         -> 5,096 vertices (3,223 trig, 2,129 trig+kin events)
  [805/2901] nano_823.root
         -> 4,804 vertices (3,204 trig, 2,106 trig+kin events)
  [806/2901] nano_824.root
         -> 2,881 vertices (1,762 trig, 1,194 trig+kin events)
  [807/2901] nano_825.root
         -> 5,116 vertices (3,248 trig, 2,217 trig+kin events)
  [808/2901] nano_826.root
         -> 2,956 vertices (1,874 trig, 1,289 trig+kin events)
  [809/2901] nano_827.root
         -> 2,668 vertices (1,636 trig, 1,106 trig+kin events)
  [810/2901] nano_828.root
         -> 5,057 vertices (3,289 trig, 2,184 trig+kin events)
  [811/2901] nano_829.root
         -> 2,522 vertices (1,644 trig, 1,076 trig+kin events)
  [812/2901] nano_83.root
         -> 5,039 vertices (3,117 trig, 2,056 trig+kin events)
  [813/2901] nano_830.root
         -> 3,824 vertices (2,523 trig, 1,721 trig+kin events)
  [814/2901] nano_831.root
         -> 3,469 vertices (2,340 trig, 1,577 trig+kin events)
  [815/2901] nano_832.root
         -> 2,698 vertices (1,736 trig, 1,178 trig+kin events)
  [816/2901] nano_833.root
         -> 3,193 vertices (1,918 trig, 1,299 trig+kin events)
  [817/2901] nano_834.root
         -> 2,953 vertices (1,905 trig, 1,312 trig+kin events)
  [818/2901] nano_835.root
         -> 5,278 vertices (3,188 trig, 2,148 trig+kin events)
  [819/2901] nano_836.root
         -> 4,506 vertices (2,781 trig, 1,903 trig+kin events)
  [820/2901] nano_837.root
         -> 4,024 vertices (2,449 trig, 1,681 trig+kin events)
  [821/2901] nano_838.root
         -> 5,110 vertices (3,110 trig, 2,126 trig+kin events)
  [822/2901] nano_839.root
         -> 3,292 vertices (2,219 trig, 1,495 trig+kin events)
  [823/2901] nano_84.root
         -> 4,227 vertices (2,754 trig, 1,819 trig+kin events)
  [824/2901] nano_840.root
         -> 4,908 vertices (3,195 trig, 2,124 trig+kin events)
  [825/2901] nano_841.root
         -> 5,022 vertices (3,173 trig, 2,137 trig+kin events)
  [826/2901] nano_842.root
         -> 3,377 vertices (2,143 trig, 1,473 trig+kin events)
  [827/2901] nano_843.root
         -> 4,739 vertices (3,199 trig, 2,129 trig+kin events)
  [828/2901] nano_844.root
         -> 3,246 vertices (1,981 trig, 1,343 trig+kin events)
  [829/2901] nano_845.root
         -> 3,880 vertices (2,588 trig, 1,694 trig+kin events)
  [830/2901] nano_846.root
         -> 3,197 vertices (2,083 trig, 1,409 trig+kin events)
  [831/2901] nano_847.root
         -> 3,794 vertices (2,381 trig, 1,608 trig+kin events)
  [832/2901] nano_848.root
         -> 2,697 vertices (1,618 trig, 1,089 trig+kin events)
  [833/2901] nano_849.root
         -> 2,500 vertices (1,691 trig, 1,097 trig+kin events)
  [834/2901] nano_85.root
         -> 2,641 vertices (1,640 trig, 1,109 trig+kin events)
  [835/2901] nano_850.root
         -> 5,087 vertices (3,323 trig, 2,195 trig+kin events)
  [836/2901] nano_851.root
         -> 4,087 vertices (2,584 trig, 1,737 trig+kin events)
  [837/2901] nano_852.root
         -> 2,380 vertices (1,639 trig, 1,080 trig+kin events)
  [838/2901] nano_853.root
         -> 4,364 vertices (2,853 trig, 1,884 trig+kin events)
  [839/2901] nano_854.root
         -> 3,233 vertices (2,139 trig, 1,459 trig+kin events)
  [840/2901] nano_855.root
         -> 202 vertices (127 trig, 82 trig+kin events)
  [841/2901] nano_856.root
         -> 5,121 vertices (3,151 trig, 2,116 trig+kin events)
  [842/2901] nano_857.root
         -> 3,998 vertices (2,589 trig, 1,704 trig+kin events)
  [843/2901] nano_858.root
         -> 4,598 vertices (3,223 trig, 2,106 trig+kin events)
  [844/2901] nano_859.root
         -> 2,490 vertices (1,648 trig, 1,077 trig+kin events)
  [845/2901] nano_86.root
         -> 3,836 vertices (2,428 trig, 1,614 trig+kin events)
  [846/2901] nano_860.root
         -> 2,378 vertices (1,546 trig, 1,028 trig+kin events)
  [847/2901] nano_861.root
         -> 5,000 vertices (3,264 trig, 2,211 trig+kin events)
  [848/2901] nano_862.root
         -> 5,003 vertices (3,082 trig, 2,037 trig+kin events)
  [849/2901] nano_863.root
         -> 594 vertices (460 trig, 293 trig+kin events)
  [850/2901] nano_864.root
         -> 2,884 vertices (1,841 trig, 1,235 trig+kin events)
  [851/2901] nano_865.root
         -> 4,235 vertices (2,729 trig, 1,814 trig+kin events)
  [852/2901] nano_866.root
         -> 3,403 vertices (2,219 trig, 1,470 trig+kin events)
  [853/2901] nano_867.root
         -> 3,019 vertices (1,959 trig, 1,291 trig+kin events)
  [854/2901] nano_868.root
         -> 4,556 vertices (2,856 trig, 1,884 trig+kin events)
  [855/2901] nano_869.root
         -> 2,760 vertices (1,736 trig, 1,153 trig+kin events)
  [856/2901] nano_87.root
         -> 3,761 vertices (2,292 trig, 1,534 trig+kin events)
  [857/2901] nano_870.root
         -> 2,668 vertices (1,714 trig, 1,139 trig+kin events)
  [858/2901] nano_871.root
         -> 4,848 vertices (3,150 trig, 2,103 trig+kin events)
  [859/2901] nano_872.root
         -> 3,865 vertices (2,395 trig, 1,589 trig+kin events)
  [860/2901] nano_873.root
         -> 2,631 vertices (1,669 trig, 1,110 trig+kin events)
  [861/2901] nano_874.root
         -> 4,701 vertices (3,031 trig, 2,042 trig+kin events)
  [862/2901] nano_875.root
         -> 3,395 vertices (2,176 trig, 1,452 trig+kin events)
  [863/2901] nano_876.root
         -> 3,125 vertices (2,010 trig, 1,341 trig+kin events)
  [864/2901] nano_877.root
         -> 3,077 vertices (1,979 trig, 1,356 trig+kin events)
  [865/2901] nano_878.root
         -> 2,564 vertices (1,635 trig, 1,098 trig+kin events)
  [866/2901] nano_879.root
         -> 5,054 vertices (3,077 trig, 2,077 trig+kin events)
  [867/2901] nano_88.root
         -> 4,187 vertices (2,708 trig, 1,779 trig+kin events)
  [868/2901] nano_880.root
         -> 3,734 vertices (2,340 trig, 1,565 trig+kin events)
  [869/2901] nano_881.root
         -> 5,073 vertices (3,241 trig, 2,117 trig+kin events)
  [870/2901] nano_882.root
         -> 2,698 vertices (1,681 trig, 1,104 trig+kin events)
  [871/2901] nano_883.root
         -> 2,412 vertices (1,635 trig, 1,080 trig+kin events)
  [872/2901] nano_884.root
         -> 2,722 vertices (1,778 trig, 1,193 trig+kin events)
  [873/2901] nano_885.root
         -> 5,201 vertices (3,213 trig, 2,161 trig+kin events)
  [874/2901] nano_886.root
         -> 4,952 vertices (3,229 trig, 2,143 trig+kin events)
  [875/2901] nano_887.root
         -> 3,033 vertices (2,082 trig, 1,354 trig+kin events)
  [876/2901] nano_888.root
         -> 5,082 vertices (3,239 trig, 2,188 trig+kin events)
  [877/2901] nano_889.root
         -> 5,106 vertices (3,160 trig, 2,102 trig+kin events)
  [878/2901] nano_89.root
         -> 4,417 vertices (2,617 trig, 1,761 trig+kin events)
  [879/2901] nano_890.root
         -> 5,259 vertices (3,191 trig, 2,161 trig+kin events)
  [880/2901] nano_891.root
         -> 3,040 vertices (1,956 trig, 1,307 trig+kin events)
  [881/2901] nano_892.root
         -> 5,327 vertices (3,212 trig, 2,140 trig+kin events)
  [882/2901] nano_893.root
         -> 5,156 vertices (3,194 trig, 2,145 trig+kin events)
  [883/2901] nano_894.root
         -> 4,162 vertices (2,815 trig, 1,851 trig+kin events)
  [884/2901] nano_895.root
         -> 3,668 vertices (2,199 trig, 1,478 trig+kin events)
  [885/2901] nano_896.root
         -> 3,736 vertices (2,551 trig, 1,626 trig+kin events)
  [886/2901] nano_897.root
         -> 2,970 vertices (1,866 trig, 1,237 trig+kin events)
  [887/2901] nano_898.root
         -> 2,765 vertices (1,668 trig, 1,104 trig+kin events)
  [888/2901] nano_899.root
         -> 4,499 vertices (3,072 trig, 2,013 trig+kin events)
  [889/2901] nano_9.root
         -> 2,984 vertices (1,923 trig, 1,293 trig+kin events)
  [890/2901] nano_90.root
         -> 5,191 vertices (3,150 trig, 2,144 trig+kin events)
  [891/2901] nano_900.root
         -> 4,277 vertices (2,856 trig, 1,906 trig+kin events)
  [892/2901] nano_901.root
         -> 4,370 vertices (2,791 trig, 1,862 trig+kin events)
  [893/2901] nano_902.root
         -> 3,076 vertices (1,983 trig, 1,307 trig+kin events)
  [894/2901] nano_903.root
         -> 2,586 vertices (1,701 trig, 1,130 trig+kin events)
  [895/2901] nano_904.root
         -> 5,087 vertices (3,198 trig, 2,141 trig+kin events)
  [896/2901] nano_905.root
         -> 3,787 vertices (2,306 trig, 1,558 trig+kin events)
  [897/2901] nano_906.root
         -> 2,957 vertices (1,837 trig, 1,251 trig+kin events)
  [898/2901] nano_907.root
         -> 2,674 vertices (1,793 trig, 1,183 trig+kin events)
  [899/2901] nano_908.root
         -> 2,686 vertices (1,773 trig, 1,178 trig+kin events)
  [900/2901] nano_909.root
         -> 4,789 vertices (3,184 trig, 2,084 trig+kin events)
  [901/2901] nano_91.root
         -> 2,486 vertices (1,711 trig, 1,116 trig+kin events)
  [902/2901] nano_910.root
         -> 4,930 vertices (3,110 trig, 2,098 trig+kin events)
  [903/2901] nano_911.root
         -> 4,990 vertices (3,149 trig, 2,114 trig+kin events)
  [904/2901] nano_912.root
         -> 4,783 vertices (3,141 trig, 2,081 trig+kin events)
  [905/2901] nano_913.root
         -> 4,931 vertices (3,198 trig, 2,120 trig+kin events)
  [906/2901] nano_914.root
         -> 2,696 vertices (1,796 trig, 1,197 trig+kin events)
  [907/2901] nano_915.root
         -> 5,076 vertices (3,290 trig, 2,198 trig+kin events)
  [908/2901] nano_916.root
         -> 4,850 vertices (3,193 trig, 2,155 trig+kin events)
  [909/2901] nano_917.root
         -> 3,367 vertices (2,099 trig, 1,394 trig+kin events)
  [910/2901] nano_918.root
         -> 4,832 vertices (3,146 trig, 2,153 trig+kin events)
  [911/2901] nano_919.root
         -> 2,871 vertices (1,877 trig, 1,248 trig+kin events)
  [912/2901] nano_92.root
         -> 2,578 vertices (1,745 trig, 1,158 trig+kin events)
  [913/2901] nano_920.root
         -> 3,926 vertices (2,568 trig, 1,716 trig+kin events)
  [914/2901] nano_921.root
         -> 2,492 vertices (1,595 trig, 1,060 trig+kin events)
  [915/2901] nano_922.root
         -> 2,629 vertices (1,725 trig, 1,150 trig+kin events)
  [916/2901] nano_923.root
         -> 3,034 vertices (1,915 trig, 1,274 trig+kin events)
  [917/2901] nano_924.root
         -> 3,043 vertices (1,998 trig, 1,334 trig+kin events)
  [918/2901] nano_925.root
         -> 2,632 vertices (1,684 trig, 1,132 trig+kin events)
  [919/2901] nano_926.root
         -> 2,859 vertices (1,725 trig, 1,147 trig+kin events)
  [920/2901] nano_927.root
         -> 1,131 vertices (736 trig, 508 trig+kin events)
  [921/2901] nano_928.root
         -> 3,167 vertices (2,105 trig, 1,431 trig+kin events)
  [922/2901] nano_929.root
         -> 3,012 vertices (2,027 trig, 1,346 trig+kin events)
  [923/2901] nano_93.root
         -> 2,683 vertices (1,736 trig, 1,127 trig+kin events)
  [924/2901] nano_930.root
         -> 3,342 vertices (2,162 trig, 1,461 trig+kin events)
  [925/2901] nano_931.root
         -> 4,645 vertices (3,142 trig, 2,090 trig+kin events)
  [926/2901] nano_932.root
         -> 4,947 vertices (3,220 trig, 2,144 trig+kin events)
  [927/2901] nano_933.root
         -> 3,335 vertices (2,205 trig, 1,456 trig+kin events)
  [928/2901] nano_934.root
         -> 2,773 vertices (1,777 trig, 1,204 trig+kin events)
  [929/2901] nano_935.root
         -> 5,165 vertices (3,258 trig, 2,179 trig+kin events)
  [930/2901] nano_936.root
         -> 4,732 vertices (3,160 trig, 2,061 trig+kin events)
  [931/2901] nano_937.root
         -> 4,954 vertices (3,125 trig, 2,168 trig+kin events)
  [932/2901] nano_938.root
         -> 2,933 vertices (1,946 trig, 1,288 trig+kin events)
  [933/2901] nano_939.root
         -> 4,941 vertices (3,169 trig, 2,124 trig+kin events)
  [934/2901] nano_94.root
         -> 257 vertices (250 trig, 163 trig+kin events)
  [935/2901] nano_940.root
         -> 3,750 vertices (2,521 trig, 1,665 trig+kin events)
  [936/2901] nano_941.root
         -> 4,639 vertices (3,015 trig, 1,993 trig+kin events)
  [937/2901] nano_942.root
         -> 4,640 vertices (3,191 trig, 2,146 trig+kin events)
  [938/2901] nano_943.root
         -> 4,313 vertices (2,881 trig, 1,930 trig+kin events)
  [939/2901] nano_944.root
         -> 2,685 vertices (1,655 trig, 1,083 trig+kin events)
  [940/2901] nano_945.root
         -> 2,551 vertices (1,672 trig, 1,079 trig+kin events)
  [941/2901] nano_946.root
         -> 1,835 vertices (1,088 trig, 755 trig+kin events)
  [942/2901] nano_947.root
         -> 3,087 vertices (2,181 trig, 1,426 trig+kin events)
  [943/2901] nano_948.root
         -> 3,886 vertices (2,412 trig, 1,586 trig+kin events)
  [944/2901] nano_949.root
         -> 3,444 vertices (2,213 trig, 1,510 trig+kin events)
  [945/2901] nano_95.root
         -> 3,107 vertices (2,021 trig, 1,345 trig+kin events)
  [946/2901] nano_950.root
         -> 4,857 vertices (3,140 trig, 2,081 trig+kin events)
  [947/2901] nano_951.root
         -> 4,758 vertices (3,067 trig, 2,054 trig+kin events)
  [948/2901] nano_952.root
         -> 3,017 vertices (2,021 trig, 1,332 trig+kin events)
  [949/2901] nano_953.root
         -> 2,919 vertices (1,781 trig, 1,217 trig+kin events)
  [950/2901] nano_954.root
         -> 2,828 vertices (1,776 trig, 1,195 trig+kin events)
  [951/2901] nano_955.root
         -> 4,816 vertices (2,971 trig, 1,943 trig+kin events)
  [952/2901] nano_956.root
         -> 4,981 vertices (3,257 trig, 2,193 trig+kin events)
  [953/2901] nano_957.root
         -> 5,006 vertices (3,159 trig, 2,140 trig+kin events)
  [954/2901] nano_958.root
         -> 4,849 vertices (3,139 trig, 2,082 trig+kin events)
  [955/2901] nano_959.root
         -> 3,839 vertices (2,416 trig, 1,595 trig+kin events)
  [956/2901] nano_96.root
         -> 541 vertices (317 trig, 210 trig+kin events)
  [957/2901] nano_960.root
         -> 2,787 vertices (1,983 trig, 1,300 trig+kin events)
  [958/2901] nano_961.root
         -> 2,758 vertices (1,801 trig, 1,151 trig+kin events)
  [959/2901] nano_962.root
         -> 4,904 vertices (3,210 trig, 2,165 trig+kin events)
  [960/2901] nano_963.root
         -> 3,606 vertices (2,150 trig, 1,426 trig+kin events)
  [961/2901] nano_964.root
         -> 4,889 vertices (3,164 trig, 2,072 trig+kin events)
  [962/2901] nano_965.root
         -> 2,797 vertices (1,737 trig, 1,154 trig+kin events)
  [963/2901] nano_966.root
         -> 5,083 vertices (3,262 trig, 2,190 trig+kin events)
  [964/2901] nano_967.root
         -> 2,902 vertices (1,788 trig, 1,221 trig+kin events)
  [965/2901] nano_968.root
         -> 5,140 vertices (3,165 trig, 2,107 trig+kin events)
  [966/2901] nano_969.root
         -> 4,920 vertices (3,180 trig, 2,112 trig+kin events)
  [967/2901] nano_97.root
         -> 2,649 vertices (1,627 trig, 1,089 trig+kin events)
  [968/2901] nano_970.root
         -> 4,674 vertices (3,041 trig, 1,994 trig+kin events)
  [969/2901] nano_971.root
         -> 4,895 vertices (3,242 trig, 2,145 trig+kin events)
  [970/2901] nano_972.root
         -> 5,028 vertices (3,234 trig, 2,167 trig+kin events)
  [971/2901] nano_973.root
         -> 4,920 vertices (3,165 trig, 2,085 trig+kin events)
  [972/2901] nano_974.root
         -> 2,913 vertices (2,108 trig, 1,327 trig+kin events)
  [973/2901] nano_975.root
         -> 4,998 vertices (3,194 trig, 2,116 trig+kin events)
  [974/2901] nano_976.root
         -> 2,900 vertices (1,820 trig, 1,246 trig+kin events)
  [975/2901] nano_977.root
         -> 3,344 vertices (2,074 trig, 1,414 trig+kin events)
  [976/2901] nano_978.root
         -> 4,800 vertices (3,157 trig, 2,147 trig+kin events)
  [977/2901] nano_979.root
         -> 4,863 vertices (3,172 trig, 2,075 trig+kin events)
  [978/2901] nano_98.root
         -> 2,522 vertices (1,665 trig, 1,102 trig+kin events)
  [979/2901] nano_980.root
         -> 5,166 vertices (3,258 trig, 2,210 trig+kin events)
  [980/2901] nano_981.root
         -> 2,613 vertices (1,621 trig, 1,116 trig+kin events)
  [981/2901] nano_982.root
         -> 2,648 vertices (1,737 trig, 1,161 trig+kin events)
  [982/2901] nano_983.root
         -> 3,375 vertices (2,212 trig, 1,486 trig+kin events)
  [983/2901] nano_984.root
         -> 3,416 vertices (2,309 trig, 1,564 trig+kin events)
  [984/2901] nano_985.root
         -> 4,897 vertices (3,093 trig, 2,089 trig+kin events)
  [985/2901] nano_986.root
         -> 4,925 vertices (3,120 trig, 2,070 trig+kin events)
  [986/2901] nano_987.root
         -> 3,364 vertices (2,213 trig, 1,465 trig+kin events)
  [987/2901] nano_988.root
         -> 3,312 vertices (2,116 trig, 1,413 trig+kin events)
  [988/2901] nano_989.root
         -> 5,261 vertices (3,296 trig, 2,206 trig+kin events)
  [989/2901] nano_99.root
         -> 2,848 vertices (1,943 trig, 1,288 trig+kin events)
  [990/2901] nano_990.root
         -> 2,038 vertices (1,273 trig, 856 trig+kin events)
  [991/2901] nano_991.root
         -> 5,128 vertices (3,110 trig, 2,120 trig+kin events)
  [992/2901] nano_992.root
         -> 5,085 vertices (3,271 trig, 2,154 trig+kin events)
  [993/2901] nano_993.root
         -> 4,829 vertices (3,194 trig, 2,141 trig+kin events)
  [994/2901] nano_994.root
         -> 3,266 vertices (2,147 trig, 1,445 trig+kin events)
  [995/2901] nano_995.root
         -> 2,841 vertices (1,844 trig, 1,232 trig+kin events)
  [996/2901] nano_996.root
         -> 2,914 vertices (1,793 trig, 1,172 trig+kin events)
  [997/2901] nano_997.root
         -> 4,883 vertices (3,205 trig, 2,094 trig+kin events)
  [998/2901] nano_998.root
         -> 5,018 vertices (3,181 trig, 2,087 trig+kin events)
  [999/2901] nano_999.root
         -> 3,177 vertices (2,082 trig, 1,371 trig+kin events)
  [1000/2901] nano_1000.root
         -> 4,944 vertices (3,274 trig, 2,164 trig+kin events)
  [1001/2901] nano_1001.root
         -> 3,152 vertices (2,152 trig, 1,414 trig+kin events)
  [1002/2901] nano_1002.root
         -> 3,388 vertices (2,265 trig, 1,505 trig+kin events)
  [1003/2901] nano_1003.root
         -> 4,902 vertices (3,088 trig, 2,046 trig+kin events)
  [1004/2901] nano_1004.root
         -> 3,928 vertices (2,462 trig, 1,641 trig+kin events)
  [1005/2901] nano_1005.root
         -> 2,608 vertices (1,740 trig, 1,169 trig+kin events)
  [1006/2901] nano_1006.root
         -> 2,768 vertices (1,708 trig, 1,137 trig+kin events)
  [1007/2901] nano_1007.root
         -> 3,211 vertices (1,835 trig, 1,241 trig+kin events)
  [1008/2901] nano_1008.root
         -> 5,146 vertices (3,219 trig, 2,118 trig+kin events)
  [1009/2901] nano_1009.root
         -> 2,564 vertices (1,633 trig, 1,076 trig+kin events)
  [1010/2901] nano_1010.root
         -> 2,821 vertices (1,947 trig, 1,269 trig+kin events)
  [1011/2901] nano_1011.root
         -> 2,534 vertices (1,638 trig, 1,092 trig+kin events)
  [1012/2901] nano_1012.root
         -> 3,815 vertices (2,394 trig, 1,577 trig+kin events)
  [1013/2901] nano_1013.root
         -> 3,523 vertices (2,240 trig, 1,485 trig+kin events)
  [1014/2901] nano_1014.root
         -> 4,716 vertices (3,159 trig, 2,074 trig+kin events)
  [1015/2901] nano_1015.root
         -> 4,071 vertices (2,779 trig, 1,800 trig+kin events)
  [1016/2901] nano_1016.root
         -> 3,646 vertices (2,331 trig, 1,563 trig+kin events)
  [1017/2901] nano_1017.root
         -> 2,537 vertices (1,761 trig, 1,161 trig+kin events)
  [1018/2901] nano_1018.root
         -> 3,719 vertices (2,465 trig, 1,661 trig+kin events)
  [1019/2901] nano_1019.root
         -> 4,774 vertices (3,140 trig, 2,063 trig+kin events)
  [1020/2901] nano_1020.root
         -> 3,000 vertices (1,864 trig, 1,246 trig+kin events)
  [1021/2901] nano_1021.root
         -> 2,508 vertices (1,612 trig, 1,063 trig+kin events)
  [1022/2901] nano_1022.root
         -> 3,841 vertices (2,525 trig, 1,678 trig+kin events)
  [1023/2901] nano_1023.root
         -> 2,673 vertices (1,774 trig, 1,188 trig+kin events)
  [1024/2901] nano_1024.root
         -> 3,187 vertices (2,005 trig, 1,343 trig+kin events)
  [1025/2901] nano_1025.root
         -> 2,470 vertices (1,765 trig, 1,161 trig+kin events)
  [1026/2901] nano_1026.root
         -> 5,073 vertices (3,238 trig, 2,155 trig+kin events)
  [1027/2901] nano_1027.root
         -> 2,773 vertices (1,593 trig, 1,068 trig+kin events)
  [1028/2901] nano_1028.root
         -> 4,997 vertices (3,262 trig, 2,149 trig+kin events)
  [1029/2901] nano_1029.root
         -> 3,542 vertices (2,261 trig, 1,503 trig+kin events)
  [1030/2901] nano_1030.root
         -> 3,044 vertices (1,986 trig, 1,369 trig+kin events)
  [1031/2901] nano_1031.root
         -> 4,677 vertices (3,121 trig, 2,068 trig+kin events)
  [1032/2901] nano_1032.root
         -> 5,035 vertices (3,217 trig, 2,113 trig+kin events)
  [1033/2901] nano_1033.root
         -> 4,910 vertices (3,012 trig, 2,006 trig+kin events)
  [1034/2901] nano_1034.root
         -> 2,947 vertices (1,758 trig, 1,228 trig+kin events)
  [1035/2901] nano_1035.root
         -> 2,915 vertices (1,729 trig, 1,192 trig+kin events)
  [1036/2901] nano_1036.root
         -> 3,816 vertices (2,564 trig, 1,687 trig+kin events)
  [1037/2901] nano_1037.root
         -> 3,870 vertices (2,336 trig, 1,588 trig+kin events)
  [1038/2901] nano_1038.root
         -> 4,962 vertices (3,139 trig, 2,102 trig+kin events)
  [1039/2901] nano_1039.root
         -> 5,102 vertices (3,139 trig, 2,107 trig+kin events)
  [1040/2901] nano_1040.root
         -> 3,113 vertices (1,965 trig, 1,299 trig+kin events)
  [1041/2901] nano_1041.root
         -> 2,669 vertices (1,738 trig, 1,142 trig+kin events)
  [1042/2901] nano_1042.root
         -> 3,950 vertices (2,717 trig, 1,771 trig+kin events)
  [1043/2901] nano_1043.root
         -> 4,869 vertices (3,123 trig, 2,115 trig+kin events)
  [1044/2901] nano_1044.root
         -> 4,758 vertices (3,198 trig, 2,114 trig+kin events)
  [1045/2901] nano_1045.root
         -> 2,722 vertices (1,713 trig, 1,128 trig+kin events)
  [1046/2901] nano_1046.root
         -> 5,090 vertices (3,246 trig, 2,200 trig+kin events)
  [1047/2901] nano_1047.root
         -> 3,337 vertices (2,133 trig, 1,443 trig+kin events)
  [1048/2901] nano_1048.root
         -> 5,041 vertices (3,218 trig, 2,179 trig+kin events)
  [1049/2901] nano_1049.root
         -> 3,138 vertices (1,899 trig, 1,266 trig+kin events)
  [1050/2901] nano_1050.root
         -> 2,670 vertices (1,640 trig, 1,061 trig+kin events)
  [1051/2901] nano_1051.root
         -> 2,610 vertices (1,681 trig, 1,125 trig+kin events)
  [1052/2901] nano_1052.root
         -> 2,875 vertices (1,979 trig, 1,294 trig+kin events)
  [1053/2901] nano_1053.root
         -> 4,934 vertices (3,227 trig, 2,143 trig+kin events)
  [1054/2901] nano_1054.root
         -> 4,727 vertices (3,180 trig, 2,124 trig+kin events)
  [1055/2901] nano_1055.root
         -> 4,927 vertices (3,184 trig, 2,117 trig+kin events)
  [1056/2901] nano_1056.root
         -> 798 vertices (505 trig, 331 trig+kin events)
  [1057/2901] nano_1057.root
         -> 2,818 vertices (1,876 trig, 1,255 trig+kin events)
  [1058/2901] nano_1058.root
         -> 4,707 vertices (3,125 trig, 2,091 trig+kin events)
  [1059/2901] nano_1059.root
         -> 4,785 vertices (3,223 trig, 2,118 trig+kin events)
  [1060/2901] nano_1060.root
         -> 2,872 vertices (1,755 trig, 1,184 trig+kin events)
  [1061/2901] nano_1061.root
         -> 4,796 vertices (3,133 trig, 2,093 trig+kin events)
  [1062/2901] nano_1062.root
         -> 3,002 vertices (1,987 trig, 1,292 trig+kin events)
  [1063/2901] nano_1063.root
         -> 4,829 vertices (3,205 trig, 2,160 trig+kin events)
  [1064/2901] nano_1064.root
         -> 2,696 vertices (1,757 trig, 1,210 trig+kin events)
  [1065/2901] nano_1065.root
         -> 4,938 vertices (3,139 trig, 2,086 trig+kin events)
  [1066/2901] nano_1066.root
         -> 4,868 vertices (3,142 trig, 2,103 trig+kin events)
  [1067/2901] nano_1067.root
         -> 4,977 vertices (3,216 trig, 2,121 trig+kin events)
  [1068/2901] nano_1068.root
         -> 3,529 vertices (2,138 trig, 1,462 trig+kin events)
  [1069/2901] nano_1069.root
         -> 4,645 vertices (3,165 trig, 2,070 trig+kin events)
  [1070/2901] nano_1070.root
         -> 164 vertices (110 trig, 69 trig+kin events)
  [1071/2901] nano_1071.root
         -> 108 vertices (69 trig, 47 trig+kin events)
  [1072/2901] nano_1072.root
         -> 4,864 vertices (3,157 trig, 2,092 trig+kin events)
  [1073/2901] nano_1073.root
         -> 4,804 vertices (3,248 trig, 2,192 trig+kin events)
  [1074/2901] nano_1074.root
         -> 4,886 vertices (3,172 trig, 2,128 trig+kin events)
  [1075/2901] nano_1075.root
         -> 5,183 vertices (3,213 trig, 2,166 trig+kin events)
  [1076/2901] nano_1076.root
         -> 2,831 vertices (1,645 trig, 1,154 trig+kin events)
  [1077/2901] nano_1077.root
         -> 5,025 vertices (3,215 trig, 2,163 trig+kin events)
  [1078/2901] nano_1078.root
         -> 5,106 vertices (3,177 trig, 2,168 trig+kin events)
  [1079/2901] nano_1079.root
         -> 5,305 vertices (3,208 trig, 2,144 trig+kin events)
  [1080/2901] nano_1080.root
         -> 4,022 vertices (2,515 trig, 1,639 trig+kin events)
  [1081/2901] nano_1081.root
         -> 4,870 vertices (3,244 trig, 2,177 trig+kin events)
  [1082/2901] nano_1082.root
         -> 3,346 vertices (2,142 trig, 1,433 trig+kin events)
  [1083/2901] nano_1083.root
         -> 4,778 vertices (3,135 trig, 2,109 trig+kin events)
  [1084/2901] nano_1084.root
         -> 2,932 vertices (1,935 trig, 1,336 trig+kin events)
  [1085/2901] nano_1085.root
         -> 4,991 vertices (3,212 trig, 2,119 trig+kin events)
  [1086/2901] nano_1086.root
         -> 4,876 vertices (3,183 trig, 2,122 trig+kin events)
  [1087/2901] nano_1087.root
         -> 5,053 vertices (3,233 trig, 2,110 trig+kin events)
  [1088/2901] nano_1088.root
         -> 3,053 vertices (1,994 trig, 1,348 trig+kin events)
  [1089/2901] nano_1089.root
         -> 5,004 vertices (3,150 trig, 2,113 trig+kin events)
  [1090/2901] nano_1090.root
         -> 4,991 vertices (3,257 trig, 2,155 trig+kin events)
  [1091/2901] nano_1091.root
         -> 5,020 vertices (3,243 trig, 2,174 trig+kin events)
  [1092/2901] nano_1092.root
         -> 2,972 vertices (1,789 trig, 1,238 trig+kin events)
  [1093/2901] nano_1093.root
         -> 2,823 vertices (1,757 trig, 1,200 trig+kin events)
  [1094/2901] nano_1094.root
         -> 5,043 vertices (3,145 trig, 2,088 trig+kin events)
  [1095/2901] nano_1095.root
         -> 4,677 vertices (3,173 trig, 2,081 trig+kin events)
  [1096/2901] nano_1096.root
         -> 2,498 vertices (1,737 trig, 1,148 trig+kin events)
  [1097/2901] nano_1097.root
         -> 4,731 vertices (3,154 trig, 2,077 trig+kin events)
  [1098/2901] nano_1098.root
         -> 2,776 vertices (1,698 trig, 1,172 trig+kin events)
  [1099/2901] nano_1099.root
         -> 4,049 vertices (2,542 trig, 1,705 trig+kin events)
  [1100/2901] nano_1100.root
         -> 2,942 vertices (1,757 trig, 1,194 trig+kin events)
  [1101/2901] nano_1101.root
         -> 4,803 vertices (3,176 trig, 2,115 trig+kin events)
  [1102/2901] nano_1102.root
         -> 3,301 vertices (2,199 trig, 1,450 trig+kin events)
  [1103/2901] nano_1103.root
         -> 4,956 vertices (3,099 trig, 2,128 trig+kin events)
  [1104/2901] nano_1104.root
         -> 5,253 vertices (3,153 trig, 2,110 trig+kin events)
  [1105/2901] nano_1105.root
         -> 3,575 vertices (2,396 trig, 1,540 trig+kin events)
  [1106/2901] nano_1106.root
         -> 4,863 vertices (3,150 trig, 2,115 trig+kin events)
  [1107/2901] nano_1107.root
         -> 3,719 vertices (2,360 trig, 1,611 trig+kin events)
  [1108/2901] nano_1108.root
         -> 2,701 vertices (1,713 trig, 1,151 trig+kin events)
  [1109/2901] nano_1109.root
         -> 2,803 vertices (1,703 trig, 1,126 trig+kin events)
  [1110/2901] nano_1110.root
         -> 894 vertices (547 trig, 368 trig+kin events)
  [1111/2901] nano_1111.root
         -> 5,126 vertices (3,266 trig, 2,193 trig+kin events)
  [1112/2901] nano_1112.root
         -> 2,974 vertices (1,786 trig, 1,196 trig+kin events)
  [1113/2901] nano_1113.root
         -> 5,318 vertices (3,149 trig, 2,108 trig+kin events)
  [1114/2901] nano_1114.root
         -> 5,271 vertices (3,268 trig, 2,170 trig+kin events)
  [1115/2901] nano_1115.root
         -> 4,074 vertices (2,605 trig, 1,753 trig+kin events)
  [1116/2901] nano_1116.root
         -> 3,314 vertices (2,330 trig, 1,558 trig+kin events)
  [1117/2901] nano_1117.root
         -> 2,778 vertices (1,745 trig, 1,172 trig+kin events)
  [1118/2901] nano_1118.root
         -> 2,581 vertices (1,707 trig, 1,130 trig+kin events)
  [1119/2901] nano_1119.root
         -> 4,633 vertices (3,102 trig, 2,086 trig+kin events)
  [1120/2901] nano_1120.root
         -> 4,739 vertices (3,147 trig, 2,094 trig+kin events)
  [1121/2901] nano_1121.root
         -> 4,812 vertices (3,165 trig, 2,107 trig+kin events)
  [1122/2901] nano_1122.root
         -> 1,501 vertices (994 trig, 661 trig+kin events)
  [1123/2901] nano_1123.root
         -> 4,939 vertices (3,245 trig, 2,183 trig+kin events)
  [1124/2901] nano_1124.root
         -> 4,968 vertices (3,117 trig, 2,085 trig+kin events)
  [1125/2901] nano_1125.root
         -> 5,212 vertices (3,177 trig, 2,139 trig+kin events)
  [1126/2901] nano_1126.root
         -> 2,733 vertices (1,696 trig, 1,136 trig+kin events)
  [1127/2901] nano_1127.root
         -> 3,592 vertices (2,341 trig, 1,548 trig+kin events)
  [1128/2901] nano_1128.root
         -> 4,731 vertices (3,096 trig, 2,053 trig+kin events)
  [1129/2901] nano_1129.root
         -> 5,212 vertices (3,244 trig, 2,190 trig+kin events)
  [1130/2901] nano_1130.root
         -> 2,720 vertices (1,790 trig, 1,176 trig+kin events)
  [1131/2901] nano_1131.root
         -> 3,025 vertices (1,834 trig, 1,240 trig+kin events)
  [1132/2901] nano_1132.root
         -> 2,662 vertices (1,879 trig, 1,242 trig+kin events)
  [1133/2901] nano_1133.root
         -> 5,007 vertices (3,028 trig, 2,032 trig+kin events)
  [1134/2901] nano_1134.root
         -> 3,632 vertices (2,312 trig, 1,548 trig+kin events)
  [1135/2901] nano_1135.root
         -> 4,822 vertices (3,087 trig, 2,041 trig+kin events)
  [1136/2901] nano_1136.root
         -> 2,668 vertices (1,846 trig, 1,228 trig+kin events)
  [1137/2901] nano_1137.root
         -> 3,726 vertices (2,409 trig, 1,577 trig+kin events)
  [1138/2901] nano_1138.root
         -> 3,410 vertices (2,352 trig, 1,550 trig+kin events)
  [1139/2901] nano_1139.root
         -> 4,764 vertices (2,985 trig, 2,026 trig+kin events)
  [1140/2901] nano_1140.root
         -> 2,465 vertices (1,676 trig, 1,092 trig+kin events)
  [1141/2901] nano_1141.root
         -> 4,842 vertices (3,109 trig, 2,037 trig+kin events)
  [1142/2901] nano_1142.root
         -> 3,580 vertices (2,157 trig, 1,455 trig+kin events)
  [1143/2901] nano_1143.root
         -> 3,237 vertices (2,228 trig, 1,465 trig+kin events)
  [1144/2901] nano_1144.root
         -> 3,664 vertices (2,541 trig, 1,633 trig+kin events)
  [1145/2901] nano_1145.root
         -> 4,850 vertices (3,198 trig, 2,105 trig+kin events)
  [1146/2901] nano_1146.root
         -> 5,180 vertices (3,271 trig, 2,197 trig+kin events)
  [1147/2901] nano_1147.root
         -> 2,568 vertices (1,636 trig, 1,072 trig+kin events)
  [1148/2901] nano_1148.root
         -> 4,671 vertices (3,137 trig, 2,101 trig+kin events)
  [1149/2901] nano_1149.root
         -> 3,179 vertices (1,907 trig, 1,294 trig+kin events)
  [1150/2901] nano_1150.root
         -> 3,312 vertices (2,038 trig, 1,368 trig+kin events)
  [1151/2901] nano_1151.root
         -> 4,995 vertices (3,086 trig, 2,060 trig+kin events)
  [1152/2901] nano_1152.root
         -> 2,578 vertices (1,754 trig, 1,176 trig+kin events)
  [1153/2901] nano_1153.root
         -> 5,184 vertices (3,307 trig, 2,211 trig+kin events)
  [1154/2901] nano_1154.root
         -> 4,822 vertices (3,225 trig, 2,116 trig+kin events)
  [1155/2901] nano_1155.root
         -> 960 vertices (599 trig, 389 trig+kin events)
  [1156/2901] nano_1156.root
         -> 2,859 vertices (1,832 trig, 1,230 trig+kin events)
  [1157/2901] nano_1157.root
         -> 3,996 vertices (2,586 trig, 1,738 trig+kin events)
  [1158/2901] nano_1158.root
         -> 4,130 vertices (2,626 trig, 1,803 trig+kin events)
  [1159/2901] nano_1159.root
         -> 2,366 vertices (1,623 trig, 1,080 trig+kin events)
  [1160/2901] nano_1160.root
         -> 5,130 vertices (3,198 trig, 2,185 trig+kin events)
  [1161/2901] nano_1161.root
         -> 2,722 vertices (1,820 trig, 1,225 trig+kin events)
  [1162/2901] nano_1162.root
         -> 4,850 vertices (3,122 trig, 2,125 trig+kin events)
  [1163/2901] nano_1163.root
         -> 1,305 vertices (801 trig, 537 trig+kin events)
  [1164/2901] nano_1164.root
         -> 4,792 vertices (3,222 trig, 2,146 trig+kin events)
  [1165/2901] nano_1165.root
         -> 2,815 vertices (1,797 trig, 1,197 trig+kin events)
  [1166/2901] nano_1166.root
         -> 5,259 vertices (3,178 trig, 2,149 trig+kin events)
  [1167/2901] nano_1167.root
         -> 3,566 vertices (2,331 trig, 1,563 trig+kin events)
  [1168/2901] nano_1168.root
         -> 5,313 vertices (3,174 trig, 2,111 trig+kin events)
  [1169/2901] nano_1169.root
         -> 5,060 vertices (3,219 trig, 2,170 trig+kin events)
  [1170/2901] nano_1170.root
         -> 3,128 vertices (1,941 trig, 1,297 trig+kin events)
  [1171/2901] nano_1171.root
         -> 5,018 vertices (3,183 trig, 2,164 trig+kin events)
  [1172/2901] nano_1172.root
         -> 4,786 vertices (3,155 trig, 2,136 trig+kin events)
  [1173/2901] nano_1173.root
         -> 5,220 vertices (3,248 trig, 2,139 trig+kin events)
  [1174/2901] nano_1174.root
         -> 5,300 vertices (3,245 trig, 2,187 trig+kin events)
  [1175/2901] nano_1175.root
         -> 3,114 vertices (1,985 trig, 1,337 trig+kin events)
  [1176/2901] nano_1176.root
         -> 4,282 vertices (2,830 trig, 1,871 trig+kin events)
  [1177/2901] nano_1177.root
         -> 3,076 vertices (2,098 trig, 1,410 trig+kin events)
  [1178/2901] nano_1178.root
         -> 4,815 vertices (3,176 trig, 2,083 trig+kin events)
  [1179/2901] nano_1179.root
         -> 4,554 vertices (2,995 trig, 1,984 trig+kin events)
  [1180/2901] nano_1180.root
         -> 4,282 vertices (2,722 trig, 1,801 trig+kin events)
  [1181/2901] nano_1181.root
         -> 4,843 vertices (3,124 trig, 2,088 trig+kin events)
  [1182/2901] nano_1182.root
         -> 5,110 vertices (3,192 trig, 2,108 trig+kin events)
  [1183/2901] nano_1183.root
         -> 5,137 vertices (3,126 trig, 2,091 trig+kin events)
  [1184/2901] nano_1184.root
         -> 3,460 vertices (2,128 trig, 1,413 trig+kin events)
  [1185/2901] nano_1185.root
         -> 5,424 vertices (3,213 trig, 2,138 trig+kin events)
  [1186/2901] nano_1186.root
         -> 5,083 vertices (3,262 trig, 2,158 trig+kin events)
  [1187/2901] nano_1187.root
         -> 3,711 vertices (2,349 trig, 1,578 trig+kin events)
  [1188/2901] nano_1188.root
         -> 2,484 vertices (1,605 trig, 1,057 trig+kin events)
  [1189/2901] nano_1189.root
         -> 75 vertices (60 trig, 36 trig+kin events)
  [1190/2901] nano_1190.root
         -> 5,150 vertices (3,271 trig, 2,155 trig+kin events)
  [1191/2901] nano_1191.root
         -> 4,502 vertices (2,995 trig, 1,998 trig+kin events)
  [1192/2901] nano_1192.root
         -> 2,619 vertices (1,789 trig, 1,176 trig+kin events)
  [1193/2901] nano_1193.root
         -> 3,698 vertices (2,375 trig, 1,626 trig+kin events)
  [1194/2901] nano_1194.root
         -> 4,951 vertices (3,291 trig, 2,207 trig+kin events)
  [1195/2901] nano_1195.root
         -> 3,198 vertices (2,166 trig, 1,424 trig+kin events)
  [1196/2901] nano_1196.root
         -> 3,360 vertices (2,183 trig, 1,478 trig+kin events)
  [1197/2901] nano_1197.root
         -> 4,736 vertices (3,242 trig, 2,137 trig+kin events)
  [1198/2901] nano_1198.root
         -> 4,405 vertices (2,680 trig, 1,801 trig+kin events)
  [1199/2901] nano_1199.root
         -> 4,954 vertices (3,052 trig, 2,037 trig+kin events)
  [1200/2901] nano_1200.root
         -> 3,058 vertices (1,932 trig, 1,303 trig+kin events)
  [1201/2901] nano_1201.root
         -> 4,978 vertices (3,270 trig, 2,136 trig+kin events)
  [1202/2901] nano_1202.root
         -> 3,204 vertices (2,192 trig, 1,447 trig+kin events)
  [1203/2901] nano_1203.root
         -> 3,211 vertices (1,898 trig, 1,270 trig+kin events)
  [1204/2901] nano_1204.root
         -> 4,775 vertices (3,282 trig, 2,180 trig+kin events)
  [1205/2901] nano_1205.root
         -> 3,568 vertices (2,364 trig, 1,584 trig+kin events)
  [1206/2901] nano_1206.root
         -> 4,589 vertices (3,210 trig, 2,106 trig+kin events)
  [1207/2901] nano_1207.root
         -> 5,327 vertices (3,281 trig, 2,178 trig+kin events)
  [1208/2901] nano_1208.root
         -> 4,616 vertices (3,161 trig, 2,120 trig+kin events)
  [1209/2901] nano_1209.root
         -> 4,800 vertices (3,290 trig, 2,178 trig+kin events)
  [1210/2901] nano_1210.root
         -> 5,114 vertices (3,169 trig, 2,111 trig+kin events)
  [1211/2901] nano_1211.root
         -> 5,022 vertices (3,187 trig, 2,086 trig+kin events)
  [1212/2901] nano_1212.root
         -> 2,560 vertices (1,607 trig, 1,059 trig+kin events)
  [1213/2901] nano_1213.root
         -> 4,984 vertices (3,289 trig, 2,178 trig+kin events)
  [1214/2901] nano_1214.root
         -> 4,921 vertices (3,161 trig, 2,096 trig+kin events)
  [1215/2901] nano_1215.root
         -> 4,858 vertices (3,182 trig, 2,140 trig+kin events)
  [1216/2901] nano_1216.root
         -> 4,939 vertices (3,207 trig, 2,143 trig+kin events)
  [1217/2901] nano_1217.root
         -> 4,995 vertices (3,149 trig, 2,120 trig+kin events)
  [1218/2901] nano_1218.root
         -> 5,131 vertices (3,224 trig, 2,112 trig+kin events)
  [1219/2901] nano_1219.root
         -> 4,799 vertices (3,176 trig, 2,108 trig+kin events)
  [1220/2901] nano_1220.root
         -> 3,411 vertices (2,302 trig, 1,533 trig+kin events)
  [1221/2901] nano_1221.root
         -> 3,910 vertices (2,535 trig, 1,677 trig+kin events)
  [1222/2901] nano_1222.root
         -> 2,164 vertices (1,404 trig, 940 trig+kin events)
  [1223/2901] nano_1223.root
         -> 4,819 vertices (3,209 trig, 2,132 trig+kin events)
  [1224/2901] nano_1224.root
         -> 5,250 vertices (3,284 trig, 2,178 trig+kin events)
  [1225/2901] nano_1225.root
         -> 3,110 vertices (1,918 trig, 1,279 trig+kin events)
  [1226/2901] nano_1226.root
         -> 5,080 vertices (3,063 trig, 2,076 trig+kin events)
  [1227/2901] nano_1227.root
         -> 4,856 vertices (3,066 trig, 2,049 trig+kin events)
  [1228/2901] nano_1228.root
         -> 3,658 vertices (2,297 trig, 1,562 trig+kin events)
  [1229/2901] nano_1229.root
         -> 5,050 vertices (3,178 trig, 2,151 trig+kin events)
  [1230/2901] nano_1230.root
         -> 2,010 vertices (1,372 trig, 915 trig+kin events)
  [1231/2901] nano_1231.root
         -> 4,973 vertices (3,180 trig, 2,166 trig+kin events)
  [1232/2901] nano_1232.root
         -> 5,005 vertices (3,190 trig, 2,140 trig+kin events)
  [1233/2901] nano_1233.root
         -> 5,285 vertices (3,221 trig, 2,165 trig+kin events)
  [1234/2901] nano_1234.root
         -> 2,779 vertices (1,772 trig, 1,189 trig+kin events)
  [1235/2901] nano_1235.root
         -> 4,643 vertices (3,175 trig, 2,103 trig+kin events)
  [1236/2901] nano_1236.root
         -> 2,353 vertices (1,658 trig, 1,098 trig+kin events)
  [1237/2901] nano_1237.root
         -> 3,054 vertices (1,908 trig, 1,282 trig+kin events)
  [1238/2901] nano_1238.root
         -> 3,422 vertices (2,247 trig, 1,488 trig+kin events)
  [1239/2901] nano_1239.root
         -> 2,763 vertices (1,799 trig, 1,235 trig+kin events)
  [1240/2901] nano_1240.root
         -> 4,815 vertices (3,173 trig, 2,093 trig+kin events)
  [1241/2901] nano_1241.root
         -> 4,826 vertices (3,104 trig, 2,076 trig+kin events)
  [1242/2901] nano_1242.root
         -> 4,925 vertices (3,220 trig, 2,116 trig+kin events)
  [1243/2901] nano_1243.root
         -> 2,572 vertices (1,633 trig, 1,105 trig+kin events)
  [1244/2901] nano_1244.root
         -> 4,636 vertices (3,125 trig, 2,051 trig+kin events)
  [1245/2901] nano_1245.root
         -> 4,652 vertices (3,137 trig, 2,042 trig+kin events)
  [1246/2901] nano_1246.root
         -> 4,773 vertices (3,202 trig, 2,095 trig+kin events)
  [1247/2901] nano_1247.root
         -> 2,989 vertices (1,937 trig, 1,287 trig+kin events)
  [1248/2901] nano_1248.root
         -> 5,076 vertices (3,268 trig, 2,188 trig+kin events)
  [1249/2901] nano_1249.root
         -> 5,603 vertices (3,269 trig, 2,222 trig+kin events)
  [1250/2901] nano_1250.root
         -> 4,985 vertices (3,147 trig, 2,125 trig+kin events)
  [1251/2901] nano_1251.root
         -> 3,476 vertices (2,330 trig, 1,558 trig+kin events)
  [1252/2901] nano_1252.root
         -> 2,692 vertices (1,832 trig, 1,213 trig+kin events)
  [1253/2901] nano_1253.root
         -> 4,585 vertices (3,181 trig, 2,087 trig+kin events)
  [1254/2901] nano_1254.root
         -> 5,192 vertices (3,192 trig, 2,083 trig+kin events)
  [1255/2901] nano_1255.root
         -> 4,435 vertices (2,937 trig, 1,967 trig+kin events)
  [1256/2901] nano_1256.root
         -> 5,208 vertices (3,181 trig, 2,138 trig+kin events)
  [1257/2901] nano_1257.root
         -> 2,849 vertices (1,800 trig, 1,183 trig+kin events)
  [1258/2901] nano_1258.root
         -> 246 vertices (183 trig, 121 trig+kin events)
  [1259/2901] nano_1259.root
         -> 5,040 vertices (3,223 trig, 2,131 trig+kin events)
  [1260/2901] nano_1260.root
         -> 3,828 vertices (2,529 trig, 1,696 trig+kin events)
  [1261/2901] nano_1261.root
         -> 1,510 vertices (991 trig, 663 trig+kin events)
  [1262/2901] nano_1262.root
         -> 4,848 vertices (3,134 trig, 2,083 trig+kin events)
  [1263/2901] nano_1263.root
         -> 5,141 vertices (3,287 trig, 2,229 trig+kin events)
  [1264/2901] nano_1264.root
         -> 5,022 vertices (3,308 trig, 2,212 trig+kin events)
  [1265/2901] nano_1265.root
         -> 2,529 vertices (1,801 trig, 1,179 trig+kin events)
  [1266/2901] nano_1266.root
         -> 4,795 vertices (3,223 trig, 2,129 trig+kin events)
  [1267/2901] nano_1267.root
         -> 4,918 vertices (3,197 trig, 2,110 trig+kin events)
  [1268/2901] nano_1268.root
         -> 5,077 vertices (3,150 trig, 2,114 trig+kin events)
  [1269/2901] nano_1269.root
         -> 5,168 vertices (3,212 trig, 2,110 trig+kin events)
  [1270/2901] nano_1270.root
         -> 2,609 vertices (1,687 trig, 1,127 trig+kin events)
  [1271/2901] nano_1271.root
         -> 5,354 vertices (3,288 trig, 2,191 trig+kin events)
  [1272/2901] nano_1272.root
         -> 3,575 vertices (2,282 trig, 1,533 trig+kin events)
  [1273/2901] nano_1273.root
         -> 5,018 vertices (3,109 trig, 2,088 trig+kin events)
  [1274/2901] nano_1274.root
         -> 3,834 vertices (2,345 trig, 1,605 trig+kin events)
  [1275/2901] nano_1275.root
         -> 2,804 vertices (1,719 trig, 1,168 trig+kin events)
  [1276/2901] nano_1276.root
         -> 4,922 vertices (3,202 trig, 2,144 trig+kin events)
  [1277/2901] nano_1277.root
         -> 3,175 vertices (2,042 trig, 1,368 trig+kin events)
  [1278/2901] nano_1278.root
         -> 5,017 vertices (3,230 trig, 2,184 trig+kin events)
  [1279/2901] nano_1279.root
         -> 2,634 vertices (1,772 trig, 1,209 trig+kin events)
  [1280/2901] nano_1280.root
         -> 4,970 vertices (3,154 trig, 2,147 trig+kin events)
  [1281/2901] nano_1281.root
         -> 3,975 vertices (2,515 trig, 1,656 trig+kin events)
  [1282/2901] nano_1282.root
         -> 4,727 vertices (3,167 trig, 2,112 trig+kin events)
  [1283/2901] nano_1283.root
         -> 4,887 vertices (3,197 trig, 2,170 trig+kin events)
  [1284/2901] nano_1284.root
         -> 4,670 vertices (3,145 trig, 2,049 trig+kin events)
  [1285/2901] nano_1285.root
         -> 3,653 vertices (2,491 trig, 1,681 trig+kin events)
  [1286/2901] nano_1286.root
         -> 3,849 vertices (2,552 trig, 1,666 trig+kin events)
  [1287/2901] nano_1287.root
         -> 5,481 vertices (3,214 trig, 2,179 trig+kin events)
  [1288/2901] nano_1288.root
         -> 4,723 vertices (3,200 trig, 2,146 trig+kin events)
  [1289/2901] nano_1289.root
         -> 5,142 vertices (3,217 trig, 2,154 trig+kin events)
  [1290/2901] nano_1290.root
         -> 2,775 vertices (1,626 trig, 1,108 trig+kin events)
  [1291/2901] nano_1291.root
         -> 3,956 vertices (2,640 trig, 1,769 trig+kin events)
  [1292/2901] nano_1292.root
         -> 5,108 vertices (3,275 trig, 2,171 trig+kin events)
  [1293/2901] nano_1293.root
         -> 3,436 vertices (2,248 trig, 1,479 trig+kin events)
  [1294/2901] nano_1294.root
         -> 5,157 vertices (3,213 trig, 2,168 trig+kin events)
  [1295/2901] nano_1295.root
         -> 4,614 vertices (3,065 trig, 2,012 trig+kin events)
  [1296/2901] nano_1296.root
         -> 4,888 vertices (3,234 trig, 2,148 trig+kin events)
  [1297/2901] nano_1297.root
         -> 4,928 vertices (3,091 trig, 2,062 trig+kin events)
  [1298/2901] nano_1298.root
         -> 4,810 vertices (3,134 trig, 2,114 trig+kin events)
  [1299/2901] nano_1299.root
         -> 4,841 vertices (3,183 trig, 2,087 trig+kin events)
  [1300/2901] nano_1300.root
         -> 2,861 vertices (1,760 trig, 1,175 trig+kin events)
  [1301/2901] nano_1301.root
         -> 2,579 vertices (1,641 trig, 1,102 trig+kin events)
  [1302/2901] nano_1302.root
         -> 983 vertices (590 trig, 402 trig+kin events)
  [1303/2901] nano_1303.root
         -> 4,593 vertices (3,118 trig, 2,058 trig+kin events)
  [1304/2901] nano_1304.root
         -> 2,700 vertices (1,752 trig, 1,158 trig+kin events)
  [1305/2901] nano_1305.root
         -> 4,612 vertices (3,148 trig, 2,063 trig+kin events)
  [1306/2901] nano_1306.root
         -> 3,444 vertices (2,235 trig, 1,480 trig+kin events)
  [1307/2901] nano_1307.root
         -> 3,310 vertices (2,162 trig, 1,436 trig+kin events)
  [1308/2901] nano_1308.root
         -> 4,832 vertices (3,162 trig, 2,123 trig+kin events)
  [1309/2901] nano_1309.root
         -> 2,763 vertices (1,726 trig, 1,184 trig+kin events)
  [1310/2901] nano_1310.root
         -> 5,075 vertices (3,122 trig, 2,111 trig+kin events)
  [1311/2901] nano_1311.root
         -> 4,379 vertices (2,781 trig, 1,873 trig+kin events)
  [1312/2901] nano_1312.root
         -> 4,734 vertices (3,247 trig, 2,174 trig+kin events)
  [1313/2901] nano_1313.root
         -> 3,993 vertices (2,599 trig, 1,724 trig+kin events)
  [1314/2901] nano_1314.root
         -> 3,323 vertices (2,200 trig, 1,470 trig+kin events)
  [1315/2901] nano_1315.root
         -> 5,086 vertices (3,296 trig, 2,195 trig+kin events)
  [1316/2901] nano_1316.root
         -> 3,032 vertices (1,952 trig, 1,297 trig+kin events)
  [1317/2901] nano_1317.root
         -> 2,858 vertices (1,845 trig, 1,223 trig+kin events)
  [1318/2901] nano_1318.root
         -> 2,955 vertices (1,732 trig, 1,194 trig+kin events)
  [1319/2901] nano_1319.root
         -> 2,311 vertices (1,625 trig, 1,072 trig+kin events)
  [1320/2901] nano_1320.root
         -> 559 vertices (320 trig, 238 trig+kin events)
  [1321/2901] nano_1321.root
         -> 2,693 vertices (1,696 trig, 1,111 trig+kin events)
  [1322/2901] nano_1322.root
         -> 2,621 vertices (1,686 trig, 1,165 trig+kin events)
  [1323/2901] nano_1323.root
         -> 3,449 vertices (2,110 trig, 1,414 trig+kin events)
  [1324/2901] nano_1324.root
         -> 4,959 vertices (3,184 trig, 2,100 trig+kin events)
  [1325/2901] nano_1325.root
         -> 5,249 vertices (3,241 trig, 2,128 trig+kin events)
  [1326/2901] nano_1326.root
         -> 3,255 vertices (2,050 trig, 1,385 trig+kin events)
  [1327/2901] nano_1327.root
         -> 3,001 vertices (1,861 trig, 1,217 trig+kin events)
  [1328/2901] nano_1328.root
         -> 4,818 vertices (3,200 trig, 2,121 trig+kin events)
  [1329/2901] nano_1329.root
         -> 5,169 vertices (3,184 trig, 2,165 trig+kin events)
  [1330/2901] nano_1330.root
         -> 5,000 vertices (3,169 trig, 2,120 trig+kin events)
  [1331/2901] nano_1331.root
         -> 4,532 vertices (3,053 trig, 2,039 trig+kin events)
  [1332/2901] nano_1332.root
         -> 4,913 vertices (3,193 trig, 2,145 trig+kin events)
  [1333/2901] nano_1333.root
         -> 2,757 vertices (1,819 trig, 1,267 trig+kin events)
  [1334/2901] nano_1334.root
         -> 2,693 vertices (1,680 trig, 1,114 trig+kin events)
  [1335/2901] nano_1335.root
         -> 4,898 vertices (3,136 trig, 2,123 trig+kin events)
  [1336/2901] nano_1336.root
         -> 5,164 vertices (3,213 trig, 2,140 trig+kin events)
  [1337/2901] nano_1337.root
         -> 4,930 vertices (3,278 trig, 2,160 trig+kin events)
  [1338/2901] nano_1338.root
         -> 4,997 vertices (3,245 trig, 2,110 trig+kin events)
  [1339/2901] nano_1339.root
         -> 4,016 vertices (2,681 trig, 1,741 trig+kin events)
  [1340/2901] nano_1340.root
         -> 2,602 vertices (1,681 trig, 1,132 trig+kin events)
  [1341/2901] nano_1341.root
         -> 4,793 vertices (3,178 trig, 2,136 trig+kin events)
  [1342/2901] nano_1342.root
         -> 3,234 vertices (2,033 trig, 1,385 trig+kin events)
  [1343/2901] nano_1343.root
         -> 2,597 vertices (1,647 trig, 1,133 trig+kin events)
  [1344/2901] nano_1344.root
         -> 1,767 vertices (1,079 trig, 720 trig+kin events)
  [1345/2901] nano_1345.root
         -> 4,978 vertices (3,181 trig, 2,107 trig+kin events)
  [1346/2901] nano_1346.root
         -> 4,607 vertices (3,088 trig, 2,044 trig+kin events)
  [1347/2901] nano_1347.root
         -> 5,295 vertices (3,321 trig, 2,255 trig+kin events)
  [1348/2901] nano_1348.root
         -> 3,292 vertices (2,097 trig, 1,417 trig+kin events)
  [1349/2901] nano_1349.root
         -> 2,514 vertices (1,643 trig, 1,109 trig+kin events)
  [1350/2901] nano_1350.root
         -> 4,983 vertices (3,223 trig, 2,161 trig+kin events)
  [1351/2901] nano_1351.root
         -> 2,806 vertices (1,761 trig, 1,172 trig+kin events)
  [1352/2901] nano_1352.root
         -> 4,906 vertices (3,226 trig, 2,176 trig+kin events)
  [1353/2901] nano_1353.root
         -> 2,395 vertices (1,628 trig, 1,067 trig+kin events)
  [1354/2901] nano_1354.root
         -> 2,503 vertices (1,585 trig, 1,035 trig+kin events)
  [1355/2901] nano_1355.root
         -> 5,023 vertices (3,319 trig, 2,214 trig+kin events)
  [1356/2901] nano_1356.root
         -> 3,472 vertices (2,309 trig, 1,513 trig+kin events)
  [1357/2901] nano_1357.root
         -> 5,092 vertices (3,229 trig, 2,117 trig+kin events)
  [1358/2901] nano_1358.root
         -> 5,297 vertices (3,267 trig, 2,218 trig+kin events)
  [1359/2901] nano_1359.root
         -> 120 vertices (57 trig, 45 trig+kin events)
  [1360/2901] nano_1360.root
         -> 4,948 vertices (3,077 trig, 2,050 trig+kin events)
  [1361/2901] nano_1361.root
         -> 3,338 vertices (2,237 trig, 1,506 trig+kin events)
  [1362/2901] nano_1362.root
         -> 4,908 vertices (3,162 trig, 2,084 trig+kin events)
  [1363/2901] nano_1363.root
         -> 2,542 vertices (1,683 trig, 1,117 trig+kin events)
  [1364/2901] nano_1364.root
         -> 3,208 vertices (2,048 trig, 1,382 trig+kin events)
  [1365/2901] nano_1365.root
         -> 2,963 vertices (1,693 trig, 1,143 trig+kin events)
  [1366/2901] nano_1366.root
         -> 2,752 vertices (1,695 trig, 1,116 trig+kin events)
  [1367/2901] nano_1367.root
         -> 3,830 vertices (2,489 trig, 1,683 trig+kin events)
  [1368/2901] nano_1368.root
         -> 4,904 vertices (3,212 trig, 2,143 trig+kin events)
  [1369/2901] nano_1369.root
         -> 4,971 vertices (3,169 trig, 2,127 trig+kin events)
  [1370/2901] nano_1370.root
         -> 4,945 vertices (3,175 trig, 2,120 trig+kin events)
  [1371/2901] nano_1371.root
         -> 2,492 vertices (1,613 trig, 1,077 trig+kin events)
  [1372/2901] nano_1372.root
         -> 3,597 vertices (2,326 trig, 1,550 trig+kin events)
  [1373/2901] nano_1373.root
         -> 2,827 vertices (1,740 trig, 1,173 trig+kin events)
  [1374/2901] nano_1374.root
         -> 4,935 vertices (3,298 trig, 2,166 trig+kin events)
  [1375/2901] nano_1375.root
         -> 4,833 vertices (3,172 trig, 2,128 trig+kin events)
  [1376/2901] nano_1376.root
         -> 2,955 vertices (1,740 trig, 1,179 trig+kin events)
  [1377/2901] nano_1377.root
         -> 4,853 vertices (3,120 trig, 2,101 trig+kin events)
  [1378/2901] nano_1378.root
         -> 2,433 vertices (1,633 trig, 1,103 trig+kin events)
  [1379/2901] nano_1379.root
         -> 4,983 vertices (3,151 trig, 2,147 trig+kin events)
  [1380/2901] nano_1380.root
         -> 5,126 vertices (3,152 trig, 2,085 trig+kin events)
  [1381/2901] nano_1381.root
         -> 3,450 vertices (2,078 trig, 1,382 trig+kin events)
  [1382/2901] nano_1382.root
         -> 5,126 vertices (3,274 trig, 2,223 trig+kin events)
  [1383/2901] nano_1383.root
         -> 3,279 vertices (2,082 trig, 1,383 trig+kin events)
  [1384/2901] nano_1384.root
         -> 4,678 vertices (3,190 trig, 2,096 trig+kin events)
  [1385/2901] nano_1385.root
         -> 4,732 vertices (3,176 trig, 2,134 trig+kin events)
  [1386/2901] nano_1386.root
         -> 2,566 vertices (1,644 trig, 1,075 trig+kin events)
  [1387/2901] nano_1387.root
         -> 5,067 vertices (3,215 trig, 2,135 trig+kin events)
  [1388/2901] nano_1388.root
         -> 4,688 vertices (3,072 trig, 2,059 trig+kin events)
  [1389/2901] nano_1389.root
         -> 4,684 vertices (3,128 trig, 2,078 trig+kin events)
  [1390/2901] nano_1390.root
         -> 4,858 vertices (3,127 trig, 2,093 trig+kin events)
  [1391/2901] nano_1391.root
         -> 4,701 vertices (2,907 trig, 1,932 trig+kin events)
  [1392/2901] nano_1392.root
         -> 2,222 vertices (1,337 trig, 904 trig+kin events)
  [1393/2901] nano_1393.root
         -> 2,827 vertices (1,836 trig, 1,218 trig+kin events)
  [1394/2901] nano_1394.root
         -> 4,905 vertices (3,185 trig, 2,090 trig+kin events)
  [1395/2901] nano_1395.root
         -> 3,298 vertices (2,226 trig, 1,501 trig+kin events)
  [1396/2901] nano_1396.root
         -> 3,646 vertices (2,352 trig, 1,573 trig+kin events)
  [1397/2901] nano_1397.root
         -> 3,175 vertices (1,969 trig, 1,308 trig+kin events)
  [1398/2901] nano_1398.root
         -> 4,088 vertices (2,600 trig, 1,718 trig+kin events)
  [1399/2901] nano_1399.root
         -> 5,241 vertices (3,270 trig, 2,230 trig+kin events)
  [1400/2901] nano_1400.root
         -> 2,915 vertices (1,902 trig, 1,259 trig+kin events)
  [1401/2901] nano_1401.root
         -> 5,266 vertices (3,264 trig, 2,174 trig+kin events)
  [1402/2901] nano_1402.root
         -> 2,590 vertices (1,682 trig, 1,125 trig+kin events)
  [1403/2901] nano_1403.root
         -> 4,967 vertices (3,225 trig, 2,151 trig+kin events)
  [1404/2901] nano_1404.root
         -> 3,907 vertices (2,723 trig, 1,791 trig+kin events)
  [1405/2901] nano_1405.root
         -> 4,919 vertices (3,282 trig, 2,184 trig+kin events)
  [1406/2901] nano_1406.root
         -> 2,950 vertices (1,788 trig, 1,219 trig+kin events)
  [1407/2901] nano_1407.root
         -> 3,369 vertices (2,048 trig, 1,367 trig+kin events)
  [1408/2901] nano_1408.root
         -> 3,123 vertices (2,029 trig, 1,385 trig+kin events)
  [1409/2901] nano_1409.root
         -> 4,803 vertices (3,228 trig, 2,134 trig+kin events)
  [1410/2901] nano_1410.root
         -> 3,509 vertices (2,344 trig, 1,560 trig+kin events)
  [1411/2901] nano_1411.root
         -> 4,799 vertices (3,241 trig, 2,166 trig+kin events)
  [1412/2901] nano_1412.root
         -> 4,976 vertices (3,139 trig, 2,081 trig+kin events)
  [1413/2901] nano_1413.root
         -> 5,094 vertices (3,176 trig, 2,158 trig+kin events)
  [1414/2901] nano_1414.root
         -> 3,762 vertices (2,389 trig, 1,643 trig+kin events)
  [1415/2901] nano_1415.root
         -> 4,828 vertices (3,195 trig, 2,126 trig+kin events)
  [1416/2901] nano_1416.root
         -> 2,900 vertices (1,822 trig, 1,242 trig+kin events)
  [1417/2901] nano_1417.root
         -> 4,699 vertices (3,159 trig, 2,114 trig+kin events)
  [1418/2901] nano_1418.root
         -> 4,937 vertices (3,305 trig, 2,171 trig+kin events)
  [1419/2901] nano_1419.root
         -> 3,303 vertices (2,027 trig, 1,376 trig+kin events)
  [1420/2901] nano_1420.root
         -> 5,384 vertices (3,311 trig, 2,219 trig+kin events)
  [1421/2901] nano_1421.root
         -> 2,440 vertices (1,632 trig, 1,073 trig+kin events)
  [1422/2901] nano_1422.root
         -> 3,183 vertices (1,932 trig, 1,289 trig+kin events)
  [1423/2901] nano_1423.root
         -> 2,722 vertices (1,699 trig, 1,160 trig+kin events)
  [1424/2901] nano_1424.root
         -> 2,847 vertices (1,698 trig, 1,183 trig+kin events)
  [1425/2901] nano_1425.root
         -> 4,697 vertices (3,169 trig, 2,105 trig+kin events)
  [1426/2901] nano_1426.root
         -> 2,845 vertices (1,851 trig, 1,249 trig+kin events)
  [1427/2901] nano_1427.root
         -> 3,691 vertices (2,454 trig, 1,615 trig+kin events)
  [1428/2901] nano_1428.root
         -> 2,607 vertices (1,710 trig, 1,114 trig+kin events)
  [1429/2901] nano_1429.root
         -> 5,312 vertices (3,327 trig, 2,249 trig+kin events)
  [1430/2901] nano_1430.root
         -> 2,626 vertices (1,700 trig, 1,141 trig+kin events)
  [1431/2901] nano_1431.root
         -> 4,241 vertices (2,839 trig, 1,848 trig+kin events)
  [1432/2901] nano_1432.root
         -> 4,091 vertices (2,498 trig, 1,704 trig+kin events)
  [1433/2901] nano_1433.root
         -> 3,017 vertices (1,985 trig, 1,333 trig+kin events)
  [1434/2901] nano_1434.root
         -> 2,715 vertices (1,840 trig, 1,246 trig+kin events)
  [1435/2901] nano_1435.root
         -> 2,971 vertices (1,817 trig, 1,213 trig+kin events)
  [1436/2901] nano_1436.root
         -> 2,738 vertices (1,842 trig, 1,217 trig+kin events)
  [1437/2901] nano_1437.root
         -> 1,972 vertices (1,313 trig, 889 trig+kin events)
  [1438/2901] nano_1438.root
         -> 5,133 vertices (3,165 trig, 2,141 trig+kin events)
  [1439/2901] nano_1439.root
         -> 5,061 vertices (3,119 trig, 2,084 trig+kin events)
  [1440/2901] nano_1440.root
         -> 4,990 vertices (3,237 trig, 2,180 trig+kin events)
  [1441/2901] nano_1441.root
         -> 2,575 vertices (1,633 trig, 1,087 trig+kin events)
  [1442/2901] nano_1442.root
         -> 4,713 vertices (3,223 trig, 2,129 trig+kin events)
  [1443/2901] nano_1443.root
         -> 4,899 vertices (3,171 trig, 2,143 trig+kin events)
  [1444/2901] nano_1444.root
         -> 4,645 vertices (3,121 trig, 2,103 trig+kin events)
  [1445/2901] nano_1445.root
         -> 2,810 vertices (1,843 trig, 1,230 trig+kin events)
  [1446/2901] nano_1446.root
         -> 4,633 vertices (3,170 trig, 2,151 trig+kin events)
  [1447/2901] nano_1447.root
         -> 4,813 vertices (3,243 trig, 2,122 trig+kin events)
  [1448/2901] nano_1448.root
         -> 4,995 vertices (3,208 trig, 2,128 trig+kin events)
  [1449/2901] nano_1449.root
         -> 4,106 vertices (2,481 trig, 1,670 trig+kin events)
  [1450/2901] nano_1450.root
         -> 2,401 vertices (1,641 trig, 1,066 trig+kin events)
  [1451/2901] nano_1451.root
         -> 3,026 vertices (1,837 trig, 1,235 trig+kin events)
  [1452/2901] nano_1452.root
         -> 2,934 vertices (1,884 trig, 1,272 trig+kin events)
  [1453/2901] nano_1453.root
         -> 5,012 vertices (3,187 trig, 2,174 trig+kin events)
  [1454/2901] nano_1454.root
         -> 2,608 vertices (1,687 trig, 1,148 trig+kin events)
  [1455/2901] nano_1455.root
         -> 4,648 vertices (3,216 trig, 2,150 trig+kin events)
  [1456/2901] nano_1456.root
         -> 4,299 vertices (2,782 trig, 1,851 trig+kin events)
  [1457/2901] nano_1457.root
         -> 4,424 vertices (3,027 trig, 2,041 trig+kin events)
  [1458/2901] nano_1458.root
         -> 4,903 vertices (3,284 trig, 2,186 trig+kin events)
  [1459/2901] nano_1459.root
         -> 5,140 vertices (3,222 trig, 2,190 trig+kin events)
  [1460/2901] nano_1460.root
         -> 5,050 vertices (3,200 trig, 2,145 trig+kin events)
  [1461/2901] nano_1461.root
         -> 5,232 vertices (3,276 trig, 2,167 trig+kin events)
  [1462/2901] nano_1462.root
         -> 2,259 vertices (1,631 trig, 1,030 trig+kin events)
  [1463/2901] nano_1463.root
         -> 3,440 vertices (2,152 trig, 1,420 trig+kin events)
  [1464/2901] nano_1464.root
         -> 4,937 vertices (3,170 trig, 2,106 trig+kin events)
  [1465/2901] nano_1465.root
         -> 5,011 vertices (3,197 trig, 2,166 trig+kin events)
  [1466/2901] nano_1466.root
         -> 4,324 vertices (2,628 trig, 1,779 trig+kin events)
  [1467/2901] nano_1467.root
         -> 4,552 vertices (2,942 trig, 1,950 trig+kin events)
  [1468/2901] nano_1468.root
         -> 3,022 vertices (1,924 trig, 1,295 trig+kin events)
  [1469/2901] nano_1469.root
         -> 203 vertices (124 trig, 83 trig+kin events)
  [1470/2901] nano_1470.root
         -> 5,113 vertices (3,188 trig, 2,133 trig+kin events)
  [1471/2901] nano_1471.root
         -> 5,119 vertices (3,316 trig, 2,220 trig+kin events)
  [1472/2901] nano_1472.root
         -> 3,028 vertices (2,085 trig, 1,357 trig+kin events)
  [1473/2901] nano_1473.root
         -> 4,967 vertices (3,227 trig, 2,180 trig+kin events)
  [1474/2901] nano_1474.root
         -> 2,650 vertices (1,741 trig, 1,177 trig+kin events)
  [1475/2901] nano_1475.root
         -> 2,508 vertices (1,679 trig, 1,118 trig+kin events)
  [1476/2901] nano_1476.root
         -> 2,977 vertices (1,793 trig, 1,191 trig+kin events)
  [1477/2901] nano_1477.root
         -> 4,802 vertices (3,186 trig, 2,126 trig+kin events)
  [1478/2901] nano_1478.root
         -> 3,412 vertices (2,219 trig, 1,499 trig+kin events)
  [1479/2901] nano_1479.root
         -> 2,829 vertices (1,772 trig, 1,200 trig+kin events)
  [1480/2901] nano_1480.root
         -> 5,068 vertices (3,252 trig, 2,146 trig+kin events)
  [1481/2901] nano_1481.root
         -> 2,986 vertices (1,896 trig, 1,282 trig+kin events)
  [1482/2901] nano_1482.root
         -> 4,096 vertices (2,792 trig, 1,817 trig+kin events)
  [1483/2901] nano_1483.root
         -> 2,407 vertices (1,527 trig, 1,029 trig+kin events)
  [1484/2901] nano_1484.root
         -> 5,229 vertices (3,256 trig, 2,162 trig+kin events)
  [1485/2901] nano_1485.root
         -> 5,158 vertices (3,281 trig, 2,220 trig+kin events)
  [1486/2901] nano_1486.root
         -> 2,564 vertices (1,693 trig, 1,128 trig+kin events)
  [1487/2901] nano_1487.root
         -> 4,668 vertices (3,193 trig, 2,146 trig+kin events)
  [1488/2901] nano_1488.root
         -> 3,363 vertices (2,082 trig, 1,394 trig+kin events)
  [1489/2901] nano_1489.root
         -> 5,065 vertices (3,263 trig, 2,183 trig+kin events)
  [1490/2901] nano_1490.root
         -> 5,166 vertices (3,355 trig, 2,229 trig+kin events)
  [1491/2901] nano_1491.root
         -> 5,094 vertices (3,107 trig, 2,077 trig+kin events)
  [1492/2901] nano_1492.root
         -> 4,580 vertices (3,142 trig, 2,115 trig+kin events)
  [1493/2901] nano_1493.root
         -> 4,988 vertices (3,187 trig, 2,130 trig+kin events)
  [1494/2901] nano_1494.root
         -> 2,948 vertices (1,979 trig, 1,305 trig+kin events)
  [1495/2901] nano_1495.root
         -> 3,406 vertices (2,174 trig, 1,444 trig+kin events)
  [1496/2901] nano_1496.root
         -> 5,060 vertices (3,172 trig, 2,106 trig+kin events)
  [1497/2901] nano_1497.root
         -> 3,932 vertices (2,579 trig, 1,725 trig+kin events)
  [1498/2901] nano_1498.root
         -> 4,801 vertices (3,140 trig, 2,074 trig+kin events)
  [1499/2901] nano_1499.root
         -> 2,867 vertices (1,796 trig, 1,200 trig+kin events)
  [1500/2901] nano_1500.root
         -> 4,872 vertices (3,138 trig, 2,093 trig+kin events)
  [1501/2901] nano_1501.root
         -> 4,780 vertices (3,069 trig, 2,079 trig+kin events)
  [1502/2901] nano_1502.root
         -> 3,379 vertices (2,046 trig, 1,375 trig+kin events)
  [1503/2901] nano_1503.root
         -> 2,941 vertices (1,859 trig, 1,259 trig+kin events)
  [1504/2901] nano_1504.root
         -> 5,083 vertices (3,181 trig, 2,131 trig+kin events)
  [1505/2901] nano_1505.root
         -> 3,753 vertices (2,340 trig, 1,586 trig+kin events)
  [1506/2901] nano_1506.root
         -> 4,894 vertices (3,125 trig, 2,030 trig+kin events)
  [1507/2901] nano_1507.root
         -> 3,174 vertices (2,079 trig, 1,394 trig+kin events)
  [1508/2901] nano_1508.root
         -> 4,793 vertices (3,272 trig, 2,158 trig+kin events)
  [1509/2901] nano_1509.root
         -> 5,060 vertices (3,242 trig, 2,210 trig+kin events)
  [1510/2901] nano_1510.root
         -> 4,325 vertices (2,775 trig, 1,830 trig+kin events)
  [1511/2901] nano_1511.root
         -> 2,782 vertices (1,917 trig, 1,312 trig+kin events)
  [1512/2901] nano_1512.root
         -> 3,216 vertices (1,984 trig, 1,387 trig+kin events)
  [1513/2901] nano_1513.root
         -> 4,824 vertices (3,271 trig, 2,157 trig+kin events)
  [1514/2901] nano_1514.root
         -> 4,967 vertices (3,194 trig, 2,197 trig+kin events)
  [1515/2901] nano_1515.root
         -> 5,213 vertices (3,191 trig, 2,134 trig+kin events)
  [1516/2901] nano_1516.root
         -> 3,793 vertices (2,437 trig, 1,682 trig+kin events)
  [1517/2901] nano_1517.root
         -> 4,964 vertices (3,194 trig, 2,186 trig+kin events)
  [1518/2901] nano_1518.root
         -> 4,953 vertices (3,241 trig, 2,209 trig+kin events)
  [1519/2901] nano_1519.root
         -> 2,836 vertices (1,786 trig, 1,181 trig+kin events)
  [1520/2901] nano_1520.root
         -> 3,507 vertices (2,160 trig, 1,437 trig+kin events)
  [1521/2901] nano_1521.root
         -> 3,964 vertices (2,583 trig, 1,730 trig+kin events)
  [1522/2901] nano_1522.root
         -> 4,877 vertices (3,174 trig, 2,104 trig+kin events)
  [1523/2901] nano_1523.root
         -> 3,960 vertices (2,638 trig, 1,745 trig+kin events)
  [1524/2901] nano_1524.root
         -> 2,858 vertices (1,809 trig, 1,231 trig+kin events)
  [1525/2901] nano_1525.root
         -> 3,960 vertices (2,495 trig, 1,692 trig+kin events)
  [1526/2901] nano_1526.root
         -> 4,707 vertices (3,164 trig, 2,108 trig+kin events)
  [1527/2901] nano_1527.root
         -> 3,612 vertices (2,093 trig, 1,407 trig+kin events)
  [1528/2901] nano_1528.root
         -> 951 vertices (588 trig, 400 trig+kin events)
  [1529/2901] nano_1529.root
         -> 3,666 vertices (2,198 trig, 1,519 trig+kin events)
  [1530/2901] nano_1530.root
         -> 4,362 vertices (2,717 trig, 1,874 trig+kin events)
  [1531/2901] nano_1531.root
         -> 4,989 vertices (3,227 trig, 2,152 trig+kin events)
  [1532/2901] nano_1532.root
         -> 5,006 vertices (3,196 trig, 2,133 trig+kin events)
  [1533/2901] nano_1533.root
         -> 5,021 vertices (3,221 trig, 2,165 trig+kin events)
  [1534/2901] nano_1534.root
         -> 3,039 vertices (1,924 trig, 1,283 trig+kin events)
  [1535/2901] nano_1535.root
         -> 3,072 vertices (2,020 trig, 1,378 trig+kin events)
  [1536/2901] nano_1536.root
         -> 5,218 vertices (3,216 trig, 2,160 trig+kin events)
  [1537/2901] nano_1537.root
         -> 5,038 vertices (3,213 trig, 2,156 trig+kin events)
  [1538/2901] nano_1538.root
         -> 5,029 vertices (3,255 trig, 2,163 trig+kin events)
  [1539/2901] nano_1539.root
         -> 5,280 vertices (3,319 trig, 2,207 trig+kin events)
  [1540/2901] nano_1540.root
         -> 4,732 vertices (3,270 trig, 2,182 trig+kin events)
  [1541/2901] nano_1541.root
         -> 4,834 vertices (3,095 trig, 2,057 trig+kin events)
  [1542/2901] nano_1542.root
         -> 3,031 vertices (1,946 trig, 1,310 trig+kin events)
  [1543/2901] nano_1543.root
         -> 3,642 vertices (2,166 trig, 1,502 trig+kin events)
  [1544/2901] nano_1544.root
         -> 3,083 vertices (2,037 trig, 1,347 trig+kin events)
  [1545/2901] nano_1545.root
         -> 4,806 vertices (3,190 trig, 2,179 trig+kin events)
  [1546/2901] nano_1546.root
         -> 5,268 vertices (3,293 trig, 2,254 trig+kin events)
  [1547/2901] nano_1547.root
         -> 3,275 vertices (2,110 trig, 1,423 trig+kin events)
  [1548/2901] nano_1548.root
         -> 5,065 vertices (3,195 trig, 2,126 trig+kin events)
  [1549/2901] nano_1549.root
         -> 4,498 vertices (2,961 trig, 1,962 trig+kin events)
  [1550/2901] nano_1550.root
         -> 2,752 vertices (1,671 trig, 1,102 trig+kin events)
  [1551/2901] nano_1551.root
         -> 4,293 vertices (2,625 trig, 1,740 trig+kin events)
  [1552/2901] nano_1552.root
         -> 2,692 vertices (1,873 trig, 1,202 trig+kin events)
  [1553/2901] nano_1553.root
         -> 3,931 vertices (2,556 trig, 1,681 trig+kin events)
  [1554/2901] nano_1554.root
         -> 839 vertices (493 trig, 331 trig+kin events)
  [1555/2901] nano_1555.root
         -> 4,078 vertices (2,463 trig, 1,676 trig+kin events)
  [1556/2901] nano_1556.root
         -> 5,106 vertices (3,304 trig, 2,187 trig+kin events)
  [1557/2901] nano_1557.root
         -> 2,773 vertices (1,838 trig, 1,202 trig+kin events)
  [1558/2901] nano_1558.root
         -> 4,700 vertices (3,135 trig, 2,111 trig+kin events)
  [1559/2901] nano_1559.root
         -> 5,057 vertices (3,183 trig, 2,136 trig+kin events)
  [1560/2901] nano_1560.root
         -> 4,942 vertices (3,180 trig, 2,126 trig+kin events)
  [1561/2901] nano_1561.root
         -> 4,643 vertices (3,154 trig, 2,091 trig+kin events)
  [1562/2901] nano_1562.root
         -> 4,347 vertices (2,775 trig, 1,887 trig+kin events)
  [1563/2901] nano_1563.root
         -> 5,011 vertices (3,242 trig, 2,170 trig+kin events)
  [1564/2901] nano_1564.root
         -> 2,866 vertices (1,801 trig, 1,218 trig+kin events)
  [1565/2901] nano_1565.root
         -> 2,758 vertices (1,789 trig, 1,189 trig+kin events)
  [1566/2901] nano_1566.root
         -> 2,806 vertices (1,865 trig, 1,264 trig+kin events)
  [1567/2901] nano_1567.root
         -> 5,080 vertices (3,163 trig, 2,140 trig+kin events)
  [1568/2901] nano_1568.root
         -> 4,514 vertices (2,793 trig, 1,902 trig+kin events)
  [1569/2901] nano_1569.root
         -> 4,814 vertices (3,267 trig, 2,192 trig+kin events)
  [1570/2901] nano_1570.root
         -> 2,650 vertices (1,726 trig, 1,174 trig+kin events)
  [1571/2901] nano_1571.root
         -> 2,706 vertices (1,747 trig, 1,150 trig+kin events)
  [1572/2901] nano_1572.root
         -> 3,011 vertices (2,012 trig, 1,354 trig+kin events)
  [1573/2901] nano_1573.root
         -> 4,783 vertices (3,062 trig, 2,079 trig+kin events)
  [1574/2901] nano_1574.root
         -> 3,625 vertices (2,345 trig, 1,553 trig+kin events)
  [1575/2901] nano_1575.root
         -> 5,152 vertices (3,227 trig, 2,174 trig+kin events)
  [1576/2901] nano_1576.root
         -> 4,898 vertices (3,242 trig, 2,177 trig+kin events)
  [1577/2901] nano_1577.root
         -> 4,715 vertices (3,129 trig, 2,067 trig+kin events)
  [1578/2901] nano_1578.root
         -> 4,530 vertices (2,929 trig, 1,902 trig+kin events)
  [1579/2901] nano_1579.root
         -> 3,612 vertices (2,338 trig, 1,574 trig+kin events)
  [1580/2901] nano_1580.root
         -> 2,506 vertices (1,652 trig, 1,107 trig+kin events)
  [1581/2901] nano_1581.root
         -> 4,865 vertices (3,191 trig, 2,135 trig+kin events)
  [1582/2901] nano_1582.root
         -> 5,052 vertices (3,284 trig, 2,197 trig+kin events)
  [1583/2901] nano_1583.root
         -> 4,741 vertices (3,127 trig, 2,066 trig+kin events)
  [1584/2901] nano_1584.root
         -> 4,746 vertices (2,958 trig, 1,977 trig+kin events)
  [1585/2901] nano_1585.root
         -> 2,749 vertices (1,768 trig, 1,175 trig+kin events)
  [1586/2901] nano_1586.root
         -> 3,321 vertices (2,170 trig, 1,456 trig+kin events)
  [1587/2901] nano_1587.root
         -> 5,262 vertices (3,231 trig, 2,147 trig+kin events)
  [1588/2901] nano_1588.root
         -> 5,172 vertices (3,231 trig, 2,151 trig+kin events)
  [1589/2901] nano_1589.root
         -> 3,229 vertices (2,168 trig, 1,432 trig+kin events)
  [1590/2901] nano_1590.root
         -> 4,696 vertices (3,198 trig, 2,061 trig+kin events)
  [1591/2901] nano_1591.root
         -> 4,796 vertices (3,227 trig, 2,097 trig+kin events)
  [1592/2901] nano_1592.root
         -> 5,224 vertices (3,143 trig, 2,083 trig+kin events)
  [1593/2901] nano_1593.root
         -> 5,030 vertices (3,262 trig, 2,173 trig+kin events)
  [1594/2901] nano_1594.root
         -> 3,087 vertices (2,015 trig, 1,350 trig+kin events)
  [1595/2901] nano_1595.root
         -> 4,640 vertices (3,018 trig, 2,032 trig+kin events)
  [1596/2901] nano_1596.root
         -> 4,782 vertices (3,143 trig, 2,069 trig+kin events)
  [1597/2901] nano_1597.root
         -> 3,096 vertices (2,186 trig, 1,445 trig+kin events)
  [1598/2901] nano_1598.root
         -> 4,971 vertices (3,168 trig, 2,135 trig+kin events)
  [1599/2901] nano_1599.root
         -> 3,292 vertices (2,093 trig, 1,360 trig+kin events)
  [1600/2901] nano_1600.root
         -> 3,585 vertices (2,465 trig, 1,633 trig+kin events)
  [1601/2901] nano_1601.root
         -> 2,823 vertices (1,913 trig, 1,279 trig+kin events)
  [1602/2901] nano_1602.root
         -> 3,780 vertices (2,388 trig, 1,605 trig+kin events)
  [1603/2901] nano_1603.root
         -> 3,292 vertices (1,992 trig, 1,326 trig+kin events)
  [1604/2901] nano_1604.root
         -> 2,408 vertices (1,615 trig, 1,088 trig+kin events)
  [1605/2901] nano_1605.root
         -> 2,828 vertices (1,939 trig, 1,279 trig+kin events)
  [1606/2901] nano_1606.root
         -> 2,337 vertices (1,642 trig, 1,062 trig+kin events)
  [1607/2901] nano_1607.root
         -> 4,195 vertices (2,775 trig, 1,839 trig+kin events)
  [1608/2901] nano_1608.root
         -> 2,623 vertices (1,651 trig, 1,113 trig+kin events)
  [1609/2901] nano_1609.root
         -> 2,689 vertices (1,718 trig, 1,139 trig+kin events)
  [1610/2901] nano_1610.root
         -> 5,108 vertices (3,233 trig, 2,150 trig+kin events)
  [1611/2901] nano_1611.root
         -> 2,906 vertices (1,859 trig, 1,241 trig+kin events)
  [1612/2901] nano_1612.root
         -> 2,649 vertices (1,762 trig, 1,174 trig+kin events)
  [1613/2901] nano_1613.root
         -> 2,920 vertices (1,778 trig, 1,217 trig+kin events)
  [1614/2901] nano_1614.root
         -> 5,135 vertices (3,271 trig, 2,162 trig+kin events)
  [1615/2901] nano_1615.root
         -> 2,217 vertices (1,546 trig, 1,056 trig+kin events)
  [1616/2901] nano_1616.root
         -> 5,078 vertices (3,177 trig, 2,173 trig+kin events)
  [1617/2901] nano_1617.root
         -> 4,875 vertices (3,229 trig, 2,112 trig+kin events)
  [1618/2901] nano_1618.root
         -> 2,780 vertices (1,817 trig, 1,220 trig+kin events)
  [1619/2901] nano_1619.root
         -> 5,126 vertices (3,258 trig, 2,171 trig+kin events)
  [1620/2901] nano_1620.root
         -> 5,157 vertices (3,178 trig, 2,168 trig+kin events)
  [1621/2901] nano_1621.root
         -> 5,006 vertices (3,141 trig, 2,128 trig+kin events)
  [1622/2901] nano_1622.root
         -> 5,058 vertices (3,165 trig, 2,135 trig+kin events)
  [1623/2901] nano_1623.root
         -> 4,802 vertices (3,106 trig, 2,094 trig+kin events)
  [1624/2901] nano_1624.root
         -> 2,635 vertices (1,654 trig, 1,096 trig+kin events)
  [1625/2901] nano_1625.root
         -> 4,979 vertices (3,220 trig, 2,140 trig+kin events)
  [1626/2901] nano_1626.root
         -> 3,367 vertices (2,205 trig, 1,499 trig+kin events)
  [1627/2901] nano_1627.root
         -> 5,129 vertices (3,284 trig, 2,205 trig+kin events)
  [1628/2901] nano_1628.root
         -> 3,566 vertices (2,187 trig, 1,469 trig+kin events)
  [1629/2901] nano_1629.root
         -> 4,721 vertices (3,114 trig, 2,051 trig+kin events)
  [1630/2901] nano_1630.root
         -> 2,604 vertices (1,745 trig, 1,172 trig+kin events)
  [1631/2901] nano_1631.root
         -> 3,293 vertices (1,946 trig, 1,300 trig+kin events)
  [1632/2901] nano_1632.root
         -> 5,101 vertices (3,212 trig, 2,162 trig+kin events)
  [1633/2901] nano_1633.root
         -> 513 vertices (383 trig, 246 trig+kin events)
  [1634/2901] nano_1634.root
         -> 4,614 vertices (3,143 trig, 2,105 trig+kin events)
  [1635/2901] nano_1635.root
         -> 5,144 vertices (3,223 trig, 2,155 trig+kin events)
  [1636/2901] nano_1636.root
         -> 3,226 vertices (2,025 trig, 1,342 trig+kin events)
  [1637/2901] nano_1637.root
         -> 4,752 vertices (3,084 trig, 2,062 trig+kin events)
  [1638/2901] nano_1638.root
         -> 5,124 vertices (3,195 trig, 2,149 trig+kin events)
  [1639/2901] nano_1639.root
         -> 2,958 vertices (1,794 trig, 1,215 trig+kin events)
  [1640/2901] nano_1640.root
         -> 4,369 vertices (2,671 trig, 1,815 trig+kin events)
  [1641/2901] nano_1641.root
         -> 5,060 vertices (3,214 trig, 2,165 trig+kin events)
  [1642/2901] nano_1642.root
         -> 2,894 vertices (1,837 trig, 1,195 trig+kin events)
  [1643/2901] nano_1643.root
         -> 4,826 vertices (3,201 trig, 2,121 trig+kin events)
  [1644/2901] nano_1644.root
         -> 2,950 vertices (1,862 trig, 1,252 trig+kin events)
  [1645/2901] nano_1645.root
         -> 3,272 vertices (1,975 trig, 1,326 trig+kin events)
  [1646/2901] nano_1646.root
         -> 3,526 vertices (2,283 trig, 1,539 trig+kin events)
  [1647/2901] nano_1647.root
         -> 4,181 vertices (2,745 trig, 1,830 trig+kin events)
  [1648/2901] nano_1648.root
         -> 2,650 vertices (1,736 trig, 1,112 trig+kin events)
  [1649/2901] nano_1649.root
         -> 3,168 vertices (2,011 trig, 1,328 trig+kin events)
  [1650/2901] nano_1650.root
         -> 5,039 vertices (3,188 trig, 2,111 trig+kin events)
  [1651/2901] nano_1651.root
         -> 3,866 vertices (2,710 trig, 1,762 trig+kin events)
  [1652/2901] nano_1652.root
         -> 5,008 vertices (3,197 trig, 2,173 trig+kin events)
  [1653/2901] nano_1653.root
         -> 4,772 vertices (3,206 trig, 2,173 trig+kin events)
  [1654/2901] nano_1654.root
         -> 3,902 vertices (2,497 trig, 1,710 trig+kin events)
  [1655/2901] nano_1655.root
         -> 4,630 vertices (2,915 trig, 1,973 trig+kin events)
  [1656/2901] nano_1656.root
         -> 5,174 vertices (3,147 trig, 2,153 trig+kin events)
  [1657/2901] nano_1657.root
         -> 3,279 vertices (2,151 trig, 1,433 trig+kin events)
  [1658/2901] nano_1658.root
         -> 4,709 vertices (3,158 trig, 2,114 trig+kin events)
  [1659/2901] nano_1659.root
         -> 2,834 vertices (1,697 trig, 1,134 trig+kin events)
  [1660/2901] nano_1660.root
         -> 5,028 vertices (3,280 trig, 2,196 trig+kin events)
  [1661/2901] nano_1661.root
         -> 5,025 vertices (3,248 trig, 2,216 trig+kin events)
  [1662/2901] nano_1662.root
         -> 4,801 vertices (3,095 trig, 2,103 trig+kin events)
  [1663/2901] nano_1663.root
         -> 4,937 vertices (3,147 trig, 2,112 trig+kin events)
  [1664/2901] nano_1664.root
         -> 4,814 vertices (3,072 trig, 2,064 trig+kin events)
  [1665/2901] nano_1665.root
         -> 3,117 vertices (1,813 trig, 1,244 trig+kin events)
  [1666/2901] nano_1666.root
         -> 4,704 vertices (3,103 trig, 2,071 trig+kin events)
  [1667/2901] nano_1667.root
         -> 4,876 vertices (3,179 trig, 2,065 trig+kin events)
  [1668/2901] nano_1668.root
         -> 4,891 vertices (3,107 trig, 2,051 trig+kin events)
  [1669/2901] nano_1669.root
         -> 4,948 vertices (3,216 trig, 2,110 trig+kin events)
  [1670/2901] nano_1670.root
         -> 5,066 vertices (3,289 trig, 2,198 trig+kin events)
  [1671/2901] nano_1671.root
         -> 2,530 vertices (1,767 trig, 1,170 trig+kin events)
  [1672/2901] nano_1672.root
         -> 2,776 vertices (1,880 trig, 1,263 trig+kin events)
  [1673/2901] nano_1673.root
         -> 2,554 vertices (1,683 trig, 1,117 trig+kin events)
  [1674/2901] nano_1674.root
         -> 5,035 vertices (3,157 trig, 2,168 trig+kin events)
  [1675/2901] nano_1675.root
         -> 4,508 vertices (3,001 trig, 2,015 trig+kin events)
  [1676/2901] nano_1676.root
         -> 5,079 vertices (3,158 trig, 2,130 trig+kin events)
  [1677/2901] nano_1677.root
         -> 4,793 vertices (3,137 trig, 2,106 trig+kin events)
  [1678/2901] nano_1678.root
         -> 4,942 vertices (3,236 trig, 2,197 trig+kin events)
  [1679/2901] nano_1679.root
         -> 2,757 vertices (1,771 trig, 1,219 trig+kin events)
  [1680/2901] nano_1680.root
         -> 5,076 vertices (3,234 trig, 2,176 trig+kin events)
  [1681/2901] nano_1681.root
         -> 2,477 vertices (1,668 trig, 1,110 trig+kin events)
  [1682/2901] nano_1682.root
         -> 4,819 vertices (3,213 trig, 2,156 trig+kin events)
  [1683/2901] nano_1683.root
         -> 3,058 vertices (1,911 trig, 1,266 trig+kin events)
  [1684/2901] nano_1684.root
         -> 1,477 vertices (879 trig, 568 trig+kin events)
  [1685/2901] nano_1685.root
         -> 4,881 vertices (3,197 trig, 2,110 trig+kin events)
  [1686/2901] nano_1686.root
         -> 5,003 vertices (3,245 trig, 2,169 trig+kin events)
  [1687/2901] nano_1687.root
         -> 5,353 vertices (3,285 trig, 2,187 trig+kin events)
  [1688/2901] nano_1688.root
         -> 4,912 vertices (3,260 trig, 2,157 trig+kin events)
  [1689/2901] nano_1689.root
         -> 5,026 vertices (3,186 trig, 2,116 trig+kin events)
  [1690/2901] nano_1690.root
         -> 5,229 vertices (3,180 trig, 2,120 trig+kin events)
  [1691/2901] nano_1691.root
         -> 4,758 vertices (3,211 trig, 2,137 trig+kin events)
  [1692/2901] nano_1692.root
         -> 2,743 vertices (1,713 trig, 1,137 trig+kin events)
  [1693/2901] nano_1693.root
         -> 3,018 vertices (1,753 trig, 1,216 trig+kin events)
  [1694/2901] nano_1694.root
         -> 3,121 vertices (1,932 trig, 1,279 trig+kin events)
  [1695/2901] nano_1695.root
         -> 4,868 vertices (3,063 trig, 2,083 trig+kin events)
  [1696/2901] nano_1696.root
         -> 5,085 vertices (3,267 trig, 2,180 trig+kin events)
  [1697/2901] nano_1697.root
         -> 4,411 vertices (3,006 trig, 1,986 trig+kin events)
  [1698/2901] nano_1698.root
         -> 4,875 vertices (3,145 trig, 2,091 trig+kin events)
  [1699/2901] nano_1699.root
         -> 4,846 vertices (3,151 trig, 2,070 trig+kin events)
  [1700/2901] nano_1700.root
         -> 5,029 vertices (3,189 trig, 2,162 trig+kin events)
  [1701/2901] nano_1701.root
         -> 4,278 vertices (2,792 trig, 1,905 trig+kin events)
  [1702/2901] nano_1702.root
         -> 5,143 vertices (3,184 trig, 2,137 trig+kin events)
  [1703/2901] nano_1703.root
         -> 5,081 vertices (3,149 trig, 2,098 trig+kin events)
  [1704/2901] nano_1704.root
         -> 4,977 vertices (3,192 trig, 2,135 trig+kin events)
  [1705/2901] nano_1705.root
         -> 3,891 vertices (2,660 trig, 1,800 trig+kin events)
  [1706/2901] nano_1706.root
         -> 2,988 vertices (1,945 trig, 1,287 trig+kin events)
  [1707/2901] nano_1707.root
         -> 4,776 vertices (3,109 trig, 2,082 trig+kin events)
  [1708/2901] nano_1708.root
         -> 4,954 vertices (3,209 trig, 2,098 trig+kin events)
  [1709/2901] nano_1709.root
         -> 3,894 vertices (2,431 trig, 1,611 trig+kin events)
  [1710/2901] nano_1710.root
         -> 3,065 vertices (1,911 trig, 1,291 trig+kin events)
  [1711/2901] nano_1711.root
         -> 5,127 vertices (3,267 trig, 2,172 trig+kin events)
  [1712/2901] nano_1712.root
         -> 4,309 vertices (2,736 trig, 1,844 trig+kin events)
  [1713/2901] nano_1713.root
         -> 3,283 vertices (2,149 trig, 1,442 trig+kin events)
  [1714/2901] nano_1714.root
         -> 4,951 vertices (3,254 trig, 2,151 trig+kin events)
  [1715/2901] nano_1715.root
         -> 4,554 vertices (2,943 trig, 1,957 trig+kin events)
  [1716/2901] nano_1716.root
         -> 3,855 vertices (2,376 trig, 1,625 trig+kin events)
  [1717/2901] nano_1717.root
         -> 3,008 vertices (1,990 trig, 1,296 trig+kin events)
  [1718/2901] nano_1718.root
         -> 5,369 vertices (3,164 trig, 2,125 trig+kin events)
  [1719/2901] nano_1719.root
         -> 4,931 vertices (3,029 trig, 2,017 trig+kin events)
  [1720/2901] nano_1720.root
         -> 4,988 vertices (3,187 trig, 2,160 trig+kin events)
  [1721/2901] nano_1721.root
         -> 4,759 vertices (3,176 trig, 2,099 trig+kin events)
  [1722/2901] nano_1722.root
         -> 5,025 vertices (3,220 trig, 2,139 trig+kin events)
  [1723/2901] nano_1723.root
         -> 4,462 vertices (2,982 trig, 2,008 trig+kin events)
  [1724/2901] nano_1724.root
         -> 3,163 vertices (1,916 trig, 1,299 trig+kin events)
  [1725/2901] nano_1725.root
         -> 4,869 vertices (3,161 trig, 2,114 trig+kin events)
  [1726/2901] nano_1726.root
         -> 4,139 vertices (2,747 trig, 1,826 trig+kin events)
  [1727/2901] nano_1727.root
         -> 3,136 vertices (2,017 trig, 1,314 trig+kin events)
  [1728/2901] nano_1728.root
         -> 2,928 vertices (1,903 trig, 1,256 trig+kin events)
  [1729/2901] nano_1729.root
         -> 3,064 vertices (1,893 trig, 1,278 trig+kin events)
  [1730/2901] nano_1730.root
         -> 4,870 vertices (3,130 trig, 2,055 trig+kin events)
  [1731/2901] nano_1731.root
         -> 4,899 vertices (3,116 trig, 2,094 trig+kin events)
  [1732/2901] nano_1732.root
         -> 258 vertices (155 trig, 104 trig+kin events)
  [1733/2901] nano_1733.root
         -> 5,034 vertices (3,213 trig, 2,166 trig+kin events)
  [1734/2901] nano_1734.root
         -> 4,473 vertices (3,113 trig, 2,045 trig+kin events)
  [1735/2901] nano_1735.root
         -> 4,867 vertices (3,163 trig, 2,136 trig+kin events)
  [1736/2901] nano_1736.root
         -> 5,170 vertices (3,174 trig, 2,150 trig+kin events)
  [1737/2901] nano_1737.root
         -> 3,675 vertices (2,390 trig, 1,581 trig+kin events)
  [1738/2901] nano_1738.root
         -> 4,093 vertices (2,687 trig, 1,785 trig+kin events)
  [1739/2901] nano_1739.root
         -> 5,260 vertices (3,279 trig, 2,153 trig+kin events)
  [1740/2901] nano_1740.root
         -> 3,423 vertices (2,181 trig, 1,469 trig+kin events)
  [1741/2901] nano_1741.root
         -> 4,641 vertices (3,087 trig, 2,041 trig+kin events)
  [1742/2901] nano_1742.root
         -> 4,991 vertices (3,214 trig, 2,165 trig+kin events)
  [1743/2901] nano_1743.root
         -> 2,642 vertices (1,668 trig, 1,138 trig+kin events)
  [1744/2901] nano_1744.root
         -> 4,212 vertices (2,722 trig, 1,750 trig+kin events)
  [1745/2901] nano_1745.root
         -> 2,721 vertices (1,795 trig, 1,193 trig+kin events)
  [1746/2901] nano_1746.root
         -> 4,439 vertices (3,172 trig, 2,083 trig+kin events)
  [1747/2901] nano_1747.root
         -> 3,537 vertices (2,230 trig, 1,494 trig+kin events)
  [1748/2901] nano_1748.root
         -> 3,688 vertices (2,362 trig, 1,560 trig+kin events)
  [1749/2901] nano_1749.root
         -> 811 vertices (537 trig, 359 trig+kin events)
  [1750/2901] nano_1750.root
         -> 3,087 vertices (1,951 trig, 1,300 trig+kin events)
  [1751/2901] nano_1751.root
         -> 3,635 vertices (2,301 trig, 1,557 trig+kin events)
  [1752/2901] nano_1752.root
         -> 3,905 vertices (2,568 trig, 1,732 trig+kin events)
  [1753/2901] nano_1753.root
         -> 4,398 vertices (2,754 trig, 1,839 trig+kin events)
  [1754/2901] nano_1754.root
         -> 4,575 vertices (2,874 trig, 1,925 trig+kin events)
  [1755/2901] nano_1755.root
         -> 3,260 vertices (2,126 trig, 1,414 trig+kin events)
  [1756/2901] nano_1756.root
         -> 4,855 vertices (3,130 trig, 2,119 trig+kin events)
  [1757/2901] nano_1757.root
         -> 3,051 vertices (1,940 trig, 1,298 trig+kin events)
  [1758/2901] nano_1758.root
         -> 2,820 vertices (1,957 trig, 1,271 trig+kin events)
  [1759/2901] nano_1759.root
         -> 4,384 vertices (2,715 trig, 1,852 trig+kin events)
  [1760/2901] nano_1760.root
         -> 5,233 vertices (3,207 trig, 2,164 trig+kin events)
  [1761/2901] nano_1761.root
         -> 3,863 vertices (2,604 trig, 1,685 trig+kin events)
  [1762/2901] nano_1762.root
         -> 5,014 vertices (3,206 trig, 2,111 trig+kin events)
  [1763/2901] nano_1763.root
         -> 4,830 vertices (3,127 trig, 2,078 trig+kin events)
  [1764/2901] nano_1764.root
         -> 2,475 vertices (1,671 trig, 1,081 trig+kin events)
  [1765/2901] nano_1765.root
         -> 3,549 vertices (2,201 trig, 1,485 trig+kin events)
  [1766/2901] nano_1766.root
         -> 4,893 vertices (3,122 trig, 2,100 trig+kin events)
  [1767/2901] nano_1767.root
         -> 3,442 vertices (2,152 trig, 1,431 trig+kin events)
  [1768/2901] nano_1768.root
         -> 5,031 vertices (3,199 trig, 2,125 trig+kin events)
  [1769/2901] nano_1769.root
         -> 5,281 vertices (3,223 trig, 2,169 trig+kin events)
  [1770/2901] nano_1770.root
         -> 2,294 vertices (1,439 trig, 963 trig+kin events)
  [1771/2901] nano_1771.root
         -> 3,592 vertices (2,271 trig, 1,519 trig+kin events)
  [1772/2901] nano_1772.root
         -> 4,753 vertices (3,198 trig, 2,116 trig+kin events)
  [1773/2901] nano_1773.root
         -> 4,439 vertices (3,120 trig, 2,050 trig+kin events)
  [1774/2901] nano_1774.root
         -> 5,009 vertices (3,238 trig, 2,157 trig+kin events)
  [1775/2901] nano_1775.root
         -> 2,881 vertices (1,913 trig, 1,268 trig+kin events)
  [1776/2901] nano_1776.root
         -> 3,828 vertices (2,536 trig, 1,695 trig+kin events)
  [1777/2901] nano_1777.root
         -> 5,230 vertices (3,226 trig, 2,199 trig+kin events)
  [1778/2901] nano_1778.root
         -> 5,008 vertices (3,211 trig, 2,126 trig+kin events)
  [1779/2901] nano_1779.root
         -> 4,933 vertices (3,272 trig, 2,187 trig+kin events)
  [1780/2901] nano_1780.root
         -> 5,139 vertices (3,314 trig, 2,209 trig+kin events)
  [1781/2901] nano_1781.root
         -> 2,543 vertices (1,632 trig, 1,043 trig+kin events)
  [1782/2901] nano_1782.root
         -> 4,750 vertices (3,265 trig, 2,178 trig+kin events)
  [1783/2901] nano_1783.root
         -> 5,235 vertices (3,204 trig, 2,133 trig+kin events)
  [1784/2901] nano_1784.root
         -> 2,596 vertices (1,681 trig, 1,085 trig+kin events)
  [1785/2901] nano_1785.root
         -> 3,799 vertices (2,349 trig, 1,575 trig+kin events)
  [1786/2901] nano_1786.root
         -> 2,608 vertices (1,787 trig, 1,150 trig+kin events)
  [1787/2901] nano_1787.root
         -> 5,084 vertices (3,254 trig, 2,208 trig+kin events)
  [1788/2901] nano_1788.root
         -> 3,487 vertices (2,262 trig, 1,470 trig+kin events)
  [1789/2901] nano_1789.root
         -> 4,774 vertices (3,049 trig, 2,008 trig+kin events)
  [1790/2901] nano_1790.root
         -> 3,440 vertices (2,267 trig, 1,497 trig+kin events)
  [1791/2901] nano_1791.root
         -> 3,208 vertices (2,037 trig, 1,412 trig+kin events)
  [1792/2901] nano_1792.root
         -> 3,269 vertices (1,978 trig, 1,308 trig+kin events)
  [1793/2901] nano_1793.root
         -> 3,217 vertices (2,001 trig, 1,336 trig+kin events)
  [1794/2901] nano_1794.root
         -> 2,281 vertices (1,633 trig, 1,092 trig+kin events)
  [1795/2901] nano_1795.root
         -> 5,168 vertices (3,164 trig, 2,142 trig+kin events)
  [1796/2901] nano_1796.root
         -> 2,522 vertices (1,766 trig, 1,126 trig+kin events)
  [1797/2901] nano_1797.root
         -> 5,097 vertices (3,267 trig, 2,178 trig+kin events)
  [1798/2901] nano_1798.root
         -> 4,656 vertices (2,939 trig, 1,937 trig+kin events)
  [1799/2901] nano_1799.root
         -> 5,101 vertices (3,278 trig, 2,200 trig+kin events)
  [1800/2901] nano_1800.root
         -> 2,516 vertices (1,637 trig, 1,104 trig+kin events)
  [1801/2901] nano_1801.root
         -> 4,889 vertices (3,217 trig, 2,133 trig+kin events)
  [1802/2901] nano_1802.root
         -> 3,965 vertices (2,467 trig, 1,645 trig+kin events)
  [1803/2901] nano_1803.root
         -> 5,112 vertices (3,249 trig, 2,155 trig+kin events)
  [1804/2901] nano_1804.root
         -> 5,271 vertices (3,297 trig, 2,204 trig+kin events)
  [1805/2901] nano_1805.root
         -> 1,974 vertices (1,384 trig, 928 trig+kin events)
  [1806/2901] nano_1806.root
         -> 5,150 vertices (3,266 trig, 2,180 trig+kin events)
  [1807/2901] nano_1807.root
         -> 4,943 vertices (3,175 trig, 2,125 trig+kin events)
  [1808/2901] nano_1808.root
         -> 4,719 vertices (3,172 trig, 2,111 trig+kin events)
  [1809/2901] nano_1809.root
         -> 4,774 vertices (3,199 trig, 2,136 trig+kin events)
  [1810/2901] nano_1810.root
         -> 5,155 vertices (3,241 trig, 2,181 trig+kin events)
  [1811/2901] nano_1811.root
         -> 4,377 vertices (2,860 trig, 1,861 trig+kin events)
  [1812/2901] nano_1812.root
         -> 2,696 vertices (1,746 trig, 1,197 trig+kin events)
  [1813/2901] nano_1813.root
         -> 3,151 vertices (2,084 trig, 1,398 trig+kin events)
  [1814/2901] nano_1814.root
         -> 2,994 vertices (1,872 trig, 1,269 trig+kin events)
  [1815/2901] nano_1815.root
         -> 2,845 vertices (1,753 trig, 1,170 trig+kin events)
  [1816/2901] nano_1816.root
         -> 4,735 vertices (3,191 trig, 2,109 trig+kin events)
  [1817/2901] nano_1817.root
         -> 4,022 vertices (2,568 trig, 1,725 trig+kin events)
  [1818/2901] nano_1818.root
         -> 3,644 vertices (2,398 trig, 1,620 trig+kin events)
  [1819/2901] nano_1819.root
         -> 2,535 vertices (1,657 trig, 1,093 trig+kin events)
  [1820/2901] nano_1820.root
         -> 2,763 vertices (1,876 trig, 1,234 trig+kin events)
  [1821/2901] nano_1821.root
         -> 2,801 vertices (1,850 trig, 1,235 trig+kin events)
  [1822/2901] nano_1822.root
         -> 4,212 vertices (2,760 trig, 1,876 trig+kin events)
  [1823/2901] nano_1823.root
         -> 4,010 vertices (2,430 trig, 1,625 trig+kin events)
  [1824/2901] nano_1824.root
         -> 5,069 vertices (3,197 trig, 2,157 trig+kin events)
  [1825/2901] nano_1825.root
         -> 2,896 vertices (1,949 trig, 1,299 trig+kin events)
  [1826/2901] nano_1826.root
         -> 5,350 vertices (3,297 trig, 2,210 trig+kin events)
  [1827/2901] nano_1827.root
         -> 5,024 vertices (3,250 trig, 2,205 trig+kin events)
  [1828/2901] nano_1828.root
         -> 4,921 vertices (3,230 trig, 2,148 trig+kin events)
  [1829/2901] nano_1829.root
         -> 4,691 vertices (3,179 trig, 2,115 trig+kin events)
  [1830/2901] nano_1830.root
         -> 4,631 vertices (3,125 trig, 2,079 trig+kin events)
  [1831/2901] nano_1831.root
         -> 3,226 vertices (2,024 trig, 1,340 trig+kin events)
  [1832/2901] nano_1832.root
         -> 2,200 vertices (1,340 trig, 883 trig+kin events)
  [1833/2901] nano_1833.root
         -> 3,570 vertices (2,369 trig, 1,615 trig+kin events)
  [1834/2901] nano_1834.root
         -> 5,106 vertices (3,159 trig, 2,140 trig+kin events)
  [1835/2901] nano_1835.root
         -> 4,741 vertices (3,156 trig, 2,075 trig+kin events)
  [1836/2901] nano_1836.root
         -> 4,596 vertices (3,064 trig, 2,009 trig+kin events)
  [1837/2901] nano_1837.root
         -> 5,109 vertices (3,220 trig, 2,169 trig+kin events)
  [1838/2901] nano_1838.root
         -> 5,027 vertices (3,294 trig, 2,189 trig+kin events)
  [1839/2901] nano_1839.root
         -> 4,932 vertices (3,146 trig, 2,107 trig+kin events)
  [1840/2901] nano_1840.root
         -> 4,892 vertices (3,252 trig, 2,204 trig+kin events)
  [1841/2901] nano_1841.root
         -> 4,535 vertices (2,996 trig, 1,983 trig+kin events)
  [1842/2901] nano_1842.root
         -> 4,805 vertices (3,235 trig, 2,162 trig+kin events)
  [1843/2901] nano_1843.root
         -> 5,139 vertices (3,221 trig, 2,166 trig+kin events)
  [1844/2901] nano_1844.root
         -> 4,915 vertices (3,226 trig, 2,141 trig+kin events)
  [1845/2901] nano_1845.root
         -> 4,935 vertices (3,189 trig, 2,112 trig+kin events)
  [1846/2901] nano_1846.root
         -> 4,624 vertices (3,090 trig, 2,060 trig+kin events)
  [1847/2901] nano_1847.root
         -> 2,812 vertices (1,845 trig, 1,227 trig+kin events)
  [1848/2901] nano_1848.root
         -> 4,762 vertices (3,009 trig, 1,955 trig+kin events)
  [1849/2901] nano_1849.root
         -> 5,165 vertices (3,213 trig, 2,141 trig+kin events)
  [1850/2901] nano_1850.root
         -> 3,473 vertices (2,158 trig, 1,441 trig+kin events)
  [1851/2901] nano_1851.root
         -> 4,857 vertices (3,255 trig, 2,143 trig+kin events)
  [1852/2901] nano_1852.root
         -> 4,381 vertices (2,750 trig, 1,850 trig+kin events)
  [1853/2901] nano_1853.root
         -> 2,926 vertices (1,782 trig, 1,185 trig+kin events)
  [1854/2901] nano_1854.root
         -> 4,124 vertices (2,559 trig, 1,671 trig+kin events)
  [1855/2901] nano_1855.root
         -> 5,240 vertices (3,191 trig, 2,176 trig+kin events)
  [1856/2901] nano_1856.root
         -> 5,484 vertices (3,304 trig, 2,249 trig+kin events)
  [1857/2901] nano_1857.root
         -> 3,786 vertices (2,468 trig, 1,636 trig+kin events)
  [1858/2901] nano_1858.root
         -> 5,183 vertices (3,238 trig, 2,198 trig+kin events)
  [1859/2901] nano_1859.root
         -> 2,822 vertices (1,732 trig, 1,163 trig+kin events)
  [1860/2901] nano_1860.root
         -> 4,781 vertices (3,081 trig, 2,028 trig+kin events)
  [1861/2901] nano_1861.root
         -> 3,402 vertices (2,177 trig, 1,448 trig+kin events)
  [1862/2901] nano_1862.root
         -> 2,612 vertices (1,787 trig, 1,184 trig+kin events)
  [1863/2901] nano_1863.root
         -> 4,968 vertices (3,112 trig, 2,110 trig+kin events)
  [1864/2901] nano_1864.root
         -> 3,472 vertices (2,163 trig, 1,483 trig+kin events)
  [1865/2901] nano_1865.root
         -> 4,886 vertices (3,119 trig, 2,068 trig+kin events)
  [1866/2901] nano_1866.root
         -> 5,151 vertices (3,226 trig, 2,177 trig+kin events)
  [1867/2901] nano_1867.root
         -> 4,863 vertices (3,227 trig, 2,131 trig+kin events)
  [1868/2901] nano_1868.root
         -> 4,883 vertices (3,203 trig, 2,115 trig+kin events)
  [1869/2901] nano_1869.root
         -> 5,262 vertices (3,214 trig, 2,165 trig+kin events)
  [1870/2901] nano_1870.root
         -> 5,100 vertices (3,318 trig, 2,231 trig+kin events)
  [1871/2901] nano_1871.root
         -> 5,123 vertices (3,246 trig, 2,144 trig+kin events)
  [1872/2901] nano_1872.root
         -> 4,947 vertices (3,256 trig, 2,157 trig+kin events)
  [1873/2901] nano_1873.root
         -> 3,026 vertices (1,904 trig, 1,266 trig+kin events)
  [1874/2901] nano_1874.root
         -> 4,437 vertices (2,848 trig, 1,844 trig+kin events)
  [1875/2901] nano_1875.root
         -> 4,850 vertices (3,234 trig, 2,180 trig+kin events)
  [1876/2901] nano_1876.root
         -> 4,977 vertices (3,235 trig, 2,104 trig+kin events)
  [1877/2901] nano_1877.root
         -> 5,035 vertices (3,288 trig, 2,183 trig+kin events)
  [1878/2901] nano_1878.root
         -> 3,232 vertices (1,963 trig, 1,304 trig+kin events)
  [1879/2901] nano_1879.root
         -> 4,449 vertices (2,779 trig, 1,866 trig+kin events)
  [1880/2901] nano_1880.root
         -> 4,884 vertices (3,186 trig, 2,159 trig+kin events)
  [1881/2901] nano_1881.root
         -> 4,618 vertices (2,981 trig, 1,957 trig+kin events)
  [1882/2901] nano_1882.root
         -> 4,813 vertices (3,129 trig, 2,048 trig+kin events)
  [1883/2901] nano_1883.root
         -> 3,458 vertices (2,129 trig, 1,413 trig+kin events)
  [1884/2901] nano_1884.root
         -> 5,197 vertices (3,251 trig, 2,168 trig+kin events)
  [1885/2901] nano_1885.root
         -> 5,004 vertices (3,268 trig, 2,180 trig+kin events)
  [1886/2901] nano_1886.root
         -> 4,501 vertices (2,775 trig, 1,866 trig+kin events)
  [1887/2901] nano_1887.root
         -> 5,014 vertices (3,209 trig, 2,146 trig+kin events)
  [1888/2901] nano_1888.root
         -> 5,205 vertices (3,205 trig, 2,190 trig+kin events)
  [1889/2901] nano_1889.root
         -> 2,943 vertices (1,814 trig, 1,241 trig+kin events)
  [1890/2901] nano_1890.root
         -> 2,570 vertices (1,603 trig, 1,086 trig+kin events)
  [1891/2901] nano_1891.root
         -> 2,909 vertices (1,821 trig, 1,211 trig+kin events)
  [1892/2901] nano_1892.root
         -> 4,891 vertices (3,210 trig, 2,186 trig+kin events)
  [1893/2901] nano_1893.root
         -> 1,942 vertices (1,304 trig, 851 trig+kin events)
  [1894/2901] nano_1894.root
         -> 2,851 vertices (1,804 trig, 1,198 trig+kin events)
  [1895/2901] nano_1895.root
         -> 4,842 vertices (3,141 trig, 2,106 trig+kin events)
  [1896/2901] nano_1896.root
         -> 3,699 vertices (2,221 trig, 1,513 trig+kin events)
  [1897/2901] nano_1897.root
         -> 1,644 vertices (1,149 trig, 760 trig+kin events)
  [1898/2901] nano_1898.root
         -> 2,461 vertices (1,517 trig, 1,026 trig+kin events)
  [1899/2901] nano_1899.root
         -> 4,111 vertices (2,768 trig, 1,821 trig+kin events)
  [1900/2901] nano_1900.root
         -> 5,080 vertices (3,158 trig, 2,156 trig+kin events)
  [1901/2901] nano_1901.root
         -> 3,713 vertices (2,453 trig, 1,628 trig+kin events)
  [1902/2901] nano_1902.root
         -> 4,785 vertices (3,174 trig, 2,096 trig+kin events)
  [1903/2901] nano_1903.root
         -> 4,745 vertices (3,142 trig, 2,078 trig+kin events)
  [1904/2901] nano_1904.root
         -> 4,789 vertices (3,063 trig, 2,022 trig+kin events)
  [1905/2901] nano_1905.root
         -> 2,809 vertices (1,785 trig, 1,200 trig+kin events)
  [1906/2901] nano_1906.root
         -> 4,985 vertices (3,196 trig, 2,140 trig+kin events)
  [1907/2901] nano_1907.root
         -> 5,126 vertices (3,335 trig, 2,237 trig+kin events)
  [1908/2901] nano_1908.root
         -> 4,837 vertices (3,082 trig, 2,036 trig+kin events)
  [1909/2901] nano_1909.root
         -> 5,174 vertices (3,236 trig, 2,198 trig+kin events)
  [1910/2901] nano_1910.root
         -> 4,981 vertices (3,185 trig, 2,137 trig+kin events)
  [1911/2901] nano_1911.root
         -> 4,963 vertices (3,175 trig, 2,090 trig+kin events)
  [1912/2901] nano_1912.root
         -> 4,211 vertices (2,671 trig, 1,792 trig+kin events)
  [1913/2901] nano_1913.root
         -> 4,898 vertices (3,106 trig, 2,143 trig+kin events)
  [1914/2901] nano_1914.root
         -> 3,301 vertices (2,290 trig, 1,486 trig+kin events)
  [1915/2901] nano_1915.root
         -> 5,216 vertices (3,244 trig, 2,197 trig+kin events)
  [1916/2901] nano_1916.root
         -> 332 vertices (188 trig, 110 trig+kin events)
  [1917/2901] nano_1917.root
         -> 5,125 vertices (3,190 trig, 2,135 trig+kin events)
  [1918/2901] nano_1918.root
         -> 4,367 vertices (2,641 trig, 1,797 trig+kin events)
  [1919/2901] nano_1919.root
         -> 4,762 vertices (3,112 trig, 2,041 trig+kin events)
  [1920/2901] nano_1920.root
         -> 4,947 vertices (3,247 trig, 2,131 trig+kin events)
  [1921/2901] nano_1921.root
         -> 4,788 vertices (3,118 trig, 2,137 trig+kin events)
  [1922/2901] nano_1922.root
         -> 2,649 vertices (1,741 trig, 1,151 trig+kin events)
  [1923/2901] nano_1923.root
         -> 3,130 vertices (2,087 trig, 1,388 trig+kin events)
  [1924/2901] nano_1924.root
         -> 2,602 vertices (1,665 trig, 1,078 trig+kin events)
  [1925/2901] nano_1925.root
         -> 2,832 vertices (1,776 trig, 1,187 trig+kin events)
  [1926/2901] nano_1926.root
         -> 4,867 vertices (3,207 trig, 2,122 trig+kin events)
  [1927/2901] nano_1927.root
         -> 4,297 vertices (2,731 trig, 1,822 trig+kin events)
  [1928/2901] nano_1928.root
         -> 2,647 vertices (1,758 trig, 1,196 trig+kin events)
  [1929/2901] nano_1929.root
         -> 2,979 vertices (1,973 trig, 1,307 trig+kin events)
  [1930/2901] nano_1930.root
         -> 718 vertices (540 trig, 342 trig+kin events)
  [1931/2901] nano_1931.root
         -> 2,648 vertices (1,690 trig, 1,120 trig+kin events)
  [1932/2901] nano_1932.root
         -> 5,082 vertices (3,182 trig, 2,140 trig+kin events)
  [1933/2901] nano_1933.root
         -> 5,164 vertices (3,239 trig, 2,167 trig+kin events)
  [1934/2901] nano_1934.root
         -> 4,671 vertices (3,217 trig, 2,121 trig+kin events)
  [1935/2901] nano_1935.root
         -> 4,418 vertices (3,158 trig, 2,046 trig+kin events)
  [1936/2901] nano_1936.root
         -> 5,052 vertices (3,199 trig, 2,118 trig+kin events)
  [1937/2901] nano_1937.root
         -> 2,921 vertices (1,893 trig, 1,244 trig+kin events)
  [1938/2901] nano_1938.root
         -> 2,960 vertices (1,867 trig, 1,231 trig+kin events)
  [1939/2901] nano_1939.root
         -> 4,893 vertices (3,190 trig, 2,094 trig+kin events)
  [1940/2901] nano_1940.root
         -> 1,107 vertices (668 trig, 461 trig+kin events)
  [1941/2901] nano_1941.root
         -> 4,707 vertices (3,179 trig, 2,096 trig+kin events)
  [1942/2901] nano_1942.root
         -> 5,013 vertices (3,234 trig, 2,192 trig+kin events)
  [1943/2901] nano_1943.root
         -> 3,911 vertices (2,475 trig, 1,638 trig+kin events)
  [1944/2901] nano_1944.root
         -> 5,261 vertices (3,252 trig, 2,160 trig+kin events)
  [1945/2901] nano_1945.root
         -> 2,478 vertices (1,702 trig, 1,153 trig+kin events)
  [1946/2901] nano_1946.root
         -> 3,240 vertices (2,058 trig, 1,352 trig+kin events)
  [1947/2901] nano_1947.root
         -> 3,516 vertices (2,373 trig, 1,584 trig+kin events)
  [1948/2901] nano_1948.root
         -> 2,560 vertices (1,594 trig, 1,085 trig+kin events)
  [1949/2901] nano_1949.root
         -> 4,833 vertices (3,180 trig, 2,143 trig+kin events)
  [1950/2901] nano_1950.root
         -> 4,356 vertices (2,768 trig, 1,852 trig+kin events)
  [1951/2901] nano_1951.root
         -> 4,719 vertices (3,100 trig, 2,063 trig+kin events)
  [1952/2901] nano_1952.root
         -> 4,564 vertices (3,196 trig, 2,159 trig+kin events)
  [1953/2901] nano_1953.root
         -> 5,106 vertices (3,284 trig, 2,197 trig+kin events)
  [1954/2901] nano_1954.root
         -> 3,947 vertices (2,431 trig, 1,614 trig+kin events)
  [1955/2901] nano_1955.root
         -> 4,917 vertices (3,275 trig, 2,176 trig+kin events)
  [1956/2901] nano_1956.root
         -> 5,107 vertices (3,204 trig, 2,138 trig+kin events)
  [1957/2901] nano_1957.root
         -> 4,930 vertices (3,101 trig, 2,071 trig+kin events)
  [1958/2901] nano_1958.root
         -> 4,765 vertices (3,180 trig, 2,128 trig+kin events)
  [1959/2901] nano_1959.root
         -> 5,055 vertices (3,228 trig, 2,132 trig+kin events)
  [1960/2901] nano_1960.root
         -> 4,674 vertices (3,106 trig, 2,080 trig+kin events)
  [1961/2901] nano_1961.root
         -> 4,255 vertices (2,688 trig, 1,794 trig+kin events)
  [1962/2901] nano_1962.root
         -> 5,641 vertices (3,338 trig, 2,266 trig+kin events)
  [1963/2901] nano_1963.root
         -> 5,134 vertices (3,247 trig, 2,160 trig+kin events)
  [1964/2901] nano_1964.root
         -> 2,397 vertices (1,611 trig, 1,093 trig+kin events)
  [1965/2901] nano_1965.root
         -> 4,514 vertices (2,824 trig, 1,897 trig+kin events)
  [1966/2901] nano_1966.root
         -> 5,071 vertices (3,213 trig, 2,142 trig+kin events)
  [1967/2901] nano_1967.root
         -> 4,093 vertices (2,607 trig, 1,752 trig+kin events)
  [1968/2901] nano_1968.root
         -> 2,930 vertices (1,779 trig, 1,215 trig+kin events)
  [1969/2901] nano_1969.root
         -> 5,024 vertices (3,207 trig, 2,131 trig+kin events)
  [1970/2901] nano_1970.root
         -> 5,381 vertices (3,247 trig, 2,175 trig+kin events)
  [1971/2901] nano_1971.root
         -> 3,111 vertices (2,157 trig, 1,465 trig+kin events)
  [1972/2901] nano_1972.root
         -> 4,952 vertices (3,219 trig, 2,154 trig+kin events)
  [1973/2901] nano_1973.root
         -> 4,799 vertices (3,225 trig, 2,105 trig+kin events)
  [1974/2901] nano_1974.root
         -> 5,063 vertices (3,224 trig, 2,166 trig+kin events)
  [1975/2901] nano_1975.root
         -> 3,873 vertices (2,544 trig, 1,681 trig+kin events)
  [1976/2901] nano_1976.root
         -> 2,630 vertices (1,785 trig, 1,245 trig+kin events)
  [1977/2901] nano_1977.root
         -> 5,220 vertices (3,264 trig, 2,156 trig+kin events)
  [1978/2901] nano_1978.root
         -> 4,668 vertices (3,209 trig, 2,129 trig+kin events)
  [1979/2901] nano_1979.root
         -> 3,989 vertices (2,403 trig, 1,591 trig+kin events)
  [1980/2901] nano_1980.root
         -> 2,907 vertices (1,917 trig, 1,297 trig+kin events)
  [1981/2901] nano_1981.root
         -> 5,082 vertices (3,233 trig, 2,182 trig+kin events)
  [1982/2901] nano_1982.root
         -> 4,440 vertices (2,823 trig, 1,905 trig+kin events)
  [1983/2901] nano_1983.root
         -> 5,171 vertices (3,221 trig, 2,117 trig+kin events)
  [1984/2901] nano_1984.root
         -> 3,245 vertices (2,260 trig, 1,464 trig+kin events)
  [1985/2901] nano_1985.root
         -> 5,090 vertices (3,259 trig, 2,179 trig+kin events)
  [1986/2901] nano_1986.root
         -> 2,370 vertices (1,613 trig, 1,054 trig+kin events)
  [1987/2901] nano_1987.root
         -> 3,485 vertices (2,298 trig, 1,554 trig+kin events)
  [1988/2901] nano_1988.root
         -> 5,153 vertices (3,164 trig, 2,148 trig+kin events)
  [1989/2901] nano_1989.root
         -> 3,293 vertices (2,085 trig, 1,403 trig+kin events)
  [1990/2901] nano_1990.root
         -> 4,271 vertices (2,806 trig, 1,901 trig+kin events)
  [1991/2901] nano_1991.root
         -> 4,413 vertices (3,003 trig, 1,995 trig+kin events)
  [1992/2901] nano_1992.root
         -> 2,985 vertices (1,855 trig, 1,257 trig+kin events)
  [1993/2901] nano_1993.root
         -> 5,063 vertices (3,205 trig, 2,179 trig+kin events)
  [1994/2901] nano_1994.root
         -> 5,006 vertices (3,188 trig, 2,141 trig+kin events)
  [1995/2901] nano_1995.root
         -> 2,861 vertices (1,988 trig, 1,301 trig+kin events)
  [1996/2901] nano_1996.root
         -> 5,288 vertices (3,142 trig, 2,163 trig+kin events)
  [1997/2901] nano_1997.root
         -> 5,058 vertices (3,105 trig, 2,131 trig+kin events)
  [1998/2901] nano_1998.root
         -> 5,193 vertices (3,214 trig, 2,166 trig+kin events)
  [1999/2901] nano_1999.root
         -> 4,880 vertices (3,185 trig, 2,151 trig+kin events)
  [2000/2901] nano_2000.root
         -> 2,837 vertices (1,862 trig, 1,264 trig+kin events)
  [2001/2901] nano_2001.root
         -> 4,815 vertices (3,150 trig, 2,058 trig+kin events)
  [2002/2901] nano_2002.root
         -> 2,643 vertices (1,723 trig, 1,148 trig+kin events)
  [2003/2901] nano_2003.root
         -> 3,333 vertices (1,972 trig, 1,333 trig+kin events)
  [2004/2901] nano_2004.root
         -> 2,752 vertices (1,706 trig, 1,135 trig+kin events)
  [2005/2901] nano_2005.root
         -> 2,610 vertices (1,739 trig, 1,138 trig+kin events)
  [2006/2901] nano_2006.root
         -> 4,727 vertices (3,121 trig, 2,065 trig+kin events)
  [2007/2901] nano_2007.root
         -> 4,929 vertices (3,180 trig, 2,121 trig+kin events)
  [2008/2901] nano_2008.root
         -> 5,446 vertices (3,217 trig, 2,169 trig+kin events)
  [2009/2901] nano_2009.root
         -> 1,024 vertices (679 trig, 438 trig+kin events)
  [2010/2901] nano_2010.root
         -> 4,560 vertices (2,967 trig, 1,945 trig+kin events)
  [2011/2901] nano_2011.root
         -> 2,942 vertices (1,912 trig, 1,269 trig+kin events)
  [2012/2901] nano_2012.root
         -> 4,539 vertices (3,131 trig, 2,029 trig+kin events)
  [2013/2901] nano_2013.root
         -> 5,162 vertices (3,190 trig, 2,161 trig+kin events)
  [2014/2901] nano_2014.root
         -> 3,048 vertices (2,160 trig, 1,431 trig+kin events)
  [2015/2901] nano_2015.root
         -> 3,077 vertices (2,051 trig, 1,319 trig+kin events)
  [2016/2901] nano_2016.root
         -> 4,730 vertices (3,167 trig, 2,131 trig+kin events)
  [2017/2901] nano_2017.root
         -> 2,075 vertices (1,295 trig, 881 trig+kin events)
  [2018/2901] nano_2018.root
         -> 5,227 vertices (3,250 trig, 2,208 trig+kin events)
  [2019/2901] nano_2019.root
         -> 2,895 vertices (1,896 trig, 1,252 trig+kin events)
  [2020/2901] nano_2020.root
         -> 2,777 vertices (1,762 trig, 1,195 trig+kin events)
  [2021/2901] nano_2021.root
         -> 1,651 vertices (977 trig, 654 trig+kin events)
  [2022/2901] nano_2022.root
         -> 5,256 vertices (3,272 trig, 2,176 trig+kin events)
  [2023/2901] nano_2023.root
         -> 4,958 vertices (3,149 trig, 2,172 trig+kin events)
  [2024/2901] nano_2024.root
         -> 4,122 vertices (2,698 trig, 1,829 trig+kin events)
  [2025/2901] nano_2025.root
         -> 4,740 vertices (3,030 trig, 2,002 trig+kin events)
  [2026/2901] nano_2026.root
         -> 4,451 vertices (2,925 trig, 1,942 trig+kin events)
  [2027/2901] nano_2027.root
         -> 3,216 vertices (2,075 trig, 1,419 trig+kin events)
  [2028/2901] nano_2028.root
         -> 4,667 vertices (3,095 trig, 2,052 trig+kin events)
  [2029/2901] nano_2029.root
         -> 2,685 vertices (1,670 trig, 1,117 trig+kin events)
  [2030/2901] nano_2030.root
         -> 3,772 vertices (2,270 trig, 1,533 trig+kin events)
  [2031/2901] nano_2031.root
         -> 1,452 vertices (998 trig, 698 trig+kin events)
  [2032/2901] nano_2032.root
         -> 5,218 vertices (3,189 trig, 2,110 trig+kin events)
  [2033/2901] nano_2033.root
         -> 1,834 vertices (1,194 trig, 793 trig+kin events)
  [2034/2901] nano_2034.root
         -> 3,255 vertices (1,996 trig, 1,326 trig+kin events)
  [2035/2901] nano_2035.root
         -> 4,739 vertices (3,166 trig, 2,065 trig+kin events)
  [2036/2901] nano_2036.root
         -> 3,332 vertices (2,250 trig, 1,480 trig+kin events)
  [2037/2901] nano_2037.root
         -> 3,433 vertices (2,163 trig, 1,452 trig+kin events)
  [2038/2901] nano_2038.root
         -> 2,831 vertices (1,657 trig, 1,108 trig+kin events)
  [2039/2901] nano_2039.root
         -> 3,248 vertices (2,135 trig, 1,452 trig+kin events)
  [2040/2901] nano_2040.root
         -> 4,023 vertices (2,621 trig, 1,749 trig+kin events)
  [2041/2901] nano_2041.root
         -> 3,212 vertices (2,075 trig, 1,390 trig+kin events)
  [2042/2901] nano_2042.root
         -> 3,336 vertices (2,021 trig, 1,344 trig+kin events)
  [2043/2901] nano_2043.root
         -> 4,419 vertices (2,639 trig, 1,782 trig+kin events)
  [2044/2901] nano_2044.root
         -> 4,815 vertices (3,124 trig, 2,085 trig+kin events)
  [2045/2901] nano_2045.root
         -> 4,956 vertices (3,152 trig, 2,082 trig+kin events)
  [2046/2901] nano_2046.root
         -> 4,801 vertices (3,143 trig, 2,121 trig+kin events)
  [2047/2901] nano_2047.root
         -> 2,724 vertices (1,774 trig, 1,189 trig+kin events)
  [2048/2901] nano_2048.root
         -> 5,197 vertices (3,230 trig, 2,191 trig+kin events)
  [2049/2901] nano_2049.root
         -> 2,732 vertices (1,858 trig, 1,204 trig+kin events)
  [2050/2901] nano_2050.root
         -> 4,424 vertices (2,826 trig, 1,896 trig+kin events)
  [2051/2901] nano_2051.root
         -> 4,860 vertices (3,210 trig, 2,165 trig+kin events)
  [2052/2901] nano_2052.root
         -> 5,083 vertices (3,327 trig, 2,230 trig+kin events)
  [2053/2901] nano_2053.root
         -> 2,448 vertices (1,657 trig, 1,100 trig+kin events)
  [2054/2901] nano_2054.root
         -> 2,890 vertices (1,886 trig, 1,238 trig+kin events)
  [2055/2901] nano_2055.root
         -> 4,958 vertices (3,144 trig, 2,120 trig+kin events)
  [2056/2901] nano_2056.root
         -> 4,892 vertices (3,192 trig, 2,103 trig+kin events)
  [2057/2901] nano_2057.root
         -> 2,643 vertices (1,667 trig, 1,158 trig+kin events)
  [2058/2901] nano_2058.root
         -> 4,018 vertices (2,588 trig, 1,739 trig+kin events)
  [2059/2901] nano_2059.root
         -> 3,978 vertices (2,566 trig, 1,695 trig+kin events)
  [2060/2901] nano_2060.root
         -> 3,210 vertices (2,110 trig, 1,384 trig+kin events)
  [2061/2901] nano_2061.root
         -> 2,734 vertices (1,901 trig, 1,261 trig+kin events)
  [2062/2901] nano_2062.root
         -> 3,709 vertices (2,407 trig, 1,576 trig+kin events)
  [2063/2901] nano_2063.root
         -> 3,106 vertices (1,911 trig, 1,283 trig+kin events)
  [2064/2901] nano_2064.root
         -> 5,359 vertices (3,158 trig, 2,139 trig+kin events)
  [2065/2901] nano_2065.root
         -> 4,925 vertices (3,087 trig, 2,059 trig+kin events)
  [2066/2901] nano_2066.root
         -> 5,165 vertices (3,207 trig, 2,136 trig+kin events)
  [2067/2901] nano_2067.root
         -> 4,960 vertices (3,089 trig, 2,062 trig+kin events)
  [2068/2901] nano_2068.root
         -> 4,988 vertices (3,245 trig, 2,160 trig+kin events)
  [2069/2901] nano_2069.root
         -> 5,196 vertices (3,213 trig, 2,146 trig+kin events)
  [2070/2901] nano_2070.root
         -> 3,370 vertices (2,170 trig, 1,448 trig+kin events)
  [2071/2901] nano_2071.root
         -> 1,049 vertices (630 trig, 434 trig+kin events)
  [2072/2901] nano_2072.root
         -> 3,696 vertices (2,220 trig, 1,495 trig+kin events)
  [2073/2901] nano_2073.root
         -> 2,590 vertices (1,703 trig, 1,133 trig+kin events)
  [2074/2901] nano_2074.root
         -> 4,806 vertices (3,254 trig, 2,188 trig+kin events)
  [2075/2901] nano_2075.root
         -> 4,932 vertices (3,225 trig, 2,113 trig+kin events)
  [2076/2901] nano_2076.root
         -> 5,232 vertices (3,184 trig, 2,124 trig+kin events)
  [2077/2901] nano_2077.root
         -> 3,854 vertices (2,465 trig, 1,675 trig+kin events)
  [2078/2901] nano_2078.root
         -> 3,217 vertices (2,118 trig, 1,437 trig+kin events)
  [2079/2901] nano_2079.root
         -> 5,245 vertices (3,311 trig, 2,203 trig+kin events)
  [2080/2901] nano_2080.root
         -> 5,026 vertices (3,135 trig, 2,127 trig+kin events)
  [2081/2901] nano_2081.root
         -> 5,012 vertices (3,193 trig, 2,125 trig+kin events)
  [2082/2901] nano_2082.root
         -> 4,930 vertices (3,228 trig, 2,178 trig+kin events)
  [2083/2901] nano_2083.root
         -> 3,591 vertices (2,375 trig, 1,599 trig+kin events)
  [2084/2901] nano_2084.root
         -> 4,780 vertices (3,140 trig, 2,118 trig+kin events)
  [2085/2901] nano_2085.root
         -> 2,720 vertices (1,795 trig, 1,217 trig+kin events)
  [2086/2901] nano_2086.root
         -> 4,801 vertices (3,202 trig, 2,084 trig+kin events)
  [2087/2901] nano_2087.root
         -> 4,896 vertices (3,256 trig, 2,196 trig+kin events)
  [2088/2901] nano_2088.root
         -> 3,431 vertices (2,251 trig, 1,514 trig+kin events)
  [2089/2901] nano_2089.root
         -> 4,932 vertices (3,182 trig, 2,121 trig+kin events)
  [2090/2901] nano_2090.root
         -> 4,442 vertices (2,872 trig, 1,942 trig+kin events)
  [2091/2901] nano_2091.root
         -> 1,935 vertices (1,158 trig, 796 trig+kin events)
  [2092/2901] nano_2092.root
         -> 4,949 vertices (3,216 trig, 2,140 trig+kin events)
  [2093/2901] nano_2093.root
         -> 5,026 vertices (3,205 trig, 2,139 trig+kin events)
  [2094/2901] nano_2094.root
         -> 2,726 vertices (1,842 trig, 1,234 trig+kin events)
  [2095/2901] nano_2095.root
         -> 5,024 vertices (3,128 trig, 2,129 trig+kin events)
  [2096/2901] nano_2096.root
         -> 3,107 vertices (2,001 trig, 1,332 trig+kin events)
  [2097/2901] nano_2097.root
         -> 4,914 vertices (3,211 trig, 2,102 trig+kin events)
  [2098/2901] nano_2098.root
         -> 3,151 vertices (1,963 trig, 1,298 trig+kin events)
  [2099/2901] nano_2099.root
         -> 155 vertices (131 trig, 82 trig+kin events)
  [2100/2901] nano_2100.root
         -> 4,744 vertices (3,167 trig, 2,087 trig+kin events)
  [2101/2901] nano_2101.root
         -> 4,432 vertices (2,837 trig, 1,892 trig+kin events)
  [2102/2901] nano_2102.root
         -> 4,558 vertices (2,977 trig, 1,952 trig+kin events)
  [2103/2901] nano_2103.root
         -> 4,126 vertices (2,873 trig, 1,899 trig+kin events)
  [2104/2901] nano_2104.root
         -> 2,436 vertices (1,678 trig, 1,082 trig+kin events)
  [2105/2901] nano_2105.root
         -> 4,996 vertices (3,302 trig, 2,199 trig+kin events)
  [2106/2901] nano_2106.root
         -> 4,678 vertices (3,125 trig, 2,070 trig+kin events)
  [2107/2901] nano_2107.root
         -> 4,728 vertices (3,114 trig, 2,029 trig+kin events)
  [2108/2901] nano_2108.root
         -> 5,070 vertices (3,248 trig, 2,201 trig+kin events)
  [2109/2901] nano_2109.root
         -> 2,604 vertices (1,737 trig, 1,157 trig+kin events)
  [2110/2901] nano_2110.root
         -> 4,990 vertices (3,240 trig, 2,157 trig+kin events)
  [2111/2901] nano_2111.root
         -> 4,699 vertices (3,086 trig, 2,048 trig+kin events)
  [2112/2901] nano_2112.root
         -> 4,673 vertices (3,141 trig, 2,100 trig+kin events)
  [2113/2901] nano_2113.root
         -> 2,728 vertices (1,768 trig, 1,203 trig+kin events)
  [2114/2901] nano_2114.root
         -> 3,068 vertices (2,009 trig, 1,345 trig+kin events)
  [2115/2901] nano_2115.root
         -> 2,990 vertices (2,050 trig, 1,339 trig+kin events)
  [2116/2901] nano_2116.root
         -> 5,273 vertices (3,297 trig, 2,251 trig+kin events)
  [2117/2901] nano_2117.root
         -> 4,970 vertices (3,148 trig, 2,142 trig+kin events)
  [2118/2901] nano_2118.root
         -> 4,831 vertices (3,171 trig, 2,095 trig+kin events)
  [2119/2901] nano_2119.root
         -> 3,246 vertices (2,158 trig, 1,418 trig+kin events)
  [2120/2901] nano_2120.root
         -> 3,553 vertices (2,159 trig, 1,413 trig+kin events)
  [2121/2901] nano_2121.root
         -> 3,980 vertices (2,631 trig, 1,755 trig+kin events)
  [2122/2901] nano_2122.root
         -> 2,498 vertices (1,718 trig, 1,126 trig+kin events)
  [2123/2901] nano_2123.root
         -> 4,773 vertices (3,204 trig, 2,124 trig+kin events)
  [2124/2901] nano_2124.root
         -> 4,965 vertices (3,156 trig, 2,109 trig+kin events)
  [2125/2901] nano_2125.root
         -> 4,842 vertices (3,176 trig, 2,110 trig+kin events)
  [2126/2901] nano_2126.root
         -> 5,173 vertices (3,317 trig, 2,215 trig+kin events)
  [2127/2901] nano_2127.root
         -> 4,983 vertices (3,242 trig, 2,133 trig+kin events)
  [2128/2901] nano_2128.root
         -> 4,784 vertices (3,258 trig, 2,152 trig+kin events)
  [2129/2901] nano_2129.root
         -> 4,044 vertices (2,674 trig, 1,779 trig+kin events)
  [2130/2901] nano_2130.root
         -> 3,790 vertices (2,567 trig, 1,731 trig+kin events)
  [2131/2901] nano_2131.root
         -> 2,628 vertices (1,859 trig, 1,213 trig+kin events)
  [2132/2901] nano_2132.root
         -> 4,760 vertices (3,179 trig, 2,107 trig+kin events)
  [2133/2901] nano_2133.root
         -> 2,643 vertices (1,775 trig, 1,163 trig+kin events)
  [2134/2901] nano_2134.root
         -> 2,334 vertices (1,378 trig, 935 trig+kin events)
  [2135/2901] nano_2135.root
         -> 1,809 vertices (1,217 trig, 819 trig+kin events)
  [2136/2901] nano_2136.root
         -> 4,921 vertices (3,208 trig, 2,147 trig+kin events)
  [2137/2901] nano_2137.root
         -> 3,103 vertices (1,955 trig, 1,289 trig+kin events)
  [2138/2901] nano_2138.root
         -> 4,826 vertices (3,186 trig, 2,111 trig+kin events)
  [2139/2901] nano_2139.root
         -> 5,454 vertices (3,231 trig, 2,188 trig+kin events)
  [2140/2901] nano_2140.root
         -> 4,578 vertices (3,186 trig, 2,109 trig+kin events)
  [2141/2901] nano_2141.root
         -> 4,860 vertices (3,235 trig, 2,148 trig+kin events)
  [2142/2901] nano_2142.root
         -> 5,369 vertices (3,320 trig, 2,203 trig+kin events)
  [2143/2901] nano_2143.root
         -> 4,698 vertices (3,204 trig, 2,095 trig+kin events)
  [2144/2901] nano_2144.root
         -> 5,139 vertices (3,210 trig, 2,180 trig+kin events)
  [2145/2901] nano_2145.root
         -> 4,719 vertices (3,163 trig, 2,110 trig+kin events)
  [2146/2901] nano_2146.root
         -> 4,510 vertices (2,871 trig, 1,894 trig+kin events)
  [2147/2901] nano_2147.root
         -> 3,631 vertices (2,280 trig, 1,533 trig+kin events)
  [2148/2901] nano_2148.root
         -> 4,673 vertices (3,146 trig, 2,093 trig+kin events)
  [2149/2901] nano_2149.root
         -> 5,155 vertices (3,284 trig, 2,196 trig+kin events)
  [2150/2901] nano_2150.root
         -> 4,941 vertices (3,132 trig, 2,096 trig+kin events)
  [2151/2901] nano_2151.root
         -> 2,961 vertices (1,955 trig, 1,314 trig+kin events)
  [2152/2901] nano_2152.root
         -> 4,966 vertices (3,088 trig, 2,072 trig+kin events)
  [2153/2901] nano_2153.root
         -> 4,592 vertices (3,176 trig, 2,093 trig+kin events)
  [2154/2901] nano_2154.root
         -> 4,322 vertices (2,968 trig, 1,980 trig+kin events)
  [2155/2901] nano_2155.root
         -> 2,679 vertices (1,729 trig, 1,168 trig+kin events)
  [2156/2901] nano_2156.root
         -> 4,221 vertices (2,703 trig, 1,797 trig+kin events)
  [2157/2901] nano_2157.root
         -> 4,105 vertices (2,538 trig, 1,709 trig+kin events)
  [2158/2901] nano_2158.root
         -> 5,161 vertices (3,213 trig, 2,136 trig+kin events)
  [2159/2901] nano_2159.root
         -> 4,946 vertices (3,214 trig, 2,140 trig+kin events)
  [2160/2901] nano_2160.root
         -> 2,859 vertices (2,033 trig, 1,296 trig+kin events)
  [2161/2901] nano_2161.root
         -> 4,928 vertices (3,134 trig, 2,084 trig+kin events)
  [2162/2901] nano_2162.root
         -> 3,536 vertices (2,371 trig, 1,560 trig+kin events)
  [2163/2901] nano_2163.root
         -> 5,292 vertices (3,279 trig, 2,216 trig+kin events)
  [2164/2901] nano_2164.root
         -> 2,789 vertices (1,821 trig, 1,238 trig+kin events)
  [2165/2901] nano_2165.root
         -> 4,957 vertices (3,245 trig, 2,147 trig+kin events)
  [2166/2901] nano_2166.root
         -> 3,566 vertices (2,223 trig, 1,487 trig+kin events)
  [2167/2901] nano_2167.root
         -> 5,083 vertices (3,219 trig, 2,200 trig+kin events)
  [2168/2901] nano_2168.root
         -> 2,921 vertices (1,877 trig, 1,265 trig+kin events)
  [2169/2901] nano_2169.root
         -> 4,444 vertices (3,078 trig, 2,026 trig+kin events)
  [2170/2901] nano_2170.root
         -> 4,996 vertices (3,242 trig, 2,171 trig+kin events)
  [2171/2901] nano_2171.root
         -> 3,294 vertices (1,955 trig, 1,297 trig+kin events)
  [2172/2901] nano_2172.root
         -> 4,459 vertices (2,707 trig, 1,821 trig+kin events)
  [2173/2901] nano_2173.root
         -> 2,670 vertices (1,778 trig, 1,213 trig+kin events)
  [2174/2901] nano_2174.root
         -> 4,664 vertices (3,112 trig, 2,069 trig+kin events)
  [2175/2901] nano_2175.root
         -> 2,712 vertices (1,684 trig, 1,160 trig+kin events)
  [2176/2901] nano_2176.root
         -> 5,060 vertices (3,295 trig, 2,211 trig+kin events)
  [2177/2901] nano_2177.root
         -> 3,790 vertices (2,435 trig, 1,648 trig+kin events)
  [2178/2901] nano_2178.root
         -> 3,394 vertices (2,167 trig, 1,470 trig+kin events)
  [2179/2901] nano_2179.root
         -> 3,356 vertices (2,190 trig, 1,468 trig+kin events)
  [2180/2901] nano_2180.root
         -> 4,864 vertices (3,130 trig, 2,089 trig+kin events)
  [2181/2901] nano_2181.root
         -> 3,605 vertices (2,327 trig, 1,565 trig+kin events)
  [2182/2901] nano_2182.root
         -> 4,772 vertices (3,127 trig, 2,084 trig+kin events)
  [2183/2901] nano_2183.root
         -> 5,141 vertices (3,151 trig, 2,154 trig+kin events)
  [2184/2901] nano_2184.root
         -> 4,746 vertices (3,155 trig, 2,099 trig+kin events)
  [2185/2901] nano_2185.root
         -> 4,572 vertices (2,950 trig, 2,014 trig+kin events)
  [2186/2901] nano_2186.root
         -> 4,835 vertices (3,147 trig, 2,132 trig+kin events)
  [2187/2901] nano_2187.root
         -> 2,985 vertices (1,931 trig, 1,280 trig+kin events)
  [2188/2901] nano_2188.root
         -> 4,897 vertices (3,174 trig, 2,085 trig+kin events)
  [2189/2901] nano_2189.root
         -> 4,947 vertices (3,266 trig, 2,180 trig+kin events)
  [2190/2901] nano_2190.root
         -> 3,355 vertices (2,190 trig, 1,473 trig+kin events)
  [2191/2901] nano_2191.root
         -> 2,422 vertices (1,543 trig, 1,040 trig+kin events)
  [2192/2901] nano_2192.root
         -> 4,915 vertices (3,190 trig, 2,129 trig+kin events)
  [2193/2901] nano_2193.root
         -> 5,032 vertices (3,152 trig, 2,092 trig+kin events)
  [2194/2901] nano_2194.root
         -> 5,009 vertices (3,232 trig, 2,188 trig+kin events)
  [2195/2901] nano_2195.root
         -> 4,840 vertices (3,212 trig, 2,129 trig+kin events)
  [2196/2901] nano_2196.root
         -> 4,956 vertices (3,138 trig, 2,094 trig+kin events)
  [2197/2901] nano_2197.root
         -> 2,552 vertices (1,653 trig, 1,095 trig+kin events)
  [2198/2901] nano_2198.root
         -> 5,022 vertices (3,165 trig, 2,125 trig+kin events)
  [2199/2901] nano_2199.root
         -> 5,025 vertices (3,197 trig, 2,190 trig+kin events)
  [2200/2901] nano_2200.root
         -> 2,614 vertices (1,614 trig, 1,077 trig+kin events)
  [2201/2901] nano_2201.root
         -> 3,167 vertices (1,876 trig, 1,248 trig+kin events)
  [2202/2901] nano_2202.root
         -> 5,115 vertices (3,263 trig, 2,204 trig+kin events)
  [2203/2901] nano_2203.root
         -> 4,681 vertices (3,236 trig, 2,178 trig+kin events)
  [2204/2901] nano_2204.root
         -> 2,899 vertices (1,852 trig, 1,228 trig+kin events)
  [2205/2901] nano_2205.root
         -> 4,948 vertices (3,160 trig, 2,083 trig+kin events)
  [2206/2901] nano_2206.root
         -> 4,687 vertices (3,214 trig, 2,150 trig+kin events)
  [2207/2901] nano_2207.root
         -> 4,876 vertices (2,965 trig, 1,991 trig+kin events)
  [2208/2901] nano_2208.root
         -> 4,827 vertices (3,189 trig, 2,163 trig+kin events)
  [2209/2901] nano_2209.root
         -> 5,351 vertices (3,229 trig, 2,178 trig+kin events)
  [2210/2901] nano_2210.root
         -> 4,700 vertices (3,139 trig, 2,104 trig+kin events)
  [2211/2901] nano_2211.root
         -> 3,159 vertices (2,049 trig, 1,345 trig+kin events)
  [2212/2901] nano_2212.root
         -> 2,682 vertices (1,680 trig, 1,114 trig+kin events)
  [2213/2901] nano_2213.root
         -> 4,894 vertices (3,141 trig, 2,122 trig+kin events)
  [2214/2901] nano_2214.root
         -> 4,950 vertices (3,173 trig, 2,097 trig+kin events)
  [2215/2901] nano_2215.root
         -> 4,804 vertices (3,182 trig, 2,072 trig+kin events)
  [2216/2901] nano_2216.root
         -> 2,553 vertices (1,697 trig, 1,120 trig+kin events)
  [2217/2901] nano_2217.root
         -> 4,417 vertices (2,863 trig, 1,946 trig+kin events)
  [2218/2901] nano_2218.root
         -> 4,516 vertices (2,958 trig, 1,952 trig+kin events)
  [2219/2901] nano_2219.root
         -> 3,241 vertices (2,101 trig, 1,422 trig+kin events)
  [2220/2901] nano_2220.root
         -> 3,750 vertices (2,285 trig, 1,526 trig+kin events)
  [2221/2901] nano_2221.root
         -> 4,889 vertices (3,181 trig, 2,118 trig+kin events)
  [2222/2901] nano_2222.root
         -> 5,063 vertices (3,140 trig, 2,162 trig+kin events)
  [2223/2901] nano_2223.root
         -> 3,895 vertices (2,489 trig, 1,651 trig+kin events)
  [2224/2901] nano_2224.root
         -> 4,833 vertices (3,127 trig, 2,101 trig+kin events)
  [2225/2901] nano_2225.root
         -> 4,408 vertices (3,002 trig, 1,985 trig+kin events)
  [2226/2901] nano_2226.root
         -> 4,801 vertices (3,155 trig, 2,141 trig+kin events)
  [2227/2901] nano_2227.root
         -> 4,801 vertices (3,113 trig, 2,074 trig+kin events)
  [2228/2901] nano_2228.root
         -> 5,221 vertices (3,259 trig, 2,196 trig+kin events)
  [2229/2901] nano_2229.root
         -> 4,966 vertices (3,169 trig, 2,132 trig+kin events)
  [2230/2901] nano_2230.root
         -> 4,630 vertices (2,769 trig, 1,873 trig+kin events)
  [2231/2901] nano_2231.root
         -> 4,937 vertices (3,203 trig, 2,139 trig+kin events)
  [2232/2901] nano_2232.root
         -> 3,138 vertices (1,824 trig, 1,228 trig+kin events)
  [2233/2901] nano_2233.root
         -> 2,456 vertices (1,669 trig, 1,063 trig+kin events)
  [2234/2901] nano_2234.root
         -> 5,025 vertices (3,124 trig, 2,087 trig+kin events)
  [2235/2901] nano_2235.root
         -> 2,610 vertices (1,637 trig, 1,043 trig+kin events)
  [2236/2901] nano_2236.root
         -> 4,399 vertices (3,186 trig, 2,090 trig+kin events)
  [2237/2901] nano_2237.root
         -> 4,786 vertices (3,160 trig, 2,098 trig+kin events)
  [2238/2901] nano_2238.root
         -> 4,985 vertices (3,161 trig, 2,116 trig+kin events)
  [2239/2901] nano_2239.root
         -> 4,839 vertices (3,177 trig, 2,154 trig+kin events)
  [2240/2901] nano_2240.root
         -> 5,279 vertices (3,264 trig, 2,180 trig+kin events)
  [2241/2901] nano_2241.root
         -> 4,991 vertices (3,233 trig, 2,187 trig+kin events)
  [2242/2901] nano_2242.root
         -> 5,036 vertices (3,215 trig, 2,172 trig+kin events)
  [2243/2901] nano_2243.root
         -> 4,878 vertices (3,208 trig, 2,120 trig+kin events)
  [2244/2901] nano_2244.root
         -> 4,980 vertices (3,232 trig, 2,134 trig+kin events)
  [2245/2901] nano_2245.root
         -> 3,661 vertices (2,335 trig, 1,576 trig+kin events)
  [2246/2901] nano_2246.root
         -> 5,009 vertices (3,283 trig, 2,158 trig+kin events)
  [2247/2901] nano_2247.root
         -> 4,492 vertices (2,886 trig, 1,980 trig+kin events)
  [2248/2901] nano_2248.root
         -> 2,410 vertices (1,645 trig, 1,081 trig+kin events)
  [2249/2901] nano_2249.root
         -> 5,023 vertices (3,184 trig, 2,126 trig+kin events)
  [2250/2901] nano_2250.root
         -> 2,665 vertices (1,703 trig, 1,160 trig+kin events)
  [2251/2901] nano_2251.root
         -> 4,943 vertices (3,204 trig, 2,147 trig+kin events)
  [2252/2901] nano_2252.root
         -> 2,718 vertices (1,706 trig, 1,134 trig+kin events)
  [2253/2901] nano_2253.root
         -> 4,317 vertices (2,886 trig, 1,931 trig+kin events)
  [2254/2901] nano_2254.root
         -> 183 vertices (141 trig, 81 trig+kin events)
  [2255/2901] nano_2255.root
         -> 4,951 vertices (3,252 trig, 2,197 trig+kin events)
  [2256/2901] nano_2256.root
         -> 4,813 vertices (3,129 trig, 2,065 trig+kin events)
  [2257/2901] nano_2257.root
         -> 4,915 vertices (3,248 trig, 2,144 trig+kin events)
  [2258/2901] nano_2258.root
         -> 3,733 vertices (2,558 trig, 1,720 trig+kin events)
  [2259/2901] nano_2259.root
         -> 4,943 vertices (3,163 trig, 2,099 trig+kin events)
  [2260/2901] nano_2260.root
         -> 5,020 vertices (3,199 trig, 2,165 trig+kin events)
  [2261/2901] nano_2261.root
         -> 2,339 vertices (1,624 trig, 1,058 trig+kin events)
  [2262/2901] nano_2262.root
         -> 5,070 vertices (3,190 trig, 2,122 trig+kin events)
  [2263/2901] nano_2263.root
         -> 4,194 vertices (2,758 trig, 1,874 trig+kin events)
  [2264/2901] nano_2264.root
         -> 3,652 vertices (2,286 trig, 1,529 trig+kin events)
  [2265/2901] nano_2265.root
         -> 4,679 vertices (3,125 trig, 2,059 trig+kin events)
  [2266/2901] nano_2266.root
         -> 3,034 vertices (1,971 trig, 1,349 trig+kin events)
  [2267/2901] nano_2267.root
         -> 3,233 vertices (1,955 trig, 1,313 trig+kin events)
  [2268/2901] nano_2268.root
         -> 3,127 vertices (1,917 trig, 1,285 trig+kin events)
  [2269/2901] nano_2269.root
         -> 3,077 vertices (2,002 trig, 1,338 trig+kin events)
  [2270/2901] nano_2270.root
         -> 4,598 vertices (3,065 trig, 2,035 trig+kin events)
  [2271/2901] nano_2271.root
         -> 5,121 vertices (3,200 trig, 2,131 trig+kin events)
  [2272/2901] nano_2272.root
         -> 4,220 vertices (2,606 trig, 1,756 trig+kin events)
  [2273/2901] nano_2273.root
         -> 2,917 vertices (1,865 trig, 1,255 trig+kin events)
  [2274/2901] nano_2274.root
         -> 4,173 vertices (2,686 trig, 1,788 trig+kin events)
  [2275/2901] nano_2275.root
         -> 4,497 vertices (2,712 trig, 1,815 trig+kin events)
  [2276/2901] nano_2276.root
         -> 1,811 vertices (1,194 trig, 766 trig+kin events)
  [2277/2901] nano_2277.root
         -> 5,193 vertices (3,265 trig, 2,186 trig+kin events)
  [2278/2901] nano_2278.root
         -> 3,163 vertices (1,986 trig, 1,347 trig+kin events)
  [2279/2901] nano_2279.root
         -> 4,438 vertices (2,859 trig, 1,907 trig+kin events)
  [2280/2901] nano_2280.root
         -> 3,318 vertices (2,017 trig, 1,391 trig+kin events)
  [2281/2901] nano_2281.root
         -> 2,670 vertices (1,751 trig, 1,161 trig+kin events)
  [2282/2901] nano_2282.root
         -> 4,864 vertices (3,178 trig, 2,131 trig+kin events)
  [2283/2901] nano_2283.root
         -> 2,897 vertices (1,872 trig, 1,269 trig+kin events)
  [2284/2901] nano_2284.root
         -> 3,308 vertices (2,148 trig, 1,434 trig+kin events)
  [2285/2901] nano_2285.root
         -> 5,001 vertices (3,173 trig, 2,127 trig+kin events)
  [2286/2901] nano_2286.root
         -> 5,070 vertices (3,200 trig, 2,112 trig+kin events)
  [2287/2901] nano_2287.root
         -> 3,484 vertices (2,250 trig, 1,496 trig+kin events)
  [2288/2901] nano_2288.root
         -> 5,140 vertices (3,221 trig, 2,147 trig+kin events)
  [2289/2901] nano_2289.root
         -> 5,220 vertices (3,125 trig, 2,095 trig+kin events)
  [2290/2901] nano_2290.root
         -> 3,989 vertices (2,455 trig, 1,715 trig+kin events)
  [2291/2901] nano_2291.root
         -> 4,956 vertices (3,236 trig, 2,142 trig+kin events)
  [2292/2901] nano_2292.root
         -> 5,037 vertices (3,205 trig, 2,144 trig+kin events)
  [2293/2901] nano_2293.root
         -> 2,640 vertices (1,705 trig, 1,169 trig+kin events)
  [2294/2901] nano_2294.root
         -> 5,115 vertices (3,226 trig, 2,170 trig+kin events)
  [2295/2901] nano_2295.root
         -> 4,858 vertices (3,212 trig, 2,145 trig+kin events)
  [2296/2901] nano_2296.root
         -> 2,391 vertices (1,615 trig, 1,051 trig+kin events)
  [2297/2901] nano_2297.root
         -> 4,563 vertices (3,157 trig, 2,095 trig+kin events)
  [2298/2901] nano_2298.root
         -> 4,294 vertices (2,872 trig, 1,908 trig+kin events)
  [2299/2901] nano_2299.root
         -> 4,978 vertices (3,114 trig, 2,086 trig+kin events)
  [2300/2901] nano_2300.root
         -> 4,576 vertices (2,866 trig, 1,984 trig+kin events)
  [2301/2901] nano_2301.root
         -> 4,752 vertices (3,149 trig, 2,130 trig+kin events)
  [2302/2901] nano_2302.root
         -> 4,506 vertices (2,910 trig, 1,945 trig+kin events)
  [2303/2901] nano_2303.root
         -> 4,926 vertices (3,100 trig, 2,099 trig+kin events)
  [2304/2901] nano_2304.root
         -> 3,335 vertices (2,078 trig, 1,377 trig+kin events)
  [2305/2901] nano_2305.root
         -> 4,948 vertices (3,231 trig, 2,155 trig+kin events)
  [2306/2901] nano_2306.root
         -> 4,765 vertices (3,096 trig, 2,060 trig+kin events)
  [2307/2901] nano_2307.root
         -> 2,583 vertices (1,679 trig, 1,115 trig+kin events)
  [2308/2901] nano_2308.root
         -> 419 vertices (270 trig, 171 trig+kin events)
  [2309/2901] nano_2309.root
         -> 2,949 vertices (1,987 trig, 1,274 trig+kin events)
  [2310/2901] nano_2310.root
         -> 4,751 vertices (3,179 trig, 2,121 trig+kin events)
  [2311/2901] nano_2311.root
         -> 4,694 vertices (3,098 trig, 2,058 trig+kin events)
  [2312/2901] nano_2312.root
         -> 2,578 vertices (1,640 trig, 1,122 trig+kin events)
  [2313/2901] nano_2313.root
         -> 2,669 vertices (1,782 trig, 1,192 trig+kin events)
  [2314/2901] nano_2314.root
         -> 5,044 vertices (3,244 trig, 2,184 trig+kin events)
  [2315/2901] nano_2315.root
         -> 2,838 vertices (1,698 trig, 1,137 trig+kin events)
  [2316/2901] nano_2316.root
         -> 4,954 vertices (3,142 trig, 2,091 trig+kin events)
  [2317/2901] nano_2317.root
         -> 4,803 vertices (3,151 trig, 2,059 trig+kin events)
  [2318/2901] nano_2318.root
         -> 4,767 vertices (3,262 trig, 2,184 trig+kin events)
  [2319/2901] nano_2319.root
         -> 3,020 vertices (1,976 trig, 1,310 trig+kin events)
  [2320/2901] nano_2320.root
         -> 5,546 vertices (3,280 trig, 2,224 trig+kin events)
  [2321/2901] nano_2321.root
         -> 3,153 vertices (1,920 trig, 1,303 trig+kin events)
  [2322/2901] nano_2322.root
         -> 502 vertices (302 trig, 200 trig+kin events)
  [2323/2901] nano_2323.root
         -> 3,874 vertices (2,336 trig, 1,585 trig+kin events)
  [2324/2901] nano_2324.root
         -> 2,452 vertices (1,678 trig, 1,130 trig+kin events)
  [2325/2901] nano_2325.root
         -> 5,132 vertices (3,299 trig, 2,188 trig+kin events)
  [2326/2901] nano_2326.root
         -> 4,784 vertices (3,179 trig, 2,091 trig+kin events)
  [2327/2901] nano_2327.root
         -> 4,816 vertices (3,176 trig, 2,091 trig+kin events)
  [2328/2901] nano_2328.root
         -> 4,334 vertices (2,851 trig, 1,841 trig+kin events)
  [2329/2901] nano_2329.root
         -> 4,995 vertices (3,145 trig, 2,118 trig+kin events)
  [2330/2901] nano_2330.root
         -> 5,113 vertices (3,283 trig, 2,226 trig+kin events)
  [2331/2901] nano_2331.root
         -> 4,423 vertices (2,680 trig, 1,784 trig+kin events)
  [2332/2901] nano_2332.root
         -> 4,858 vertices (2,962 trig, 2,004 trig+kin events)
  [2333/2901] nano_2333.root
         -> 5,026 vertices (3,241 trig, 2,153 trig+kin events)
  [2334/2901] nano_2334.root
         -> 4,965 vertices (3,104 trig, 2,070 trig+kin events)
  [2335/2901] nano_2335.root
         -> 4,954 vertices (3,096 trig, 2,008 trig+kin events)
  [2336/2901] nano_2336.root
         -> 2,869 vertices (1,831 trig, 1,270 trig+kin events)
  [2337/2901] nano_2337.root
         -> 4,140 vertices (2,617 trig, 1,737 trig+kin events)
  [2338/2901] nano_2338.root
         -> 4,788 vertices (3,166 trig, 2,102 trig+kin events)
  [2339/2901] nano_2339.root
         -> 5,112 vertices (3,271 trig, 2,178 trig+kin events)
  [2340/2901] nano_2340.root
         -> 3,250 vertices (2,178 trig, 1,485 trig+kin events)
  [2341/2901] nano_2341.root
         -> 3,060 vertices (1,888 trig, 1,241 trig+kin events)
  [2342/2901] nano_2342.root
         -> 5,051 vertices (3,181 trig, 2,101 trig+kin events)
  [2343/2901] nano_2343.root
         -> 3,453 vertices (2,340 trig, 1,540 trig+kin events)
  [2344/2901] nano_2344.root
         -> 5,155 vertices (3,174 trig, 2,158 trig+kin events)
  [2345/2901] nano_2345.root
         -> 2,576 vertices (1,750 trig, 1,142 trig+kin events)
  [2346/2901] nano_2346.root
         -> 4,847 vertices (3,222 trig, 2,159 trig+kin events)
  [2347/2901] nano_2347.root
         -> 5,025 vertices (3,169 trig, 2,106 trig+kin events)
  [2348/2901] nano_2348.root
         -> 4,801 vertices (3,238 trig, 2,166 trig+kin events)
  [2349/2901] nano_2349.root
         -> 4,837 vertices (3,172 trig, 2,083 trig+kin events)
  [2350/2901] nano_2350.root
         -> 5,149 vertices (3,183 trig, 2,120 trig+kin events)
  [2351/2901] nano_2351.root
         -> 4,399 vertices (3,056 trig, 2,036 trig+kin events)
  [2352/2901] nano_2352.root
         -> 3,508 vertices (2,355 trig, 1,526 trig+kin events)
  [2353/2901] nano_2353.root
         -> 5,011 vertices (3,167 trig, 2,116 trig+kin events)
  [2354/2901] nano_2354.root
         -> 4,947 vertices (3,204 trig, 2,099 trig+kin events)
  [2355/2901] nano_2355.root
         -> 2,857 vertices (1,902 trig, 1,273 trig+kin events)
  [2356/2901] nano_2356.root
         -> 2,694 vertices (1,857 trig, 1,231 trig+kin events)
  [2357/2901] nano_2357.root
         -> 3,201 vertices (2,107 trig, 1,401 trig+kin events)
  [2358/2901] nano_2358.root
         -> 2,562 vertices (1,638 trig, 1,099 trig+kin events)
  [2359/2901] nano_2359.root
         -> 5,169 vertices (3,224 trig, 2,144 trig+kin events)
  [2360/2901] nano_2360.root
         -> 4,921 vertices (3,163 trig, 2,120 trig+kin events)
  [2361/2901] nano_2361.root
         -> 3,879 vertices (2,390 trig, 1,596 trig+kin events)
  [2362/2901] nano_2362.root
         -> 5,032 vertices (3,224 trig, 2,164 trig+kin events)
  [2363/2901] nano_2363.root
         -> 4,681 vertices (2,935 trig, 1,952 trig+kin events)
  [2364/2901] nano_2364.root
         -> 2,551 vertices (1,689 trig, 1,131 trig+kin events)
  [2365/2901] nano_2365.root
         -> 4,884 vertices (3,156 trig, 2,130 trig+kin events)
  [2366/2901] nano_2366.root
         -> 4,721 vertices (3,148 trig, 2,066 trig+kin events)
  [2367/2901] nano_2367.root
         -> 4,915 vertices (3,210 trig, 2,144 trig+kin events)
  [2368/2901] nano_2368.root
         -> 2,820 vertices (1,864 trig, 1,254 trig+kin events)
  [2369/2901] nano_2369.root
         -> 5,193 vertices (3,238 trig, 2,175 trig+kin events)
  [2370/2901] nano_2370.root
         -> 5,030 vertices (3,215 trig, 2,130 trig+kin events)
  [2371/2901] nano_2371.root
         -> 4,824 vertices (2,980 trig, 1,971 trig+kin events)
  [2372/2901] nano_2372.root
         -> 4,105 vertices (2,783 trig, 1,845 trig+kin events)
  [2373/2901] nano_2373.root
         -> 5,258 vertices (3,267 trig, 2,200 trig+kin events)
  [2374/2901] nano_2374.root
         -> 4,841 vertices (3,136 trig, 2,067 trig+kin events)
  [2375/2901] nano_2375.root
         -> 2,465 vertices (1,617 trig, 1,080 trig+kin events)
  [2376/2901] nano_2376.root
         -> 5,170 vertices (3,253 trig, 2,198 trig+kin events)
  [2377/2901] nano_2377.root
         -> 94 vertices (66 trig, 44 trig+kin events)
  [2378/2901] nano_2378.root
         -> 3,719 vertices (2,269 trig, 1,543 trig+kin events)
  [2379/2901] nano_2379.root
         -> 4,966 vertices (3,260 trig, 2,186 trig+kin events)
  [2380/2901] nano_2380.root
         -> 3,150 vertices (1,864 trig, 1,246 trig+kin events)
  [2381/2901] nano_2381.root
         -> 5,318 vertices (3,183 trig, 2,141 trig+kin events)
  [2382/2901] nano_2382.root
         -> 3,157 vertices (1,996 trig, 1,330 trig+kin events)
  [2383/2901] nano_2383.root
         -> 4,126 vertices (2,763 trig, 1,855 trig+kin events)
  [2384/2901] nano_2384.root
         -> 3,315 vertices (2,293 trig, 1,527 trig+kin events)
  [2385/2901] nano_2385.root
         -> 5,429 vertices (3,239 trig, 2,204 trig+kin events)
  [2386/2901] nano_2386.root
         -> 3,740 vertices (2,340 trig, 1,558 trig+kin events)
  [2387/2901] nano_2387.root
         -> 657 vertices (450 trig, 294 trig+kin events)
  [2388/2901] nano_2388.root
         -> 5,089 vertices (3,204 trig, 2,163 trig+kin events)
  [2389/2901] nano_2389.root
         -> 5,119 vertices (3,137 trig, 2,114 trig+kin events)
  [2390/2901] nano_2390.root
         -> 5,119 vertices (3,162 trig, 2,134 trig+kin events)
  [2391/2901] nano_2391.root
         -> 4,779 vertices (3,123 trig, 2,106 trig+kin events)
  [2392/2901] nano_2392.root
         -> 5,051 vertices (3,219 trig, 2,130 trig+kin events)
  [2393/2901] nano_2393.root
         -> 2,274 vertices (1,601 trig, 1,028 trig+kin events)
  [2394/2901] nano_2394.root
         -> 4,975 vertices (3,259 trig, 2,197 trig+kin events)
  [2395/2901] nano_2395.root
         -> 4,900 vertices (3,059 trig, 2,095 trig+kin events)
  [2396/2901] nano_2396.root
         -> 3,588 vertices (2,423 trig, 1,580 trig+kin events)
  [2397/2901] nano_2397.root
         -> 4,780 vertices (3,239 trig, 2,171 trig+kin events)
  [2398/2901] nano_2398.root
         -> 3,745 vertices (2,479 trig, 1,637 trig+kin events)
  [2399/2901] nano_2399.root
         -> 3,901 vertices (2,518 trig, 1,693 trig+kin events)
  [2400/2901] nano_2400.root
         -> 4,946 vertices (3,244 trig, 2,183 trig+kin events)
  [2401/2901] nano_2401.root
         -> 4,943 vertices (3,100 trig, 2,069 trig+kin events)
  [2402/2901] nano_2402.root
         -> 2,850 vertices (1,840 trig, 1,307 trig+kin events)
  [2403/2901] nano_2403.root
         -> 4,751 vertices (3,134 trig, 2,088 trig+kin events)
  [2404/2901] nano_2404.root
         -> 5,353 vertices (3,281 trig, 2,218 trig+kin events)
  [2405/2901] nano_2405.root
         -> 4,390 vertices (2,968 trig, 1,985 trig+kin events)
  [2406/2901] nano_2406.root
         -> 4,873 vertices (3,005 trig, 2,052 trig+kin events)
  [2407/2901] nano_2407.root
         -> 3,878 vertices (2,598 trig, 1,727 trig+kin events)
  [2408/2901] nano_2408.root
         -> 951 vertices (636 trig, 411 trig+kin events)
  [2409/2901] nano_2409.root
         -> 4,053 vertices (2,490 trig, 1,653 trig+kin events)
  [2410/2901] nano_2410.root
         -> 2,268 vertices (1,387 trig, 947 trig+kin events)
  [2411/2901] nano_2411.root
         -> 3,426 vertices (2,184 trig, 1,464 trig+kin events)
  [2412/2901] nano_2412.root
         -> 4,353 vertices (2,728 trig, 1,829 trig+kin events)
  [2413/2901] nano_2413.root
         -> 4,107 vertices (2,669 trig, 1,796 trig+kin events)
  [2414/2901] nano_2414.root
         -> 4,744 vertices (3,173 trig, 2,125 trig+kin events)
  [2415/2901] nano_2415.root
         -> 4,268 vertices (2,574 trig, 1,704 trig+kin events)
  [2416/2901] nano_2416.root
         -> 5,233 vertices (3,133 trig, 2,107 trig+kin events)
  [2417/2901] nano_2417.root
         -> 3,001 vertices (1,915 trig, 1,316 trig+kin events)
  [2418/2901] nano_2418.root
         -> 2,437 vertices (1,640 trig, 1,077 trig+kin events)
  [2419/2901] nano_2419.root
         -> 2,976 vertices (1,722 trig, 1,153 trig+kin events)
  [2420/2901] nano_2420.root
         -> 4,714 vertices (3,017 trig, 2,024 trig+kin events)
  [2421/2901] nano_2421.root
         -> 5,248 vertices (3,291 trig, 2,168 trig+kin events)
  [2422/2901] nano_2422.root
         -> 3,299 vertices (2,051 trig, 1,350 trig+kin events)
  [2423/2901] nano_2423.root
         -> 4,530 vertices (2,891 trig, 1,948 trig+kin events)
  [2424/2901] nano_2424.root
         -> 3,636 vertices (2,264 trig, 1,554 trig+kin events)
  [2425/2901] nano_2425.root
         -> 3,397 vertices (2,198 trig, 1,459 trig+kin events)
  [2426/2901] nano_2426.root
         -> 4,008 vertices (2,525 trig, 1,683 trig+kin events)
  [2427/2901] nano_2427.root
         -> 3,391 vertices (2,102 trig, 1,379 trig+kin events)
  [2428/2901] nano_2428.root
         -> 2,604 vertices (1,735 trig, 1,159 trig+kin events)
  [2429/2901] nano_2429.root
         -> 5,048 vertices (3,272 trig, 2,164 trig+kin events)
  [2430/2901] nano_2430.root
         -> 4,792 vertices (3,115 trig, 2,092 trig+kin events)
  [2431/2901] nano_2431.root
         -> 2,891 vertices (1,874 trig, 1,282 trig+kin events)
  [2432/2901] nano_2432.root
         -> 2,498 vertices (1,636 trig, 1,126 trig+kin events)
  [2433/2901] nano_2433.root
         -> 4,840 vertices (3,081 trig, 2,060 trig+kin events)
  [2434/2901] nano_2434.root
         -> 3,000 vertices (1,992 trig, 1,326 trig+kin events)
  [2435/2901] nano_2435.root
         -> 3,124 vertices (1,818 trig, 1,217 trig+kin events)
  [2436/2901] nano_2436.root
         -> 5,013 vertices (3,111 trig, 2,120 trig+kin events)
  [2437/2901] nano_2437.root
         -> 2,794 vertices (1,784 trig, 1,206 trig+kin events)
  [2438/2901] nano_2438.root
         -> 3,156 vertices (2,066 trig, 1,390 trig+kin events)
  [2439/2901] nano_2439.root
         -> 3,841 vertices (2,295 trig, 1,538 trig+kin events)
  [2440/2901] nano_2440.root
         -> 3,203 vertices (1,997 trig, 1,364 trig+kin events)
  [2441/2901] nano_2441.root
         -> 2,480 vertices (1,644 trig, 1,105 trig+kin events)
  [2442/2901] nano_2442.root
         -> 2,738 vertices (1,721 trig, 1,152 trig+kin events)
  [2443/2901] nano_2443.root
         -> 2,767 vertices (1,892 trig, 1,260 trig+kin events)
  [2444/2901] nano_2444.root
         -> 4,989 vertices (3,214 trig, 2,177 trig+kin events)
  [2445/2901] nano_2445.root
         -> 4,999 vertices (3,239 trig, 2,154 trig+kin events)
  [2446/2901] nano_2446.root
         -> 4,935 vertices (3,266 trig, 2,190 trig+kin events)
  [2447/2901] nano_2447.root
         -> 4,932 vertices (3,189 trig, 2,104 trig+kin events)
  [2448/2901] nano_2448.root
         -> 5,119 vertices (3,256 trig, 2,184 trig+kin events)
  [2449/2901] nano_2449.root
         -> 5,194 vertices (3,190 trig, 2,167 trig+kin events)
  [2450/2901] nano_2450.root
         -> 5,004 vertices (3,252 trig, 2,161 trig+kin events)
  [2451/2901] nano_2451.root
         -> 4,883 vertices (3,090 trig, 2,095 trig+kin events)
  [2452/2901] nano_2452.root
         -> 4,774 vertices (3,170 trig, 2,107 trig+kin events)
  [2453/2901] nano_2453.root
         -> 5,043 vertices (3,233 trig, 2,153 trig+kin events)
  [2454/2901] nano_2454.root
         -> 2,164 vertices (1,309 trig, 876 trig+kin events)
  [2455/2901] nano_2455.root
         -> 1,815 vertices (1,081 trig, 718 trig+kin events)
  [2456/2901] nano_2456.root
         -> 4,011 vertices (2,551 trig, 1,724 trig+kin events)
  [2457/2901] nano_2457.root
         -> 4,423 vertices (2,899 trig, 1,934 trig+kin events)
  [2458/2901] nano_2458.root
         -> 2,409 vertices (1,661 trig, 1,098 trig+kin events)
  [2459/2901] nano_2459.root
         -> 4,871 vertices (3,133 trig, 2,120 trig+kin events)
  [2460/2901] nano_2460.root
         -> 5,002 vertices (3,017 trig, 2,030 trig+kin events)
  [2461/2901] nano_2461.root
         -> 3,741 vertices (2,620 trig, 1,784 trig+kin events)
  [2462/2901] nano_2462.root
         -> 5,057 vertices (3,233 trig, 2,145 trig+kin events)
  [2463/2901] nano_2463.root
         -> 4,770 vertices (3,035 trig, 2,026 trig+kin events)
  [2464/2901] nano_2464.root
         -> 3,190 vertices (2,027 trig, 1,367 trig+kin events)
  [2465/2901] nano_2465.root
         -> 5,022 vertices (3,156 trig, 2,089 trig+kin events)
  [2466/2901] nano_2466.root
         -> 4,015 vertices (2,661 trig, 1,741 trig+kin events)
  [2467/2901] nano_2467.root
         -> 4,986 vertices (3,290 trig, 2,194 trig+kin events)
  [2468/2901] nano_2468.root
         -> 2,952 vertices (1,846 trig, 1,263 trig+kin events)
  [2469/2901] nano_2469.root
         -> 4,890 vertices (3,212 trig, 2,124 trig+kin events)
  [2470/2901] nano_2470.root
         -> 4,930 vertices (3,259 trig, 2,190 trig+kin events)
  [2471/2901] nano_2471.root
         -> 2,892 vertices (1,903 trig, 1,304 trig+kin events)
  [2472/2901] nano_2472.root
         -> 4,046 vertices (2,804 trig, 1,835 trig+kin events)
  [2473/2901] nano_2473.root
         -> 4,877 vertices (3,246 trig, 2,144 trig+kin events)
  [2474/2901] nano_2474.root
         -> 5,118 vertices (3,213 trig, 2,129 trig+kin events)
  [2475/2901] nano_2475.root
         -> 4,123 vertices (2,554 trig, 1,710 trig+kin events)
  [2476/2901] nano_2476.root
         -> 4,829 vertices (3,120 trig, 2,061 trig+kin events)
  [2477/2901] nano_2477.root
         -> 4,929 vertices (3,141 trig, 2,138 trig+kin events)
  [2478/2901] nano_2478.root
         -> 4,978 vertices (3,246 trig, 2,130 trig+kin events)
  [2479/2901] nano_2479.root
         -> 2,432 vertices (1,663 trig, 1,087 trig+kin events)
  [2480/2901] nano_2480.root
         -> 4,981 vertices (3,124 trig, 2,137 trig+kin events)
  [2481/2901] nano_2481.root
         -> 4,719 vertices (3,118 trig, 2,093 trig+kin events)
  [2482/2901] nano_2482.root
         -> 3,468 vertices (2,236 trig, 1,486 trig+kin events)
  [2483/2901] nano_2483.root
         -> 2,832 vertices (1,977 trig, 1,298 trig+kin events)
  [2484/2901] nano_2484.root
         -> 4,079 vertices (2,617 trig, 1,743 trig+kin events)
  [2485/2901] nano_2485.root
         -> 5,102 vertices (3,143 trig, 2,118 trig+kin events)
  [2486/2901] nano_2486.root
         -> 5,097 vertices (3,332 trig, 2,199 trig+kin events)
  [2487/2901] nano_2487.root
         -> 2,514 vertices (1,730 trig, 1,095 trig+kin events)
  [2488/2901] nano_2488.root
         -> 5,052 vertices (3,161 trig, 2,113 trig+kin events)
  [2489/2901] nano_2489.root
         -> 4,987 vertices (3,305 trig, 2,213 trig+kin events)
  [2490/2901] nano_2490.root
         -> 4,798 vertices (3,136 trig, 2,051 trig+kin events)
  [2491/2901] nano_2491.root
         -> 5,225 vertices (3,254 trig, 2,192 trig+kin events)
  [2492/2901] nano_2492.root
         -> 4,022 vertices (2,533 trig, 1,709 trig+kin events)
  [2493/2901] nano_2493.root
         -> 4,729 vertices (3,197 trig, 2,164 trig+kin events)
  [2494/2901] nano_2494.root
         -> 4,580 vertices (3,161 trig, 2,107 trig+kin events)
  [2495/2901] nano_2495.root
         -> 4,886 vertices (3,175 trig, 2,091 trig+kin events)
  [2496/2901] nano_2496.root
         -> 3,730 vertices (2,521 trig, 1,667 trig+kin events)
  [2497/2901] nano_2497.root
         -> 4,932 vertices (3,134 trig, 2,051 trig+kin events)
  [2498/2901] nano_2498.root
         -> 4,734 vertices (3,013 trig, 2,057 trig+kin events)
  [2499/2901] nano_2499.root
         -> 4,001 vertices (2,730 trig, 1,789 trig+kin events)
  [2500/2901] nano_2500.root
         -> 3,394 vertices (2,152 trig, 1,442 trig+kin events)
  [2501/2901] nano_2501.root
         -> 2,588 vertices (1,759 trig, 1,164 trig+kin events)
  [2502/2901] nano_2502.root
         -> 2,899 vertices (1,749 trig, 1,203 trig+kin events)
  [2503/2901] nano_2503.root
         -> 3,090 vertices (1,986 trig, 1,353 trig+kin events)
  [2504/2901] nano_2504.root
         -> 3,236 vertices (2,186 trig, 1,438 trig+kin events)
  [2505/2901] nano_2505.root
         -> 525 vertices (313 trig, 202 trig+kin events)
  [2506/2901] nano_2506.root
         -> 2,960 vertices (1,833 trig, 1,200 trig+kin events)
  [2507/2901] nano_2507.root
         -> 4,671 vertices (2,820 trig, 1,907 trig+kin events)
  [2508/2901] nano_2508.root
         -> 2,935 vertices (1,886 trig, 1,246 trig+kin events)
  [2509/2901] nano_2509.root
         -> 5,174 vertices (3,216 trig, 2,177 trig+kin events)
  [2510/2901] nano_2510.root
         -> 4,822 vertices (3,250 trig, 2,155 trig+kin events)
  [2511/2901] nano_2511.root
         -> 3,486 vertices (2,140 trig, 1,442 trig+kin events)
  [2512/2901] nano_2512.root
         -> 5,131 vertices (3,190 trig, 2,102 trig+kin events)
  [2513/2901] nano_2513.root
         -> 2,895 vertices (1,932 trig, 1,327 trig+kin events)
  [2514/2901] nano_2514.root
         -> 4,961 vertices (3,190 trig, 2,166 trig+kin events)
  [2515/2901] nano_2515.root
         -> 4,942 vertices (2,920 trig, 1,998 trig+kin events)
  [2516/2901] nano_2516.root
         -> 4,994 vertices (3,148 trig, 2,147 trig+kin events)
  [2517/2901] nano_2517.root
         -> 4,732 vertices (3,124 trig, 2,038 trig+kin events)
  [2518/2901] nano_2518.root
         -> 4,909 vertices (3,233 trig, 2,137 trig+kin events)
  [2519/2901] nano_2519.root
         -> 4,359 vertices (2,841 trig, 1,932 trig+kin events)
  [2520/2901] nano_2520.root
         -> 5,024 vertices (3,198 trig, 2,104 trig+kin events)
  [2521/2901] nano_2521.root
         -> 3,509 vertices (2,161 trig, 1,462 trig+kin events)
  [2522/2901] nano_2522.root
         -> 3,000 vertices (1,914 trig, 1,273 trig+kin events)
  [2523/2901] nano_2523.root
         -> 3,987 vertices (2,740 trig, 1,820 trig+kin events)
  [2524/2901] nano_2524.root
         -> 3,188 vertices (2,076 trig, 1,396 trig+kin events)
  [2525/2901] nano_2525.root
         -> 4,694 vertices (3,057 trig, 2,055 trig+kin events)
  [2526/2901] nano_2526.root
         -> 4,916 vertices (3,152 trig, 2,071 trig+kin events)
  [2527/2901] nano_2527.root
         -> 2,804 vertices (1,857 trig, 1,247 trig+kin events)
  [2528/2901] nano_2528.root
         -> 4,096 vertices (2,732 trig, 1,789 trig+kin events)
  [2529/2901] nano_2529.root
         -> 4,875 vertices (3,250 trig, 2,184 trig+kin events)
  [2530/2901] nano_2530.root
         -> 4,658 vertices (2,869 trig, 1,919 trig+kin events)
  [2531/2901] nano_2531.root
         -> 4,851 vertices (3,059 trig, 2,037 trig+kin events)
  [2532/2901] nano_2532.root
         -> 5,015 vertices (3,166 trig, 2,109 trig+kin events)
  [2533/2901] nano_2533.root
         -> 4,977 vertices (3,157 trig, 2,103 trig+kin events)
  [2534/2901] nano_2534.root
         -> 2,952 vertices (1,870 trig, 1,260 trig+kin events)
  [2535/2901] nano_2535.root
         -> 4,823 vertices (3,104 trig, 2,088 trig+kin events)
  [2536/2901] nano_2536.root
         -> 3,135 vertices (2,002 trig, 1,325 trig+kin events)
  [2537/2901] nano_2537.root
         -> 2,769 vertices (1,765 trig, 1,192 trig+kin events)
  [2538/2901] nano_2538.root
         -> 3,992 vertices (2,447 trig, 1,650 trig+kin events)
  [2539/2901] nano_2539.root
         -> 4,980 vertices (3,192 trig, 2,157 trig+kin events)
  [2540/2901] nano_2540.root
         -> 4,762 vertices (3,130 trig, 2,118 trig+kin events)
  [2541/2901] nano_2541.root
         -> 5,212 vertices (3,199 trig, 2,124 trig+kin events)
  [2542/2901] nano_2542.root
         -> 4,265 vertices (2,664 trig, 1,804 trig+kin events)
  [2543/2901] nano_2543.root
         -> 2,959 vertices (2,008 trig, 1,340 trig+kin events)
  [2544/2901] nano_2544.root
         -> 4,687 vertices (2,906 trig, 1,977 trig+kin events)
  [2545/2901] nano_2545.root
         -> 2,542 vertices (1,609 trig, 1,092 trig+kin events)
  [2546/2901] nano_2546.root
         -> 3,102 vertices (2,042 trig, 1,352 trig+kin events)
  [2547/2901] nano_2547.root
         -> 4,537 vertices (3,059 trig, 2,027 trig+kin events)
  [2548/2901] nano_2548.root
         -> 5,001 vertices (3,203 trig, 2,147 trig+kin events)
  [2549/2901] nano_2549.root
         -> 2,667 vertices (1,736 trig, 1,148 trig+kin events)
  [2550/2901] nano_2550.root
         -> 3,522 vertices (2,272 trig, 1,529 trig+kin events)
  [2551/2901] nano_2551.root
         -> 3,353 vertices (2,096 trig, 1,444 trig+kin events)
  [2552/2901] nano_2552.root
         -> 4,955 vertices (3,144 trig, 2,130 trig+kin events)
  [2553/2901] nano_2553.root
         -> 4,653 vertices (3,176 trig, 2,062 trig+kin events)
  [2554/2901] nano_2554.root
         -> 4,925 vertices (3,205 trig, 2,120 trig+kin events)
  [2555/2901] nano_2555.root
         -> 4,434 vertices (3,036 trig, 2,016 trig+kin events)
  [2556/2901] nano_2556.root
         -> 3,137 vertices (2,086 trig, 1,358 trig+kin events)
  [2557/2901] nano_2557.root
         -> 3,231 vertices (2,045 trig, 1,363 trig+kin events)
  [2558/2901] nano_2558.root
         -> 3,436 vertices (2,224 trig, 1,506 trig+kin events)
  [2559/2901] nano_2559.root
         -> 4,776 vertices (3,103 trig, 2,085 trig+kin events)
  [2560/2901] nano_2560.root
         -> 3,503 vertices (2,156 trig, 1,445 trig+kin events)
  [2561/2901] nano_2561.root
         -> 5,202 vertices (3,226 trig, 2,154 trig+kin events)
  [2562/2901] nano_2562.root
         -> 4,659 vertices (3,193 trig, 2,083 trig+kin events)
  [2563/2901] nano_2563.root
         -> 5,147 vertices (3,255 trig, 2,189 trig+kin events)
  [2564/2901] nano_2564.root
         -> 2,528 vertices (1,704 trig, 1,122 trig+kin events)
  [2565/2901] nano_2565.root
         -> 4,849 vertices (3,057 trig, 2,080 trig+kin events)
  [2566/2901] nano_2566.root
         -> 4,823 vertices (3,276 trig, 2,190 trig+kin events)
  [2567/2901] nano_2567.root
         -> 2,660 vertices (1,736 trig, 1,157 trig+kin events)
  [2568/2901] nano_2568.root
         -> 4,816 vertices (3,183 trig, 2,174 trig+kin events)
  [2569/2901] nano_2569.root
         -> 4,711 vertices (3,072 trig, 2,025 trig+kin events)
  [2570/2901] nano_2570.root
         -> 3,212 vertices (2,023 trig, 1,350 trig+kin events)
  [2571/2901] nano_2571.root
         -> 4,313 vertices (2,780 trig, 1,864 trig+kin events)
  [2572/2901] nano_2572.root
         -> 5,338 vertices (3,217 trig, 2,166 trig+kin events)
  [2573/2901] nano_2573.root
         -> 4,648 vertices (3,147 trig, 2,052 trig+kin events)
  [2574/2901] nano_2574.root
         -> 4,896 vertices (3,127 trig, 2,069 trig+kin events)
  [2575/2901] nano_2575.root
         -> 2,770 vertices (1,825 trig, 1,221 trig+kin events)
  [2576/2901] nano_2576.root
         -> 4,932 vertices (3,172 trig, 2,120 trig+kin events)
  [2577/2901] nano_2577.root
         -> 4,531 vertices (2,868 trig, 1,905 trig+kin events)
  [2578/2901] nano_2578.root
         -> 5,126 vertices (3,267 trig, 2,169 trig+kin events)
  [2579/2901] nano_2579.root
         -> 5,299 vertices (3,275 trig, 2,169 trig+kin events)
  [2580/2901] nano_2580.root
         -> 4,886 vertices (3,274 trig, 2,148 trig+kin events)
  [2581/2901] nano_2581.root
         -> 3,979 vertices (2,602 trig, 1,699 trig+kin events)
  [2582/2901] nano_2582.root
         -> 4,624 vertices (3,258 trig, 2,120 trig+kin events)
  [2583/2901] nano_2583.root
         -> 5,140 vertices (3,359 trig, 2,219 trig+kin events)
  [2584/2901] nano_2584.root
         -> 2,778 vertices (1,635 trig, 1,129 trig+kin events)
  [2585/2901] nano_2585.root
         -> 4,677 vertices (3,181 trig, 2,123 trig+kin events)
  [2586/2901] nano_2586.root
         -> 2,927 vertices (1,904 trig, 1,269 trig+kin events)
  [2587/2901] nano_2587.root
         -> 4,871 vertices (2,853 trig, 1,916 trig+kin events)
  [2588/2901] nano_2588.root
         -> 5,297 vertices (3,225 trig, 2,188 trig+kin events)
  [2589/2901] nano_2589.root
         -> 4,765 vertices (3,131 trig, 2,096 trig+kin events)
  [2590/2901] nano_2590.root
         -> 4,829 vertices (3,172 trig, 2,141 trig+kin events)
  [2591/2901] nano_2591.root
         -> 4,908 vertices (3,231 trig, 2,142 trig+kin events)
  [2592/2901] nano_2592.root
         -> 3,710 vertices (2,465 trig, 1,636 trig+kin events)
  [2593/2901] nano_2593.root
         -> 3,828 vertices (2,445 trig, 1,628 trig+kin events)
  [2594/2901] nano_2594.root
         -> 4,995 vertices (3,295 trig, 2,165 trig+kin events)
  [2595/2901] nano_2595.root
         -> 4,948 vertices (3,135 trig, 2,115 trig+kin events)
  [2596/2901] nano_2596.root
         -> 4,946 vertices (3,147 trig, 2,131 trig+kin events)
  [2597/2901] nano_2597.root
         -> 5,150 vertices (3,297 trig, 2,194 trig+kin events)
  [2598/2901] nano_2598.root
         -> 3,702 vertices (2,349 trig, 1,568 trig+kin events)
  [2599/2901] nano_2599.root
         -> 4,647 vertices (3,070 trig, 2,049 trig+kin events)
  [2600/2901] nano_2600.root
         -> 4,697 vertices (3,236 trig, 2,182 trig+kin events)
  [2601/2901] nano_2601.root
         -> 3,284 vertices (2,123 trig, 1,414 trig+kin events)
  [2602/2901] nano_2602.root
         -> 5,097 vertices (3,215 trig, 2,129 trig+kin events)
  [2603/2901] nano_2603.root
         -> 2,412 vertices (1,681 trig, 1,127 trig+kin events)
  [2604/2901] nano_2604.root
         -> 5,029 vertices (3,139 trig, 2,105 trig+kin events)
  [2605/2901] nano_2605.root
         -> 5,001 vertices (3,199 trig, 2,148 trig+kin events)
  [2606/2901] nano_2606.root
         -> 5,080 vertices (3,155 trig, 2,095 trig+kin events)
  [2607/2901] nano_2607.root
         -> 4,910 vertices (3,171 trig, 2,089 trig+kin events)
  [2608/2901] nano_2608.root
         -> 4,971 vertices (3,191 trig, 2,095 trig+kin events)
  [2609/2901] nano_2609.root
         -> 4,670 vertices (3,092 trig, 2,049 trig+kin events)
  [2610/2901] nano_2610.root
         -> 5,019 vertices (3,253 trig, 2,183 trig+kin events)
  [2611/2901] nano_2611.root
         -> 5,023 vertices (3,131 trig, 2,088 trig+kin events)
  [2612/2901] nano_2612.root
         -> 5,310 vertices (3,275 trig, 2,181 trig+kin events)
  [2613/2901] nano_2613.root
         -> 4,767 vertices (3,140 trig, 2,121 trig+kin events)
  [2614/2901] nano_2614.root
         -> 3,288 vertices (2,254 trig, 1,495 trig+kin events)
  [2615/2901] nano_2615.root
         -> 5,029 vertices (3,352 trig, 2,255 trig+kin events)
  [2616/2901] nano_2616.root
         -> 4,200 vertices (2,725 trig, 1,852 trig+kin events)
  [2617/2901] nano_2617.root
         -> 5,140 vertices (3,151 trig, 2,112 trig+kin events)
  [2618/2901] nano_2618.root
         -> 5,194 vertices (3,208 trig, 2,156 trig+kin events)
  [2619/2901] nano_2619.root
         -> 2,884 vertices (1,869 trig, 1,266 trig+kin events)
  [2620/2901] nano_2620.root
         -> 2,640 vertices (1,818 trig, 1,222 trig+kin events)
  [2621/2901] nano_2621.root
         -> 2,625 vertices (1,744 trig, 1,164 trig+kin events)
  [2622/2901] nano_2622.root
         -> 4,008 vertices (2,642 trig, 1,763 trig+kin events)
  [2623/2901] nano_2623.root
         -> 2,486 vertices (1,635 trig, 1,086 trig+kin events)
  [2624/2901] nano_2624.root
         -> 5,151 vertices (3,155 trig, 2,141 trig+kin events)
  [2625/2901] nano_2625.root
         -> 3,635 vertices (2,240 trig, 1,500 trig+kin events)
  [2626/2901] nano_2626.root
         -> 4,405 vertices (2,809 trig, 1,830 trig+kin events)
  [2627/2901] nano_2627.root
         -> 2,526 vertices (1,785 trig, 1,183 trig+kin events)
  [2628/2901] nano_2628.root
         -> 4,270 vertices (2,604 trig, 1,775 trig+kin events)
  [2629/2901] nano_2629.root
         -> 5,293 vertices (3,296 trig, 2,175 trig+kin events)
  [2630/2901] nano_2630.root
         -> 4,434 vertices (2,879 trig, 1,929 trig+kin events)
  [2631/2901] nano_2631.root
         -> 2,466 vertices (1,595 trig, 1,068 trig+kin events)
  [2632/2901] nano_2632.root
         -> 4,042 vertices (2,487 trig, 1,667 trig+kin events)
  [2633/2901] nano_2633.root
         -> 4,736 vertices (3,149 trig, 2,060 trig+kin events)
  [2634/2901] nano_2634.root
         -> 4,886 vertices (3,195 trig, 2,110 trig+kin events)
  [2635/2901] nano_2635.root
         -> 4,819 vertices (3,172 trig, 2,085 trig+kin events)
  [2636/2901] nano_2636.root
         -> 3,043 vertices (1,715 trig, 1,182 trig+kin events)
  [2637/2901] nano_2637.root
         -> 4,769 vertices (3,158 trig, 2,161 trig+kin events)
  [2638/2901] nano_2638.root
         -> 3,377 vertices (2,158 trig, 1,435 trig+kin events)
  [2639/2901] nano_2639.root
         -> 2,862 vertices (1,842 trig, 1,234 trig+kin events)
  [2640/2901] nano_2640.root
         -> 3,702 vertices (2,411 trig, 1,633 trig+kin events)
  [2641/2901] nano_2641.root
         -> 4,892 vertices (3,170 trig, 2,081 trig+kin events)
  [2642/2901] nano_2642.root
         -> 4,724 vertices (3,203 trig, 2,141 trig+kin events)
  [2643/2901] nano_2643.root
         -> 1,967 vertices (1,372 trig, 905 trig+kin events)
  [2644/2901] nano_2644.root
         -> 4,903 vertices (3,191 trig, 2,160 trig+kin events)
  [2645/2901] nano_2645.root
         -> 4,164 vertices (2,527 trig, 1,701 trig+kin events)
  [2646/2901] nano_2646.root
         -> 4,901 vertices (3,232 trig, 2,125 trig+kin events)
  [2647/2901] nano_2647.root
         -> 4,051 vertices (2,614 trig, 1,764 trig+kin events)
  [2648/2901] nano_2648.root
         -> 2,720 vertices (1,848 trig, 1,224 trig+kin events)
  [2649/2901] nano_2649.root
         -> 5,182 vertices (3,235 trig, 2,185 trig+kin events)
  [2650/2901] nano_2650.root
         -> 3,191 vertices (2,009 trig, 1,367 trig+kin events)
  [2651/2901] nano_2651.root
         -> 4,880 vertices (3,239 trig, 2,139 trig+kin events)
  [2652/2901] nano_2652.root
         -> 4,212 vertices (2,645 trig, 1,762 trig+kin events)
  [2653/2901] nano_2653.root
         -> 3,463 vertices (2,104 trig, 1,425 trig+kin events)
  [2654/2901] nano_2654.root
         -> 4,799 vertices (3,174 trig, 2,081 trig+kin events)
  [2655/2901] nano_2655.root
         -> 5,184 vertices (3,249 trig, 2,161 trig+kin events)
  [2656/2901] nano_2656.root
         -> 5,120 vertices (3,209 trig, 2,197 trig+kin events)
  [2657/2901] nano_2657.root
         -> 2,949 vertices (1,888 trig, 1,239 trig+kin events)
  [2658/2901] nano_2658.root
         -> 4,846 vertices (3,295 trig, 2,172 trig+kin events)
  [2659/2901] nano_2659.root
         -> 2,900 vertices (1,801 trig, 1,201 trig+kin events)
  [2660/2901] nano_2660.root
         -> 3,084 vertices (2,112 trig, 1,426 trig+kin events)
  [2661/2901] nano_2661.root
         -> 4,547 vertices (2,917 trig, 1,952 trig+kin events)
  [2662/2901] nano_2662.root
         -> 3,800 vertices (2,438 trig, 1,652 trig+kin events)
  [2663/2901] nano_2663.root
         -> 5,166 vertices (3,242 trig, 2,177 trig+kin events)
  [2664/2901] nano_2664.root
         -> 4,798 vertices (3,193 trig, 2,131 trig+kin events)
  [2665/2901] nano_2665.root
         -> 2,842 vertices (1,803 trig, 1,217 trig+kin events)
  [2666/2901] nano_2666.root
         -> 4,711 vertices (3,150 trig, 2,061 trig+kin events)
  [2667/2901] nano_2667.root
         -> 3,303 vertices (2,131 trig, 1,438 trig+kin events)
  [2668/2901] nano_2668.root
         -> 4,172 vertices (2,805 trig, 1,862 trig+kin events)
  [2669/2901] nano_2669.root
         -> 3,177 vertices (2,008 trig, 1,332 trig+kin events)
  [2670/2901] nano_2670.root
         -> 2,900 vertices (1,689 trig, 1,135 trig+kin events)
  [2671/2901] nano_2671.root
         -> 2,934 vertices (1,882 trig, 1,254 trig+kin events)
  [2672/2901] nano_2672.root
         -> 2,460 vertices (1,659 trig, 1,100 trig+kin events)
  [2673/2901] nano_2673.root
         -> 2,789 vertices (1,799 trig, 1,188 trig+kin events)
  [2674/2901] nano_2674.root
         -> 3,124 vertices (2,056 trig, 1,351 trig+kin events)
  [2675/2901] nano_2675.root
         -> 1,758 vertices (1,189 trig, 808 trig+kin events)
  [2676/2901] nano_2676.root
         -> 2,610 vertices (1,588 trig, 1,080 trig+kin events)
  [2677/2901] nano_2677.root
         -> 2,850 vertices (1,757 trig, 1,205 trig+kin events)
  [2678/2901] nano_2678.root
         -> 2,660 vertices (1,807 trig, 1,187 trig+kin events)
  [2679/2901] nano_2679.root
         -> 2,869 vertices (1,776 trig, 1,208 trig+kin events)
  [2680/2901] nano_2680.root
         -> 1,997 vertices (1,236 trig, 832 trig+kin events)
  [2681/2901] nano_2681.root
         -> 2,649 vertices (1,802 trig, 1,203 trig+kin events)
  [2682/2901] nano_2682.root
         -> 991 vertices (627 trig, 444 trig+kin events)
  [2683/2901] nano_2683.root
         -> 2,564 vertices (1,700 trig, 1,097 trig+kin events)
  [2684/2901] nano_2684.root
         -> 2,111 vertices (1,196 trig, 814 trig+kin events)
  [2685/2901] nano_2685.root
         -> 3,892 vertices (2,508 trig, 1,691 trig+kin events)
  [2686/2901] nano_2686.root
         -> 3,426 vertices (2,295 trig, 1,526 trig+kin events)
  [2687/2901] nano_2687.root
         -> 4,668 vertices (3,017 trig, 2,062 trig+kin events)
  [2688/2901] nano_2688.root
         -> 3,488 vertices (2,206 trig, 1,508 trig+kin events)
  [2689/2901] nano_2689.root
         -> 2,658 vertices (1,847 trig, 1,210 trig+kin events)
  [2690/2901] nano_2690.root
         -> 4,089 vertices (2,572 trig, 1,702 trig+kin events)
  [2691/2901] nano_2691.root
         -> 1,185 vertices (760 trig, 525 trig+kin events)
  [2692/2901] nano_2692.root
         -> 4,023 vertices (2,686 trig, 1,793 trig+kin events)
  [2693/2901] nano_2693.root
         -> 4,289 vertices (2,707 trig, 1,813 trig+kin events)
  [2694/2901] nano_2694.root
         -> 2,767 vertices (1,906 trig, 1,285 trig+kin events)
  [2695/2901] nano_2695.root
         -> 2,466 vertices (1,646 trig, 1,081 trig+kin events)
  [2696/2901] nano_2696.root
         -> 4,065 vertices (2,592 trig, 1,713 trig+kin events)
  [2697/2901] nano_2697.root
         -> 4,875 vertices (3,198 trig, 2,107 trig+kin events)
  [2698/2901] nano_2698.root
         -> 2,339 vertices (1,635 trig, 1,082 trig+kin events)
  [2699/2901] nano_2699.root
         -> 4,053 vertices (2,721 trig, 1,746 trig+kin events)
  [2700/2901] nano_2700.root
         -> 4,063 vertices (2,561 trig, 1,723 trig+kin events)
  [2701/2901] nano_2701.root
         -> 3,539 vertices (2,153 trig, 1,439 trig+kin events)
  [2702/2901] nano_2702.root
         -> 2,909 vertices (1,851 trig, 1,267 trig+kin events)
  [2703/2901] nano_2703.root
         -> 3,690 vertices (2,361 trig, 1,577 trig+kin events)
  [2704/2901] nano_2704.root
         -> 3,978 vertices (2,522 trig, 1,689 trig+kin events)
  [2705/2901] nano_2705.root
         -> 4,259 vertices (2,772 trig, 1,869 trig+kin events)
  [2706/2901] nano_2706.root
         -> 4,725 vertices (2,939 trig, 1,982 trig+kin events)
  [2707/2901] nano_2707.root
         -> 4,028 vertices (2,562 trig, 1,727 trig+kin events)
  [2708/2901] nano_2708.root
         -> 3,269 vertices (2,074 trig, 1,420 trig+kin events)
  [2709/2901] nano_2709.root
         -> 4,872 vertices (3,213 trig, 2,099 trig+kin events)
  [2710/2901] nano_2710.root
         -> 2,910 vertices (1,717 trig, 1,144 trig+kin events)
  [2711/2901] nano_2711.root
         -> 4,912 vertices (3,229 trig, 2,157 trig+kin events)
  [2712/2901] nano_2712.root
         -> 2,705 vertices (1,667 trig, 1,118 trig+kin events)
  [2713/2901] nano_2713.root
         -> 3,075 vertices (1,830 trig, 1,229 trig+kin events)
  [2714/2901] nano_2714.root
         -> 3,713 vertices (2,348 trig, 1,576 trig+kin events)
  [2715/2901] nano_2715.root
         -> 3,225 vertices (1,908 trig, 1,282 trig+kin events)
  [2716/2901] nano_2716.root
         -> 3,921 vertices (2,413 trig, 1,608 trig+kin events)
  [2717/2901] nano_2717.root
         -> 4,813 vertices (3,105 trig, 2,081 trig+kin events)
  [2718/2901] nano_2718.root
         -> 3,343 vertices (2,169 trig, 1,441 trig+kin events)
  [2719/2901] nano_2719.root
         -> 4,744 vertices (3,085 trig, 2,061 trig+kin events)
  [2720/2901] nano_2720.root
         -> 2,966 vertices (2,051 trig, 1,335 trig+kin events)
  [2721/2901] nano_2721.root
         -> 2,776 vertices (1,870 trig, 1,263 trig+kin events)
  [2722/2901] nano_2722.root
         -> 4,085 vertices (2,562 trig, 1,728 trig+kin events)
  [2723/2901] nano_2723.root
         -> 2,859 vertices (1,822 trig, 1,216 trig+kin events)
  [2724/2901] nano_2724.root
         -> 3,836 vertices (2,402 trig, 1,648 trig+kin events)
  [2725/2901] nano_2725.root
         -> 3,537 vertices (2,189 trig, 1,467 trig+kin events)
  [2726/2901] nano_2726.root
         -> 4,923 vertices (3,301 trig, 2,213 trig+kin events)
  [2727/2901] nano_2727.root
         -> 2,727 vertices (1,953 trig, 1,298 trig+kin events)
  [2728/2901] nano_2728.root
         -> 4,399 vertices (2,693 trig, 1,845 trig+kin events)
  [2729/2901] nano_2729.root
         -> 2,893 vertices (1,947 trig, 1,245 trig+kin events)
  [2730/2901] nano_2730.root
         -> 4,490 vertices (2,750 trig, 1,843 trig+kin events)
  [2731/2901] nano_2731.root
         -> 3,709 vertices (2,225 trig, 1,485 trig+kin events)
  [2732/2901] nano_2732.root
         -> 3,635 vertices (2,170 trig, 1,479 trig+kin events)
  [2733/2901] nano_2733.root
         -> 4,153 vertices (2,701 trig, 1,796 trig+kin events)
  [2734/2901] nano_2734.root
         -> 3,090 vertices (2,148 trig, 1,388 trig+kin events)
  [2735/2901] nano_2735.root
         -> 2,653 vertices (1,864 trig, 1,269 trig+kin events)
  [2736/2901] nano_2736.root
         -> 2,916 vertices (1,729 trig, 1,173 trig+kin events)
  [2737/2901] nano_2737.root
         -> 2,730 vertices (1,713 trig, 1,158 trig+kin events)
  [2738/2901] nano_2738.root
         -> 3,959 vertices (2,571 trig, 1,706 trig+kin events)
  [2739/2901] nano_2739.root
         -> 1,799 vertices (1,115 trig, 748 trig+kin events)
  [2740/2901] nano_2740.root
         -> 3,352 vertices (2,259 trig, 1,489 trig+kin events)
  [2741/2901] nano_2741.root
         -> 2,507 vertices (1,597 trig, 1,070 trig+kin events)
  [2742/2901] nano_2742.root
         -> 2,658 vertices (1,916 trig, 1,223 trig+kin events)
  [2743/2901] nano_2743.root
         -> 3,846 vertices (2,435 trig, 1,620 trig+kin events)
  [2744/2901] nano_2744.root
         -> 3,075 vertices (1,952 trig, 1,295 trig+kin events)
  [2745/2901] nano_2745.root
         -> 4,909 vertices (3,150 trig, 2,097 trig+kin events)
  [2746/2901] nano_2746.root
         -> 5,168 vertices (3,212 trig, 2,193 trig+kin events)
  [2747/2901] nano_2747.root
         -> 5,131 vertices (3,202 trig, 2,138 trig+kin events)
  [2748/2901] nano_2748.root
         -> 4,480 vertices (2,865 trig, 1,963 trig+kin events)
  [2749/2901] nano_2749.root
         -> 2,604 vertices (1,661 trig, 1,089 trig+kin events)
  [2750/2901] nano_2750.root
         -> 3,794 vertices (2,429 trig, 1,641 trig+kin events)
  [2751/2901] nano_2751.root
         -> 4,935 vertices (3,196 trig, 2,121 trig+kin events)
  [2752/2901] nano_2752.root
         -> 3,326 vertices (2,123 trig, 1,398 trig+kin events)
  [2753/2901] nano_2753.root
         -> 5,042 vertices (3,113 trig, 2,113 trig+kin events)
  [2754/2901] nano_2754.root
         -> 5,100 vertices (3,293 trig, 2,233 trig+kin events)
  [2755/2901] nano_2755.root
         -> 3,300 vertices (2,206 trig, 1,477 trig+kin events)
  [2756/2901] nano_2756.root
         -> 2,671 vertices (1,724 trig, 1,123 trig+kin events)
  [2757/2901] nano_2757.root
         -> 3,196 vertices (2,053 trig, 1,348 trig+kin events)
  [2758/2901] nano_2758.root
         -> 3,280 vertices (2,044 trig, 1,377 trig+kin events)
  [2759/2901] nano_2759.root
         -> 3,076 vertices (2,066 trig, 1,353 trig+kin events)
  [2760/2901] nano_2760.root
         -> 959 vertices (706 trig, 454 trig+kin events)
  [2761/2901] nano_2761.root
         -> 3,741 vertices (2,525 trig, 1,667 trig+kin events)
  [2762/2901] nano_2762.root
         -> 3,554 vertices (2,352 trig, 1,560 trig+kin events)
  [2763/2901] nano_2763.root
         -> 4,357 vertices (2,785 trig, 1,922 trig+kin events)
  [2764/2901] nano_2764.root
         -> 3,019 vertices (1,978 trig, 1,295 trig+kin events)
  [2765/2901] nano_2765.root
         -> 3,571 vertices (2,226 trig, 1,488 trig+kin events)
  [2766/2901] nano_2766.root
         -> 3,392 vertices (2,244 trig, 1,536 trig+kin events)
  [2767/2901] nano_2767.root
         -> 4,912 vertices (3,141 trig, 2,098 trig+kin events)
  [2768/2901] nano_2768.root
         -> 3,688 vertices (2,403 trig, 1,591 trig+kin events)
  [2769/2901] nano_2769.root
         -> 4,401 vertices (2,688 trig, 1,771 trig+kin events)
  [2770/2901] nano_2770.root
         -> 4,844 vertices (3,224 trig, 2,150 trig+kin events)
  [2771/2901] nano_2771.root
         -> 4,686 vertices (3,115 trig, 2,144 trig+kin events)
  [2772/2901] nano_2772.root
         -> 3,679 vertices (2,192 trig, 1,485 trig+kin events)
  [2773/2901] nano_2773.root
         -> 3,602 vertices (2,438 trig, 1,589 trig+kin events)
  [2774/2901] nano_2774.root
         -> 4,030 vertices (2,642 trig, 1,775 trig+kin events)
  [2775/2901] nano_2775.root
         -> 5,026 vertices (3,237 trig, 2,147 trig+kin events)
  [2776/2901] nano_2776.root
         -> 3,384 vertices (2,217 trig, 1,464 trig+kin events)
  [2777/2901] nano_2777.root
         -> 2,566 vertices (1,702 trig, 1,114 trig+kin events)
  [2778/2901] nano_2778.root
         -> 3,487 vertices (2,327 trig, 1,556 trig+kin events)
  [2779/2901] nano_2779.root
         -> 2,707 vertices (1,776 trig, 1,181 trig+kin events)
  [2780/2901] nano_2780.root
         -> 4,689 vertices (3,044 trig, 2,031 trig+kin events)
  [2781/2901] nano_2781.root
         -> 4,647 vertices (2,950 trig, 1,971 trig+kin events)
  [2782/2901] nano_2782.root
         -> 2,759 vertices (1,913 trig, 1,260 trig+kin events)
  [2783/2901] nano_2783.root
         -> 4,712 vertices (3,022 trig, 1,998 trig+kin events)
  [2784/2901] nano_2784.root
         -> 3,330 vertices (2,351 trig, 1,573 trig+kin events)
  [2785/2901] nano_2785.root
         -> 4,473 vertices (2,879 trig, 1,926 trig+kin events)
  [2786/2901] nano_2786.root
         -> 3,772 vertices (2,544 trig, 1,660 trig+kin events)
  [2787/2901] nano_2787.root
         -> 3,605 vertices (2,225 trig, 1,511 trig+kin events)
  [2788/2901] nano_2788.root
         -> 4,000 vertices (2,532 trig, 1,681 trig+kin events)
  [2789/2901] nano_2789.root
         -> 1,013 vertices (653 trig, 437 trig+kin events)
  [2790/2901] nano_2790.root
         -> 3,063 vertices (2,130 trig, 1,402 trig+kin events)
  [2791/2901] nano_2791.root
         -> 3,619 vertices (2,335 trig, 1,568 trig+kin events)
  [2792/2901] nano_2792.root
         -> 4,504 vertices (2,823 trig, 1,912 trig+kin events)
  [2793/2901] nano_2793.root
         -> 3,350 vertices (2,219 trig, 1,465 trig+kin events)
  [2794/2901] nano_2794.root
         -> 3,644 vertices (2,324 trig, 1,561 trig+kin events)
  [2795/2901] nano_2795.root
         -> 4,372 vertices (2,761 trig, 1,858 trig+kin events)
  [2796/2901] nano_2796.root
         -> 3,512 vertices (2,278 trig, 1,508 trig+kin events)
  [2797/2901] nano_2797.root
         -> 2,634 vertices (1,722 trig, 1,125 trig+kin events)
  [2798/2901] nano_2798.root
         -> 3,121 vertices (2,089 trig, 1,399 trig+kin events)
  [2799/2901] nano_2799.root
         -> 2,027 vertices (1,351 trig, 887 trig+kin events)
  [2800/2901] nano_2800.root
         -> 3,930 vertices (2,527 trig, 1,689 trig+kin events)
  [2801/2901] nano_2801.root
         -> 3,586 vertices (2,294 trig, 1,555 trig+kin events)
  [2802/2901] nano_2802.root
         -> 2,835 vertices (1,787 trig, 1,199 trig+kin events)
  [2803/2901] nano_2803.root
         -> 2,252 vertices (1,443 trig, 963 trig+kin events)
  [2804/2901] nano_2804.root
         -> 4,915 vertices (3,119 trig, 2,121 trig+kin events)
  [2805/2901] nano_2805.root
         -> 4,889 vertices (3,168 trig, 2,106 trig+kin events)
  [2806/2901] nano_2806.root
         -> 3,439 vertices (2,306 trig, 1,514 trig+kin events)
  [2807/2901] nano_2807.root
         -> 2,674 vertices (1,726 trig, 1,154 trig+kin events)
  [2808/2901] nano_2808.root
         -> 2,726 vertices (1,776 trig, 1,175 trig+kin events)
  [2809/2901] nano_2809.root
         -> 4,109 vertices (2,646 trig, 1,767 trig+kin events)
  [2810/2901] nano_2810.root
         -> 3,155 vertices (2,128 trig, 1,455 trig+kin events)
  [2811/2901] nano_2811.root
         -> 2,563 vertices (1,667 trig, 1,124 trig+kin events)
  [2812/2901] nano_2812.root
         -> 1,219 vertices (841 trig, 563 trig+kin events)
  [2813/2901] nano_2813.root
         -> 5,059 vertices (3,092 trig, 2,048 trig+kin events)
  [2814/2901] nano_2814.root
         -> 3,511 vertices (2,285 trig, 1,520 trig+kin events)
  [2815/2901] nano_2815.root
         -> 3,492 vertices (2,340 trig, 1,568 trig+kin events)
  [2816/2901] nano_2816.root
         -> 4,004 vertices (2,558 trig, 1,730 trig+kin events)
  [2817/2901] nano_2817.root
         -> 2,856 vertices (1,976 trig, 1,292 trig+kin events)
  [2818/2901] nano_2818.root
         -> 1,889 vertices (1,137 trig, 751 trig+kin events)
  [2819/2901] nano_2819.root
         -> 4,981 vertices (3,236 trig, 2,117 trig+kin events)
  [2820/2901] nano_2820.root
         -> 4,359 vertices (2,640 trig, 1,794 trig+kin events)
  [2821/2901] nano_2821.root
         -> 3,058 vertices (1,941 trig, 1,288 trig+kin events)
  [2822/2901] nano_2822.root
         -> 3,879 vertices (2,438 trig, 1,638 trig+kin events)
  [2823/2901] nano_2823.root
         -> 83 vertices (61 trig, 37 trig+kin events)
  [2824/2901] nano_2824.root
         -> 3,283 vertices (2,174 trig, 1,457 trig+kin events)
  [2825/2901] nano_2825.root
         -> 3,998 vertices (2,769 trig, 1,816 trig+kin events)
  [2826/2901] nano_2826.root
         -> 2,990 vertices (1,914 trig, 1,270 trig+kin events)
  [2827/2901] nano_2827.root
         -> 4,672 vertices (3,150 trig, 2,129 trig+kin events)
  [2828/2901] nano_2828.root
         -> 4,882 vertices (3,118 trig, 2,048 trig+kin events)
  [2829/2901] nano_2829.root
         -> 2,584 vertices (1,721 trig, 1,130 trig+kin events)
  [2830/2901] nano_2830.root
         -> 2,503 vertices (1,658 trig, 1,133 trig+kin events)
  [2831/2901] nano_2831.root
         -> 3,085 vertices (2,013 trig, 1,332 trig+kin events)
  [2832/2901] nano_2832.root
         -> 3,780 vertices (2,547 trig, 1,708 trig+kin events)
  [2833/2901] nano_2833.root
         -> 2,743 vertices (1,718 trig, 1,143 trig+kin events)
  [2834/2901] nano_2834.root
         -> 4,373 vertices (2,816 trig, 1,900 trig+kin events)
  [2835/2901] nano_2835.root
         -> 3,102 vertices (1,952 trig, 1,346 trig+kin events)
  [2836/2901] nano_2836.root
         -> 3,976 vertices (2,521 trig, 1,657 trig+kin events)
  [2837/2901] nano_2837.root
         -> 2,509 vertices (1,712 trig, 1,153 trig+kin events)
  [2838/2901] nano_2838.root
         -> 2,592 vertices (1,689 trig, 1,092 trig+kin events)
  [2839/2901] nano_2839.root
         -> 2,455 vertices (1,637 trig, 1,069 trig+kin events)
  [2840/2901] nano_2840.root
         -> 2,586 vertices (1,771 trig, 1,135 trig+kin events)
  [2841/2901] nano_2841.root
         -> 3,139 vertices (2,048 trig, 1,346 trig+kin events)
  [2842/2901] nano_2842.root
         -> 4,911 vertices (3,154 trig, 2,126 trig+kin events)
  [2843/2901] nano_2843.root
         -> 4,647 vertices (2,874 trig, 1,919 trig+kin events)
  [2844/2901] nano_2844.root
         -> 2,928 vertices (1,862 trig, 1,268 trig+kin events)
  [2845/2901] nano_2845.root
         -> 2,958 vertices (1,976 trig, 1,322 trig+kin events)
  [2846/2901] nano_2846.root
         -> 1,755 vertices (1,210 trig, 807 trig+kin events)
  [2847/2901] nano_2847.root
         -> 3,338 vertices (2,248 trig, 1,499 trig+kin events)
  [2848/2901] nano_2848.root
         -> 1,193 vertices (725 trig, 484 trig+kin events)
  [2849/2901] nano_2849.root
         -> 3,372 vertices (2,254 trig, 1,498 trig+kin events)
  [2850/2901] nano_2850.root
         -> 1,766 vertices (1,251 trig, 820 trig+kin events)
  [2851/2901] nano_2851.root
         -> 2,016 vertices (1,296 trig, 840 trig+kin events)
  [2852/2901] nano_2852.root
         -> 2,624 vertices (1,572 trig, 1,064 trig+kin events)
  [2853/2901] nano_2853.root
         -> 3,226 vertices (2,060 trig, 1,364 trig+kin events)
  [2854/2901] nano_2854.root
         -> 3,031 vertices (2,070 trig, 1,389 trig+kin events)
  [2855/2901] nano_2855.root
         -> 2,839 vertices (1,721 trig, 1,169 trig+kin events)
  [2856/2901] nano_2856.root
         -> 3,564 vertices (2,360 trig, 1,520 trig+kin events)
  [2857/2901] nano_2857.root
         -> 4,893 vertices (3,205 trig, 2,153 trig+kin events)
  [2858/2901] nano_2858.root
         -> 5,014 vertices (3,202 trig, 2,094 trig+kin events)
  [2859/2901] nano_2859.root
         -> 2,997 vertices (2,015 trig, 1,336 trig+kin events)
  [2860/2901] nano_2860.root
         -> 2,781 vertices (1,937 trig, 1,329 trig+kin events)
  [2861/2901] nano_2861.root
         -> 5,082 vertices (3,184 trig, 2,186 trig+kin events)
  [2862/2901] nano_2862.root
         -> 4,796 vertices (2,967 trig, 1,991 trig+kin events)
  [2863/2901] nano_2863.root
         -> 4,967 vertices (3,179 trig, 2,086 trig+kin events)
  [2864/2901] nano_2864.root
         -> 3,112 vertices (2,124 trig, 1,393 trig+kin events)
  [2865/2901] nano_2865.root
         -> 5,011 vertices (3,177 trig, 2,118 trig+kin events)
  [2866/2901] nano_2866.root
         -> 2,653 vertices (1,857 trig, 1,231 trig+kin events)
  [2867/2901] nano_2867.root
         -> 4,290 vertices (2,918 trig, 1,920 trig+kin events)
  [2868/2901] nano_2868.root
         -> 4,788 vertices (3,191 trig, 2,156 trig+kin events)
  [2869/2901] nano_2869.root
         -> 4,290 vertices (2,594 trig, 1,783 trig+kin events)
  [2870/2901] nano_2870.root
         -> 2,843 vertices (1,672 trig, 1,144 trig+kin events)
  [2871/2901] nano_2871.root
         -> 3,152 vertices (1,835 trig, 1,243 trig+kin events)
  [2872/2901] nano_2872.root
         -> 4,061 vertices (2,696 trig, 1,809 trig+kin events)
  [2873/2901] nano_2873.root
         -> 3,904 vertices (2,470 trig, 1,651 trig+kin events)
  [2874/2901] nano_2874.root
         -> 1,407 vertices (912 trig, 597 trig+kin events)
  [2875/2901] nano_2875.root
         -> 4,737 vertices (2,860 trig, 1,932 trig+kin events)
  [2876/2901] nano_2876.root
         -> 4,989 vertices (3,230 trig, 2,178 trig+kin events)
  [2877/2901] nano_2877.root
         -> 3,678 vertices (2,455 trig, 1,621 trig+kin events)
  [2878/2901] nano_2878.root
         -> 4,865 vertices (3,222 trig, 2,172 trig+kin events)
  [2879/2901] nano_2879.root
         -> 4,959 vertices (3,207 trig, 2,162 trig+kin events)
  [2880/2901] nano_2880.root
         -> 3,326 vertices (2,176 trig, 1,431 trig+kin events)
  [2881/2901] nano_2881.root
         -> 4,532 vertices (3,048 trig, 2,014 trig+kin events)
  [2882/2901] nano_2882.root
         -> 3,677 vertices (2,423 trig, 1,641 trig+kin events)
  [2883/2901] nano_2883.root
         -> 3,158 vertices (1,905 trig, 1,238 trig+kin events)
  [2884/2901] nano_2884.root
         -> 3,238 vertices (2,001 trig, 1,327 trig+kin events)
  [2885/2901] nano_2885.root
         -> 2,732 vertices (1,770 trig, 1,154 trig+kin events)
  [2886/2901] nano_2886.root
         -> 4,123 vertices (2,650 trig, 1,806 trig+kin events)
  [2887/2901] nano_2887.root
         -> 3,377 vertices (2,166 trig, 1,459 trig+kin events)
  [2888/2901] nano_2888.root
         -> 2,940 vertices (1,865 trig, 1,257 trig+kin events)
  [2889/2901] nano_2889.root
         -> 3,406 vertices (2,183 trig, 1,477 trig+kin events)
  [2890/2901] nano_2890.root
         -> 4,328 vertices (2,932 trig, 1,950 trig+kin events)
  [2891/2901] nano_2891.root
         -> 2,946 vertices (1,726 trig, 1,167 trig+kin events)
  [2892/2901] nano_2892.root
         -> 2,935 vertices (1,895 trig, 1,274 trig+kin events)
  [2893/2901] nano_2893.root
         -> 2,895 vertices (1,887 trig, 1,265 trig+kin events)
  [2894/2901] nano_2894.root
         -> 3,395 vertices (2,196 trig, 1,443 trig+kin events)
  [2895/2901] nano_2895.root
         -> 2,938 vertices (1,843 trig, 1,224 trig+kin events)
  [2896/2901] nano_2896.root
         -> 3,666 vertices (2,331 trig, 1,606 trig+kin events)
  [2897/2901] nano_2897.root
         -> 3,252 vertices (2,190 trig, 1,458 trig+kin events)
  [2898/2901] nano_2898.root
         -> 2,453 vertices (1,600 trig, 1,073 trig+kin events)
  [2899/2901] nano_2899.root
         -> 3,275 vertices (1,976 trig, 1,360 trig+kin events)
  [2900/2901] nano_2900.root
         -> 508 vertices (321 trig, 225 trig+kin events)
  [2901/2901] nano_2901.root
         -> 3,010 vertices (1,921 trig, 1,277 trig+kin events)

Saved QCD shard: /vols/cms/jtafoyav/parking/nanoaod_base_analysis_13/dqcd/_tools/shards_local/.tmp_1299762_qcd_QCD_Bin-PT-470to600_Fil-MuEnriched_TuneCP5_13p6TeV_pythia8.npz  (QCD_Bin-PT-470to600_Fil-MuEnriched_TuneCP5_13p6TeV_pythia8, 11,302,378 vertices)
