
=== QCD ===

[QCD] listing /pnfs/hep.ph.ic.ac.uk/data/cms/store/user/tafoyava/samples/bParking/2024
  1 PT-bin directories; taking ALL file(s) each
  -> 250923_140217/
    -> 0000/
         999 .root files collected under 0000
    -> 0001/
         1000 .root files collected under 0001
    -> 0002/
         1000 .root files collected under 0002
    -> 0003/
         622 .root files collected under 0003
       3621 .root files collected under 250923_140217
     3621 .root files collected under QCD_Bin-PT-15to20_Fil-MuEnriched_TuneCP5_13p6TeV_pythia8
  => 3621 QCD files over 1 bins

[QCD bin] QCD_Bin-PT-15to20_Fil-MuEnriched_TuneCP5_13p6TeV_pythia8  (xs = 3.018e+06 pb, 3621 of 3621 files)
/vols/cms/jtafoyav/parking/nanoaod_base_analysis_13/dqcd/nanoaod_base_analysis/data/software/lib/python3.9/site-packages/_distutils_hack/__init__.py:11: UserWarning: Distutils was imported before Setuptools, but importing Setuptools also replaces the `distutils` module in `sys.modules`. This may lead to undesirable behaviors or errors. To avoid these issues, avoid using distutils directly, ensure that setuptools is installed in the traditional way (e.g. not an editable install), and/or make sure that setuptools is always imported before distutils.
  warnings.warn(
/vols/cms/jtafoyav/parking/nanoaod_base_analysis_13/dqcd/nanoaod_base_analysis/data/software/lib/python3.9/site-packages/_distutils_hack/__init__.py:26: UserWarning: Setuptools is replacing distutils.
  warnings.warn("Setuptools is replacing distutils.")
  [1/3621] nano_1.root
         -> 15 vertices (34 trig, 12 trig+kin events)
  [2/3621] nano_10.root
         -> 126 vertices (247 trig, 115 trig+kin events)
  [3/3621] nano_100.root
         -> 146 vertices (284 trig, 125 trig+kin events)
  [4/3621] nano_101.root
         -> 137 vertices (301 trig, 127 trig+kin events)
  [5/3621] nano_102.root
         -> 161 vertices (346 trig, 142 trig+kin events)
  [6/3621] nano_103.root
         -> 178 vertices (363 trig, 161 trig+kin events)
  [7/3621] nano_104.root
         -> 154 vertices (314 trig, 138 trig+kin events)
  [8/3621] nano_105.root
         -> 121 vertices (279 trig, 102 trig+kin events)
  [9/3621] nano_106.root
         -> 147 vertices (305 trig, 134 trig+kin events)
  [10/3621] nano_107.root
         -> 156 vertices (277 trig, 130 trig+kin events)
  [11/3621] nano_108.root
         -> 131 vertices (277 trig, 118 trig+kin events)
  [12/3621] nano_109.root
         -> 145 vertices (288 trig, 125 trig+kin events)
  [13/3621] nano_11.root
         -> 24 vertices (66 trig, 25 trig+kin events)
  [14/3621] nano_110.root
         -> 138 vertices (291 trig, 122 trig+kin events)
  [15/3621] nano_111.root
         -> 124 vertices (286 trig, 114 trig+kin events)
  [16/3621] nano_112.root
         -> 208 vertices (387 trig, 178 trig+kin events)
  [17/3621] nano_113.root
         -> 155 vertices (308 trig, 133 trig+kin events)
  [18/3621] nano_114.root
         -> 169 vertices (360 trig, 150 trig+kin events)
  [19/3621] nano_115.root
         -> 149 vertices (307 trig, 129 trig+kin events)
  [20/3621] nano_116.root
         -> 128 vertices (307 trig, 127 trig+kin events)
  [21/3621] nano_117.root
         -> 178 vertices (338 trig, 153 trig+kin events)
  [22/3621] nano_118.root
         -> 187 vertices (348 trig, 158 trig+kin events)
  [23/3621] nano_119.root
         -> 100 vertices (233 trig, 85 trig+kin events)
  [24/3621] nano_12.root
         -> 40 vertices (66 trig, 36 trig+kin events)
  [25/3621] nano_120.root
         -> 145 vertices (331 trig, 141 trig+kin events)
  [26/3621] nano_121.root
         -> 165 vertices (311 trig, 129 trig+kin events)
  [27/3621] nano_122.root
         -> 125 vertices (276 trig, 112 trig+kin events)
  [28/3621] nano_123.root
         -> 137 vertices (268 trig, 124 trig+kin events)
  [29/3621] nano_124.root
         -> 1 vertices (6 trig, 1 trig+kin events)
  [30/3621] nano_125.root
         -> 111 vertices (276 trig, 105 trig+kin events)
  [31/3621] nano_126.root
         -> 147 vertices (323 trig, 137 trig+kin events)
  [32/3621] nano_127.root
         -> 161 vertices (349 trig, 148 trig+kin events)
  [33/3621] nano_128.root
         -> 102 vertices (254 trig, 92 trig+kin events)
  [34/3621] nano_129.root
         -> 149 vertices (278 trig, 132 trig+kin events)
  [35/3621] nano_13.root
         -> 32 vertices (72 trig, 30 trig+kin events)
  [36/3621] nano_130.root
         -> 132 vertices (273 trig, 121 trig+kin events)
  [37/3621] nano_131.root
         -> 140 vertices (264 trig, 121 trig+kin events)
  [38/3621] nano_132.root
         -> 198 vertices (369 trig, 160 trig+kin events)
  [39/3621] nano_133.root
         -> 151 vertices (293 trig, 132 trig+kin events)
  [40/3621] nano_134.root
         -> 172 vertices (346 trig, 159 trig+kin events)
  [41/3621] nano_135.root
         -> 110 vertices (250 trig, 104 trig+kin events)
  [42/3621] nano_136.root
         -> 90 vertices (217 trig, 80 trig+kin events)
  [43/3621] nano_137.root
         -> 132 vertices (284 trig, 116 trig+kin events)
  [44/3621] nano_138.root
         -> 151 vertices (317 trig, 134 trig+kin events)
  [45/3621] nano_139.root
         -> 145 vertices (277 trig, 128 trig+kin events)
  [46/3621] nano_14.root
         -> 56 vertices (118 trig, 52 trig+kin events)
  [47/3621] nano_140.root
         -> 127 vertices (286 trig, 112 trig+kin events)
  [48/3621] nano_141.root
         -> 159 vertices (293 trig, 130 trig+kin events)
  [49/3621] nano_142.root
         -> 143 vertices (298 trig, 116 trig+kin events)
  [50/3621] nano_143.root
         -> 134 vertices (292 trig, 119 trig+kin events)
  [51/3621] nano_144.root
         -> 183 vertices (405 trig, 167 trig+kin events)
  [52/3621] nano_145.root
         -> 145 vertices (282 trig, 120 trig+kin events)
  [53/3621] nano_146.root
         -> 124 vertices (241 trig, 99 trig+kin events)
  [54/3621] nano_147.root
         -> 161 vertices (310 trig, 130 trig+kin events)
  [55/3621] nano_148.root
         -> 139 vertices (290 trig, 128 trig+kin events)
  [56/3621] nano_149.root
         -> 111 vertices (251 trig, 111 trig+kin events)
  [57/3621] nano_15.root
         -> 89 vertices (176 trig, 80 trig+kin events)
  [58/3621] nano_150.root
         -> 159 vertices (313 trig, 142 trig+kin events)
  [59/3621] nano_151.root
         -> 129 vertices (253 trig, 108 trig+kin events)
  [60/3621] nano_152.root
         -> 161 vertices (380 trig, 152 trig+kin events)
  [61/3621] nano_153.root
         -> 144 vertices (298 trig, 129 trig+kin events)
  [62/3621] nano_154.root
         -> 46 vertices (119 trig, 42 trig+kin events)
  [63/3621] nano_155.root
         -> 153 vertices (323 trig, 144 trig+kin events)
  [64/3621] nano_156.root
         -> 127 vertices (301 trig, 116 trig+kin events)
  [65/3621] nano_157.root
         -> 165 vertices (336 trig, 151 trig+kin events)
  [66/3621] nano_158.root
         -> 137 vertices (296 trig, 126 trig+kin events)
  [67/3621] nano_159.root
         -> 66 vertices (130 trig, 55 trig+kin events)
  [68/3621] nano_16.root
         -> 32 vertices (89 trig, 31 trig+kin events)
  [69/3621] nano_160.root
         -> 78 vertices (145 trig, 68 trig+kin events)
  [70/3621] nano_161.root
         -> 128 vertices (250 trig, 104 trig+kin events)
  [71/3621] nano_162.root
         -> 6 vertices (14 trig, 7 trig+kin events)
  [72/3621] nano_163.root
         -> 107 vertices (230 trig, 80 trig+kin events)
  [73/3621] nano_164.root
         -> 214 vertices (454 trig, 189 trig+kin events)
  [74/3621] nano_165.root
         -> 102 vertices (231 trig, 92 trig+kin events)
  [75/3621] nano_166.root
         -> 142 vertices (276 trig, 112 trig+kin events)
  [76/3621] nano_167.root
         -> 219 vertices (461 trig, 197 trig+kin events)
  [77/3621] nano_168.root
         -> 150 vertices (339 trig, 132 trig+kin events)
  [78/3621] nano_169.root
         -> 233 vertices (534 trig, 206 trig+kin events)
  [79/3621] nano_17.root
         -> 125 vertices (261 trig, 108 trig+kin events)
  [80/3621] nano_170.root
         -> 121 vertices (266 trig, 107 trig+kin events)
  [81/3621] nano_171.root
         -> 228 vertices (511 trig, 185 trig+kin events)
  [82/3621] nano_172.root
         -> 267 vertices (528 trig, 238 trig+kin events)
  [83/3621] nano_173.root
         -> 141 vertices (316 trig, 121 trig+kin events)
  [84/3621] nano_174.root
         -> 153 vertices (306 trig, 132 trig+kin events)
  [85/3621] nano_175.root
         -> 125 vertices (263 trig, 115 trig+kin events)
  [86/3621] nano_176.root
         -> 119 vertices (238 trig, 111 trig+kin events)
  [87/3621] nano_177.root
         -> 115 vertices (272 trig, 116 trig+kin events)
  [88/3621] nano_178.root
         -> 112 vertices (268 trig, 106 trig+kin events)
  [89/3621] nano_179.root
         -> 191 vertices (410 trig, 170 trig+kin events)
  [90/3621] nano_18.root
         -> 136 vertices (261 trig, 121 trig+kin events)
  [91/3621] nano_180.root
         -> 125 vertices (274 trig, 114 trig+kin events)
  [92/3621] nano_181.root
         -> 111 vertices (237 trig, 93 trig+kin events)
  [93/3621] nano_182.root
         -> 115 vertices (235 trig, 94 trig+kin events)
  [94/3621] nano_183.root
         -> 220 vertices (436 trig, 196 trig+kin events)
  [95/3621] nano_184.root
         -> 129 vertices (330 trig, 129 trig+kin events)
  [96/3621] nano_185.root
         -> 152 vertices (282 trig, 126 trig+kin events)
  [97/3621] nano_186.root
         -> 231 vertices (490 trig, 201 trig+kin events)
  [98/3621] nano_187.root
         -> 110 vertices (261 trig, 92 trig+kin events)
  [99/3621] nano_188.root
         -> 100 vertices (253 trig, 92 trig+kin events)
  [100/3621] nano_189.root
         -> 69 vertices (139 trig, 67 trig+kin events)
  [101/3621] nano_19.root
         -> 109 vertices (219 trig, 88 trig+kin events)
  [102/3621] nano_190.root
         -> 241 vertices (495 trig, 212 trig+kin events)
  [103/3621] nano_191.root
         -> 137 vertices (272 trig, 115 trig+kin events)
  [104/3621] nano_192.root
         -> 137 vertices (294 trig, 129 trig+kin events)
  [105/3621] nano_193.root
         -> 139 vertices (297 trig, 131 trig+kin events)
  [106/3621] nano_194.root
         -> 191 vertices (364 trig, 158 trig+kin events)
  [107/3621] nano_195.root
         -> 155 vertices (317 trig, 141 trig+kin events)
  [108/3621] nano_196.root
         -> 135 vertices (247 trig, 115 trig+kin events)
  [109/3621] nano_197.root
         -> 150 vertices (298 trig, 130 trig+kin events)
  [110/3621] nano_198.root
         -> 218 vertices (500 trig, 201 trig+kin events)
  [111/3621] nano_199.root
         -> 220 vertices (508 trig, 205 trig+kin events)
  [112/3621] nano_2.root
         -> 156 vertices (241 trig, 123 trig+kin events)
  [113/3621] nano_20.root
         -> 125 vertices (265 trig, 109 trig+kin events)
  [114/3621] nano_200.root
         -> 132 vertices (275 trig, 107 trig+kin events)
  [115/3621] nano_201.root
         -> 242 vertices (515 trig, 211 trig+kin events)
  [116/3621] nano_202.root
         -> 222 vertices (470 trig, 203 trig+kin events)
  [117/3621] nano_203.root
         -> 98 vertices (261 trig, 96 trig+kin events)
  [118/3621] nano_204.root
         -> 117 vertices (279 trig, 112 trig+kin events)
  [119/3621] nano_205.root
         -> 230 vertices (449 trig, 204 trig+kin events)
  [120/3621] nano_206.root
         -> 226 vertices (439 trig, 198 trig+kin events)
  [121/3621] nano_207.root
         -> 240 vertices (528 trig, 216 trig+kin events)
  [122/3621] nano_208.root
         -> 133 vertices (282 trig, 119 trig+kin events)
  [123/3621] nano_209.root
         -> 149 vertices (336 trig, 139 trig+kin events)
  [124/3621] nano_21.root
         -> 113 vertices (238 trig, 110 trig+kin events)
  [125/3621] nano_210.root
         -> 219 vertices (492 trig, 191 trig+kin events)
  [126/3621] nano_211.root
         -> 132 vertices (281 trig, 111 trig+kin events)
  [127/3621] nano_212.root
         -> 145 vertices (322 trig, 125 trig+kin events)
  [128/3621] nano_213.root
         -> 151 vertices (312 trig, 127 trig+kin events)
  [129/3621] nano_214.root
         -> 243 vertices (523 trig, 208 trig+kin events)
  [130/3621] nano_215.root
         -> 137 vertices (314 trig, 118 trig+kin events)
  [131/3621] nano_216.root
         -> 142 vertices (304 trig, 123 trig+kin events)
  [132/3621] nano_217.root
         -> 253 vertices (508 trig, 235 trig+kin events)
  [133/3621] nano_218.root
         -> 229 vertices (481 trig, 207 trig+kin events)
  [134/3621] nano_219.root
         -> 128 vertices (288 trig, 120 trig+kin events)
  [135/3621] nano_22.root
         -> 113 vertices (260 trig, 108 trig+kin events)
  [136/3621] nano_220.root
         -> 143 vertices (299 trig, 115 trig+kin events)
  [137/3621] nano_221.root
         -> 136 vertices (269 trig, 114 trig+kin events)
  [138/3621] nano_222.root
         -> 185 vertices (416 trig, 177 trig+kin events)
  [139/3621] nano_223.root
         -> 243 vertices (512 trig, 221 trig+kin events)
  [140/3621] nano_224.root
         -> 260 vertices (518 trig, 224 trig+kin events)
  [141/3621] nano_225.root
         -> 126 vertices (277 trig, 115 trig+kin events)
  [142/3621] nano_226.root
         -> 217 vertices (464 trig, 194 trig+kin events)
  [143/3621] nano_227.root
         -> 121 vertices (244 trig, 111 trig+kin events)
  [144/3621] nano_228.root
         -> 119 vertices (271 trig, 112 trig+kin events)
  [145/3621] nano_229.root
         -> 187 vertices (346 trig, 171 trig+kin events)
  [146/3621] nano_23.root
         -> 56 vertices (150 trig, 50 trig+kin events)
  [147/3621] nano_230.root
         -> 240 vertices (509 trig, 212 trig+kin events)
  [148/3621] nano_231.root
         -> 121 vertices (260 trig, 110 trig+kin events)
  [149/3621] nano_232.root
         -> 156 vertices (291 trig, 128 trig+kin events)
  [150/3621] nano_233.root
         -> 72 vertices (123 trig, 57 trig+kin events)
  [151/3621] nano_234.root
         -> 124 vertices (262 trig, 114 trig+kin events)
  [152/3621] nano_235.root
         -> 130 vertices (267 trig, 119 trig+kin events)
  [153/3621] nano_236.root
         -> 245 vertices (556 trig, 228 trig+kin events)
  [154/3621] nano_237.root
         -> 108 vertices (247 trig, 96 trig+kin events)
  [155/3621] nano_238.root
         -> 113 vertices (250 trig, 111 trig+kin events)
  [156/3621] nano_239.root
         -> 181 vertices (367 trig, 165 trig+kin events)
  [157/3621] nano_24.root
         -> 119 vertices (251 trig, 105 trig+kin events)
  [158/3621] nano_240.root
         -> 119 vertices (256 trig, 101 trig+kin events)
  [159/3621] nano_241.root
         -> 134 vertices (267 trig, 124 trig+kin events)
  [160/3621] nano_242.root
         -> 127 vertices (294 trig, 117 trig+kin events)
  [161/3621] nano_243.root
         -> 156 vertices (286 trig, 133 trig+kin events)
  [162/3621] nano_244.root
         -> 121 vertices (243 trig, 104 trig+kin events)
  [163/3621] nano_245.root
         -> 22 vertices (38 trig, 20 trig+kin events)
  [164/3621] nano_246.root
         -> 239 vertices (497 trig, 206 trig+kin events)
  [165/3621] nano_247.root
         -> 154 vertices (317 trig, 136 trig+kin events)
  [166/3621] nano_248.root
         -> 126 vertices (257 trig, 119 trig+kin events)
  [167/3621] nano_249.root
         -> 134 vertices (260 trig, 115 trig+kin events)
  [168/3621] nano_25.root
         -> 121 vertices (280 trig, 119 trig+kin events)
  [169/3621] nano_250.root
         -> 122 vertices (292 trig, 116 trig+kin events)
  [170/3621] nano_251.root
         -> 135 vertices (278 trig, 124 trig+kin events)
  [171/3621] nano_252.root
         -> 1 vertices (4 trig, 1 trig+kin events)
  [172/3621] nano_253.root
         -> 129 vertices (268 trig, 112 trig+kin events)
  [173/3621] nano_254.root
         -> 186 vertices (411 trig, 167 trig+kin events)
  [174/3621] nano_255.root
         -> 2 vertices (8 trig, 2 trig+kin events)
  [175/3621] nano_256.root
         -> 198 vertices (483 trig, 182 trig+kin events)
  [176/3621] nano_257.root
         -> 186 vertices (363 trig, 156 trig+kin events)
  [177/3621] nano_258.root
         -> 222 vertices (529 trig, 221 trig+kin events)
  [178/3621] nano_259.root
         -> 258 vertices (481 trig, 212 trig+kin events)
  [179/3621] nano_26.root
         -> 126 vertices (284 trig, 112 trig+kin events)
  [180/3621] nano_260.root
         -> 141 vertices (293 trig, 122 trig+kin events)
  [181/3621] nano_261.root
         -> 126 vertices (266 trig, 108 trig+kin events)
  [182/3621] nano_262.root
         -> 134 vertices (260 trig, 122 trig+kin events)
  [183/3621] nano_263.root
         -> 117 vertices (224 trig, 100 trig+kin events)
  [184/3621] nano_264.root
         -> 230 vertices (490 trig, 206 trig+kin events)
  [185/3621] nano_265.root
         -> 141 vertices (318 trig, 125 trig+kin events)
  [186/3621] nano_266.root
         -> 172 vertices (315 trig, 153 trig+kin events)
  [187/3621] nano_267.root
         -> 114 vertices (248 trig, 113 trig+kin events)
  [188/3621] nano_268.root
         -> 129 vertices (324 trig, 116 trig+kin events)
  [189/3621] nano_269.root
         -> 164 vertices (372 trig, 141 trig+kin events)
  [190/3621] nano_27.root
         -> 102 vertices (210 trig, 82 trig+kin events)
  [191/3621] nano_270.root
         -> 129 vertices (270 trig, 112 trig+kin events)
  [192/3621] nano_271.root
         -> 247 vertices (505 trig, 212 trig+kin events)
  [193/3621] nano_272.root
         -> 130 vertices (290 trig, 120 trig+kin events)
  [194/3621] nano_273.root
         -> 150 vertices (294 trig, 137 trig+kin events)
  [195/3621] nano_274.root
         -> 2 vertices (8 trig, 2 trig+kin events)
  [196/3621] nano_275.root
         -> 252 vertices (485 trig, 212 trig+kin events)
  [197/3621] nano_276.root
         -> 41 vertices (73 trig, 31 trig+kin events)
  [198/3621] nano_277.root
         -> 166 vertices (360 trig, 148 trig+kin events)
  [199/3621] nano_278.root
         -> 209 vertices (481 trig, 201 trig+kin events)
  [200/3621] nano_279.root
         -> 104 vertices (225 trig, 97 trig+kin events)
  [201/3621] nano_28.root
         -> 78 vertices (179 trig, 76 trig+kin events)
  [202/3621] nano_280.root
         -> 241 vertices (469 trig, 208 trig+kin events)
  [203/3621] nano_281.root
         -> 127 vertices (263 trig, 111 trig+kin events)
  [204/3621] nano_282.root
         -> 116 vertices (261 trig, 109 trig+kin events)
  [205/3621] nano_283.root
         -> 261 vertices (542 trig, 227 trig+kin events)
  [206/3621] nano_284.root
         -> 208 vertices (431 trig, 187 trig+kin events)
  [207/3621] nano_285.root
         -> 254 vertices (504 trig, 219 trig+kin events)
  [208/3621] nano_286.root
         -> 187 vertices (380 trig, 162 trig+kin events)
  [209/3621] nano_287.root
         -> 13 vertices (23 trig, 12 trig+kin events)
  [210/3621] nano_288.root
         -> 131 vertices (296 trig, 126 trig+kin events)
  [211/3621] nano_289.root
         -> 222 vertices (498 trig, 205 trig+kin events)
  [212/3621] nano_29.root
         -> 136 vertices (261 trig, 109 trig+kin events)
  [213/3621] nano_290.root
         -> 101 vertices (241 trig, 92 trig+kin events)
  [214/3621] nano_291.root
         -> 102 vertices (253 trig, 91 trig+kin events)
  [215/3621] nano_292.root
         -> 216 vertices (420 trig, 185 trig+kin events)
  [216/3621] nano_293.root
         -> 125 vertices (273 trig, 111 trig+kin events)
  [217/3621] nano_294.root
         -> 75 vertices (137 trig, 55 trig+kin events)
  [218/3621] nano_295.root
         -> 244 vertices (483 trig, 222 trig+kin events)
  [219/3621] nano_296.root
         -> 143 vertices (294 trig, 136 trig+kin events)
  [220/3621] nano_297.root
         -> 126 vertices (256 trig, 116 trig+kin events)
  [221/3621] nano_298.root
         -> 196 vertices (427 trig, 170 trig+kin events)
  [222/3621] nano_299.root
         -> 127 vertices (273 trig, 106 trig+kin events)
  [223/3621] nano_3.root
         -> 70 vertices (161 trig, 62 trig+kin events)
  [224/3621] nano_30.root
         -> 2 vertices (5 trig, 1 trig+kin events)
  [225/3621] nano_300.root
         -> 101 vertices (205 trig, 88 trig+kin events)
  [226/3621] nano_301.root
         -> 144 vertices (277 trig, 121 trig+kin events)
  [227/3621] nano_302.root
         -> 135 vertices (284 trig, 127 trig+kin events)
  [228/3621] nano_303.root
         -> 109 vertices (237 trig, 90 trig+kin events)
  [229/3621] nano_304.root
         -> 128 vertices (325 trig, 120 trig+kin events)
  [230/3621] nano_305.root
         -> 127 vertices (265 trig, 113 trig+kin events)
  [231/3621] nano_306.root
         -> 142 vertices (278 trig, 127 trig+kin events)
  [232/3621] nano_307.root
         -> 129 vertices (263 trig, 110 trig+kin events)
  [233/3621] nano_308.root
         -> 209 vertices (378 trig, 182 trig+kin events)
  [234/3621] nano_309.root
         -> 262 vertices (499 trig, 230 trig+kin events)
  [235/3621] nano_31.root
         -> 119 vertices (234 trig, 106 trig+kin events)
  [236/3621] nano_310.root
         -> 264 vertices (542 trig, 231 trig+kin events)
  [237/3621] nano_311.root
         -> 189 vertices (374 trig, 159 trig+kin events)
  [238/3621] nano_312.root
         -> 73 vertices (173 trig, 67 trig+kin events)
  [239/3621] nano_313.root
         -> 149 vertices (315 trig, 132 trig+kin events)
  [240/3621] nano_314.root
         -> 134 vertices (265 trig, 111 trig+kin events)
  [241/3621] nano_315.root
         -> 256 vertices (500 trig, 234 trig+kin events)
  [242/3621] nano_316.root
         -> 150 vertices (284 trig, 117 trig+kin events)
  [243/3621] nano_317.root
         -> 123 vertices (255 trig, 108 trig+kin events)
  [244/3621] nano_318.root
         -> 130 vertices (275 trig, 121 trig+kin events)
  [245/3621] nano_319.root
         -> 104 vertices (254 trig, 89 trig+kin events)
  [246/3621] nano_32.root
         -> 131 vertices (268 trig, 120 trig+kin events)
  [247/3621] nano_320.root
         -> 167 vertices (364 trig, 151 trig+kin events)
  [248/3621] nano_321.root
         -> 173 vertices (313 trig, 144 trig+kin events)
  [249/3621] nano_322.root
         -> 219 vertices (463 trig, 199 trig+kin events)
  [250/3621] nano_323.root
         -> 237 vertices (473 trig, 204 trig+kin events)
  [251/3621] nano_324.root
         -> 152 vertices (281 trig, 123 trig+kin events)
  [252/3621] nano_325.root
         -> 165 vertices (388 trig, 155 trig+kin events)
  [253/3621] nano_326.root
         -> 162 vertices (319 trig, 134 trig+kin events)
  [254/3621] nano_327.root
         -> 152 vertices (327 trig, 129 trig+kin events)
  [255/3621] nano_328.root
         -> 114 vertices (281 trig, 97 trig+kin events)
  [256/3621] nano_329.root
         -> 136 vertices (250 trig, 124 trig+kin events)
  [257/3621] nano_33.root
         -> 150 vertices (283 trig, 131 trig+kin events)
  [258/3621] nano_330.root
         -> 251 vertices (542 trig, 230 trig+kin events)
  [259/3621] nano_331.root
         -> 244 vertices (501 trig, 219 trig+kin events)
  [260/3621] nano_332.root
         -> 122 vertices (287 trig, 112 trig+kin events)
  [261/3621] nano_333.root
         -> 214 vertices (418 trig, 189 trig+kin events)
  [262/3621] nano_334.root
         -> 116 vertices (235 trig, 98 trig+kin events)
  [263/3621] nano_335.root
         -> 237 vertices (511 trig, 206 trig+kin events)
  [264/3621] nano_336.root
         -> 153 vertices (269 trig, 125 trig+kin events)
  [265/3621] nano_337.root
         -> 126 vertices (274 trig, 117 trig+kin events)
  [266/3621] nano_338.root
         -> 155 vertices (324 trig, 130 trig+kin events)
  [267/3621] nano_339.root
         -> 121 vertices (272 trig, 113 trig+kin events)
  [268/3621] nano_34.root
         -> 128 vertices (304 trig, 116 trig+kin events)
  [269/3621] nano_340.root
         -> 101 vertices (236 trig, 98 trig+kin events)
  [270/3621] nano_341.root
         -> 249 vertices (484 trig, 217 trig+kin events)
  [271/3621] nano_342.root
         -> 168 vertices (365 trig, 148 trig+kin events)
  [272/3621] nano_343.root
         -> 144 vertices (299 trig, 126 trig+kin events)
  [273/3621] nano_344.root
         -> 126 vertices (260 trig, 108 trig+kin events)
  [274/3621] nano_345.root
         -> 139 vertices (302 trig, 123 trig+kin events)
  [275/3621] nano_346.root
         -> 124 vertices (277 trig, 120 trig+kin events)
  [276/3621] nano_347.root
         -> 119 vertices (276 trig, 108 trig+kin events)
  [277/3621] nano_348.root
         -> 185 vertices (440 trig, 167 trig+kin events)
  [278/3621] nano_349.root
         -> 213 vertices (489 trig, 206 trig+kin events)
  [279/3621] nano_35.root
         -> 128 vertices (282 trig, 110 trig+kin events)
  [280/3621] nano_350.root
         -> 150 vertices (283 trig, 123 trig+kin events)
  [281/3621] nano_351.root
         -> 254 vertices (514 trig, 232 trig+kin events)
  [282/3621] nano_352.root
         -> 106 vertices (225 trig, 97 trig+kin events)
  [283/3621] nano_353.root
         -> 181 vertices (397 trig, 160 trig+kin events)
  [284/3621] nano_354.root
         -> 53 vertices (102 trig, 44 trig+kin events)
  [285/3621] nano_355.root
         -> 154 vertices (326 trig, 140 trig+kin events)
  [286/3621] nano_356.root
         -> 121 vertices (255 trig, 101 trig+kin events)
  [287/3621] nano_357.root
         -> 109 vertices (263 trig, 97 trig+kin events)
  [288/3621] nano_358.root
         -> 126 vertices (274 trig, 112 trig+kin events)
  [289/3621] nano_359.root
         -> 1 vertices (6 trig, 2 trig+kin events)
  [290/3621] nano_36.root
         -> 184 vertices (338 trig, 153 trig+kin events)
  [291/3621] nano_360.root
         -> 90 vertices (169 trig, 74 trig+kin events)
  [292/3621] nano_361.root
         -> 132 vertices (278 trig, 105 trig+kin events)
  [293/3621] nano_362.root
         -> 113 vertices (251 trig, 110 trig+kin events)
  [294/3621] nano_363.root
         -> 142 vertices (270 trig, 117 trig+kin events)
  [295/3621] nano_364.root
         -> 125 vertices (292 trig, 114 trig+kin events)
  [296/3621] nano_365.root
         -> 218 vertices (499 trig, 198 trig+kin events)
  [297/3621] nano_366.root
         -> 167 vertices (343 trig, 148 trig+kin events)
  [298/3621] nano_367.root
         -> 119 vertices (271 trig, 110 trig+kin events)
  [299/3621] nano_368.root
         -> 176 vertices (332 trig, 135 trig+kin events)
  [300/3621] nano_369.root
         -> 143 vertices (267 trig, 122 trig+kin events)
  [301/3621] nano_37.root
         -> 143 vertices (313 trig, 124 trig+kin events)
  [302/3621] nano_370.root
         -> 137 vertices (275 trig, 124 trig+kin events)
  [303/3621] nano_371.root
         -> 137 vertices (315 trig, 119 trig+kin events)
  [304/3621] nano_372.root
         -> 213 vertices (495 trig, 214 trig+kin events)
  [305/3621] nano_373.root
         -> 126 vertices (245 trig, 113 trig+kin events)
  [306/3621] nano_374.root
         -> 232 vertices (479 trig, 211 trig+kin events)
  [307/3621] nano_375.root
         -> 137 vertices (274 trig, 120 trig+kin events)
  [308/3621] nano_376.root
         -> 155 vertices (321 trig, 136 trig+kin events)
  [309/3621] nano_377.root
         -> 116 vertices (258 trig, 106 trig+kin events)
  [310/3621] nano_378.root
         -> 259 vertices (539 trig, 227 trig+kin events)
  [311/3621] nano_379.root
         -> 199 vertices (420 trig, 170 trig+kin events)
  [312/3621] nano_38.root
         -> 100 vertices (228 trig, 96 trig+kin events)
  [313/3621] nano_380.root
         -> 141 vertices (295 trig, 134 trig+kin events)
  [314/3621] nano_381.root
         -> 159 vertices (308 trig, 138 trig+kin events)
  [315/3621] nano_382.root
         -> 20 vertices (48 trig, 18 trig+kin events)
  [316/3621] nano_383.root
         -> 228 vertices (479 trig, 204 trig+kin events)
  [317/3621] nano_384.root
         -> 140 vertices (289 trig, 122 trig+kin events)
  [318/3621] nano_385.root
         -> 133 vertices (300 trig, 112 trig+kin events)
  [319/3621] nano_386.root
         -> 116 vertices (251 trig, 105 trig+kin events)
  [320/3621] nano_387.root
         -> 223 vertices (501 trig, 203 trig+kin events)
  [321/3621] nano_388.root
         -> 223 vertices (483 trig, 203 trig+kin events)
  [322/3621] nano_389.root
         -> 123 vertices (264 trig, 108 trig+kin events)
  [323/3621] nano_39.root
         -> 104 vertices (244 trig, 95 trig+kin events)
  [324/3621] nano_390.root
         -> 224 vertices (524 trig, 192 trig+kin events)
  [325/3621] nano_391.root
         -> 213 vertices (498 trig, 200 trig+kin events)
  [326/3621] nano_392.root
         -> 241 vertices (449 trig, 200 trig+kin events)
  [327/3621] nano_393.root
         -> 260 vertices (512 trig, 240 trig+kin events)
  [328/3621] nano_394.root
         -> 122 vertices (280 trig, 114 trig+kin events)
  [329/3621] nano_395.root
         -> 17 vertices (70 trig, 16 trig+kin events)
  [330/3621] nano_396.root
         -> 140 vertices (275 trig, 121 trig+kin events)
  [331/3621] nano_397.root
         -> 268 vertices (537 trig, 234 trig+kin events)
  [332/3621] nano_398.root
         -> 118 vertices (255 trig, 104 trig+kin events)
  [333/3621] nano_399.root
         -> 245 vertices (495 trig, 212 trig+kin events)
  [334/3621] nano_4.root
         -> 148 vertices (290 trig, 129 trig+kin events)
  [335/3621] nano_40.root
         -> 140 vertices (309 trig, 127 trig+kin events)
  [336/3621] nano_400.root
         -> 104 vertices (273 trig, 100 trig+kin events)
  [337/3621] nano_401.root
         -> 124 vertices (246 trig, 106 trig+kin events)
  [338/3621] nano_402.root
         -> 112 vertices (248 trig, 103 trig+kin events)
  [339/3621] nano_403.root
         -> 140 vertices (255 trig, 120 trig+kin events)
  [340/3621] nano_404.root
         -> 272 vertices (509 trig, 226 trig+kin events)
  [341/3621] nano_405.root
         -> 163 vertices (356 trig, 150 trig+kin events)
  [342/3621] nano_406.root
         -> 148 vertices (286 trig, 129 trig+kin events)
  [343/3621] nano_407.root
         -> 208 vertices (463 trig, 180 trig+kin events)
  [344/3621] nano_408.root
         -> 200 vertices (445 trig, 191 trig+kin events)
  [345/3621] nano_409.root
         -> 113 vertices (279 trig, 102 trig+kin events)
  [346/3621] nano_41.root
         -> 117 vertices (260 trig, 107 trig+kin events)
  [347/3621] nano_410.root
         -> 140 vertices (260 trig, 121 trig+kin events)
  [348/3621] nano_411.root
         -> 101 vertices (270 trig, 99 trig+kin events)
  [349/3621] nano_412.root
         -> 93 vertices (206 trig, 86 trig+kin events)
  [350/3621] nano_413.root
         -> 179 vertices (379 trig, 159 trig+kin events)
  [351/3621] nano_414.root
         -> 237 vertices (504 trig, 224 trig+kin events)
  [352/3621] nano_415.root
         -> 116 vertices (259 trig, 103 trig+kin events)
  [353/3621] nano_416.root
         -> 124 vertices (275 trig, 114 trig+kin events)
  [354/3621] nano_417.root
         -> 234 vertices (492 trig, 210 trig+kin events)
  [355/3621] nano_418.root
         -> 121 vertices (268 trig, 109 trig+kin events)
  [356/3621] nano_419.root
         -> 112 vertices (265 trig, 103 trig+kin events)
  [357/3621] nano_42.root
         -> 94 vertices (257 trig, 89 trig+kin events)
  [358/3621] nano_420.root
         -> 164 vertices (318 trig, 142 trig+kin events)
  [359/3621] nano_421.root
         -> 244 vertices (519 trig, 220 trig+kin events)
  [360/3621] nano_422.root
         -> 211 vertices (440 trig, 192 trig+kin events)
  [361/3621] nano_423.root
         -> 141 vertices (300 trig, 127 trig+kin events)
  [362/3621] nano_424.root
         -> 184 vertices (360 trig, 159 trig+kin events)
  [363/3621] nano_425.root
         -> 142 vertices (319 trig, 128 trig+kin events)
  [364/3621] nano_426.root
         -> 137 vertices (269 trig, 126 trig+kin events)
  [365/3621] nano_427.root
         -> 129 vertices (271 trig, 109 trig+kin events)
  [366/3621] nano_428.root
         -> 222 vertices (482 trig, 202 trig+kin events)
  [367/3621] nano_429.root
         -> 269 vertices (523 trig, 228 trig+kin events)
  [368/3621] nano_43.root
         -> 124 vertices (264 trig, 109 trig+kin events)
  [369/3621] nano_430.root
         -> 105 vertices (252 trig, 95 trig+kin events)
  [370/3621] nano_431.root
         -> 106 vertices (247 trig, 105 trig+kin events)
  [371/3621] nano_432.root
         -> 164 vertices (332 trig, 142 trig+kin events)
  [372/3621] nano_433.root
         -> 104 vertices (236 trig, 94 trig+kin events)
  [373/3621] nano_434.root
         -> 237 vertices (511 trig, 201 trig+kin events)
  [374/3621] nano_435.root
         -> 127 vertices (253 trig, 113 trig+kin events)
  [375/3621] nano_436.root
         -> 224 vertices (485 trig, 198 trig+kin events)
  [376/3621] nano_437.root
         -> 116 vertices (255 trig, 107 trig+kin events)
  [377/3621] nano_438.root
         -> 221 vertices (425 trig, 191 trig+kin events)
  [378/3621] nano_439.root
         -> 188 vertices (357 trig, 154 trig+kin events)
  [379/3621] nano_44.root
         -> 122 vertices (254 trig, 105 trig+kin events)
  [380/3621] nano_440.root
         -> 188 vertices (426 trig, 169 trig+kin events)
  [381/3621] nano_441.root
         -> 37 vertices (103 trig, 35 trig+kin events)
  [382/3621] nano_442.root
         -> 129 vertices (282 trig, 117 trig+kin events)
  [383/3621] nano_443.root
         -> 23 vertices (49 trig, 22 trig+kin events)
  [384/3621] nano_444.root
         -> 241 vertices (497 trig, 206 trig+kin events)
  [385/3621] nano_445.root
         -> 260 vertices (503 trig, 240 trig+kin events)
  [386/3621] nano_446.root
         -> 85 vertices (197 trig, 72 trig+kin events)
  [387/3621] nano_447.root
         -> 128 vertices (305 trig, 113 trig+kin events)
  [388/3621] nano_448.root
         -> 126 vertices (270 trig, 111 trig+kin events)
  [389/3621] nano_449.root
         -> 130 vertices (260 trig, 109 trig+kin events)
  [390/3621] nano_45.root
         -> 145 vertices (287 trig, 132 trig+kin events)
  [391/3621] nano_450.root
         -> 141 vertices (257 trig, 118 trig+kin events)
  [392/3621] nano_451.root
         -> 270 vertices (515 trig, 223 trig+kin events)
  [393/3621] nano_452.root
         -> 120 vertices (256 trig, 104 trig+kin events)
  [394/3621] nano_453.root
         -> 110 vertices (251 trig, 109 trig+kin events)
  [395/3621] nano_454.root
         -> 135 vertices (269 trig, 124 trig+kin events)
  [396/3621] nano_455.root
         -> 142 vertices (270 trig, 113 trig+kin events)
  [397/3621] nano_456.root
         -> 225 vertices (486 trig, 195 trig+kin events)
  [398/3621] nano_457.root
         -> 198 vertices (368 trig, 168 trig+kin events)
  [399/3621] nano_458.root
         -> 241 vertices (472 trig, 212 trig+kin events)
  [400/3621] nano_459.root
         -> 158 vertices (335 trig, 144 trig+kin events)
  [401/3621] nano_46.root
         -> 114 vertices (272 trig, 111 trig+kin events)
  [402/3621] nano_460.root
         -> 131 vertices (236 trig, 101 trig+kin events)
  [403/3621] nano_461.root
         -> 147 vertices (343 trig, 136 trig+kin events)
  [404/3621] nano_462.root
         -> 122 vertices (272 trig, 105 trig+kin events)
  [405/3621] nano_463.root
         -> 153 vertices (261 trig, 128 trig+kin events)
  [406/3621] nano_464.root
         -> 114 vertices (252 trig, 100 trig+kin events)
  [407/3621] nano_465.root
         -> 129 vertices (278 trig, 110 trig+kin events)
  [408/3621] nano_466.root
         -> 230 vertices (543 trig, 209 trig+kin events)
  [409/3621] nano_467.root
         -> 5 vertices (9 trig, 5 trig+kin events)
  [410/3621] nano_468.root
         -> 213 vertices (416 trig, 191 trig+kin events)
  [411/3621] nano_469.root
         -> 117 vertices (284 trig, 113 trig+kin events)
  [412/3621] nano_47.root
         -> 123 vertices (239 trig, 99 trig+kin events)
  [413/3621] nano_470.root
         -> 129 vertices (305 trig, 117 trig+kin events)
  [414/3621] nano_471.root
         -> 207 vertices (461 trig, 182 trig+kin events)
  [415/3621] nano_472.root
         -> 126 vertices (288 trig, 114 trig+kin events)
  [416/3621] nano_473.root
         -> 126 vertices (247 trig, 95 trig+kin events)
  [417/3621] nano_474.root
         -> 149 vertices (331 trig, 137 trig+kin events)
  [418/3621] nano_475.root
         -> 128 vertices (258 trig, 114 trig+kin events)
  [419/3621] nano_476.root
         -> 210 vertices (486 trig, 193 trig+kin events)
  [420/3621] nano_477.root
         -> 108 vertices (259 trig, 98 trig+kin events)
  [421/3621] nano_478.root
         -> 138 vertices (331 trig, 130 trig+kin events)
  [422/3621] nano_479.root
         -> 242 vertices (483 trig, 215 trig+kin events)
  [423/3621] nano_48.root
         -> 104 vertices (241 trig, 96 trig+kin events)
  [424/3621] nano_480.root
         -> 50 vertices (134 trig, 46 trig+kin events)
  [425/3621] nano_481.root
         -> 231 vertices (489 trig, 200 trig+kin events)
  [426/3621] nano_482.root
         -> 261 vertices (507 trig, 211 trig+kin events)
  [427/3621] nano_483.root
         -> 211 vertices (472 trig, 195 trig+kin events)
  [428/3621] nano_484.root
         -> 180 vertices (344 trig, 158 trig+kin events)
  [429/3621] nano_485.root
         -> 220 vertices (423 trig, 188 trig+kin events)
  [430/3621] nano_486.root
         -> 142 vertices (301 trig, 129 trig+kin events)
  [431/3621] nano_487.root
         -> 271 vertices (512 trig, 236 trig+kin events)
  [432/3621] nano_488.root
         -> 97 vertices (242 trig, 96 trig+kin events)
  [433/3621] nano_489.root
         -> 246 vertices (514 trig, 229 trig+kin events)
  [434/3621] nano_49.root
         -> 141 vertices (281 trig, 123 trig+kin events)
  [435/3621] nano_490.root
         -> 109 vertices (238 trig, 102 trig+kin events)
  [436/3621] nano_491.root
         -> 191 vertices (402 trig, 168 trig+kin events)
  [437/3621] nano_492.root
         -> 261 vertices (526 trig, 230 trig+kin events)
  [438/3621] nano_493.root
         -> 193 vertices (403 trig, 173 trig+kin events)
  [439/3621] nano_494.root
         -> 238 vertices (522 trig, 211 trig+kin events)
  [440/3621] nano_495.root
         -> 181 vertices (383 trig, 162 trig+kin events)
  [441/3621] nano_496.root
         -> 157 vertices (355 trig, 151 trig+kin events)
  [442/3621] nano_497.root
         -> 238 vertices (483 trig, 209 trig+kin events)
  [443/3621] nano_498.root
         -> 110 vertices (286 trig, 102 trig+kin events)
  [444/3621] nano_499.root
         -> 177 vertices (397 trig, 153 trig+kin events)
  [445/3621] nano_5.root
         -> 130 vertices (258 trig, 114 trig+kin events)
  [446/3621] nano_50.root
         -> 125 vertices (246 trig, 100 trig+kin events)
  [447/3621] nano_500.root
         -> 228 vertices (482 trig, 204 trig+kin events)
  [448/3621] nano_501.root
         -> 211 vertices (501 trig, 193 trig+kin events)
  [449/3621] nano_502.root
         -> 125 vertices (287 trig, 110 trig+kin events)
  [450/3621] nano_503.root
         -> 127 vertices (271 trig, 118 trig+kin events)
  [451/3621] nano_504.root
         -> 124 vertices (262 trig, 118 trig+kin events)
  [452/3621] nano_505.root
         -> 127 vertices (266 trig, 106 trig+kin events)
  [453/3621] nano_506.root
         -> 156 vertices (278 trig, 133 trig+kin events)
  [454/3621] nano_507.root
         -> 133 vertices (312 trig, 130 trig+kin events)
  [455/3621] nano_508.root
         -> 124 vertices (282 trig, 113 trig+kin events)
  [456/3621] nano_509.root
         -> 143 vertices (266 trig, 123 trig+kin events)
  [457/3621] nano_51.root
         -> 144 vertices (314 trig, 130 trig+kin events)
  [458/3621] nano_510.root
         -> 122 vertices (284 trig, 115 trig+kin events)
  [459/3621] nano_511.root
         -> 247 vertices (513 trig, 217 trig+kin events)
  [460/3621] nano_512.root
         -> 167 vertices (365 trig, 151 trig+kin events)
  [461/3621] nano_513.root
         -> 2 vertices (14 trig, 3 trig+kin events)
  [462/3621] nano_514.root
         -> 139 vertices (297 trig, 120 trig+kin events)
  [463/3621] nano_515.root
         -> 107 vertices (282 trig, 107 trig+kin events)
  [464/3621] nano_516.root
         -> 148 vertices (269 trig, 116 trig+kin events)
  [465/3621] nano_517.root
         -> 225 vertices (456 trig, 202 trig+kin events)
  [466/3621] nano_518.root
         -> 105 vertices (264 trig, 98 trig+kin events)
  [467/3621] nano_519.root
         -> 117 vertices (251 trig, 111 trig+kin events)
  [468/3621] nano_52.root
         -> 167 vertices (331 trig, 143 trig+kin events)
  [469/3621] nano_520.root
         -> 127 vertices (291 trig, 128 trig+kin events)
  [470/3621] nano_521.root
         -> 102 vertices (236 trig, 92 trig+kin events)
  [471/3621] nano_522.root
         -> 133 vertices (262 trig, 108 trig+kin events)
  [472/3621] nano_523.root
         -> 221 vertices (447 trig, 193 trig+kin events)
  [473/3621] nano_524.root
         -> 152 vertices (284 trig, 128 trig+kin events)
  [474/3621] nano_525.root
         -> 113 vertices (270 trig, 99 trig+kin events)
  [475/3621] nano_526.root
         -> 158 vertices (306 trig, 141 trig+kin events)
  [476/3621] nano_527.root
         -> 126 vertices (268 trig, 109 trig+kin events)
  [477/3621] nano_528.root
         -> 126 vertices (270 trig, 117 trig+kin events)
  [478/3621] nano_529.root
         -> 118 vertices (291 trig, 119 trig+kin events)
  [479/3621] nano_53.root
         -> 18 vertices (35 trig, 14 trig+kin events)
  [480/3621] nano_530.root
         -> 203 vertices (408 trig, 177 trig+kin events)
  [481/3621] nano_531.root
         -> 124 vertices (268 trig, 103 trig+kin events)
  [482/3621] nano_532.root
         -> 170 vertices (314 trig, 136 trig+kin events)
  [483/3621] nano_533.root
         -> 166 vertices (395 trig, 167 trig+kin events)
  [484/3621] nano_534.root
         -> 132 vertices (259 trig, 110 trig+kin events)
  [485/3621] nano_535.root
         -> 176 vertices (374 trig, 162 trig+kin events)
  [486/3621] nano_536.root
         -> 98 vertices (238 trig, 87 trig+kin events)
  [487/3621] nano_537.root
         -> 209 vertices (410 trig, 181 trig+kin events)
  [488/3621] nano_538.root
         -> 157 vertices (340 trig, 132 trig+kin events)
  [489/3621] nano_539.root
         -> 66 vertices (135 trig, 59 trig+kin events)
  [490/3621] nano_54.root
         -> 116 vertices (268 trig, 101 trig+kin events)
  [491/3621] nano_540.root
         -> 215 vertices (421 trig, 192 trig+kin events)
  [492/3621] nano_541.root
         -> 129 vertices (276 trig, 116 trig+kin events)
  [493/3621] nano_542.root
         -> 181 vertices (393 trig, 170 trig+kin events)
  [494/3621] nano_543.root
         -> 135 vertices (310 trig, 133 trig+kin events)
  [495/3621] nano_544.root
         -> 148 vertices (286 trig, 126 trig+kin events)
  [496/3621] nano_545.root
         -> 109 vertices (248 trig, 100 trig+kin events)
  [497/3621] nano_546.root
         -> 235 vertices (494 trig, 201 trig+kin events)
  [498/3621] nano_547.root
         -> 227 vertices (493 trig, 207 trig+kin events)
  [499/3621] nano_548.root
         -> 133 vertices (318 trig, 125 trig+kin events)
  [500/3621] nano_549.root
         -> 115 vertices (252 trig, 102 trig+kin events)
  [501/3621] nano_55.root
         -> 112 vertices (253 trig, 96 trig+kin events)
  [502/3621] nano_550.root
         -> 218 vertices (438 trig, 194 trig+kin events)
  [503/3621] nano_551.root
         -> 251 vertices (511 trig, 211 trig+kin events)
  [504/3621] nano_552.root
         -> 136 vertices (245 trig, 108 trig+kin events)
  [505/3621] nano_553.root
         -> 101 vertices (229 trig, 90 trig+kin events)
  [506/3621] nano_554.root
         -> 128 vertices (268 trig, 110 trig+kin events)
  [507/3621] nano_555.root
         -> 113 vertices (250 trig, 100 trig+kin events)
  [508/3621] nano_556.root
         -> 142 vertices (263 trig, 116 trig+kin events)
  [509/3621] nano_557.root
         -> 115 vertices (234 trig, 99 trig+kin events)
  [510/3621] nano_558.root
         -> 212 vertices (396 trig, 172 trig+kin events)
  [511/3621] nano_559.root
         -> 3 vertices (7 trig, 4 trig+kin events)
  [512/3621] nano_56.root
         -> 111 vertices (245 trig, 99 trig+kin events)
  [513/3621] nano_560.root
         -> 136 vertices (321 trig, 124 trig+kin events)
  [514/3621] nano_561.root
         -> 122 vertices (240 trig, 109 trig+kin events)
  [515/3621] nano_562.root
         -> 169 vertices (322 trig, 143 trig+kin events)
  [516/3621] nano_563.root
         -> 139 vertices (283 trig, 126 trig+kin events)
  [517/3621] nano_564.root
         -> 137 vertices (285 trig, 116 trig+kin events)
  [518/3621] nano_565.root
         -> 6 vertices (14 trig, 6 trig+kin events)
  [519/3621] nano_566.root
         -> 130 vertices (263 trig, 110 trig+kin events)
  [520/3621] nano_567.root
         -> 123 vertices (280 trig, 118 trig+kin events)
  [521/3621] nano_568.root
         -> 179 vertices (412 trig, 165 trig+kin events)
  [522/3621] nano_569.root
         -> 255 vertices (512 trig, 221 trig+kin events)
  [523/3621] nano_57.root
         -> 139 vertices (266 trig, 112 trig+kin events)
  [524/3621] nano_570.root
         -> 143 vertices (291 trig, 122 trig+kin events)
  [525/3621] nano_571.root
         -> 131 vertices (285 trig, 118 trig+kin events)
  [526/3621] nano_572.root
         -> 275 vertices (527 trig, 246 trig+kin events)
  [527/3621] nano_573.root
         -> 152 vertices (313 trig, 126 trig+kin events)
  [528/3621] nano_574.root
         -> 112 vertices (272 trig, 103 trig+kin events)
  [529/3621] nano_575.root
         -> 108 vertices (232 trig, 97 trig+kin events)
  [530/3621] nano_576.root
         -> 221 vertices (506 trig, 211 trig+kin events)
  [531/3621] nano_577.root
         -> 114 vertices (233 trig, 105 trig+kin events)
  [532/3621] nano_578.root
         -> 168 vertices (384 trig, 154 trig+kin events)
  [533/3621] nano_579.root
         -> 160 vertices (298 trig, 137 trig+kin events)
  [534/3621] nano_58.root
         -> 143 vertices (287 trig, 130 trig+kin events)
  [535/3621] nano_580.root
         -> 146 vertices (266 trig, 115 trig+kin events)
  [536/3621] nano_581.root
         -> 195 vertices (416 trig, 162 trig+kin events)
  [537/3621] nano_582.root
         -> 147 vertices (296 trig, 132 trig+kin events)
  [538/3621] nano_583.root
         -> 106 vertices (238 trig, 93 trig+kin events)
  [539/3621] nano_584.root
         -> 150 vertices (293 trig, 115 trig+kin events)
  [540/3621] nano_585.root
         -> 21 vertices (42 trig, 19 trig+kin events)
  [541/3621] nano_586.root
         -> 145 vertices (275 trig, 127 trig+kin events)
  [542/3621] nano_587.root
         -> 247 vertices (547 trig, 225 trig+kin events)
  [543/3621] nano_588.root
         -> 235 vertices (469 trig, 203 trig+kin events)
  [544/3621] nano_589.root
         -> 192 vertices (383 trig, 159 trig+kin events)
  [545/3621] nano_59.root
         -> 139 vertices (265 trig, 122 trig+kin events)
  [546/3621] nano_590.root
         -> 105 vertices (240 trig, 95 trig+kin events)
  [547/3621] nano_591.root
         -> 220 vertices (479 trig, 199 trig+kin events)
  [548/3621] nano_592.root
         -> 140 vertices (329 trig, 131 trig+kin events)
  [549/3621] nano_593.root
         -> 151 vertices (270 trig, 116 trig+kin events)
  [550/3621] nano_594.root
         -> 161 vertices (291 trig, 122 trig+kin events)
  [551/3621] nano_595.root
         -> 254 vertices (505 trig, 227 trig+kin events)
  [552/3621] nano_596.root
         -> 153 vertices (290 trig, 140 trig+kin events)
  [553/3621] nano_597.root
         -> 236 vertices (508 trig, 209 trig+kin events)
  [554/3621] nano_598.root
         -> 145 vertices (287 trig, 128 trig+kin events)
  [555/3621] nano_599.root
         -> 80 vertices (268 trig, 75 trig+kin events)
  [556/3621] nano_6.root
         -> 140 vertices (281 trig, 126 trig+kin events)
  [557/3621] nano_60.root
         -> 112 vertices (247 trig, 97 trig+kin events)
  [558/3621] nano_600.root
         -> 196 vertices (427 trig, 174 trig+kin events)
  [559/3621] nano_601.root
         -> 241 vertices (461 trig, 206 trig+kin events)
  [560/3621] nano_602.root
         -> 243 vertices (519 trig, 214 trig+kin events)
  [561/3621] nano_603.root
         -> 108 vertices (245 trig, 99 trig+kin events)
  [562/3621] nano_604.root
         -> 222 vertices (493 trig, 204 trig+kin events)
  [563/3621] nano_605.root
         -> 120 vertices (293 trig, 114 trig+kin events)
  [564/3621] nano_606.root
         -> 159 vertices (368 trig, 141 trig+kin events)
  [565/3621] nano_607.root
         -> 286 vertices (501 trig, 223 trig+kin events)
  [566/3621] nano_608.root
         -> 257 vertices (492 trig, 216 trig+kin events)
  [567/3621] nano_609.root
         -> 193 vertices (373 trig, 171 trig+kin events)
  [568/3621] nano_61.root
         -> 128 vertices (274 trig, 110 trig+kin events)
  [569/3621] nano_610.root
         -> 189 vertices (440 trig, 174 trig+kin events)
  [570/3621] nano_611.root
         -> 228 vertices (511 trig, 197 trig+kin events)
  [571/3621] nano_612.root
         -> 222 vertices (498 trig, 203 trig+kin events)
  [572/3621] nano_613.root
         -> 10 vertices (16 trig, 9 trig+kin events)
  [573/3621] nano_614.root
         -> 264 vertices (532 trig, 226 trig+kin events)
  [574/3621] nano_615.root
         -> 199 vertices (428 trig, 184 trig+kin events)
  [575/3621] nano_616.root
         -> 129 vertices (254 trig, 97 trig+kin events)
  [576/3621] nano_617.root
         -> 146 vertices (275 trig, 123 trig+kin events)
  [577/3621] nano_618.root
         -> 134 vertices (330 trig, 127 trig+kin events)
  [578/3621] nano_619.root
         -> 121 vertices (241 trig, 103 trig+kin events)
  [579/3621] nano_62.root
         -> 32 vertices (74 trig, 32 trig+kin events)
  [580/3621] nano_620.root
         -> 138 vertices (264 trig, 117 trig+kin events)
  [581/3621] nano_621.root
         -> 120 vertices (268 trig, 109 trig+kin events)
  [582/3621] nano_622.root
         -> 117 vertices (254 trig, 99 trig+kin events)
  [583/3621] nano_623.root
         -> 236 vertices (437 trig, 184 trig+kin events)
  [584/3621] nano_624.root
         -> 125 vertices (257 trig, 114 trig+kin events)
  [585/3621] nano_625.root
         -> 257 vertices (502 trig, 216 trig+kin events)
  [586/3621] nano_626.root
         -> 155 vertices (319 trig, 147 trig+kin events)
  [587/3621] nano_627.root
         -> 242 vertices (521 trig, 218 trig+kin events)
  [588/3621] nano_628.root
         -> 194 vertices (481 trig, 183 trig+kin events)
  [589/3621] nano_629.root
         -> 204 vertices (481 trig, 183 trig+kin events)
  [590/3621] nano_63.root
         -> 132 vertices (283 trig, 124 trig+kin events)
  [591/3621] nano_630.root
         -> 127 vertices (268 trig, 116 trig+kin events)
  [592/3621] nano_631.root
         -> 264 vertices (534 trig, 223 trig+kin events)
  [593/3621] nano_632.root
         -> 148 vertices (320 trig, 125 trig+kin events)
  [594/3621] nano_633.root
         -> 125 vertices (284 trig, 113 trig+kin events)
  [595/3621] nano_634.root
         -> 140 vertices (317 trig, 132 trig+kin events)
  [596/3621] nano_635.root
         -> 14 vertices (24 trig, 10 trig+kin events)
  [597/3621] nano_636.root
         -> 221 vertices (514 trig, 210 trig+kin events)
  [598/3621] nano_637.root
         -> 189 vertices (399 trig, 160 trig+kin events)
  [599/3621] nano_638.root
         -> 137 vertices (265 trig, 112 trig+kin events)
  [600/3621] nano_639.root
         -> 110 vertices (232 trig, 89 trig+kin events)
  [601/3621] nano_64.root
         -> 145 vertices (304 trig, 123 trig+kin events)
  [602/3621] nano_640.root
         -> 123 vertices (272 trig, 109 trig+kin events)
  [603/3621] nano_641.root
         -> 126 vertices (290 trig, 116 trig+kin events)
  [604/3621] nano_642.root
         -> 148 vertices (271 trig, 128 trig+kin events)
  [605/3621] nano_643.root
         -> 190 vertices (371 trig, 175 trig+kin events)
  [606/3621] nano_644.root
         -> 183 vertices (379 trig, 165 trig+kin events)
  [607/3621] nano_645.root
         -> 5 vertices (17 trig, 6 trig+kin events)
  [608/3621] nano_646.root
         -> 265 vertices (519 trig, 226 trig+kin events)
  [609/3621] nano_647.root
         -> 103 vertices (254 trig, 95 trig+kin events)
  [610/3621] nano_648.root
         -> 213 vertices (398 trig, 191 trig+kin events)
  [611/3621] nano_649.root
         -> 118 vertices (253 trig, 106 trig+kin events)
  [612/3621] nano_65.root
         -> 119 vertices (253 trig, 103 trig+kin events)
  [613/3621] nano_650.root
         -> 150 vertices (331 trig, 130 trig+kin events)
  [614/3621] nano_651.root
         -> 139 vertices (337 trig, 134 trig+kin events)
  [615/3621] nano_652.root
         -> 119 vertices (226 trig, 104 trig+kin events)
  [616/3621] nano_653.root
         -> 187 vertices (421 trig, 165 trig+kin events)
  [617/3621] nano_654.root
         -> 230 vertices (480 trig, 205 trig+kin events)
  [618/3621] nano_655.root
         -> 124 vertices (271 trig, 112 trig+kin events)
  [619/3621] nano_656.root
         -> 138 vertices (307 trig, 124 trig+kin events)
  [620/3621] nano_657.root
         -> 134 vertices (256 trig, 117 trig+kin events)
  [621/3621] nano_658.root
         -> 117 vertices (282 trig, 115 trig+kin events)
  [622/3621] nano_659.root
         -> 124 vertices (277 trig, 108 trig+kin events)
  [623/3621] nano_66.root
         -> 132 vertices (297 trig, 122 trig+kin events)
  [624/3621] nano_660.root
         -> 203 vertices (476 trig, 183 trig+kin events)
  [625/3621] nano_661.root
         -> 13 vertices (34 trig, 15 trig+kin events)
  [626/3621] nano_662.root
         -> 249 vertices (506 trig, 210 trig+kin events)
  [627/3621] nano_663.root
         -> 129 vertices (278 trig, 109 trig+kin events)
  [628/3621] nano_664.root
         -> 181 vertices (356 trig, 149 trig+kin events)
  [629/3621] nano_665.root
         -> 116 vertices (263 trig, 108 trig+kin events)
  [630/3621] nano_666.root
         -> 127 vertices (273 trig, 116 trig+kin events)
  [631/3621] nano_667.root
         -> 114 vertices (224 trig, 96 trig+kin events)
  [632/3621] nano_668.root
         -> 123 vertices (259 trig, 104 trig+kin events)
  [633/3621] nano_669.root
         -> 187 vertices (369 trig, 170 trig+kin events)
  [634/3621] nano_67.root
         -> 14 vertices (24 trig, 13 trig+kin events)
  [635/3621] nano_670.root
         -> 140 vertices (278 trig, 120 trig+kin events)
  [636/3621] nano_671.root
         -> 157 vertices (309 trig, 138 trig+kin events)
  [637/3621] nano_672.root
         -> 105 vertices (243 trig, 91 trig+kin events)
  [638/3621] nano_673.root
         -> 133 vertices (317 trig, 130 trig+kin events)
  [639/3621] nano_674.root
         -> 128 vertices (269 trig, 114 trig+kin events)
  [640/3621] nano_675.root
         -> 105 vertices (241 trig, 91 trig+kin events)
  [641/3621] nano_676.root
         -> 125 vertices (259 trig, 112 trig+kin events)
  [642/3621] nano_677.root
         -> 131 vertices (260 trig, 112 trig+kin events)
  [643/3621] nano_678.root
         -> 252 vertices (502 trig, 224 trig+kin events)
  [644/3621] nano_679.root
         -> 221 vertices (449 trig, 185 trig+kin events)
  [645/3621] nano_68.root
         -> 144 vertices (282 trig, 120 trig+kin events)
  [646/3621] nano_680.root
         -> 124 vertices (257 trig, 111 trig+kin events)
  [647/3621] nano_681.root
         -> 132 vertices (275 trig, 109 trig+kin events)
  [648/3621] nano_682.root
         -> 154 vertices (310 trig, 121 trig+kin events)
  [649/3621] nano_683.root
         -> 231 vertices (495 trig, 193 trig+kin events)
  [650/3621] nano_684.root
         -> 124 vertices (268 trig, 98 trig+kin events)
  [651/3621] nano_685.root
         -> 143 vertices (266 trig, 128 trig+kin events)
  [652/3621] nano_686.root
         -> 159 vertices (309 trig, 132 trig+kin events)
  [653/3621] nano_687.root
         -> 116 vertices (254 trig, 102 trig+kin events)
  [654/3621] nano_688.root
         -> 112 vertices (247 trig, 99 trig+kin events)
  [655/3621] nano_689.root
         -> 49 vertices (80 trig, 35 trig+kin events)
  [656/3621] nano_69.root
         -> 120 vertices (262 trig, 100 trig+kin events)
  [657/3621] nano_690.root
         -> 121 vertices (262 trig, 108 trig+kin events)
  [658/3621] nano_691.root
         -> 138 vertices (282 trig, 125 trig+kin events)
  [659/3621] nano_692.root
         -> 131 vertices (269 trig, 113 trig+kin events)
  [660/3621] nano_693.root
         -> 266 vertices (511 trig, 234 trig+kin events)
  [661/3621] nano_694.root
         -> 144 vertices (379 trig, 137 trig+kin events)
  [662/3621] nano_695.root
         -> 130 vertices (258 trig, 117 trig+kin events)
  [663/3621] nano_696.root
         -> 239 vertices (490 trig, 219 trig+kin events)
  [664/3621] nano_697.root
         -> 285 vertices (496 trig, 234 trig+kin events)
  [665/3621] nano_698.root
         -> 242 vertices (463 trig, 199 trig+kin events)
  [666/3621] nano_699.root
         -> 258 vertices (516 trig, 247 trig+kin events)
  [667/3621] nano_7.root
         -> 117 vertices (223 trig, 101 trig+kin events)
  [668/3621] nano_70.root
         -> 145 vertices (310 trig, 140 trig+kin events)
  [669/3621] nano_700.root
         -> 181 vertices (392 trig, 158 trig+kin events)
  [670/3621] nano_701.root
         -> 156 vertices (299 trig, 135 trig+kin events)
  [671/3621] nano_702.root
         -> 219 vertices (490 trig, 196 trig+kin events)
  [672/3621] nano_703.root
         -> 120 vertices (290 trig, 109 trig+kin events)
  [673/3621] nano_704.root
         -> 137 vertices (263 trig, 119 trig+kin events)
  [674/3621] nano_705.root
         -> 173 vertices (330 trig, 147 trig+kin events)
  [675/3621] nano_706.root
         -> 132 vertices (277 trig, 120 trig+kin events)
  [676/3621] nano_707.root
         -> 137 vertices (233 trig, 105 trig+kin events)
  [677/3621] nano_708.root
         -> 234 vertices (515 trig, 207 trig+kin events)
  [678/3621] nano_709.root
         -> 150 vertices (318 trig, 128 trig+kin events)
  [679/3621] nano_71.root
         -> 103 vertices (248 trig, 98 trig+kin events)
  [680/3621] nano_710.root
         -> 203 vertices (378 trig, 169 trig+kin events)
  [681/3621] nano_711.root
         -> 147 vertices (309 trig, 130 trig+kin events)
  [682/3621] nano_712.root
         -> 141 vertices (255 trig, 115 trig+kin events)
  [683/3621] nano_713.root
         -> 160 vertices (319 trig, 137 trig+kin events)
  [684/3621] nano_714.root
         -> 15 vertices (30 trig, 13 trig+kin events)
  [685/3621] nano_715.root
         -> 108 vertices (235 trig, 94 trig+kin events)
  [686/3621] nano_716.root
         -> 231 vertices (508 trig, 205 trig+kin events)
  [687/3621] nano_717.root
         -> 174 vertices (376 trig, 156 trig+kin events)
  [688/3621] nano_718.root
         -> 201 vertices (383 trig, 175 trig+kin events)
  [689/3621] nano_719.root
         -> 140 vertices (306 trig, 133 trig+kin events)
  [690/3621] nano_72.root
         -> 89 vertices (200 trig, 75 trig+kin events)
  [691/3621] nano_720.root
         -> 132 vertices (251 trig, 110 trig+kin events)
  [692/3621] nano_721.root
         -> 151 vertices (355 trig, 139 trig+kin events)
  [693/3621] nano_722.root
         -> 230 vertices (509 trig, 211 trig+kin events)
  [694/3621] nano_723.root
         -> 116 vertices (262 trig, 102 trig+kin events)
  [695/3621] nano_724.root
         -> 207 vertices (447 trig, 177 trig+kin events)
  [696/3621] nano_725.root
         -> 143 vertices (283 trig, 118 trig+kin events)
  [697/3621] nano_726.root
         -> 152 vertices (316 trig, 135 trig+kin events)
  [698/3621] nano_727.root
         -> 259 vertices (526 trig, 226 trig+kin events)
  [699/3621] nano_728.root
         -> 121 vertices (251 trig, 107 trig+kin events)
  [700/3621] nano_729.root
         -> 189 vertices (349 trig, 158 trig+kin events)
  [701/3621] nano_73.root
         -> 101 vertices (241 trig, 99 trig+kin events)
  [702/3621] nano_730.root
         -> 183 vertices (364 trig, 154 trig+kin events)
  [703/3621] nano_731.root
         -> 260 vertices (533 trig, 229 trig+kin events)
  [704/3621] nano_732.root
         -> 175 vertices (385 trig, 158 trig+kin events)
  [705/3621] nano_733.root
         -> 122 vertices (260 trig, 116 trig+kin events)
  [706/3621] nano_734.root
         -> 133 vertices (290 trig, 123 trig+kin events)
  [707/3621] nano_735.root
         -> 140 vertices (289 trig, 119 trig+kin events)
  [708/3621] nano_736.root
         -> 170 vertices (391 trig, 148 trig+kin events)
  [709/3621] nano_737.root
         -> 139 vertices (254 trig, 116 trig+kin events)
  [710/3621] nano_738.root
         -> 100 vertices (237 trig, 79 trig+kin events)
  [711/3621] nano_739.root
         -> 245 vertices (477 trig, 216 trig+kin events)
  [712/3621] nano_74.root
         -> 147 vertices (283 trig, 132 trig+kin events)
  [713/3621] nano_740.root
         -> 127 vertices (288 trig, 116 trig+kin events)
  [714/3621] nano_741.root
         -> 147 vertices (290 trig, 133 trig+kin events)
  [715/3621] nano_742.root
         -> 131 vertices (249 trig, 110 trig+kin events)
  [716/3621] nano_743.root
         -> 121 vertices (261 trig, 102 trig+kin events)
  [717/3621] nano_744.root
         -> 269 vertices (513 trig, 240 trig+kin events)
  [718/3621] nano_745.root
         -> 120 vertices (263 trig, 114 trig+kin events)
  [719/3621] nano_746.root
         -> 130 vertices (270 trig, 121 trig+kin events)
  [720/3621] nano_747.root
         -> 105 vertices (235 trig, 93 trig+kin events)
  [721/3621] nano_748.root
         -> 147 vertices (309 trig, 132 trig+kin events)
  [722/3621] nano_749.root
         -> 236 vertices (489 trig, 210 trig+kin events)
  [723/3621] nano_75.root
         -> 121 vertices (274 trig, 106 trig+kin events)
  [724/3621] nano_750.root
         -> 119 vertices (308 trig, 104 trig+kin events)
  [725/3621] nano_751.root
         -> 103 vertices (257 trig, 94 trig+kin events)
  [726/3621] nano_752.root
         -> 130 vertices (289 trig, 123 trig+kin events)
  [727/3621] nano_753.root
         -> 158 vertices (319 trig, 146 trig+kin events)
  [728/3621] nano_754.root
         -> 196 vertices (478 trig, 173 trig+kin events)
  [729/3621] nano_755.root
         -> 247 vertices (511 trig, 216 trig+kin events)
  [730/3621] nano_756.root
         -> 121 vertices (249 trig, 102 trig+kin events)
  [731/3621] nano_757.root
         -> 102 vertices (262 trig, 89 trig+kin events)
  [732/3621] nano_758.root
         -> 132 vertices (276 trig, 115 trig+kin events)
  [733/3621] nano_759.root
         -> 143 vertices (298 trig, 133 trig+kin events)
  [734/3621] nano_76.root
         -> 143 vertices (261 trig, 115 trig+kin events)
  [735/3621] nano_760.root
         -> 126 vertices (260 trig, 120 trig+kin events)
  [736/3621] nano_761.root
         -> 198 vertices (461 trig, 187 trig+kin events)
  [737/3621] nano_762.root
         -> 128 vertices (299 trig, 117 trig+kin events)
  [738/3621] nano_763.root
         -> 211 vertices (454 trig, 195 trig+kin events)
  [739/3621] nano_764.root
         -> 135 vertices (286 trig, 123 trig+kin events)
  [740/3621] nano_765.root
         -> 254 vertices (543 trig, 220 trig+kin events)
  [741/3621] nano_766.root
         -> 244 vertices (478 trig, 212 trig+kin events)
  [742/3621] nano_767.root
         -> 211 vertices (462 trig, 186 trig+kin events)
  [743/3621] nano_768.root
         -> 141 vertices (310 trig, 129 trig+kin events)
  [744/3621] nano_769.root
         -> 198 vertices (451 trig, 180 trig+kin events)
  [745/3621] nano_77.root
         -> 136 vertices (294 trig, 116 trig+kin events)
  [746/3621] nano_770.root
         -> 209 vertices (455 trig, 183 trig+kin events)
  [747/3621] nano_771.root
         -> 127 vertices (276 trig, 122 trig+kin events)
  [748/3621] nano_772.root
         -> 142 vertices (284 trig, 130 trig+kin events)
  [749/3621] nano_773.root
         -> 118 vertices (253 trig, 102 trig+kin events)
  [750/3621] nano_774.root
         -> 143 vertices (278 trig, 116 trig+kin events)
  [751/3621] nano_775.root
         -> 241 vertices (484 trig, 212 trig+kin events)
  [752/3621] nano_776.root
         -> 150 vertices (266 trig, 121 trig+kin events)
  [753/3621] nano_777.root
         -> 128 vertices (283 trig, 123 trig+kin events)
  [754/3621] nano_778.root
         -> 120 vertices (252 trig, 105 trig+kin events)
  [755/3621] nano_779.root
         -> 103 vertices (272 trig, 103 trig+kin events)
  [756/3621] nano_78.root
         -> 144 vertices (297 trig, 133 trig+kin events)
  [757/3621] nano_780.root
         -> 176 vertices (369 trig, 153 trig+kin events)
  [758/3621] nano_781.root
         -> 133 vertices (259 trig, 106 trig+kin events)
  [759/3621] nano_782.root
         -> 249 vertices (503 trig, 221 trig+kin events)
  [760/3621] nano_783.root
         -> 247 vertices (505 trig, 221 trig+kin events)
  [761/3621] nano_784.root
         -> 236 vertices (480 trig, 200 trig+kin events)
  [762/3621] nano_785.root
         -> 202 vertices (457 trig, 191 trig+kin events)
  [763/3621] nano_786.root
         -> 129 vertices (268 trig, 104 trig+kin events)
  [764/3621] nano_787.root
         -> 82 vertices (220 trig, 73 trig+kin events)
  [765/3621] nano_788.root
         -> 226 vertices (523 trig, 204 trig+kin events)
  [766/3621] nano_789.root
         -> 23 vertices (62 trig, 22 trig+kin events)
  [767/3621] nano_79.root
         -> 147 vertices (313 trig, 133 trig+kin events)
  [768/3621] nano_790.root
         -> 129 vertices (257 trig, 110 trig+kin events)
  [769/3621] nano_791.root
         -> 164 vertices (277 trig, 141 trig+kin events)
  [770/3621] nano_792.root
         -> 111 vertices (243 trig, 104 trig+kin events)
  [771/3621] nano_793.root
         -> 234 vertices (481 trig, 204 trig+kin events)
  [772/3621] nano_794.root
         -> 148 vertices (291 trig, 123 trig+kin events)
  [773/3621] nano_795.root
         -> 170 vertices (396 trig, 151 trig+kin events)
  [774/3621] nano_796.root
         -> 261 vertices (557 trig, 244 trig+kin events)
  [775/3621] nano_797.root
         -> 255 vertices (512 trig, 230 trig+kin events)
  [776/3621] nano_798.root
         -> 130 vertices (258 trig, 112 trig+kin events)
  [777/3621] nano_799.root
         -> 140 vertices (305 trig, 121 trig+kin events)
  [778/3621] nano_8.root
         -> 114 vertices (264 trig, 98 trig+kin events)
  [779/3621] nano_80.root
         -> 144 vertices (272 trig, 123 trig+kin events)
  [780/3621] nano_800.root
         -> 243 vertices (521 trig, 212 trig+kin events)
  [781/3621] nano_801.root
         -> 127 vertices (253 trig, 108 trig+kin events)
  [782/3621] nano_802.root
         -> 234 vertices (515 trig, 212 trig+kin events)
  [783/3621] nano_803.root
         -> 263 vertices (540 trig, 231 trig+kin events)
  [784/3621] nano_804.root
         -> 241 vertices (516 trig, 218 trig+kin events)
  [785/3621] nano_805.root
         -> 133 vertices (271 trig, 111 trig+kin events)
  [786/3621] nano_806.root
         -> 253 vertices (494 trig, 213 trig+kin events)
  [787/3621] nano_807.root
         -> 239 vertices (495 trig, 203 trig+kin events)
  [788/3621] nano_808.root
         -> 243 vertices (478 trig, 215 trig+kin events)
  [789/3621] nano_809.root
         -> 123 vertices (291 trig, 111 trig+kin events)
  [790/3621] nano_81.root
         -> 126 vertices (268 trig, 105 trig+kin events)
  [791/3621] nano_810.root
         -> 219 vertices (457 trig, 187 trig+kin events)
  [792/3621] nano_811.root
         -> 87 vertices (226 trig, 86 trig+kin events)
  [793/3621] nano_812.root
         -> 204 vertices (391 trig, 179 trig+kin events)
  [794/3621] nano_813.root
         -> 165 vertices (400 trig, 157 trig+kin events)
  [795/3621] nano_814.root
         -> 170 vertices (396 trig, 160 trig+kin events)
  [796/3621] nano_815.root
         -> 253 vertices (482 trig, 209 trig+kin events)
  [797/3621] nano_816.root
         -> 126 vertices (264 trig, 108 trig+kin events)
  [798/3621] nano_817.root
         -> 243 vertices (502 trig, 204 trig+kin events)
  [799/3621] nano_818.root
         -> 208 vertices (437 trig, 178 trig+kin events)
  [800/3621] nano_819.root
         -> 135 vertices (289 trig, 125 trig+kin events)
  [801/3621] nano_82.root
         -> 89 vertices (233 trig, 83 trig+kin events)
  [802/3621] nano_820.root
         -> 112 vertices (236 trig, 94 trig+kin events)
  [803/3621] nano_821.root
         -> 130 vertices (261 trig, 120 trig+kin events)
  [804/3621] nano_822.root
         -> 227 vertices (472 trig, 205 trig+kin events)
  [805/3621] nano_823.root
         -> 199 vertices (495 trig, 187 trig+kin events)
  [806/3621] nano_824.root
         -> 129 vertices (272 trig, 115 trig+kin events)
  [807/3621] nano_825.root
         -> 218 vertices (416 trig, 182 trig+kin events)
  [808/3621] nano_826.root
         -> 157 vertices (322 trig, 134 trig+kin events)
  [809/3621] nano_827.root
         -> 239 vertices (503 trig, 212 trig+kin events)
  [810/3621] nano_828.root
         -> 114 vertices (243 trig, 103 trig+kin events)
  [811/3621] nano_829.root
         -> 153 vertices (284 trig, 136 trig+kin events)
  [812/3621] nano_83.root
         -> 121 vertices (248 trig, 104 trig+kin events)
  [813/3621] nano_830.root
         -> 227 vertices (513 trig, 211 trig+kin events)
  [814/3621] nano_831.root
         -> 253 vertices (517 trig, 225 trig+kin events)
  [815/3621] nano_832.root
         -> 266 vertices (510 trig, 243 trig+kin events)
  [816/3621] nano_833.root
         -> 106 vertices (258 trig, 100 trig+kin events)
  [817/3621] nano_834.root
         -> 140 vertices (274 trig, 117 trig+kin events)
  [818/3621] nano_835.root
         -> 158 vertices (391 trig, 154 trig+kin events)
  [819/3621] nano_836.root
         -> 142 vertices (311 trig, 127 trig+kin events)
  [820/3621] nano_837.root
         -> 212 vertices (411 trig, 182 trig+kin events)
  [821/3621] nano_838.root
         -> 236 vertices (506 trig, 216 trig+kin events)
  [822/3621] nano_839.root
         -> 239 vertices (488 trig, 212 trig+kin events)
  [823/3621] nano_84.root
         -> 137 vertices (268 trig, 126 trig+kin events)
  [824/3621] nano_840.root
         -> 107 vertices (257 trig, 99 trig+kin events)
  [825/3621] nano_841.root
         -> 272 vertices (569 trig, 245 trig+kin events)
  [826/3621] nano_842.root
         -> 126 vertices (275 trig, 111 trig+kin events)
  [827/3621] nano_843.root
         -> 125 vertices (259 trig, 107 trig+kin events)
  [828/3621] nano_844.root
         -> 40 vertices (93 trig, 34 trig+kin events)
  [829/3621] nano_845.root
         -> 147 vertices (275 trig, 120 trig+kin events)
  [830/3621] nano_846.root
         -> 125 vertices (262 trig, 106 trig+kin events)
  [831/3621] nano_847.root
         -> 146 vertices (276 trig, 132 trig+kin events)
  [832/3621] nano_848.root
         -> 223 vertices (453 trig, 192 trig+kin events)
  [833/3621] nano_849.root
         -> 166 vertices (304 trig, 149 trig+kin events)
  [834/3621] nano_85.root
         -> 131 vertices (271 trig, 117 trig+kin events)
  [835/3621] nano_850.root
         -> 24 vertices (54 trig, 23 trig+kin events)
  [836/3621] nano_851.root
         -> 223 vertices (512 trig, 204 trig+kin events)
  [837/3621] nano_852.root
         -> 120 vertices (277 trig, 106 trig+kin events)
  [838/3621] nano_853.root
         -> 267 vertices (539 trig, 228 trig+kin events)
  [839/3621] nano_854.root
         -> 17 vertices (17 trig, 11 trig+kin events)
  [840/3621] nano_855.root
         -> 111 vertices (225 trig, 100 trig+kin events)
  [841/3621] nano_856.root
         -> 125 vertices (251 trig, 112 trig+kin events)
  [842/3621] nano_857.root
         -> 140 vertices (284 trig, 131 trig+kin events)
  [843/3621] nano_858.root
         -> 140 vertices (340 trig, 137 trig+kin events)
  [844/3621] nano_859.root
         -> 162 vertices (277 trig, 141 trig+kin events)
  [845/3621] nano_86.root
         -> 141 vertices (256 trig, 120 trig+kin events)
  [846/3621] nano_860.root
         -> 259 vertices (520 trig, 229 trig+kin events)
  [847/3621] nano_861.root
         -> 123 vertices (281 trig, 108 trig+kin events)
  [848/3621] nano_862.root
         -> 238 vertices (477 trig, 203 trig+kin events)
  [849/3621] nano_863.root
         -> 229 vertices (495 trig, 197 trig+kin events)
  [850/3621] nano_864.root
         -> 127 vertices (267 trig, 111 trig+kin events)
  [851/3621] nano_865.root
         -> 251 vertices (508 trig, 200 trig+kin events)
  [852/3621] nano_866.root
         -> 209 vertices (477 trig, 200 trig+kin events)
  [853/3621] nano_867.root
         -> 135 vertices (269 trig, 120 trig+kin events)
  [854/3621] nano_868.root
         -> 146 vertices (284 trig, 127 trig+kin events)
  [855/3621] nano_869.root
         -> 141 vertices (266 trig, 107 trig+kin events)
  [856/3621] nano_87.root
         -> 126 vertices (290 trig, 118 trig+kin events)
  [857/3621] nano_870.root
         -> 124 vertices (287 trig, 118 trig+kin events)
  [858/3621] nano_871.root
         -> 119 vertices (295 trig, 116 trig+kin events)
  [859/3621] nano_872.root
         -> 166 vertices (306 trig, 138 trig+kin events)
  [860/3621] nano_873.root
         -> 137 vertices (312 trig, 132 trig+kin events)
  [861/3621] nano_874.root
         -> 172 vertices (366 trig, 165 trig+kin events)
  [862/3621] nano_875.root
         -> 125 vertices (255 trig, 114 trig+kin events)
  [863/3621] nano_876.root
         -> 125 vertices (292 trig, 122 trig+kin events)
  [864/3621] nano_877.root
         -> 169 vertices (344 trig, 149 trig+kin events)
  [865/3621] nano_878.root
         -> 108 vertices (264 trig, 101 trig+kin events)
  [866/3621] nano_879.root
         -> 148 vertices (312 trig, 139 trig+kin events)
  [867/3621] nano_88.root
         -> 125 vertices (290 trig, 115 trig+kin events)
  [868/3621] nano_880.root
         -> 240 vertices (534 trig, 228 trig+kin events)
  [869/3621] nano_881.root
         -> 117 vertices (253 trig, 103 trig+kin events)
  [870/3621] nano_882.root
         -> 124 vertices (312 trig, 126 trig+kin events)
  [871/3621] nano_883.root
         -> 118 vertices (272 trig, 108 trig+kin events)
  [872/3621] nano_884.root
         -> 133 vertices (273 trig, 114 trig+kin events)
  [873/3621] nano_885.root
         -> 136 vertices (290 trig, 112 trig+kin events)
  [874/3621] nano_886.root
         -> 230 vertices (475 trig, 209 trig+kin events)
  [875/3621] nano_887.root
         -> 115 vertices (261 trig, 103 trig+kin events)
  [876/3621] nano_888.root
         -> 133 vertices (308 trig, 122 trig+kin events)
  [877/3621] nano_889.root
         -> 124 vertices (250 trig, 102 trig+kin events)
  [878/3621] nano_89.root
         -> 128 vertices (266 trig, 123 trig+kin events)
  [879/3621] nano_890.root
         -> 159 vertices (348 trig, 143 trig+kin events)
  [880/3621] nano_891.root
         -> 107 vertices (275 trig, 108 trig+kin events)
  [881/3621] nano_892.root
         -> 210 vertices (484 trig, 207 trig+kin events)
  [882/3621] nano_893.root
         -> 226 vertices (467 trig, 191 trig+kin events)
  [883/3621] nano_894.root
         -> 120 vertices (276 trig, 109 trig+kin events)
  [884/3621] nano_895.root
         -> 157 vertices (297 trig, 137 trig+kin events)
  [885/3621] nano_896.root
         -> 134 vertices (288 trig, 111 trig+kin events)
  [886/3621] nano_897.root
         -> 213 vertices (472 trig, 201 trig+kin events)
  [887/3621] nano_898.root
         -> 220 vertices (524 trig, 206 trig+kin events)
  [888/3621] nano_899.root
         -> 198 vertices (490 trig, 195 trig+kin events)
  [889/3621] nano_9.root
         -> 125 vertices (257 trig, 107 trig+kin events)
  [890/3621] nano_90.root
         -> 116 vertices (262 trig, 103 trig+kin events)
  [891/3621] nano_900.root
         -> 107 vertices (268 trig, 102 trig+kin events)
  [892/3621] nano_901.root
         -> 217 vertices (471 trig, 187 trig+kin events)
  [893/3621] nano_902.root
         -> 126 vertices (265 trig, 110 trig+kin events)
  [894/3621] nano_903.root
         -> 103 vertices (233 trig, 91 trig+kin events)
  [895/3621] nano_904.root
         -> 134 vertices (284 trig, 120 trig+kin events)
  [896/3621] nano_905.root
         -> 239 vertices (510 trig, 221 trig+kin events)
  [897/3621] nano_906.root
         -> 142 vertices (290 trig, 133 trig+kin events)
  [898/3621] nano_907.root
         -> 131 vertices (272 trig, 120 trig+kin events)
  [899/3621] nano_908.root
         -> 150 vertices (300 trig, 125 trig+kin events)
  [900/3621] nano_909.root
         -> 122 vertices (271 trig, 118 trig+kin events)
  [901/3621] nano_91.root
         -> 105 vertices (235 trig, 97 trig+kin events)
  [902/3621] nano_910.root
         -> 152 vertices (325 trig, 137 trig+kin events)
  [903/3621] nano_911.root
         -> 109 vertices (245 trig, 94 trig+kin events)
  [904/3621] nano_912.root
         -> 119 vertices (279 trig, 111 trig+kin events)
  [905/3621] nano_913.root
         -> 232 vertices (492 trig, 192 trig+kin events)
  [906/3621] nano_914.root
         -> 123 vertices (252 trig, 112 trig+kin events)
  [907/3621] nano_915.root
         -> 127 vertices (265 trig, 114 trig+kin events)
  [908/3621] nano_916.root
         -> 124 vertices (276 trig, 110 trig+kin events)
  [909/3621] nano_917.root
         -> 145 vertices (280 trig, 123 trig+kin events)
  [910/3621] nano_918.root
         -> 248 vertices (498 trig, 214 trig+kin events)
  [911/3621] nano_919.root
         -> 127 vertices (269 trig, 108 trig+kin events)
  [912/3621] nano_92.root
         -> 126 vertices (261 trig, 110 trig+kin events)
  [913/3621] nano_920.root
         -> 231 vertices (504 trig, 202 trig+kin events)
  [914/3621] nano_921.root
         -> 143 vertices (282 trig, 121 trig+kin events)
  [915/3621] nano_922.root
         -> 125 vertices (279 trig, 121 trig+kin events)
  [916/3621] nano_923.root
         -> 134 vertices (277 trig, 118 trig+kin events)
  [917/3621] nano_924.root
         -> 141 vertices (296 trig, 119 trig+kin events)
  [918/3621] nano_925.root
         -> 138 vertices (303 trig, 130 trig+kin events)
  [919/3621] nano_926.root
         -> 16 vertices (33 trig, 14 trig+kin events)
  [920/3621] nano_927.root
         -> 114 vertices (254 trig, 108 trig+kin events)
  [921/3621] nano_928.root
         -> 138 vertices (261 trig, 109 trig+kin events)
  [922/3621] nano_929.root
         -> 139 vertices (310 trig, 126 trig+kin events)
  [923/3621] nano_93.root
         -> 124 vertices (257 trig, 110 trig+kin events)
  [924/3621] nano_930.root
         -> 133 vertices (256 trig, 117 trig+kin events)
  [925/3621] nano_931.root
         -> 274 vertices (536 trig, 246 trig+kin events)
  [926/3621] nano_932.root
         -> 220 vertices (463 trig, 186 trig+kin events)
  [927/3621] nano_933.root
         -> 157 vertices (298 trig, 131 trig+kin events)
  [928/3621] nano_934.root
         -> 117 vertices (304 trig, 113 trig+kin events)
  [929/3621] nano_935.root
         -> 126 vertices (274 trig, 112 trig+kin events)
  [930/3621] nano_936.root
         -> 118 vertices (258 trig, 111 trig+kin events)
  [931/3621] nano_937.root
         -> 141 vertices (312 trig, 125 trig+kin events)
  [932/3621] nano_938.root
         -> 269 vertices (499 trig, 227 trig+kin events)
  [933/3621] nano_939.root
         -> 123 vertices (244 trig, 107 trig+kin events)
  [934/3621] nano_94.root
         -> 165 vertices (299 trig, 134 trig+kin events)
  [935/3621] nano_940.root
         -> 127 vertices (263 trig, 113 trig+kin events)
  [936/3621] nano_941.root
         -> 180 vertices (393 trig, 158 trig+kin events)
  [937/3621] nano_942.root
         -> 211 vertices (454 trig, 195 trig+kin events)
  [938/3621] nano_943.root
         -> 55 vertices (117 trig, 54 trig+kin events)
  [939/3621] nano_944.root
         -> 130 vertices (284 trig, 120 trig+kin events)
  [940/3621] nano_945.root
         -> 181 vertices (335 trig, 155 trig+kin events)
  [941/3621] nano_946.root
         -> 136 vertices (293 trig, 125 trig+kin events)
  [942/3621] nano_947.root
         -> 254 vertices (524 trig, 234 trig+kin events)
  [943/3621] nano_948.root
         -> 176 vertices (323 trig, 150 trig+kin events)
  [944/3621] nano_949.root
         -> 130 vertices (276 trig, 113 trig+kin events)
  [945/3621] nano_95.root
         -> 186 vertices (363 trig, 163 trig+kin events)
  [946/3621] nano_950.root
         -> 126 vertices (268 trig, 114 trig+kin events)
  [947/3621] nano_951.root
         -> 121 vertices (270 trig, 108 trig+kin events)
  [948/3621] nano_952.root
         -> 265 vertices (507 trig, 224 trig+kin events)
  [949/3621] nano_953.root
         -> 156 vertices (294 trig, 127 trig+kin events)
  [950/3621] nano_954.root
         -> 119 vertices (264 trig, 109 trig+kin events)
  [951/3621] nano_955.root
         -> 138 vertices (290 trig, 128 trig+kin events)
  [952/3621] nano_956.root
         -> 139 vertices (310 trig, 126 trig+kin events)
  [953/3621] nano_957.root
         -> 138 vertices (260 trig, 116 trig+kin events)
  [954/3621] nano_958.root
         -> 122 vertices (261 trig, 106 trig+kin events)
  [955/3621] nano_959.root
         -> 121 vertices (265 trig, 119 trig+kin events)
  [956/3621] nano_96.root
         -> 113 vertices (254 trig, 102 trig+kin events)
  [957/3621] nano_960.root
         -> 124 vertices (248 trig, 111 trig+kin events)
  [958/3621] nano_961.root
         -> 124 vertices (278 trig, 113 trig+kin events)
  [959/3621] nano_962.root
         -> 201 vertices (476 trig, 188 trig+kin events)
  [960/3621] nano_963.root
         -> 128 vertices (262 trig, 103 trig+kin events)
  [961/3621] nano_964.root
         -> 165 vertices (336 trig, 143 trig+kin events)
  [962/3621] nano_965.root
         -> 208 vertices (500 trig, 203 trig+kin events)
  [963/3621] nano_966.root
         -> 128 vertices (265 trig, 109 trig+kin events)
  [964/3621] nano_967.root
         -> 261 vertices (547 trig, 223 trig+kin events)
  [965/3621] nano_968.root
         -> 114 vertices (251 trig, 102 trig+kin events)
  [966/3621] nano_969.root
         -> 133 vertices (266 trig, 112 trig+kin events)
  [967/3621] nano_97.root
         -> 160 vertices (309 trig, 152 trig+kin events)
  [968/3621] nano_970.root
         -> 121 vertices (265 trig, 113 trig+kin events)
  [969/3621] nano_971.root
         -> 195 vertices (406 trig, 172 trig+kin events)
  [970/3621] nano_972.root
         -> 132 vertices (282 trig, 117 trig+kin events)
  [971/3621] nano_973.root
         -> 270 vertices (518 trig, 225 trig+kin events)
  [972/3621] nano_974.root
         -> 90 vertices (244 trig, 76 trig+kin events)
  [973/3621] nano_975.root
         -> 88 vertices (232 trig, 91 trig+kin events)
  [974/3621] nano_976.root
         -> 123 vertices (251 trig, 115 trig+kin events)
  [975/3621] nano_977.root
         -> 119 vertices (243 trig, 114 trig+kin events)
  [976/3621] nano_978.root
         -> 214 vertices (509 trig, 204 trig+kin events)
  [977/3621] nano_979.root
         -> 206 vertices (467 trig, 185 trig+kin events)
  [978/3621] nano_98.root
         -> 162 vertices (328 trig, 154 trig+kin events)
  [979/3621] nano_980.root
         -> 250 vertices (527 trig, 226 trig+kin events)
  [980/3621] nano_981.root
         -> 184 vertices (462 trig, 178 trig+kin events)
  [981/3621] nano_982.root
         -> 262 vertices (543 trig, 226 trig+kin events)
  [982/3621] nano_983.root
         -> 126 vertices (274 trig, 115 trig+kin events)
  [983/3621] nano_984.root
         -> 200 vertices (403 trig, 172 trig+kin events)
  [984/3621] nano_985.root
         -> 243 vertices (518 trig, 202 trig+kin events)
  [985/3621] nano_986.root
         -> 238 vertices (487 trig, 203 trig+kin events)
  [986/3621] nano_987.root
         -> 113 vertices (232 trig, 96 trig+kin events)
  [987/3621] nano_988.root
         -> 135 vertices (266 trig, 120 trig+kin events)
  [988/3621] nano_989.root
         -> 167 vertices (357 trig, 162 trig+kin events)
  [989/3621] nano_99.root
         -> 120 vertices (271 trig, 112 trig+kin events)
  [990/3621] nano_990.root
         -> 210 vertices (472 trig, 186 trig+kin events)
  [991/3621] nano_991.root
         -> 267 vertices (507 trig, 226 trig+kin events)
  [992/3621] nano_992.root
         -> 249 vertices (518 trig, 216 trig+kin events)
  [993/3621] nano_993.root
         -> 112 vertices (274 trig, 106 trig+kin events)
  [994/3621] nano_994.root
         -> 253 vertices (496 trig, 218 trig+kin events)
  [995/3621] nano_995.root
         -> 41 vertices (119 trig, 41 trig+kin events)
  [996/3621] nano_996.root
         -> 249 vertices (493 trig, 222 trig+kin events)
  [997/3621] nano_997.root
         -> 142 vertices (282 trig, 125 trig+kin events)
  [998/3621] nano_998.root
         -> 220 vertices (468 trig, 199 trig+kin events)
  [999/3621] nano_999.root
         -> 196 vertices (494 trig, 187 trig+kin events)
  [1000/3621] nano_1000.root
         -> 29 vertices (65 trig, 26 trig+kin events)
  [1001/3621] nano_1001.root
         -> 121 vertices (275 trig, 114 trig+kin events)
  [1002/3621] nano_1002.root
         -> 4 vertices (5 trig, 4 trig+kin events)
  [1003/3621] nano_1003.root
         -> 134 vertices (285 trig, 116 trig+kin events)
  [1004/3621] nano_1004.root
         -> 244 vertices (481 trig, 209 trig+kin events)
  [1005/3621] nano_1005.root
         -> 216 vertices (441 trig, 193 trig+kin events)
  [1006/3621] nano_1006.root
         -> 227 vertices (505 trig, 195 trig+kin events)
  [1007/3621] nano_1007.root
         -> 101 vertices (265 trig, 96 trig+kin events)
  [1008/3621] nano_1008.root
         -> 147 vertices (289 trig, 131 trig+kin events)
  [1009/3621] nano_1009.root
         -> 144 vertices (313 trig, 125 trig+kin events)
  [1010/3621] nano_1010.root
         -> 206 vertices (464 trig, 181 trig+kin events)
  [1011/3621] nano_1011.root
         -> 146 vertices (293 trig, 136 trig+kin events)
  [1012/3621] nano_1012.root
         -> 106 vertices (286 trig, 102 trig+kin events)
  [1013/3621] nano_1013.root
         -> 195 vertices (420 trig, 177 trig+kin events)
  [1014/3621] nano_1014.root
         -> 176 vertices (380 trig, 160 trig+kin events)
  [1015/3621] nano_1015.root
         -> 166 vertices (300 trig, 146 trig+kin events)
  [1016/3621] nano_1016.root
         -> 178 vertices (435 trig, 167 trig+kin events)
  [1017/3621] nano_1017.root
         -> 240 vertices (500 trig, 210 trig+kin events)
  [1018/3621] nano_1018.root
         -> 249 vertices (522 trig, 209 trig+kin events)
  [1019/3621] nano_1019.root
         -> 144 vertices (275 trig, 127 trig+kin events)
  [1020/3621] nano_1020.root
         -> 227 vertices (477 trig, 205 trig+kin events)
  [1021/3621] nano_1021.root
         -> 192 vertices (389 trig, 173 trig+kin events)
  [1022/3621] nano_1022.root
         -> 68 vertices (143 trig, 63 trig+kin events)
  [1023/3621] nano_1023.root
         -> 234 vertices (507 trig, 208 trig+kin events)
  [1024/3621] nano_1024.root
         -> 153 vertices (320 trig, 136 trig+kin events)
  [1025/3621] nano_1025.root
         -> 238 vertices (507 trig, 210 trig+kin events)
  [1026/3621] nano_1026.root
         -> 150 vertices (311 trig, 126 trig+kin events)
  [1027/3621] nano_1027.root
         -> 252 vertices (507 trig, 223 trig+kin events)
  [1028/3621] nano_1028.root
         -> 231 vertices (516 trig, 195 trig+kin events)
  [1029/3621] nano_1029.root
         -> 167 vertices (346 trig, 145 trig+kin events)
  [1030/3621] nano_1030.root
         -> 140 vertices (305 trig, 122 trig+kin events)
  [1031/3621] nano_1031.root
         -> 145 vertices (319 trig, 132 trig+kin events)
  [1032/3621] nano_1032.root
         -> 232 vertices (507 trig, 203 trig+kin events)
  [1033/3621] nano_1033.root
         -> 138 vertices (305 trig, 129 trig+kin events)
  [1034/3621] nano_1034.root
         -> 127 vertices (261 trig, 109 trig+kin events)
  [1035/3621] nano_1035.root
         -> 133 vertices (258 trig, 121 trig+kin events)
  [1036/3621] nano_1036.root
         -> 162 vertices (302 trig, 139 trig+kin events)
  [1037/3621] nano_1037.root
         -> 147 vertices (273 trig, 124 trig+kin events)
  [1038/3621] nano_1038.root
         -> 109 vertices (268 trig, 97 trig+kin events)
  [1039/3621] nano_1039.root
         -> 117 vertices (280 trig, 105 trig+kin events)
  [1040/3621] nano_1040.root
         -> 133 vertices (276 trig, 120 trig+kin events)
  [1041/3621] nano_1041.root
         -> 216 vertices (480 trig, 194 trig+kin events)
  [1042/3621] nano_1042.root
         -> 147 vertices (286 trig, 126 trig+kin events)
  [1043/3621] nano_1043.root
         -> 210 vertices (431 trig, 183 trig+kin events)
  [1044/3621] nano_1044.root
         -> 131 vertices (271 trig, 109 trig+kin events)
  [1045/3621] nano_1045.root
         -> 258 vertices (502 trig, 230 trig+kin events)
  [1046/3621] nano_1046.root
         -> 244 vertices (515 trig, 226 trig+kin events)
  [1047/3621] nano_1047.root
         -> 242 vertices (476 trig, 198 trig+kin events)
  [1048/3621] nano_1048.root
         -> 117 vertices (272 trig, 105 trig+kin events)
  [1049/3621] nano_1049.root
         -> 224 vertices (458 trig, 196 trig+kin events)
  [1050/3621] nano_1050.root
         -> 141 vertices (310 trig, 128 trig+kin events)
  [1051/3621] nano_1051.root
         -> 116 vertices (259 trig, 108 trig+kin events)
  [1052/3621] nano_1052.root
         -> 127 vertices (262 trig, 104 trig+kin events)
  [1053/3621] nano_1053.root
         -> 227 vertices (500 trig, 212 trig+kin events)
  [1054/3621] nano_1054.root
         -> 128 vertices (260 trig, 103 trig+kin events)
  [1055/3621] nano_1055.root
         -> 138 vertices (288 trig, 120 trig+kin events)
  [1056/3621] nano_1056.root
         -> 123 vertices (262 trig, 112 trig+kin events)
  [1057/3621] nano_1057.root
         -> 131 vertices (253 trig, 118 trig+kin events)
  [1058/3621] nano_1058.root
         -> 218 vertices (491 trig, 197 trig+kin events)
  [1059/3621] nano_1059.root
         -> 129 vertices (265 trig, 116 trig+kin events)
  [1060/3621] nano_1060.root
         -> 127 vertices (281 trig, 113 trig+kin events)
  [1061/3621] nano_1061.root
         -> 252 vertices (503 trig, 214 trig+kin events)
  [1062/3621] nano_1062.root
         -> 153 vertices (292 trig, 136 trig+kin events)
  [1063/3621] nano_1063.root
         -> 139 vertices (286 trig, 117 trig+kin events)
  [1064/3621] nano_1064.root
         -> 222 vertices (484 trig, 193 trig+kin events)
  [1065/3621] nano_1065.root
         -> 176 vertices (363 trig, 152 trig+kin events)
  [1066/3621] nano_1066.root
         -> 265 vertices (535 trig, 224 trig+kin events)
  [1067/3621] nano_1067.root
         -> 267 vertices (487 trig, 213 trig+kin events)
  [1068/3621] nano_1068.root
         -> 255 vertices (490 trig, 227 trig+kin events)
  [1069/3621] nano_1069.root
         -> 105 vertices (250 trig, 98 trig+kin events)
  [1070/3621] nano_1070.root
         -> 119 vertices (277 trig, 119 trig+kin events)
  [1071/3621] nano_1071.root
         -> 132 vertices (276 trig, 119 trig+kin events)
  [1072/3621] nano_1072.root
         -> 263 vertices (491 trig, 215 trig+kin events)
  [1073/3621] nano_1073.root
         -> 134 vertices (269 trig, 125 trig+kin events)
  [1074/3621] nano_1074.root
         -> 231 vertices (475 trig, 194 trig+kin events)
  [1075/3621] nano_1075.root
         -> 273 vertices (516 trig, 239 trig+kin events)
  [1076/3621] nano_1076.root
         -> 144 vertices (273 trig, 124 trig+kin events)
  [1077/3621] nano_1077.root
         -> 186 vertices (394 trig, 164 trig+kin events)
  [1078/3621] nano_1078.root
         -> 122 vertices (296 trig, 120 trig+kin events)
  [1079/3621] nano_1079.root
         -> 136 vertices (274 trig, 127 trig+kin events)
  [1080/3621] nano_1080.root
         -> 278 vertices (519 trig, 229 trig+kin events)
  [1081/3621] nano_1081.root
         -> 115 vertices (265 trig, 103 trig+kin events)
  [1082/3621] nano_1082.root
         -> 258 vertices (532 trig, 233 trig+kin events)
  [1083/3621] nano_1083.root
         -> 128 vertices (309 trig, 116 trig+kin events)
  [1084/3621] nano_1084.root
         -> 173 vertices (351 trig, 149 trig+kin events)
  [1085/3621] nano_1085.root
         -> 219 vertices (477 trig, 186 trig+kin events)
  [1086/3621] nano_1086.root
         -> 163 vertices (275 trig, 135 trig+kin events)
  [1087/3621] nano_1087.root
         -> 150 vertices (334 trig, 128 trig+kin events)
  [1088/3621] nano_1088.root
         -> 127 vertices (240 trig, 107 trig+kin events)
  [1089/3621] nano_1089.root
         -> 209 vertices (472 trig, 192 trig+kin events)
  [1090/3621] nano_1090.root
         -> 237 vertices (515 trig, 216 trig+kin events)
  [1091/3621] nano_1091.root
         -> 191 vertices (381 trig, 178 trig+kin events)
  [1092/3621] nano_1092.root
         -> 150 vertices (322 trig, 131 trig+kin events)
  [1093/3621] nano_1093.root
         -> 263 vertices (514 trig, 243 trig+kin events)
  [1094/3621] nano_1094.root
         -> 149 vertices (293 trig, 134 trig+kin events)
  [1095/3621] nano_1095.root
         -> 125 vertices (257 trig, 107 trig+kin events)
  [1096/3621] nano_1096.root
         -> 131 vertices (265 trig, 119 trig+kin events)
  [1097/3621] nano_1097.root
         -> 198 vertices (479 trig, 177 trig+kin events)
  [1098/3621] nano_1098.root
         -> 253 vertices (489 trig, 214 trig+kin events)
  [1099/3621] nano_1099.root
         -> 136 vertices (275 trig, 123 trig+kin events)
  [1100/3621] nano_1100.root
         -> 214 vertices (436 trig, 183 trig+kin events)
  [1101/3621] nano_1101.root
         -> 138 vertices (277 trig, 118 trig+kin events)
  [1102/3621] nano_1102.root
         -> 226 vertices (512 trig, 205 trig+kin events)
  [1103/3621] nano_1103.root
         -> 140 vertices (297 trig, 122 trig+kin events)
  [1104/3621] nano_1104.root
         -> 243 vertices (471 trig, 211 trig+kin events)
  [1105/3621] nano_1105.root
         -> 245 vertices (529 trig, 218 trig+kin events)
  [1106/3621] nano_1106.root
         -> 200 vertices (456 trig, 183 trig+kin events)
  [1107/3621] nano_1107.root
         -> 286 vertices (544 trig, 241 trig+kin events)
  [1108/3621] nano_1108.root
         -> 129 vertices (266 trig, 102 trig+kin events)
  [1109/3621] nano_1109.root
         -> 141 vertices (350 trig, 124 trig+kin events)
  [1110/3621] nano_1110.root
         -> 43 vertices (97 trig, 34 trig+kin events)
  [1111/3621] nano_1111.root
         -> 141 vertices (307 trig, 130 trig+kin events)
  [1112/3621] nano_1112.root
         -> 150 vertices (340 trig, 147 trig+kin events)
  [1113/3621] nano_1113.root
         -> 136 vertices (262 trig, 121 trig+kin events)
  [1114/3621] nano_1114.root
         -> 160 vertices (296 trig, 141 trig+kin events)
  [1115/3621] nano_1115.root
         -> 144 vertices (309 trig, 127 trig+kin events)
  [1116/3621] nano_1116.root
         -> 149 vertices (331 trig, 141 trig+kin events)
  [1117/3621] nano_1117.root
         -> 123 vertices (204 trig, 97 trig+kin events)
  [1118/3621] nano_1118.root
         -> 250 vertices (498 trig, 221 trig+kin events)
  [1119/3621] nano_1119.root
         -> 122 vertices (272 trig, 112 trig+kin events)
  [1120/3621] nano_1120.root
         -> 150 vertices (297 trig, 116 trig+kin events)
  [1121/3621] nano_1121.root
         -> 133 vertices (271 trig, 114 trig+kin events)
  [1122/3621] nano_1122.root
         -> 149 vertices (274 trig, 125 trig+kin events)
  [1123/3621] nano_1123.root
         -> 122 vertices (263 trig, 104 trig+kin events)
  [1124/3621] nano_1124.root
         -> 124 vertices (270 trig, 112 trig+kin events)
  [1125/3621] nano_1125.root
         -> 93 vertices (218 trig, 78 trig+kin events)
  [1126/3621] nano_1126.root
         -> 126 vertices (229 trig, 103 trig+kin events)
  [1127/3621] nano_1127.root
         -> 184 vertices (388 trig, 176 trig+kin events)
  [1128/3621] nano_1128.root
         -> 230 vertices (451 trig, 216 trig+kin events)
  [1129/3621] nano_1129.root
         -> 131 vertices (284 trig, 117 trig+kin events)
  [1130/3621] nano_1130.root
         -> 129 vertices (279 trig, 129 trig+kin events)
  [1131/3621] nano_1131.root
         -> 164 vertices (370 trig, 143 trig+kin events)
  [1132/3621] nano_1132.root
         -> 228 vertices (513 trig, 203 trig+kin events)
  [1133/3621] nano_1133.root
         -> 219 vertices (427 trig, 202 trig+kin events)
  [1134/3621] nano_1134.root
         -> 152 vertices (350 trig, 144 trig+kin events)
  [1135/3621] nano_1135.root
         -> 132 vertices (265 trig, 115 trig+kin events)
  [1136/3621] nano_1136.root
         -> 239 vertices (560 trig, 216 trig+kin events)
  [1137/3621] nano_1137.root
         -> 181 vertices (333 trig, 148 trig+kin events)
  [1138/3621] nano_1138.root
         -> 231 vertices (504 trig, 213 trig+kin events)
  [1139/3621] nano_1139.root
         -> 169 vertices (355 trig, 149 trig+kin events)
  [1140/3621] nano_1140.root
         -> 157 vertices (307 trig, 132 trig+kin events)
  [1141/3621] nano_1141.root
         -> 226 vertices (486 trig, 202 trig+kin events)
  [1142/3621] nano_1142.root
         -> 138 vertices (288 trig, 113 trig+kin events)
  [1143/3621] nano_1143.root
         -> 187 vertices (426 trig, 179 trig+kin events)
  [1144/3621] nano_1144.root
         -> 141 vertices (286 trig, 125 trig+kin events)
  [1145/3621] nano_1145.root
         -> 245 vertices (509 trig, 213 trig+kin events)
  [1146/3621] nano_1146.root
         -> 247 vertices (507 trig, 213 trig+kin events)
  [1147/3621] nano_1147.root
         -> 207 vertices (475 trig, 193 trig+kin events)
  [1148/3621] nano_1148.root
         -> 210 vertices (469 trig, 187 trig+kin events)
  [1149/3621] nano_1149.root
         -> 191 vertices (399 trig, 175 trig+kin events)
  [1150/3621] nano_1150.root
         -> 130 vertices (289 trig, 102 trig+kin events)
  [1151/3621] nano_1151.root
         -> 228 vertices (480 trig, 191 trig+kin events)
  [1152/3621] nano_1152.root
         -> 130 vertices (267 trig, 126 trig+kin events)
  [1153/3621] nano_1153.root
         -> 225 vertices (488 trig, 209 trig+kin events)
  [1154/3621] nano_1154.root
         -> 277 vertices (547 trig, 236 trig+kin events)
  [1155/3621] nano_1155.root
         -> 214 vertices (449 trig, 186 trig+kin events)
  [1156/3621] nano_1156.root
         -> 118 vertices (293 trig, 106 trig+kin events)
  [1157/3621] nano_1157.root
         -> 249 vertices (498 trig, 229 trig+kin events)
  [1158/3621] nano_1158.root
         -> 148 vertices (294 trig, 122 trig+kin events)
  [1159/3621] nano_1159.root
         -> 260 vertices (557 trig, 225 trig+kin events)
  [1160/3621] nano_1160.root
         -> 132 vertices (271 trig, 111 trig+kin events)
  [1161/3621] nano_1161.root
         -> 129 vertices (295 trig, 130 trig+kin events)
  [1162/3621] nano_1162.root
         -> 235 vertices (473 trig, 208 trig+kin events)
  [1163/3621] nano_1163.root
         -> 123 vertices (257 trig, 111 trig+kin events)
  [1164/3621] nano_1164.root
         -> 161 vertices (363 trig, 146 trig+kin events)
  [1165/3621] nano_1165.root
         -> 218 vertices (426 trig, 188 trig+kin events)
  [1166/3621] nano_1166.root
         -> 159 vertices (308 trig, 147 trig+kin events)
  [1167/3621] nano_1167.root
         -> 263 vertices (531 trig, 237 trig+kin events)
  [1168/3621] nano_1168.root
         -> 155 vertices (284 trig, 128 trig+kin events)
  [1169/3621] nano_1169.root
         -> 137 vertices (287 trig, 126 trig+kin events)
  [1170/3621] nano_1170.root
         -> 212 vertices (483 trig, 204 trig+kin events)
  [1171/3621] nano_1171.root
         -> 196 vertices (430 trig, 172 trig+kin events)
  [1172/3621] nano_1172.root
         -> 118 vertices (256 trig, 102 trig+kin events)
  [1173/3621] nano_1173.root
         -> 99 vertices (200 trig, 87 trig+kin events)
  [1174/3621] nano_1174.root
         -> 229 vertices (474 trig, 192 trig+kin events)
  [1175/3621] nano_1175.root
         -> 124 vertices (296 trig, 108 trig+kin events)
  [1176/3621] nano_1176.root
         -> 168 vertices (383 trig, 161 trig+kin events)
  [1177/3621] nano_1177.root
         -> 199 vertices (457 trig, 184 trig+kin events)
  [1178/3621] nano_1178.root
         -> 148 vertices (301 trig, 135 trig+kin events)
  [1179/3621] nano_1179.root
         -> 120 vertices (264 trig, 111 trig+kin events)
  [1180/3621] nano_1180.root
         -> 169 vertices (378 trig, 156 trig+kin events)
  [1181/3621] nano_1181.root
         -> 35 vertices (78 trig, 36 trig+kin events)
  [1182/3621] nano_1182.root
         -> 129 vertices (321 trig, 119 trig+kin events)
  [1183/3621] nano_1183.root
         -> 109 vertices (230 trig, 100 trig+kin events)
  [1184/3621] nano_1184.root
         -> 109 vertices (263 trig, 95 trig+kin events)
  [1185/3621] nano_1185.root
         -> 207 vertices (438 trig, 180 trig+kin events)
  [1186/3621] nano_1186.root
         -> 230 vertices (493 trig, 205 trig+kin events)
  [1187/3621] nano_1187.root
         -> 180 vertices (383 trig, 157 trig+kin events)
  [1188/3621] nano_1188.root
         -> 120 vertices (259 trig, 110 trig+kin events)
  [1189/3621] nano_1189.root
         -> 124 vertices (262 trig, 108 trig+kin events)
  [1190/3621] nano_1190.root
         -> 224 vertices (448 trig, 185 trig+kin events)
  [1191/3621] nano_1191.root
         -> 220 vertices (502 trig, 192 trig+kin events)
  [1192/3621] nano_1192.root
         -> 122 vertices (288 trig, 104 trig+kin events)
  [1193/3621] nano_1193.root
         -> 247 vertices (467 trig, 205 trig+kin events)
  [1194/3621] nano_1194.root
         -> 179 vertices (347 trig, 158 trig+kin events)
  [1195/3621] nano_1195.root
         -> 167 vertices (367 trig, 146 trig+kin events)
  [1196/3621] nano_1196.root
         -> 244 vertices (480 trig, 216 trig+kin events)
  [1197/3621] nano_1197.root
         -> 228 vertices (473 trig, 186 trig+kin events)
  [1198/3621] nano_1198.root
         -> 121 vertices (246 trig, 108 trig+kin events)
  [1199/3621] nano_1199.root
         -> 148 vertices (333 trig, 120 trig+kin events)
  [1200/3621] nano_1200.root
         -> 163 vertices (392 trig, 155 trig+kin events)
  [1201/3621] nano_1201.root
         -> 140 vertices (319 trig, 133 trig+kin events)
  [1202/3621] nano_1202.root
         -> 200 vertices (444 trig, 177 trig+kin events)
  [1203/3621] nano_1203.root
         -> 133 vertices (287 trig, 120 trig+kin events)
  [1204/3621] nano_1204.root
         -> 180 vertices (352 trig, 162 trig+kin events)
  [1205/3621] nano_1205.root
         -> 132 vertices (304 trig, 127 trig+kin events)
  [1206/3621] nano_1206.root
         -> 259 vertices (537 trig, 235 trig+kin events)
  [1207/3621] nano_1207.root
         -> 224 vertices (506 trig, 200 trig+kin events)
  [1208/3621] nano_1208.root
         -> 162 vertices (347 trig, 139 trig+kin events)
  [1209/3621] nano_1209.root
         -> 210 vertices (398 trig, 179 trig+kin events)
  [1210/3621] nano_1210.root
         -> 236 vertices (528 trig, 206 trig+kin events)
  [1211/3621] nano_1211.root
         -> 182 vertices (420 trig, 169 trig+kin events)
  [1212/3621] nano_1212.root
         -> 214 vertices (470 trig, 192 trig+kin events)
  [1213/3621] nano_1213.root
         -> 127 vertices (239 trig, 102 trig+kin events)
  [1214/3621] nano_1214.root
         -> 109 vertices (249 trig, 97 trig+kin events)
  [1215/3621] nano_1215.root
         -> 138 vertices (253 trig, 115 trig+kin events)
  [1216/3621] nano_1216.root
         -> 186 vertices (460 trig, 169 trig+kin events)
  [1217/3621] nano_1217.root
         -> 170 vertices (368 trig, 152 trig+kin events)
  [1218/3621] nano_1218.root
         -> 191 vertices (353 trig, 151 trig+kin events)
  [1219/3621] nano_1219.root
         -> 130 vertices (275 trig, 113 trig+kin events)
  [1220/3621] nano_1220.root
         -> 143 vertices (285 trig, 117 trig+kin events)
  [1221/3621] nano_1221.root
         -> 242 vertices (526 trig, 216 trig+kin events)
  [1222/3621] nano_1222.root
         -> 120 vertices (258 trig, 107 trig+kin events)
  [1223/3621] nano_1223.root
         -> 163 vertices (344 trig, 145 trig+kin events)
  [1224/3621] nano_1224.root
         -> 245 vertices (533 trig, 212 trig+kin events)
  [1225/3621] nano_1225.root
         -> 240 vertices (515 trig, 215 trig+kin events)
  [1226/3621] nano_1226.root
         -> 227 vertices (483 trig, 208 trig+kin events)
  [1227/3621] nano_1227.root
         -> 142 vertices (252 trig, 132 trig+kin events)
  [1228/3621] nano_1228.root
         -> 236 vertices (498 trig, 207 trig+kin events)
  [1229/3621] nano_1229.root
         -> 140 vertices (276 trig, 122 trig+kin events)
  [1230/3621] nano_1230.root
         -> 125 vertices (240 trig, 117 trig+kin events)
  [1231/3621] nano_1231.root
         -> 168 vertices (328 trig, 146 trig+kin events)
  [1232/3621] nano_1232.root
         -> 146 vertices (265 trig, 131 trig+kin events)
  [1233/3621] nano_1233.root
         -> 143 vertices (334 trig, 141 trig+kin events)
  [1234/3621] nano_1234.root
         -> 206 vertices (385 trig, 180 trig+kin events)
  [1235/3621] nano_1235.root
         -> 118 vertices (325 trig, 118 trig+kin events)
  [1236/3621] nano_1236.root
         -> 125 vertices (297 trig, 115 trig+kin events)
  [1237/3621] nano_1237.root
         -> 210 vertices (456 trig, 187 trig+kin events)
  [1238/3621] nano_1238.root
         -> 272 vertices (500 trig, 229 trig+kin events)
  [1239/3621] nano_1239.root
         -> 243 vertices (455 trig, 200 trig+kin events)
  [1240/3621] nano_1240.root
         -> 244 vertices (507 trig, 207 trig+kin events)
  [1241/3621] nano_1241.root
         -> 179 vertices (368 trig, 163 trig+kin events)
  [1242/3621] nano_1242.root
         -> 167 vertices (337 trig, 148 trig+kin events)
  [1243/3621] nano_1243.root
         -> 228 vertices (522 trig, 219 trig+kin events)
  [1244/3621] nano_1244.root
         -> 163 vertices (363 trig, 146 trig+kin events)
  [1245/3621] nano_1245.root
         -> 135 vertices (297 trig, 122 trig+kin events)
  [1246/3621] nano_1246.root
         -> 242 vertices (518 trig, 220 trig+kin events)
  [1247/3621] nano_1247.root
         -> 230 vertices (520 trig, 203 trig+kin events)
  [1248/3621] nano_1248.root
         -> 241 vertices (490 trig, 224 trig+kin events)
  [1249/3621] nano_1249.root
         -> 195 vertices (530 trig, 190 trig+kin events)
  [1250/3621] nano_1250.root
         -> 138 vertices (298 trig, 124 trig+kin events)
  [1251/3621] nano_1251.root
         -> 138 vertices (333 trig, 123 trig+kin events)
  [1252/3621] nano_1252.root
         -> 147 vertices (297 trig, 129 trig+kin events)
  [1253/3621] nano_1253.root
         -> 276 vertices (503 trig, 238 trig+kin events)
  [1254/3621] nano_1254.root
         -> 249 vertices (493 trig, 216 trig+kin events)
  [1255/3621] nano_1255.root
         -> 187 vertices (385 trig, 165 trig+kin events)
  [1256/3621] nano_1256.root
         -> 212 vertices (460 trig, 193 trig+kin events)
  [1257/3621] nano_1257.root
         -> 124 vertices (312 trig, 122 trig+kin events)
  [1258/3621] nano_1258.root
         -> 192 vertices (377 trig, 163 trig+kin events)
  [1259/3621] nano_1259.root
         -> 231 vertices (470 trig, 199 trig+kin events)
  [1260/3621] nano_1260.root
         -> 231 vertices (494 trig, 202 trig+kin events)
  [1261/3621] nano_1261.root
         -> 289 vertices (515 trig, 248 trig+kin events)
  [1262/3621] nano_1262.root
         -> 142 vertices (280 trig, 129 trig+kin events)
  [1263/3621] nano_1263.root
         -> 268 vertices (502 trig, 233 trig+kin events)
  [1264/3621] nano_1264.root
         -> 98 vertices (262 trig, 87 trig+kin events)
  [1265/3621] nano_1265.root
         -> 249 vertices (568 trig, 225 trig+kin events)
  [1266/3621] nano_1266.root
         -> 141 vertices (286 trig, 125 trig+kin events)
  [1267/3621] nano_1267.root
         -> 128 vertices (293 trig, 115 trig+kin events)
  [1268/3621] nano_1268.root
         -> 125 vertices (244 trig, 103 trig+kin events)
  [1269/3621] nano_1269.root
         -> 114 vertices (284 trig, 107 trig+kin events)
  [1270/3621] nano_1270.root
         -> 181 vertices (407 trig, 159 trig+kin events)
  [1271/3621] nano_1271.root
         -> 166 vertices (299 trig, 144 trig+kin events)
  [1272/3621] nano_1272.root
         -> 166 vertices (330 trig, 134 trig+kin events)
  [1273/3621] nano_1273.root
         -> 105 vertices (234 trig, 91 trig+kin events)
  [1274/3621] nano_1274.root
         -> 225 vertices (427 trig, 195 trig+kin events)
  [1275/3621] nano_1275.root
         -> 234 vertices (523 trig, 223 trig+kin events)
  [1276/3621] nano_1276.root
         -> 148 vertices (328 trig, 133 trig+kin events)
  [1277/3621] nano_1277.root
         -> 158 vertices (352 trig, 139 trig+kin events)
  [1278/3621] nano_1278.root
         -> 239 vertices (510 trig, 220 trig+kin events)
  [1279/3621] nano_1279.root
         -> 160 vertices (339 trig, 148 trig+kin events)
  [1280/3621] nano_1280.root
         -> 175 vertices (355 trig, 156 trig+kin events)
  [1281/3621] nano_1281.root
         -> 164 vertices (368 trig, 143 trig+kin events)
  [1282/3621] nano_1282.root
         -> 226 vertices (498 trig, 210 trig+kin events)
  [1283/3621] nano_1283.root
         -> 145 vertices (298 trig, 133 trig+kin events)
  [1284/3621] nano_1284.root
         -> 235 vertices (502 trig, 226 trig+kin events)
  [1285/3621] nano_1285.root
         -> 169 vertices (301 trig, 148 trig+kin events)
  [1286/3621] nano_1286.root
         -> 145 vertices (336 trig, 129 trig+kin events)
  [1287/3621] nano_1287.root
         -> 135 vertices (278 trig, 118 trig+kin events)
  [1288/3621] nano_1288.root
         -> 232 vertices (495 trig, 205 trig+kin events)
  [1289/3621] nano_1289.root
         -> 128 vertices (296 trig, 119 trig+kin events)
  [1290/3621] nano_1290.root
         -> 264 vertices (518 trig, 234 trig+kin events)
  [1291/3621] nano_1291.root
         -> 133 vertices (279 trig, 118 trig+kin events)
  [1292/3621] nano_1292.root
         -> 222 vertices (519 trig, 194 trig+kin events)
  [1293/3621] nano_1293.root
         -> 173 vertices (378 trig, 153 trig+kin events)
  [1294/3621] nano_1294.root
         -> 190 vertices (374 trig, 165 trig+kin events)
  [1295/3621] nano_1295.root
         -> 116 vertices (280 trig, 102 trig+kin events)
  [1296/3621] nano_1296.root
         -> 147 vertices (285 trig, 138 trig+kin events)
  [1297/3621] nano_1297.root
         -> 215 vertices (374 trig, 178 trig+kin events)
  [1298/3621] nano_1298.root
         -> 144 vertices (294 trig, 131 trig+kin events)
  [1299/3621] nano_1299.root
         -> 238 vertices (510 trig, 217 trig+kin events)
  [1300/3621] nano_1300.root
         -> 130 vertices (283 trig, 118 trig+kin events)
  [1301/3621] nano_1301.root
         -> 141 vertices (298 trig, 122 trig+kin events)
  [1302/3621] nano_1302.root
         -> 248 vertices (500 trig, 233 trig+kin events)
  [1303/3621] nano_1303.root
         -> 181 vertices (342 trig, 150 trig+kin events)
  [1304/3621] nano_1304.root
         -> 133 vertices (291 trig, 124 trig+kin events)
  [1305/3621] nano_1305.root
         -> 240 vertices (483 trig, 225 trig+kin events)
  [1306/3621] nano_1306.root
         -> 156 vertices (297 trig, 139 trig+kin events)
  [1307/3621] nano_1307.root
         -> 192 vertices (395 trig, 169 trig+kin events)
  [1308/3621] nano_1308.root
         -> 235 vertices (506 trig, 210 trig+kin events)
  [1309/3621] nano_1309.root
         -> 193 vertices (353 trig, 167 trig+kin events)
  [1310/3621] nano_1310.root
         -> 232 vertices (507 trig, 214 trig+kin events)
  [1311/3621] nano_1311.root
         -> 242 vertices (519 trig, 217 trig+kin events)
  [1312/3621] nano_1312.root
         -> 114 vertices (263 trig, 115 trig+kin events)
  [1313/3621] nano_1313.root
         -> 170 vertices (357 trig, 152 trig+kin events)
  [1314/3621] nano_1314.root
         -> 129 vertices (311 trig, 122 trig+kin events)
  [1315/3621] nano_1315.root
         -> 233 vertices (455 trig, 208 trig+kin events)
  [1316/3621] nano_1316.root
         -> 143 vertices (325 trig, 132 trig+kin events)
  [1317/3621] nano_1317.root
         -> 114 vertices (260 trig, 114 trig+kin events)
  [1318/3621] nano_1318.root
         -> 248 vertices (512 trig, 230 trig+kin events)
  [1319/3621] nano_1319.root
         -> 225 vertices (519 trig, 203 trig+kin events)
  [1320/3621] nano_1320.root
         -> 219 vertices (497 trig, 197 trig+kin events)
  [1321/3621] nano_1321.root
         -> 113 vertices (243 trig, 99 trig+kin events)
  [1322/3621] nano_1322.root
         -> 133 vertices (311 trig, 125 trig+kin events)
  [1323/3621] nano_1323.root
         -> 160 vertices (351 trig, 148 trig+kin events)
  [1324/3621] nano_1324.root
         -> 165 vertices (322 trig, 134 trig+kin events)
  [1325/3621] nano_1325.root
         -> 190 vertices (389 trig, 172 trig+kin events)
  [1326/3621] nano_1326.root
         -> 197 vertices (414 trig, 172 trig+kin events)
  [1327/3621] nano_1327.root
         -> 179 vertices (375 trig, 147 trig+kin events)
  [1328/3621] nano_1328.root
         -> 139 vertices (263 trig, 117 trig+kin events)
  [1329/3621] nano_1329.root
         -> 228 vertices (492 trig, 190 trig+kin events)
  [1330/3621] nano_1330.root
         -> 217 vertices (471 trig, 195 trig+kin events)
  [1331/3621] nano_1331.root
         -> 137 vertices (262 trig, 121 trig+kin events)
  [1332/3621] nano_1332.root
         -> 162 vertices (318 trig, 143 trig+kin events)
  [1333/3621] nano_1333.root
         -> 203 vertices (512 trig, 190 trig+kin events)
  [1334/3621] nano_1334.root
         -> 157 vertices (306 trig, 135 trig+kin events)
  [1335/3621] nano_1335.root
         -> 232 vertices (489 trig, 200 trig+kin events)
  [1336/3621] nano_1336.root
         -> 250 vertices (505 trig, 218 trig+kin events)
  [1337/3621] nano_1337.root
         -> 159 vertices (334 trig, 150 trig+kin events)
  [1338/3621] nano_1338.root
         -> 230 vertices (459 trig, 208 trig+kin events)
  [1339/3621] nano_1339.root
         -> 215 vertices (501 trig, 193 trig+kin events)
  [1340/3621] nano_1340.root
         -> 125 vertices (273 trig, 105 trig+kin events)
  [1341/3621] nano_1341.root
         -> 172 vertices (358 trig, 146 trig+kin events)
  [1342/3621] nano_1342.root
         -> 246 vertices (477 trig, 223 trig+kin events)
  [1343/3621] nano_1343.root
         -> 184 vertices (377 trig, 160 trig+kin events)
  [1344/3621] nano_1344.root
         -> 123 vertices (312 trig, 109 trig+kin events)
  [1345/3621] nano_1345.root
         -> 192 vertices (357 trig, 167 trig+kin events)
  [1346/3621] nano_1346.root
         -> 100 vertices (250 trig, 100 trig+kin events)
  [1347/3621] nano_1347.root
         -> 277 vertices (535 trig, 243 trig+kin events)
  [1348/3621] nano_1348.root
         -> 191 vertices (427 trig, 172 trig+kin events)
  [1349/3621] nano_1349.root
         -> 111 vertices (258 trig, 106 trig+kin events)
  [1350/3621] nano_1350.root
         -> 205 vertices (465 trig, 194 trig+kin events)
  [1351/3621] nano_1351.root
         -> 230 vertices (401 trig, 194 trig+kin events)
  [1352/3621] nano_1352.root
         -> 136 vertices (266 trig, 121 trig+kin events)
  [1353/3621] nano_1353.root
         -> 146 vertices (353 trig, 134 trig+kin events)
  [1354/3621] nano_1354.root
         -> 234 vertices (460 trig, 203 trig+kin events)
  [1355/3621] nano_1355.root
         -> 128 vertices (270 trig, 105 trig+kin events)
  [1356/3621] nano_1356.root
         -> 236 vertices (482 trig, 201 trig+kin events)
  [1357/3621] nano_1357.root
         -> 232 vertices (499 trig, 211 trig+kin events)
  [1358/3621] nano_1358.root
         -> 132 vertices (271 trig, 119 trig+kin events)
  [1359/3621] nano_1359.root
         -> 129 vertices (313 trig, 118 trig+kin events)
  [1360/3621] nano_1360.root
         -> 192 vertices (433 trig, 174 trig+kin events)
  [1361/3621] nano_1361.root
         -> 113 vertices (254 trig, 109 trig+kin events)
  [1362/3621] nano_1362.root
         -> 128 vertices (277 trig, 102 trig+kin events)
  [1363/3621] nano_1363.root
         -> 179 vertices (372 trig, 167 trig+kin events)
  [1364/3621] nano_1364.root
         -> 135 vertices (261 trig, 116 trig+kin events)
  [1365/3621] nano_1365.root
         -> 145 vertices (317 trig, 131 trig+kin events)
  [1366/3621] nano_1366.root
         -> 132 vertices (268 trig, 113 trig+kin events)
  [1367/3621] nano_1367.root
         -> 246 vertices (514 trig, 228 trig+kin events)
  [1368/3621] nano_1368.root
         -> 250 vertices (511 trig, 218 trig+kin events)
  [1369/3621] nano_1369.root
         -> 242 vertices (514 trig, 208 trig+kin events)
  [1370/3621] nano_1370.root
         -> 196 vertices (347 trig, 163 trig+kin events)
  [1371/3621] nano_1371.root
         -> 146 vertices (298 trig, 125 trig+kin events)
  [1372/3621] nano_1372.root
         -> 131 vertices (244 trig, 115 trig+kin events)
  [1373/3621] nano_1373.root
         -> 227 vertices (507 trig, 200 trig+kin events)
  [1374/3621] nano_1374.root
         -> 214 vertices (481 trig, 197 trig+kin events)
  [1375/3621] nano_1375.root
         -> 165 vertices (328 trig, 138 trig+kin events)
  [1376/3621] nano_1376.root
         -> 154 vertices (336 trig, 134 trig+kin events)
  [1377/3621] nano_1377.root
         -> 179 vertices (357 trig, 145 trig+kin events)
  [1378/3621] nano_1378.root
         -> 119 vertices (282 trig, 108 trig+kin events)
  [1379/3621] nano_1379.root
         -> 195 vertices (472 trig, 189 trig+kin events)
  [1380/3621] nano_1380.root
         -> 148 vertices (332 trig, 135 trig+kin events)
  [1381/3621] nano_1381.root
         -> 192 vertices (392 trig, 161 trig+kin events)
  [1382/3621] nano_1382.root
         -> 138 vertices (269 trig, 121 trig+kin events)
  [1383/3621] nano_1383.root
         -> 126 vertices (276 trig, 120 trig+kin events)
  [1384/3621] nano_1384.root
         -> 182 vertices (369 trig, 152 trig+kin events)
  [1385/3621] nano_1385.root
         -> 116 vertices (307 trig, 111 trig+kin events)
  [1386/3621] nano_1386.root
         -> 138 vertices (255 trig, 115 trig+kin events)
  [1387/3621] nano_1387.root
         -> 155 vertices (301 trig, 142 trig+kin events)
  [1388/3621] nano_1388.root
         -> 237 vertices (519 trig, 224 trig+kin events)
  [1389/3621] nano_1389.root
         -> 144 vertices (305 trig, 120 trig+kin events)
  [1390/3621] nano_1390.root
         -> 187 vertices (435 trig, 164 trig+kin events)
  [1391/3621] nano_1391.root
         -> 229 vertices (480 trig, 208 trig+kin events)
  [1392/3621] nano_1392.root
         -> 156 vertices (323 trig, 139 trig+kin events)
  [1393/3621] nano_1393.root
         -> 132 vertices (270 trig, 117 trig+kin events)
  [1394/3621] nano_1394.root
         -> 118 vertices (268 trig, 108 trig+kin events)
  [1395/3621] nano_1395.root
         -> 136 vertices (302 trig, 121 trig+kin events)
  [1396/3621] nano_1396.root
         -> 250 vertices (535 trig, 227 trig+kin events)
  [1397/3621] nano_1397.root
         -> 239 vertices (497 trig, 209 trig+kin events)
  [1398/3621] nano_1398.root
         -> 253 vertices (520 trig, 221 trig+kin events)
  [1399/3621] nano_1399.root
         -> 245 vertices (485 trig, 214 trig+kin events)
  [1400/3621] nano_1400.root
         -> 239 vertices (507 trig, 207 trig+kin events)
  [1401/3621] nano_1401.root
         -> 206 vertices (458 trig, 186 trig+kin events)
  [1402/3621] nano_1402.root
         -> 230 vertices (429 trig, 198 trig+kin events)
  [1403/3621] nano_1403.root
         -> 129 vertices (256 trig, 112 trig+kin events)
  [1404/3621] nano_1404.root
         -> 207 vertices (470 trig, 190 trig+kin events)
  [1405/3621] nano_1405.root
         -> 250 vertices (518 trig, 222 trig+kin events)
  [1406/3621] nano_1406.root
         -> 127 vertices (295 trig, 129 trig+kin events)
  [1407/3621] nano_1407.root
         -> 246 vertices (521 trig, 232 trig+kin events)
  [1408/3621] nano_1408.root
         -> 252 vertices (457 trig, 209 trig+kin events)
  [1409/3621] nano_1409.root
         -> 204 vertices (440 trig, 193 trig+kin events)
  [1410/3621] nano_1410.root
         -> 154 vertices (341 trig, 136 trig+kin events)
  [1411/3621] nano_1411.root
         -> 219 vertices (528 trig, 211 trig+kin events)
  [1412/3621] nano_1412.root
         -> 152 vertices (352 trig, 133 trig+kin events)
  [1413/3621] nano_1413.root
         -> 113 vertices (258 trig, 98 trig+kin events)
  [1414/3621] nano_1414.root
         -> 123 vertices (284 trig, 114 trig+kin events)
  [1415/3621] nano_1415.root
         -> 127 vertices (297 trig, 118 trig+kin events)
  [1416/3621] nano_1416.root
         -> 165 vertices (322 trig, 137 trig+kin events)
  [1417/3621] nano_1417.root
         -> 142 vertices (311 trig, 127 trig+kin events)
  [1418/3621] nano_1418.root
         -> 246 vertices (497 trig, 214 trig+kin events)
  [1419/3621] nano_1419.root
         -> 228 vertices (503 trig, 202 trig+kin events)
  [1420/3621] nano_1420.root
         -> 149 vertices (314 trig, 126 trig+kin events)
  [1421/3621] nano_1421.root
         -> 204 vertices (400 trig, 167 trig+kin events)
  [1422/3621] nano_1422.root
         -> 184 vertices (363 trig, 165 trig+kin events)
  [1423/3621] nano_1423.root
         -> 162 vertices (315 trig, 138 trig+kin events)
  [1424/3621] nano_1424.root
         -> 230 vertices (486 trig, 201 trig+kin events)
  [1425/3621] nano_1425.root
         -> 221 vertices (485 trig, 204 trig+kin events)
  [1426/3621] nano_1426.root
         -> 114 vertices (256 trig, 104 trig+kin events)
  [1427/3621] nano_1427.root
         -> 126 vertices (253 trig, 110 trig+kin events)
  [1428/3621] nano_1428.root
         -> 267 vertices (498 trig, 215 trig+kin events)
  [1429/3621] nano_1429.root
         -> 178 vertices (339 trig, 157 trig+kin events)
  [1430/3621] nano_1430.root
         -> 161 vertices (400 trig, 150 trig+kin events)
  [1431/3621] nano_1431.root
         -> 250 vertices (488 trig, 223 trig+kin events)
  [1432/3621] nano_1432.root
         -> 188 vertices (395 trig, 170 trig+kin events)
  [1433/3621] nano_1433.root
         -> 217 vertices (423 trig, 168 trig+kin events)
  [1434/3621] nano_1434.root
         -> 149 vertices (302 trig, 124 trig+kin events)
  [1435/3621] nano_1435.root
         -> 143 vertices (321 trig, 124 trig+kin events)
  [1436/3621] nano_1436.root
         -> 114 vertices (274 trig, 110 trig+kin events)
  [1437/3621] nano_1437.root
         -> 120 vertices (269 trig, 112 trig+kin events)
  [1438/3621] nano_1438.root
         -> 262 vertices (509 trig, 224 trig+kin events)
  [1439/3621] nano_1439.root
         -> 146 vertices (302 trig, 134 trig+kin events)
  [1440/3621] nano_1440.root
         -> 140 vertices (297 trig, 126 trig+kin events)
  [1441/3621] nano_1441.root
         -> 141 vertices (305 trig, 119 trig+kin events)
  [1442/3621] nano_1442.root
         -> 128 vertices (302 trig, 113 trig+kin events)
  [1443/3621] nano_1443.root
         -> 221 vertices (475 trig, 202 trig+kin events)
  [1444/3621] nano_1444.root
         -> 112 vertices (233 trig, 103 trig+kin events)
  [1445/3621] nano_1445.root
         -> 136 vertices (275 trig, 119 trig+kin events)
  [1446/3621] nano_1446.root
         -> 118 vertices (293 trig, 110 trig+kin events)
  [1447/3621] nano_1447.root
         -> 169 vertices (359 trig, 140 trig+kin events)
  [1448/3621] nano_1448.root
         -> 184 vertices (409 trig, 169 trig+kin events)
  [1449/3621] nano_1449.root
         -> 168 vertices (316 trig, 136 trig+kin events)
  [1450/3621] nano_1450.root
         -> 143 vertices (309 trig, 127 trig+kin events)
  [1451/3621] nano_1451.root
         -> 152 vertices (361 trig, 142 trig+kin events)
  [1452/3621] nano_1452.root
         -> 195 vertices (409 trig, 170 trig+kin events)
  [1453/3621] nano_1453.root
         -> 154 vertices (307 trig, 131 trig+kin events)
  [1454/3621] nano_1454.root
         -> 203 vertices (414 trig, 176 trig+kin events)
  [1455/3621] nano_1455.root
         -> 214 vertices (425 trig, 191 trig+kin events)
  [1456/3621] nano_1456.root
         -> 161 vertices (316 trig, 128 trig+kin events)
  [1457/3621] nano_1457.root
         -> 144 vertices (286 trig, 130 trig+kin events)
  [1458/3621] nano_1458.root
         -> 166 vertices (339 trig, 145 trig+kin events)
  [1459/3621] nano_1459.root
         -> 210 vertices (477 trig, 195 trig+kin events)
  [1460/3621] nano_1460.root
         -> 134 vertices (281 trig, 126 trig+kin events)
  [1461/3621] nano_1461.root
         -> 171 vertices (351 trig, 152 trig+kin events)
  [1462/3621] nano_1462.root
         -> 137 vertices (291 trig, 120 trig+kin events)
  [1463/3621] nano_1463.root
         -> 181 vertices (353 trig, 161 trig+kin events)
  [1464/3621] nano_1464.root
         -> 149 vertices (328 trig, 139 trig+kin events)
  [1465/3621] nano_1465.root
         -> 232 vertices (504 trig, 213 trig+kin events)
  [1466/3621] nano_1466.root
         -> 263 vertices (560 trig, 244 trig+kin events)
  [1467/3621] nano_1467.root
         -> 232 vertices (516 trig, 207 trig+kin events)
  [1468/3621] nano_1468.root
         -> 111 vertices (282 trig, 106 trig+kin events)
  [1469/3621] nano_1469.root
         -> 128 vertices (302 trig, 125 trig+kin events)
  [1470/3621] nano_1470.root
         -> 226 vertices (503 trig, 204 trig+kin events)
  [1471/3621] nano_1471.root
         -> 250 vertices (495 trig, 223 trig+kin events)
  [1472/3621] nano_1472.root
         -> 213 vertices (506 trig, 205 trig+kin events)
  [1473/3621] nano_1473.root
         -> 172 vertices (321 trig, 150 trig+kin events)
  [1474/3621] nano_1474.root
         -> 247 vertices (502 trig, 223 trig+kin events)
  [1475/3621] nano_1475.root
         -> 168 vertices (318 trig, 155 trig+kin events)
  [1476/3621] nano_1476.root
         -> 168 vertices (336 trig, 143 trig+kin events)
  [1477/3621] nano_1477.root
         -> 134 vertices (271 trig, 113 trig+kin events)
  [1478/3621] nano_1478.root
         -> 129 vertices (302 trig, 121 trig+kin events)
  [1479/3621] nano_1479.root
         -> 152 vertices (315 trig, 134 trig+kin events)
  [1480/3621] nano_1480.root
         -> 242 vertices (481 trig, 207 trig+kin events)
  [1481/3621] nano_1481.root
         -> 206 vertices (444 trig, 181 trig+kin events)
  [1482/3621] nano_1482.root
         -> 256 vertices (471 trig, 237 trig+kin events)
  [1483/3621] nano_1483.root
         -> 237 vertices (511 trig, 211 trig+kin events)
  [1484/3621] nano_1484.root
         -> 149 vertices (326 trig, 135 trig+kin events)
  [1485/3621] nano_1485.root
         -> 174 vertices (320 trig, 142 trig+kin events)
  [1486/3621] nano_1486.root
         -> 122 vertices (292 trig, 108 trig+kin events)
  [1487/3621] nano_1487.root
         -> 165 vertices (449 trig, 157 trig+kin events)
  [1488/3621] nano_1488.root
         -> 258 vertices (519 trig, 228 trig+kin events)
  [1489/3621] nano_1489.root
         -> 214 vertices (452 trig, 201 trig+kin events)
  [1490/3621] nano_1490.root
         -> 242 vertices (479 trig, 213 trig+kin events)
  [1491/3621] nano_1491.root
         -> 125 vertices (280 trig, 105 trig+kin events)
  [1492/3621] nano_1492.root
         -> 217 vertices (442 trig, 184 trig+kin events)
  [1493/3621] nano_1493.root
         -> 118 vertices (268 trig, 112 trig+kin events)
  [1494/3621] nano_1494.root
         -> 185 vertices (377 trig, 156 trig+kin events)
  [1495/3621] nano_1495.root
         -> 167 vertices (330 trig, 149 trig+kin events)
  [1496/3621] nano_1496.root
         -> 111 vertices (255 trig, 104 trig+kin events)
  [1497/3621] nano_1497.root
         -> 260 vertices (487 trig, 214 trig+kin events)
  [1498/3621] nano_1498.root
         -> 140 vertices (279 trig, 124 trig+kin events)
  [1499/3621] nano_1499.root
         -> 174 vertices (411 trig, 163 trig+kin events)
  [1500/3621] nano_1500.root
         -> 176 vertices (375 trig, 164 trig+kin events)
  [1501/3621] nano_1501.root
         -> 144 vertices (270 trig, 119 trig+kin events)
  [1502/3621] nano_1502.root
         -> 237 vertices (504 trig, 216 trig+kin events)
  [1503/3621] nano_1503.root
         -> 175 vertices (365 trig, 164 trig+kin events)
  [1504/3621] nano_1504.root
         -> 248 vertices (523 trig, 224 trig+kin events)
  [1505/3621] nano_1505.root
         -> 172 vertices (327 trig, 139 trig+kin events)
  [1506/3621] nano_1506.root
         -> 134 vertices (268 trig, 122 trig+kin events)
  [1507/3621] nano_1507.root
         -> 110 vertices (269 trig, 104 trig+kin events)
  [1508/3621] nano_1508.root
         -> 183 vertices (373 trig, 149 trig+kin events)
  [1509/3621] nano_1509.root
         -> 152 vertices (321 trig, 137 trig+kin events)
  [1510/3621] nano_1510.root
         -> 271 vertices (515 trig, 227 trig+kin events)
  [1511/3621] nano_1511.root
         -> 155 vertices (338 trig, 139 trig+kin events)
  [1512/3621] nano_1512.root
         -> 137 vertices (276 trig, 129 trig+kin events)
  [1513/3621] nano_1513.root
         -> 138 vertices (300 trig, 116 trig+kin events)
  [1514/3621] nano_1514.root
         -> 239 vertices (541 trig, 212 trig+kin events)
  [1515/3621] nano_1515.root
         -> 179 vertices (339 trig, 158 trig+kin events)
  [1516/3621] nano_1516.root
         -> 282 vertices (543 trig, 233 trig+kin events)
  [1517/3621] nano_1517.root
         -> 155 vertices (307 trig, 127 trig+kin events)
  [1518/3621] nano_1518.root
         -> 216 vertices (458 trig, 193 trig+kin events)
  [1519/3621] nano_1519.root
         -> 133 vertices (246 trig, 118 trig+kin events)
  [1520/3621] nano_1520.root
         -> 222 vertices (444 trig, 204 trig+kin events)
  [1521/3621] nano_1521.root
         -> 125 vertices (294 trig, 125 trig+kin events)
  [1522/3621] nano_1522.root
         -> 236 vertices (521 trig, 210 trig+kin events)
  [1523/3621] nano_1523.root
         -> 126 vertices (269 trig, 104 trig+kin events)
  [1524/3621] nano_1524.root
         -> 130 vertices (269 trig, 119 trig+kin events)
  [1525/3621] nano_1525.root
         -> 103 vertices (229 trig, 91 trig+kin events)
  [1526/3621] nano_1526.root
         -> 130 vertices (274 trig, 118 trig+kin events)
  [1527/3621] nano_1527.root
         -> 140 vertices (305 trig, 121 trig+kin events)
  [1528/3621] nano_1528.root
         -> 250 vertices (489 trig, 216 trig+kin events)
  [1529/3621] nano_1529.root
         -> 160 vertices (341 trig, 140 trig+kin events)
  [1530/3621] nano_1530.root
         -> 180 vertices (379 trig, 143 trig+kin events)
  [1531/3621] nano_1531.root
         -> 115 vertices (271 trig, 110 trig+kin events)
  [1532/3621] nano_1532.root
         -> 173 vertices (355 trig, 150 trig+kin events)
  [1533/3621] nano_1533.root
         -> 129 vertices (258 trig, 109 trig+kin events)
  [1534/3621] nano_1534.root
         -> 122 vertices (272 trig, 107 trig+kin events)
  [1535/3621] nano_1535.root
         -> 224 vertices (406 trig, 196 trig+kin events)
  [1536/3621] nano_1536.root
         -> 138 vertices (276 trig, 126 trig+kin events)
  [1537/3621] nano_1537.root
         -> 282 vertices (513 trig, 253 trig+kin events)
  [1538/3621] nano_1538.root
         -> 249 vertices (489 trig, 220 trig+kin events)
  [1539/3621] nano_1539.root
         -> 120 vertices (275 trig, 110 trig+kin events)
  [1540/3621] nano_1540.root
         -> 119 vertices (276 trig, 112 trig+kin events)
  [1541/3621] nano_1541.root
         -> 155 vertices (275 trig, 130 trig+kin events)
  [1542/3621] nano_1542.root
         -> 124 vertices (261 trig, 107 trig+kin events)
  [1543/3621] nano_1543.root
         -> 230 vertices (475 trig, 201 trig+kin events)
  [1544/3621] nano_1544.root
         -> 221 vertices (476 trig, 193 trig+kin events)
  [1545/3621] nano_1545.root
         -> 174 vertices (368 trig, 159 trig+kin events)
  [1546/3621] nano_1546.root
         -> 130 vertices (275 trig, 110 trig+kin events)
  [1547/3621] nano_1547.root
         -> 141 vertices (289 trig, 125 trig+kin events)
  [1548/3621] nano_1548.root
         -> 132 vertices (292 trig, 116 trig+kin events)
  [1549/3621] nano_1549.root
         -> 177 vertices (399 trig, 161 trig+kin events)
  [1550/3621] nano_1550.root
         -> 215 vertices (448 trig, 189 trig+kin events)
  [1551/3621] nano_1551.root
         -> 151 vertices (347 trig, 132 trig+kin events)
  [1552/3621] nano_1552.root
         -> 177 vertices (403 trig, 162 trig+kin events)
  [1553/3621] nano_1553.root
         -> 107 vertices (250 trig, 95 trig+kin events)
  [1554/3621] nano_1554.root
         -> 210 vertices (469 trig, 190 trig+kin events)
  [1555/3621] nano_1555.root
         -> 137 vertices (300 trig, 123 trig+kin events)
  [1556/3621] nano_1556.root
         -> 139 vertices (298 trig, 124 trig+kin events)
  [1557/3621] nano_1557.root
         -> 146 vertices (300 trig, 121 trig+kin events)
  [1558/3621] nano_1558.root
         -> 232 vertices (437 trig, 204 trig+kin events)
  [1559/3621] nano_1559.root
         -> 129 vertices (269 trig, 119 trig+kin events)
  [1560/3621] nano_1560.root
         -> 107 vertices (240 trig, 99 trig+kin events)
  [1561/3621] nano_1561.root
         -> 222 vertices (449 trig, 183 trig+kin events)
  [1562/3621] nano_1562.root
         -> 140 vertices (324 trig, 129 trig+kin events)
  [1563/3621] nano_1563.root
         -> 189 vertices (393 trig, 171 trig+kin events)
  [1564/3621] nano_1564.root
         -> 224 vertices (519 trig, 211 trig+kin events)
  [1565/3621] nano_1565.root
         -> 139 vertices (308 trig, 126 trig+kin events)
  [1566/3621] nano_1566.root
         -> 210 vertices (449 trig, 182 trig+kin events)
  [1567/3621] nano_1567.root
         -> 142 vertices (311 trig, 130 trig+kin events)
  [1568/3621] nano_1568.root
         -> 202 vertices (408 trig, 177 trig+kin events)
  [1569/3621] nano_1569.root
         -> 244 vertices (533 trig, 215 trig+kin events)
  [1570/3621] nano_1570.root
         -> 184 vertices (372 trig, 159 trig+kin events)
  [1571/3621] nano_1571.root
         -> 115 vertices (251 trig, 100 trig+kin events)
  [1572/3621] nano_1572.root
         -> 146 vertices (314 trig, 123 trig+kin events)
  [1573/3621] nano_1573.root
         -> 209 vertices (466 trig, 190 trig+kin events)
  [1574/3621] nano_1574.root
         -> 132 vertices (299 trig, 124 trig+kin events)
  [1575/3621] nano_1575.root
         -> 194 vertices (432 trig, 176 trig+kin events)
  [1576/3621] nano_1576.root
         -> 101 vertices (241 trig, 101 trig+kin events)
  [1577/3621] nano_1577.root
         -> 252 vertices (495 trig, 224 trig+kin events)
  [1578/3621] nano_1578.root
         -> 129 vertices (292 trig, 115 trig+kin events)
  [1579/3621] nano_1579.root
         -> 133 vertices (289 trig, 121 trig+kin events)
  [1580/3621] nano_1580.root
         -> 136 vertices (270 trig, 111 trig+kin events)
  [1581/3621] nano_1581.root
         -> 147 vertices (292 trig, 125 trig+kin events)
  [1582/3621] nano_1582.root
         -> 239 vertices (555 trig, 231 trig+kin events)
  [1583/3621] nano_1583.root
         -> 256 vertices (505 trig, 217 trig+kin events)
  [1584/3621] nano_1584.root
         -> 246 vertices (521 trig, 222 trig+kin events)
  [1585/3621] nano_1585.root
         -> 123 vertices (278 trig, 103 trig+kin events)
  [1586/3621] nano_1586.root
         -> 147 vertices (310 trig, 127 trig+kin events)
  [1587/3621] nano_1587.root
         -> 172 vertices (335 trig, 154 trig+kin events)
  [1588/3621] nano_1588.root
         -> 204 vertices (382 trig, 174 trig+kin events)
  [1589/3621] nano_1589.root
         -> 126 vertices (276 trig, 111 trig+kin events)
  [1590/3621] nano_1590.root
         -> 188 vertices (393 trig, 173 trig+kin events)
  [1591/3621] nano_1591.root
         -> 158 vertices (380 trig, 151 trig+kin events)
  [1592/3621] nano_1592.root
         -> 155 vertices (324 trig, 140 trig+kin events)
  [1593/3621] nano_1593.root
         -> 196 vertices (476 trig, 182 trig+kin events)
  [1594/3621] nano_1594.root
         -> 256 vertices (497 trig, 213 trig+kin events)
  [1595/3621] nano_1595.root
         -> 260 vertices (531 trig, 234 trig+kin events)
  [1596/3621] nano_1596.root
         -> 140 vertices (303 trig, 128 trig+kin events)
  [1597/3621] nano_1597.root
         -> 140 vertices (274 trig, 113 trig+kin events)
  [1598/3621] nano_1598.root
         -> 144 vertices (310 trig, 123 trig+kin events)
  [1599/3621] nano_1599.root
         -> 209 vertices (407 trig, 188 trig+kin events)
  [1600/3621] nano_1600.root
         -> 226 vertices (486 trig, 194 trig+kin events)
  [1601/3621] nano_1601.root
         -> 200 vertices (438 trig, 182 trig+kin events)
  [1602/3621] nano_1602.root
         -> 224 vertices (482 trig, 195 trig+kin events)
  [1603/3621] nano_1603.root
         -> 209 vertices (481 trig, 181 trig+kin events)
  [1604/3621] nano_1604.root
         -> 120 vertices (254 trig, 99 trig+kin events)
  [1605/3621] nano_1605.root
         -> 219 vertices (513 trig, 209 trig+kin events)
  [1606/3621] nano_1606.root
         -> 98 vertices (285 trig, 91 trig+kin events)
  [1607/3621] nano_1607.root
         -> 219 vertices (472 trig, 207 trig+kin events)
  [1608/3621] nano_1608.root
         -> 226 vertices (532 trig, 207 trig+kin events)
  [1609/3621] nano_1609.root
         -> 147 vertices (303 trig, 132 trig+kin events)
  [1610/3621] nano_1610.root
         -> 212 vertices (474 trig, 190 trig+kin events)
  [1611/3621] nano_1611.root
         -> 163 vertices (331 trig, 147 trig+kin events)
  [1612/3621] nano_1612.root
         -> 104 vertices (268 trig, 100 trig+kin events)
  [1613/3621] nano_1613.root
         -> 248 vertices (511 trig, 231 trig+kin events)
  [1614/3621] nano_1614.root
         -> 237 vertices (470 trig, 201 trig+kin events)
  [1615/3621] nano_1615.root
         -> 139 vertices (312 trig, 134 trig+kin events)
  [1616/3621] nano_1616.root
         -> 227 vertices (500 trig, 200 trig+kin events)
  [1617/3621] nano_1617.root
         -> 141 vertices (315 trig, 125 trig+kin events)
  [1618/3621] nano_1618.root
         -> 151 vertices (318 trig, 143 trig+kin events)
  [1619/3621] nano_1619.root
         -> 100 vertices (252 trig, 95 trig+kin events)
  [1620/3621] nano_1620.root
         -> 258 vertices (554 trig, 237 trig+kin events)
  [1621/3621] nano_1621.root
         -> 193 vertices (420 trig, 176 trig+kin events)
  [1622/3621] nano_1622.root
         -> 213 vertices (469 trig, 185 trig+kin events)
  [1623/3621] nano_1623.root
         -> 134 vertices (291 trig, 119 trig+kin events)
  [1624/3621] nano_1624.root
         -> 125 vertices (295 trig, 119 trig+kin events)
  [1625/3621] nano_1625.root
         -> 227 vertices (483 trig, 200 trig+kin events)
  [1626/3621] nano_1626.root
         -> 139 vertices (300 trig, 119 trig+kin events)
  [1627/3621] nano_1627.root
         -> 123 vertices (277 trig, 116 trig+kin events)
  [1628/3621] nano_1628.root
         -> 146 vertices (291 trig, 121 trig+kin events)
  [1629/3621] nano_1629.root
         -> 123 vertices (288 trig, 121 trig+kin events)
  [1630/3621] nano_1630.root
         -> 172 vertices (358 trig, 153 trig+kin events)
  [1631/3621] nano_1631.root
         -> 175 vertices (371 trig, 149 trig+kin events)
  [1632/3621] nano_1632.root
         -> 248 vertices (475 trig, 207 trig+kin events)
  [1633/3621] nano_1633.root
         -> 122 vertices (287 trig, 105 trig+kin events)
  [1634/3621] nano_1634.root
         -> 247 vertices (517 trig, 217 trig+kin events)
  [1635/3621] nano_1635.root
         -> 176 vertices (363 trig, 161 trig+kin events)
  [1636/3621] nano_1636.root
         -> 212 vertices (473 trig, 189 trig+kin events)
  [1637/3621] nano_1637.root
         -> 263 vertices (495 trig, 229 trig+kin events)
  [1638/3621] nano_1638.root
         -> 167 vertices (388 trig, 149 trig+kin events)
  [1639/3621] nano_1639.root
         -> 161 vertices (293 trig, 131 trig+kin events)
  [1640/3621] nano_1640.root
         -> 180 vertices (389 trig, 168 trig+kin events)
  [1641/3621] nano_1641.root
         -> 145 vertices (293 trig, 126 trig+kin events)
  [1642/3621] nano_1642.root
         -> 129 vertices (282 trig, 113 trig+kin events)
  [1643/3621] nano_1643.root
         -> 181 vertices (359 trig, 149 trig+kin events)
  [1644/3621] nano_1644.root
         -> 170 vertices (347 trig, 157 trig+kin events)
  [1645/3621] nano_1645.root
         -> 141 vertices (329 trig, 127 trig+kin events)
  [1646/3621] nano_1646.root
         -> 153 vertices (335 trig, 137 trig+kin events)
  [1647/3621] nano_1647.root
         -> 196 vertices (417 trig, 171 trig+kin events)
  [1648/3621] nano_1648.root
         -> 243 vertices (479 trig, 214 trig+kin events)
  [1649/3621] nano_1649.root
         -> 177 vertices (364 trig, 154 trig+kin events)
  [1650/3621] nano_1650.root
         -> 178 vertices (388 trig, 163 trig+kin events)
  [1651/3621] nano_1651.root
         -> 97 vertices (260 trig, 92 trig+kin events)
  [1652/3621] nano_1652.root
         -> 245 vertices (488 trig, 210 trig+kin events)
  [1653/3621] nano_1653.root
         -> 137 vertices (277 trig, 127 trig+kin events)
  [1654/3621] nano_1654.root
         -> 140 vertices (265 trig, 109 trig+kin events)
  [1655/3621] nano_1655.root
         -> 141 vertices (289 trig, 123 trig+kin events)
  [1656/3621] nano_1656.root
         -> 238 vertices (518 trig, 205 trig+kin events)
  [1657/3621] nano_1657.root
         -> 164 vertices (355 trig, 150 trig+kin events)
  [1658/3621] nano_1658.root
         -> 142 vertices (301 trig, 127 trig+kin events)
  [1659/3621] nano_1659.root
         -> 259 vertices (540 trig, 231 trig+kin events)
  [1660/3621] nano_1660.root
         -> 142 vertices (343 trig, 130 trig+kin events)
  [1661/3621] nano_1661.root
         -> 163 vertices (308 trig, 141 trig+kin events)
  [1662/3621] nano_1662.root
         -> 122 vertices (271 trig, 112 trig+kin events)
  [1663/3621] nano_1663.root
         -> 168 vertices (337 trig, 149 trig+kin events)
  [1664/3621] nano_1664.root
         -> 221 vertices (503 trig, 189 trig+kin events)
  [1665/3621] nano_1665.root
         -> 200 vertices (402 trig, 173 trig+kin events)
  [1666/3621] nano_1666.root
         -> 131 vertices (292 trig, 127 trig+kin events)
  [1667/3621] nano_1667.root
         -> 237 vertices (505 trig, 220 trig+kin events)
  [1668/3621] nano_1668.root
         -> 165 vertices (331 trig, 136 trig+kin events)
  [1669/3621] nano_1669.root
         -> 241 vertices (489 trig, 201 trig+kin events)
  [1670/3621] nano_1670.root
         -> 128 vertices (294 trig, 124 trig+kin events)
  [1671/3621] nano_1671.root
         -> 160 vertices (342 trig, 145 trig+kin events)
  [1672/3621] nano_1672.root
         -> 172 vertices (354 trig, 158 trig+kin events)
  [1673/3621] nano_1673.root
         -> 135 vertices (257 trig, 117 trig+kin events)
  [1674/3621] nano_1674.root
         -> 238 vertices (475 trig, 201 trig+kin events)
  [1675/3621] nano_1675.root
         -> 114 vertices (254 trig, 104 trig+kin events)
  [1676/3621] nano_1676.root
         -> 217 vertices (417 trig, 189 trig+kin events)
  [1677/3621] nano_1677.root
         -> 130 vertices (291 trig, 111 trig+kin events)
  [1678/3621] nano_1678.root
         -> 147 vertices (323 trig, 128 trig+kin events)
  [1679/3621] nano_1679.root
         -> 109 vertices (259 trig, 101 trig+kin events)
  [1680/3621] nano_1680.root
         -> 220 vertices (419 trig, 184 trig+kin events)
  [1681/3621] nano_1681.root
         -> 148 vertices (291 trig, 126 trig+kin events)
  [1682/3621] nano_1682.root
         -> 249 vertices (522 trig, 209 trig+kin events)
  [1683/3621] nano_1683.root
         -> 235 vertices (430 trig, 203 trig+kin events)
  [1684/3621] nano_1684.root
         -> 195 vertices (378 trig, 166 trig+kin events)
  [1685/3621] nano_1685.root
         -> 169 vertices (355 trig, 155 trig+kin events)
  [1686/3621] nano_1686.root
         -> 162 vertices (341 trig, 141 trig+kin events)
  [1687/3621] nano_1687.root
         -> 241 vertices (535 trig, 213 trig+kin events)
  [1688/3621] nano_1688.root
         -> 136 vertices (279 trig, 110 trig+kin events)
  [1689/3621] nano_1689.root
         -> 120 vertices (258 trig, 103 trig+kin events)
  [1690/3621] nano_1690.root
         -> 241 vertices (534 trig, 208 trig+kin events)
  [1691/3621] nano_1691.root
         -> 161 vertices (326 trig, 147 trig+kin events)
  [1692/3621] nano_1692.root
         -> 260 vertices (527 trig, 239 trig+kin events)
  [1693/3621] nano_1693.root
         -> 159 vertices (337 trig, 139 trig+kin events)
  [1694/3621] nano_1694.root
         -> 134 vertices (279 trig, 119 trig+kin events)
  [1695/3621] nano_1695.root
         -> 251 vertices (559 trig, 229 trig+kin events)
  [1696/3621] nano_1696.root
         -> 123 vertices (266 trig, 112 trig+kin events)
  [1697/3621] nano_1697.root
         -> 251 vertices (516 trig, 217 trig+kin events)
  [1698/3621] nano_1698.root
         -> 136 vertices (253 trig, 113 trig+kin events)
  [1699/3621] nano_1699.root
         -> 149 vertices (317 trig, 131 trig+kin events)
  [1700/3621] nano_1700.root
         -> 218 vertices (493 trig, 195 trig+kin events)
  [1701/3621] nano_1701.root
         -> 145 vertices (298 trig, 128 trig+kin events)
  [1702/3621] nano_1702.root
         -> 127 vertices (275 trig, 113 trig+kin events)
  [1703/3621] nano_1703.root
         -> 98 vertices (273 trig, 94 trig+kin events)
  [1704/3621] nano_1704.root
         -> 142 vertices (286 trig, 118 trig+kin events)
  [1705/3621] nano_1705.root
         -> 214 vertices (446 trig, 191 trig+kin events)
  [1706/3621] nano_1706.root
         -> 250 vertices (531 trig, 222 trig+kin events)
  [1707/3621] nano_1707.root
         -> 152 vertices (308 trig, 132 trig+kin events)
  [1708/3621] nano_1708.root
         -> 155 vertices (314 trig, 137 trig+kin events)
  [1709/3621] nano_1709.root
         -> 239 vertices (477 trig, 212 trig+kin events)
  [1710/3621] nano_1710.root
         -> 152 vertices (315 trig, 130 trig+kin events)
  [1711/3621] nano_1711.root
         -> 260 vertices (504 trig, 225 trig+kin events)
  [1712/3621] nano_1712.root
         -> 149 vertices (286 trig, 130 trig+kin events)
  [1713/3621] nano_1713.root
         -> 210 vertices (484 trig, 188 trig+kin events)
  [1714/3621] nano_1714.root
         -> 252 vertices (531 trig, 204 trig+kin events)
  [1715/3621] nano_1715.root
         -> 151 vertices (309 trig, 128 trig+kin events)
  [1716/3621] nano_1716.root
         -> 160 vertices (347 trig, 145 trig+kin events)
  [1717/3621] nano_1717.root
         -> 247 vertices (508 trig, 231 trig+kin events)
  [1718/3621] nano_1718.root
         -> 122 vertices (257 trig, 107 trig+kin events)
  [1719/3621] nano_1719.root
         -> 141 vertices (275 trig, 120 trig+kin events)
  [1720/3621] nano_1720.root
         -> 236 vertices (516 trig, 208 trig+kin events)
  [1721/3621] nano_1721.root
         -> 150 vertices (318 trig, 142 trig+kin events)
  [1722/3621] nano_1722.root
         -> 174 vertices (350 trig, 153 trig+kin events)
  [1723/3621] nano_1723.root
         -> 239 vertices (491 trig, 207 trig+kin events)
  [1724/3621] nano_1724.root
         -> 236 vertices (505 trig, 199 trig+kin events)
  [1725/3621] nano_1725.root
         -> 145 vertices (314 trig, 130 trig+kin events)
  [1726/3621] nano_1726.root
         -> 138 vertices (261 trig, 124 trig+kin events)
  [1727/3621] nano_1727.root
         -> 169 vertices (345 trig, 145 trig+kin events)
  [1728/3621] nano_1728.root
         -> 155 vertices (374 trig, 144 trig+kin events)
  [1729/3621] nano_1729.root
         -> 126 vertices (274 trig, 112 trig+kin events)
  [1730/3621] nano_1730.root
         -> 231 vertices (483 trig, 210 trig+kin events)
  [1731/3621] nano_1731.root
         -> 266 vertices (585 trig, 238 trig+kin events)
  [1732/3621] nano_1732.root
         -> 275 vertices (533 trig, 237 trig+kin events)
  [1733/3621] nano_1733.root
         -> 173 vertices (366 trig, 151 trig+kin events)
  [1734/3621] nano_1734.root
         -> 160 vertices (315 trig, 137 trig+kin events)
  [1735/3621] nano_1735.root
         -> 261 vertices (505 trig, 225 trig+kin events)
  [1736/3621] nano_1736.root
         -> 190 vertices (392 trig, 158 trig+kin events)
  [1737/3621] nano_1737.root
         -> 133 vertices (271 trig, 116 trig+kin events)
  [1738/3621] nano_1738.root
         -> 181 vertices (323 trig, 155 trig+kin events)
  [1739/3621] nano_1739.root
         -> 212 vertices (497 trig, 193 trig+kin events)
  [1740/3621] nano_1740.root
         -> 115 vertices (251 trig, 90 trig+kin events)
  [1741/3621] nano_1741.root
         -> 128 vertices (283 trig, 114 trig+kin events)
  [1742/3621] nano_1742.root
         -> 153 vertices (306 trig, 132 trig+kin events)
  [1743/3621] nano_1743.root
         -> 160 vertices (350 trig, 146 trig+kin events)
  [1744/3621] nano_1744.root
         -> 226 vertices (475 trig, 202 trig+kin events)
  [1745/3621] nano_1745.root
         -> 106 vertices (265 trig, 105 trig+kin events)
  [1746/3621] nano_1746.root
         -> 229 vertices (503 trig, 211 trig+kin events)
  [1747/3621] nano_1747.root
         -> 215 vertices (459 trig, 187 trig+kin events)
  [1748/3621] nano_1748.root
         -> 143 vertices (323 trig, 127 trig+kin events)
  [1749/3621] nano_1749.root
         -> 144 vertices (308 trig, 129 trig+kin events)
  [1750/3621] nano_1750.root
         -> 168 vertices (370 trig, 154 trig+kin events)
  [1751/3621] nano_1751.root
         -> 164 vertices (295 trig, 131 trig+kin events)
  [1752/3621] nano_1752.root
         -> 219 vertices (524 trig, 215 trig+kin events)
  [1753/3621] nano_1753.root
         -> 242 vertices (508 trig, 221 trig+kin events)
  [1754/3621] nano_1754.root
         -> 135 vertices (270 trig, 117 trig+kin events)
  [1755/3621] nano_1755.root
         -> 177 vertices (391 trig, 158 trig+kin events)
  [1756/3621] nano_1756.root
         -> 113 vertices (255 trig, 103 trig+kin events)
  [1757/3621] nano_1757.root
         -> 259 vertices (505 trig, 218 trig+kin events)
  [1758/3621] nano_1758.root
         -> 128 vertices (255 trig, 114 trig+kin events)
  [1759/3621] nano_1759.root
         -> 168 vertices (398 trig, 148 trig+kin events)
  [1760/3621] nano_1760.root
         -> 253 vertices (517 trig, 216 trig+kin events)
  [1761/3621] nano_1761.root
         -> 147 vertices (309 trig, 130 trig+kin events)
  [1762/3621] nano_1762.root
         -> 124 vertices (299 trig, 123 trig+kin events)
  [1763/3621] nano_1763.root
         -> 194 vertices (423 trig, 173 trig+kin events)
  [1764/3621] nano_1764.root
         -> 239 vertices (455 trig, 209 trig+kin events)
  [1765/3621] nano_1765.root
         -> 177 vertices (342 trig, 144 trig+kin events)
  [1766/3621] nano_1766.root
         -> 140 vertices (283 trig, 123 trig+kin events)
  [1767/3621] nano_1767.root
         -> 262 vertices (515 trig, 227 trig+kin events)
  [1768/3621] nano_1768.root
         -> 130 vertices (298 trig, 117 trig+kin events)
  [1769/3621] nano_1769.root
         -> 116 vertices (264 trig, 107 trig+kin events)
  [1770/3621] nano_1770.root
         -> 127 vertices (268 trig, 106 trig+kin events)
  [1771/3621] nano_1771.root
         -> 132 vertices (284 trig, 123 trig+kin events)
  [1772/3621] nano_1772.root
         -> 213 vertices (443 trig, 191 trig+kin events)
  [1773/3621] nano_1773.root
         -> 199 vertices (463 trig, 182 trig+kin events)
  [1774/3621] nano_1774.root
         -> 111 vertices (255 trig, 106 trig+kin events)
  [1775/3621] nano_1775.root
         -> 209 vertices (477 trig, 184 trig+kin events)
  [1776/3621] nano_1776.root
         -> 249 vertices (512 trig, 212 trig+kin events)
  [1777/3621] nano_1777.root
         -> 226 vertices (500 trig, 211 trig+kin events)
  [1778/3621] nano_1778.root
         -> 248 vertices (505 trig, 219 trig+kin events)
  [1779/3621] nano_1779.root
         -> 139 vertices (264 trig, 130 trig+kin events)
  [1780/3621] nano_1780.root
         -> 240 vertices (472 trig, 212 trig+kin events)
  [1781/3621] nano_1781.root
         -> 255 vertices (504 trig, 217 trig+kin events)
  [1782/3621] nano_1782.root
         -> 207 vertices (421 trig, 192 trig+kin events)
  [1783/3621] nano_1783.root
         -> 160 vertices (327 trig, 136 trig+kin events)
  [1784/3621] nano_1784.root
         -> 144 vertices (299 trig, 126 trig+kin events)
  [1785/3621] nano_1785.root
         -> 245 vertices (512 trig, 215 trig+kin events)
  [1786/3621] nano_1786.root
         -> 194 vertices (405 trig, 175 trig+kin events)
  [1787/3621] nano_1787.root
         -> 122 vertices (259 trig, 105 trig+kin events)
  [1788/3621] nano_1788.root
         -> 143 vertices (365 trig, 134 trig+kin events)
  [1789/3621] nano_1789.root
         -> 166 vertices (320 trig, 146 trig+kin events)
  [1790/3621] nano_1790.root
         -> 198 vertices (468 trig, 179 trig+kin events)
  [1791/3621] nano_1791.root
         -> 255 vertices (526 trig, 225 trig+kin events)
  [1792/3621] nano_1792.root
         -> 220 vertices (482 trig, 204 trig+kin events)
  [1793/3621] nano_1793.root
         -> 160 vertices (301 trig, 127 trig+kin events)
  [1794/3621] nano_1794.root
         -> 152 vertices (308 trig, 143 trig+kin events)
  [1795/3621] nano_1795.root
         -> 179 vertices (364 trig, 169 trig+kin events)
  [1796/3621] nano_1796.root
         -> 144 vertices (316 trig, 136 trig+kin events)
  [1797/3621] nano_1797.root
         -> 152 vertices (300 trig, 122 trig+kin events)
  [1798/3621] nano_1798.root
         -> 179 vertices (359 trig, 156 trig+kin events)
  [1799/3621] nano_1799.root
         -> 163 vertices (351 trig, 151 trig+kin events)
  [1800/3621] nano_1800.root
         -> 138 vertices (289 trig, 116 trig+kin events)
  [1801/3621] nano_1801.root
         -> 135 vertices (275 trig, 115 trig+kin events)
  [1802/3621] nano_1802.root
         -> 171 vertices (404 trig, 155 trig+kin events)
  [1803/3621] nano_1803.root
         -> 146 vertices (324 trig, 140 trig+kin events)
  [1804/3621] nano_1804.root
         -> 224 vertices (426 trig, 197 trig+kin events)
  [1805/3621] nano_1805.root
         -> 180 vertices (360 trig, 148 trig+kin events)
  [1806/3621] nano_1806.root
         -> 141 vertices (277 trig, 126 trig+kin events)
  [1807/3621] nano_1807.root
         -> 126 vertices (269 trig, 104 trig+kin events)
  [1808/3621] nano_1808.root
         -> 145 vertices (302 trig, 137 trig+kin events)
  [1809/3621] nano_1809.root
         -> 151 vertices (350 trig, 143 trig+kin events)
  [1810/3621] nano_1810.root
         -> 139 vertices (302 trig, 122 trig+kin events)
  [1811/3621] nano_1811.root
         -> 240 vertices (490 trig, 212 trig+kin events)
  [1812/3621] nano_1812.root
         -> 183 vertices (390 trig, 175 trig+kin events)
  [1813/3621] nano_1813.root
         -> 165 vertices (317 trig, 146 trig+kin events)
  [1814/3621] nano_1814.root
         -> 199 vertices (409 trig, 171 trig+kin events)
  [1815/3621] nano_1815.root
         -> 168 vertices (365 trig, 149 trig+kin events)
  [1816/3621] nano_1816.root
         -> 271 vertices (550 trig, 225 trig+kin events)
  [1817/3621] nano_1817.root
         -> 132 vertices (275 trig, 115 trig+kin events)
  [1818/3621] nano_1818.root
         -> 154 vertices (327 trig, 131 trig+kin events)
  [1819/3621] nano_1819.root
         -> 141 vertices (305 trig, 125 trig+kin events)
  [1820/3621] nano_1820.root
         -> 128 vertices (304 trig, 109 trig+kin events)
  [1821/3621] nano_1821.root
         -> 146 vertices (300 trig, 132 trig+kin events)
  [1822/3621] nano_1822.root
         -> 270 vertices (568 trig, 255 trig+kin events)
  [1823/3621] nano_1823.root
         -> 133 vertices (285 trig, 122 trig+kin events)
  [1824/3621] nano_1824.root
         -> 158 vertices (381 trig, 136 trig+kin events)
  [1825/3621] nano_1825.root
         -> 144 vertices (321 trig, 127 trig+kin events)
  [1826/3621] nano_1826.root
         -> 148 vertices (368 trig, 150 trig+kin events)
  [1827/3621] nano_1827.root
         -> 113 vertices (262 trig, 102 trig+kin events)
  [1828/3621] nano_1828.root
         -> 254 vertices (492 trig, 208 trig+kin events)
  [1829/3621] nano_1829.root
         -> 164 vertices (340 trig, 142 trig+kin events)
  [1830/3621] nano_1830.root
         -> 236 vertices (510 trig, 204 trig+kin events)
  [1831/3621] nano_1831.root
         -> 260 vertices (502 trig, 234 trig+kin events)
  [1832/3621] nano_1832.root
         -> 145 vertices (309 trig, 137 trig+kin events)
  [1833/3621] nano_1833.root
         -> 116 vertices (248 trig, 100 trig+kin events)
  [1834/3621] nano_1834.root
         -> 121 vertices (270 trig, 121 trig+kin events)
  [1835/3621] nano_1835.root
         -> 177 vertices (400 trig, 157 trig+kin events)
  [1836/3621] nano_1836.root
         -> 262 vertices (525 trig, 224 trig+kin events)
  [1837/3621] nano_1837.root
         -> 131 vertices (276 trig, 121 trig+kin events)
  [1838/3621] nano_1838.root
         -> 233 vertices (504 trig, 200 trig+kin events)
  [1839/3621] nano_1839.root
         -> 230 vertices (524 trig, 202 trig+kin events)
  [1840/3621] nano_1840.root
         -> 157 vertices (338 trig, 135 trig+kin events)
  [1841/3621] nano_1841.root
         -> 157 vertices (333 trig, 138 trig+kin events)
  [1842/3621] nano_1842.root
         -> 171 vertices (379 trig, 153 trig+kin events)
  [1843/3621] nano_1843.root
         -> 225 vertices (522 trig, 206 trig+kin events)
  [1844/3621] nano_1844.root
         -> 132 vertices (278 trig, 113 trig+kin events)
  [1845/3621] nano_1845.root
         -> 192 vertices (381 trig, 163 trig+kin events)
  [1846/3621] nano_1846.root
         -> 139 vertices (279 trig, 124 trig+kin events)
  [1847/3621] nano_1847.root
         -> 96 vertices (244 trig, 81 trig+kin events)
  [1848/3621] nano_1848.root
         -> 183 vertices (389 trig, 167 trig+kin events)
  [1849/3621] nano_1849.root
         -> 155 vertices (343 trig, 134 trig+kin events)
  [1850/3621] nano_1850.root
         -> 209 vertices (419 trig, 179 trig+kin events)
  [1851/3621] nano_1851.root
         -> 162 vertices (280 trig, 134 trig+kin events)
  [1852/3621] nano_1852.root
         -> 274 vertices (520 trig, 236 trig+kin events)
  [1853/3621] nano_1853.root
         -> 140 vertices (297 trig, 129 trig+kin events)
  [1854/3621] nano_1854.root
         -> 161 vertices (306 trig, 134 trig+kin events)
  [1855/3621] nano_1855.root
         -> 168 vertices (360 trig, 152 trig+kin events)
  [1856/3621] nano_1856.root
         -> 125 vertices (303 trig, 109 trig+kin events)
  [1857/3621] nano_1857.root
         -> 247 vertices (501 trig, 219 trig+kin events)
  [1858/3621] nano_1858.root
         -> 114 vertices (291 trig, 114 trig+kin events)
  [1859/3621] nano_1859.root
         -> 271 vertices (551 trig, 238 trig+kin events)
  [1860/3621] nano_1860.root
         -> 147 vertices (320 trig, 134 trig+kin events)
  [1861/3621] nano_1861.root
         -> 146 vertices (309 trig, 134 trig+kin events)
  [1862/3621] nano_1862.root
         -> 122 vertices (289 trig, 110 trig+kin events)
  [1863/3621] nano_1863.root
         -> 259 vertices (536 trig, 224 trig+kin events)
  [1864/3621] nano_1864.root
         -> 164 vertices (395 trig, 153 trig+kin events)
  [1865/3621] nano_1865.root
         -> 150 vertices (281 trig, 139 trig+kin events)
  [1866/3621] nano_1866.root
         -> 127 vertices (308 trig, 121 trig+kin events)
  [1867/3621] nano_1867.root
         -> 145 vertices (325 trig, 122 trig+kin events)
  [1868/3621] nano_1868.root
         -> 211 vertices (449 trig, 178 trig+kin events)
  [1869/3621] nano_1869.root
         -> 147 vertices (273 trig, 124 trig+kin events)
  [1870/3621] nano_1870.root
         -> 207 vertices (520 trig, 195 trig+kin events)
  [1871/3621] nano_1871.root
         -> 148 vertices (269 trig, 124 trig+kin events)
  [1872/3621] nano_1872.root
         -> 246 vertices (485 trig, 212 trig+kin events)
  [1873/3621] nano_1873.root
         -> 147 vertices (333 trig, 143 trig+kin events)
  [1874/3621] nano_1874.root
         -> 125 vertices (264 trig, 107 trig+kin events)
  [1875/3621] nano_1875.root
         -> 144 vertices (316 trig, 129 trig+kin events)
  [1876/3621] nano_1876.root
         -> 159 vertices (327 trig, 138 trig+kin events)
  [1877/3621] nano_1877.root
         -> 150 vertices (321 trig, 132 trig+kin events)
  [1878/3621] nano_1878.root
         -> 262 vertices (518 trig, 217 trig+kin events)
  [1879/3621] nano_1879.root
         -> 143 vertices (311 trig, 137 trig+kin events)
  [1880/3621] nano_1880.root
         -> 159 vertices (290 trig, 131 trig+kin events)
  [1881/3621] nano_1881.root
         -> 221 vertices (455 trig, 212 trig+kin events)
  [1882/3621] nano_1882.root
         -> 237 vertices (468 trig, 210 trig+kin events)
  [1883/3621] nano_1883.root
         -> 124 vertices (263 trig, 112 trig+kin events)
  [1884/3621] nano_1884.root
         -> 218 vertices (458 trig, 195 trig+kin events)
  [1885/3621] nano_1885.root
         -> 244 vertices (544 trig, 230 trig+kin events)
  [1886/3621] nano_1886.root
         -> 207 vertices (417 trig, 175 trig+kin events)
  [1887/3621] nano_1887.root
         -> 260 vertices (517 trig, 230 trig+kin events)
  [1888/3621] nano_1888.root
         -> 160 vertices (308 trig, 140 trig+kin events)
  [1889/3621] nano_1889.root
         -> 111 vertices (250 trig, 97 trig+kin events)
  [1890/3621] nano_1890.root
         -> 244 vertices (503 trig, 207 trig+kin events)
  [1891/3621] nano_1891.root
         -> 243 vertices (495 trig, 199 trig+kin events)
  [1892/3621] nano_1892.root
         -> 139 vertices (295 trig, 131 trig+kin events)
  [1893/3621] nano_1893.root
         -> 123 vertices (287 trig, 109 trig+kin events)
  [1894/3621] nano_1894.root
         -> 168 vertices (351 trig, 149 trig+kin events)
  [1895/3621] nano_1895.root
         -> 147 vertices (253 trig, 115 trig+kin events)
  [1896/3621] nano_1896.root
         -> 141 vertices (341 trig, 128 trig+kin events)
  [1897/3621] nano_1897.root
         -> 144 vertices (291 trig, 122 trig+kin events)
  [1898/3621] nano_1898.root
         -> 237 vertices (502 trig, 205 trig+kin events)
  [1899/3621] nano_1899.root
         -> 140 vertices (317 trig, 122 trig+kin events)
  [1900/3621] nano_1900.root
         -> 134 vertices (330 trig, 126 trig+kin events)
  [1901/3621] nano_1901.root
         -> 194 vertices (383 trig, 168 trig+kin events)
  [1902/3621] nano_1902.root
         -> 182 vertices (420 trig, 169 trig+kin events)
  [1903/3621] nano_1903.root
         -> 123 vertices (271 trig, 103 trig+kin events)
  [1904/3621] nano_1904.root
         -> 140 vertices (266 trig, 121 trig+kin events)
  [1905/3621] nano_1905.root
         -> 246 vertices (502 trig, 213 trig+kin events)
  [1906/3621] nano_1906.root
         -> 150 vertices (335 trig, 131 trig+kin events)
  [1907/3621] nano_1907.root
         -> 118 vertices (266 trig, 111 trig+kin events)
  [1908/3621] nano_1908.root
         -> 262 vertices (515 trig, 227 trig+kin events)
  [1909/3621] nano_1909.root
         -> 140 vertices (327 trig, 141 trig+kin events)
  [1910/3621] nano_1910.root
         -> 131 vertices (294 trig, 107 trig+kin events)
  [1911/3621] nano_1911.root
         -> 130 vertices (273 trig, 118 trig+kin events)
  [1912/3621] nano_1912.root
         -> 110 vertices (256 trig, 91 trig+kin events)
  [1913/3621] nano_1913.root
         -> 190 vertices (336 trig, 148 trig+kin events)
  [1914/3621] nano_1914.root
         -> 184 vertices (378 trig, 160 trig+kin events)
  [1915/3621] nano_1915.root
         -> 163 vertices (319 trig, 145 trig+kin events)
  [1916/3621] nano_1916.root
         -> 133 vertices (247 trig, 113 trig+kin events)
  [1917/3621] nano_1917.root
         -> 179 vertices (382 trig, 160 trig+kin events)
  [1918/3621] nano_1918.root
         -> 223 vertices (488 trig, 203 trig+kin events)
  [1919/3621] nano_1919.root
         -> 165 vertices (314 trig, 143 trig+kin events)
  [1920/3621] nano_1920.root
         -> 256 vertices (532 trig, 217 trig+kin events)
  [1921/3621] nano_1921.root
         -> 246 vertices (507 trig, 217 trig+kin events)
  [1922/3621] nano_1922.root
         -> 235 vertices (504 trig, 210 trig+kin events)
  [1923/3621] nano_1923.root
         -> 225 vertices (532 trig, 207 trig+kin events)
  [1924/3621] nano_1924.root
         -> 221 vertices (502 trig, 203 trig+kin events)
  [1925/3621] nano_1925.root
         -> 196 vertices (389 trig, 164 trig+kin events)
  [1926/3621] nano_1926.root
         -> 111 vertices (292 trig, 104 trig+kin events)
  [1927/3621] nano_1927.root
         -> 162 vertices (350 trig, 145 trig+kin events)
  [1928/3621] nano_1928.root
         -> 256 vertices (519 trig, 223 trig+kin events)
  [1929/3621] nano_1929.root
         -> 127 vertices (271 trig, 110 trig+kin events)
  [1930/3621] nano_1930.root
         -> 134 vertices (272 trig, 116 trig+kin events)
  [1931/3621] nano_1931.root
         -> 136 vertices (335 trig, 122 trig+kin events)
  [1932/3621] nano_1932.root
         -> 154 vertices (298 trig, 127 trig+kin events)
  [1933/3621] nano_1933.root
         -> 169 vertices (338 trig, 141 trig+kin events)
  [1934/3621] nano_1934.root
         -> 150 vertices (301 trig, 130 trig+kin events)
  [1935/3621] nano_1935.root
         -> 240 vertices (507 trig, 219 trig+kin events)
  [1936/3621] nano_1936.root
         -> 150 vertices (274 trig, 120 trig+kin events)
  [1937/3621] nano_1937.root
         -> 155 vertices (316 trig, 136 trig+kin events)
  [1938/3621] nano_1938.root
         -> 253 vertices (527 trig, 229 trig+kin events)
  [1939/3621] nano_1939.root
         -> 105 vertices (265 trig, 98 trig+kin events)
  [1940/3621] nano_1940.root
         -> 227 vertices (468 trig, 207 trig+kin events)
  [1941/3621] nano_1941.root
         -> 174 vertices (388 trig, 166 trig+kin events)
  [1942/3621] nano_1942.root
         -> 174 vertices (398 trig, 161 trig+kin events)
  [1943/3621] nano_1943.root
         -> 127 vertices (267 trig, 107 trig+kin events)
  [1944/3621] nano_1944.root
         -> 157 vertices (311 trig, 135 trig+kin events)
  [1945/3621] nano_1945.root
         -> 136 vertices (286 trig, 118 trig+kin events)
  [1946/3621] nano_1946.root
         -> 157 vertices (379 trig, 151 trig+kin events)
  [1947/3621] nano_1947.root
         -> 193 vertices (438 trig, 161 trig+kin events)
  [1948/3621] nano_1948.root
         -> 234 vertices (493 trig, 212 trig+kin events)
  [1949/3621] nano_1949.root
         -> 117 vertices (257 trig, 102 trig+kin events)
  [1950/3621] nano_1950.root
         -> 186 vertices (395 trig, 156 trig+kin events)
  [1951/3621] nano_1951.root
         -> 232 vertices (528 trig, 203 trig+kin events)
  [1952/3621] nano_1952.root
         -> 122 vertices (259 trig, 104 trig+kin events)
  [1953/3621] nano_1953.root
         -> 114 vertices (257 trig, 105 trig+kin events)
  [1954/3621] nano_1954.root
         -> 146 vertices (287 trig, 120 trig+kin events)
  [1955/3621] nano_1955.root
         -> 237 vertices (527 trig, 206 trig+kin events)
  [1956/3621] nano_1956.root
         -> 117 vertices (256 trig, 103 trig+kin events)
  [1957/3621] nano_1957.root
         -> 202 vertices (439 trig, 179 trig+kin events)
  [1958/3621] nano_1958.root
         -> 263 vertices (537 trig, 247 trig+kin events)
  [1959/3621] nano_1959.root
         -> 181 vertices (328 trig, 150 trig+kin events)
  [1960/3621] nano_1960.root
         -> 235 vertices (533 trig, 208 trig+kin events)
  [1961/3621] nano_1961.root
         -> 200 vertices (450 trig, 190 trig+kin events)
  [1962/3621] nano_1962.root
         -> 259 vertices (525 trig, 211 trig+kin events)
  [1963/3621] nano_1963.root
         -> 126 vertices (260 trig, 111 trig+kin events)
  [1964/3621] nano_1964.root
         -> 239 vertices (502 trig, 218 trig+kin events)
  [1965/3621] nano_1965.root
         -> 213 vertices (420 trig, 194 trig+kin events)
  [1966/3621] nano_1966.root
         -> 225 vertices (515 trig, 214 trig+kin events)
  [1967/3621] nano_1967.root
         -> 144 vertices (315 trig, 127 trig+kin events)
  [1968/3621] nano_1968.root
         -> 128 vertices (256 trig, 106 trig+kin events)
  [1969/3621] nano_1969.root
         -> 200 vertices (429 trig, 178 trig+kin events)
  [1970/3621] nano_1970.root
         -> 114 vertices (256 trig, 101 trig+kin events)
  [1971/3621] nano_1971.root
         -> 136 vertices (250 trig, 111 trig+kin events)
  [1972/3621] nano_1972.root
         -> 260 vertices (532 trig, 225 trig+kin events)
  [1973/3621] nano_1973.root
         -> 229 vertices (449 trig, 195 trig+kin events)
  [1974/3621] nano_1974.root
         -> 144 vertices (369 trig, 131 trig+kin events)
  [1975/3621] nano_1975.root
         -> 118 vertices (265 trig, 109 trig+kin events)
  [1976/3621] nano_1976.root
         -> 134 vertices (293 trig, 116 trig+kin events)
  [1977/3621] nano_1977.root
         -> 144 vertices (306 trig, 125 trig+kin events)
  [1978/3621] nano_1978.root
         -> 123 vertices (240 trig, 110 trig+kin events)
  [1979/3621] nano_1979.root
         -> 120 vertices (266 trig, 107 trig+kin events)
  [1980/3621] nano_1980.root
         -> 109 vertices (282 trig, 109 trig+kin events)
  [1981/3621] nano_1981.root
         -> 133 vertices (276 trig, 118 trig+kin events)
  [1982/3621] nano_1982.root
         -> 122 vertices (229 trig, 109 trig+kin events)
  [1983/3621] nano_1983.root
         -> 146 vertices (264 trig, 128 trig+kin events)
  [1984/3621] nano_1984.root
         -> 108 vertices (218 trig, 98 trig+kin events)
  [1985/3621] nano_1985.root
         -> 130 vertices (283 trig, 114 trig+kin events)
  [1986/3621] nano_1986.root
         -> 140 vertices (250 trig, 125 trig+kin events)
  [1987/3621] nano_1987.root
         -> 111 vertices (265 trig, 108 trig+kin events)
  [1988/3621] nano_1988.root
         -> 129 vertices (267 trig, 113 trig+kin events)
  [1989/3621] nano_1989.root
         -> 7 vertices (19 trig, 7 trig+kin events)
  [1990/3621] nano_1990.root
         -> 138 vertices (284 trig, 120 trig+kin events)
  [1991/3621] nano_1991.root
         -> 132 vertices (258 trig, 109 trig+kin events)
  [1992/3621] nano_1992.root
         -> 154 vertices (329 trig, 129 trig+kin events)
  [1993/3621] nano_1993.root
         -> 125 vertices (275 trig, 122 trig+kin events)
  [1994/3621] nano_1994.root
         -> 140 vertices (311 trig, 128 trig+kin events)
  [1995/3621] nano_1995.root
         -> 89 vertices (184 trig, 70 trig+kin events)
  [1996/3621] nano_1996.root
         -> 155 vertices (302 trig, 128 trig+kin events)
  [1997/3621] nano_1997.root
         -> 120 vertices (264 trig, 108 trig+kin events)
  [1998/3621] nano_1998.root
         -> 99 vertices (215 trig, 85 trig+kin events)
  [1999/3621] nano_1999.root
         -> 126 vertices (275 trig, 109 trig+kin events)
  [2000/3621] nano_2000.root
         -> 179 vertices (364 trig, 151 trig+kin events)
  [2001/3621] nano_2001.root
         -> 45 vertices (94 trig, 42 trig+kin events)
  [2002/3621] nano_2002.root
         -> 138 vertices (272 trig, 122 trig+kin events)
  [2003/3621] nano_2003.root
         -> 92 vertices (167 trig, 76 trig+kin events)
  [2004/3621] nano_2004.root
         -> 191 vertices (396 trig, 159 trig+kin events)
  [2005/3621] nano_2005.root
         -> 98 vertices (226 trig, 94 trig+kin events)
  [2006/3621] nano_2006.root
         -> 144 vertices (302 trig, 130 trig+kin events)
  [2007/3621] nano_2007.root
         -> 170 vertices (384 trig, 163 trig+kin events)
  [2008/3621] nano_2008.root
         -> 28 vertices (51 trig, 23 trig+kin events)
  [2009/3621] nano_2009.root
         -> 170 vertices (333 trig, 146 trig+kin events)
  [2010/3621] nano_2010.root
         -> 139 vertices (263 trig, 126 trig+kin events)
  [2011/3621] nano_2011.root
         -> 21 vertices (43 trig, 17 trig+kin events)
  [2012/3621] nano_2012.root
         -> 163 vertices (279 trig, 128 trig+kin events)
  [2013/3621] nano_2013.root
         -> 92 vertices (179 trig, 78 trig+kin events)
  [2014/3621] nano_2014.root
         -> 217 vertices (514 trig, 204 trig+kin events)
  [2015/3621] nano_2015.root
         -> 25 vertices (58 trig, 23 trig+kin events)
  [2016/3621] nano_2016.root
         -> 143 vertices (278 trig, 116 trig+kin events)
  [2017/3621] nano_2017.root
         -> 152 vertices (353 trig, 141 trig+kin events)
  [2018/3621] nano_2018.root
         -> 32 vertices (67 trig, 30 trig+kin events)
  [2019/3621] nano_2019.root
         -> 152 vertices (298 trig, 133 trig+kin events)
  [2020/3621] nano_2020.root
         -> 111 vertices (232 trig, 89 trig+kin events)
  [2021/3621] nano_2021.root
         -> 200 vertices (375 trig, 171 trig+kin events)
  [2022/3621] nano_2022.root
         -> 142 vertices (302 trig, 121 trig+kin events)
  [2023/3621] nano_2023.root
         -> 32 vertices (62 trig, 28 trig+kin events)
  [2024/3621] nano_2024.root
         -> 170 vertices (320 trig, 147 trig+kin events)
  [2025/3621] nano_2025.root
         -> 225 vertices (459 trig, 189 trig+kin events)
  [2026/3621] nano_2026.root
         -> 132 vertices (251 trig, 116 trig+kin events)
  [2027/3621] nano_2027.root
         -> 120 vertices (274 trig, 105 trig+kin events)
  [2028/3621] nano_2028.root
         -> 150 vertices (286 trig, 128 trig+kin events)
  [2029/3621] nano_2029.root
         -> 130 vertices (258 trig, 114 trig+kin events)
  [2030/3621] nano_2030.root
         -> 153 vertices (295 trig, 125 trig+kin events)
  [2031/3621] nano_2031.root
         -> 11 vertices (31 trig, 12 trig+kin events)
  [2032/3621] nano_2032.root
         -> 131 vertices (275 trig, 112 trig+kin events)
  [2033/3621] nano_2033.root
         -> 147 vertices (281 trig, 128 trig+kin events)
  [2034/3621] nano_2034.root
         -> 62 vertices (108 trig, 50 trig+kin events)
  [2035/3621] nano_2035.root
         -> 144 vertices (265 trig, 122 trig+kin events)
  [2036/3621] nano_2036.root
         -> 127 vertices (284 trig, 123 trig+kin events)
  [2037/3621] nano_2037.root
         -> 204 vertices (480 trig, 190 trig+kin events)
  [2038/3621] nano_2038.root
         -> 145 vertices (277 trig, 118 trig+kin events)
  [2039/3621] nano_2039.root
         -> 88 vertices (185 trig, 79 trig+kin events)
  [2040/3621] nano_2040.root
         -> 159 vertices (309 trig, 138 trig+kin events)
  [2041/3621] nano_2041.root
         -> 166 vertices (360 trig, 148 trig+kin events)
  [2042/3621] nano_2042.root
         -> 115 vertices (236 trig, 93 trig+kin events)
  [2043/3621] nano_2043.root
         -> 125 vertices (279 trig, 123 trig+kin events)
  [2044/3621] nano_2044.root
         -> 120 vertices (263 trig, 106 trig+kin events)
  [2045/3621] nano_2045.root
         -> 6 vertices (18 trig, 5 trig+kin events)
  [2046/3621] nano_2046.root
         -> 261 vertices (515 trig, 232 trig+kin events)
  [2047/3621] nano_2047.root
         -> 122 vertices (288 trig, 115 trig+kin events)
  [2048/3621] nano_2048.root
         -> 153 vertices (309 trig, 129 trig+kin events)
  [2049/3621] nano_2049.root
         -> 248 vertices (541 trig, 225 trig+kin events)
  [2050/3621] nano_2050.root
         -> 121 vertices (246 trig, 117 trig+kin events)
  [2051/3621] nano_2051.root
         -> 127 vertices (264 trig, 116 trig+kin events)
  [2052/3621] nano_2052.root
         -> 221 vertices (496 trig, 200 trig+kin events)
  [2053/3621] nano_2053.root
         -> 212 vertices (444 trig, 180 trig+kin events)
  [2054/3621] nano_2054.root
         -> 239 vertices (486 trig, 203 trig+kin events)
  [2055/3621] nano_2055.root
         -> 212 vertices (415 trig, 179 trig+kin events)
  [2056/3621] nano_2056.root
         -> 161 vertices (355 trig, 144 trig+kin events)
  [2057/3621] nano_2057.root
         -> 131 vertices (278 trig, 116 trig+kin events)
  [2058/3621] nano_2058.root
         -> 218 vertices (502 trig, 203 trig+kin events)
  [2059/3621] nano_2059.root
         -> 122 vertices (252 trig, 105 trig+kin events)
  [2060/3621] nano_2060.root
         -> 121 vertices (254 trig, 111 trig+kin events)
  [2061/3621] nano_2061.root
         -> 110 vertices (263 trig, 100 trig+kin events)
  [2062/3621] nano_2062.root
         -> 105 vertices (243 trig, 91 trig+kin events)
  [2063/3621] nano_2063.root
         -> 174 vertices (339 trig, 156 trig+kin events)
  [2064/3621] nano_2064.root
         -> 123 vertices (264 trig, 105 trig+kin events)
  [2065/3621] nano_2065.root
         -> 268 vertices (547 trig, 231 trig+kin events)
  [2066/3621] nano_2066.root
         -> 257 vertices (502 trig, 233 trig+kin events)
  [2067/3621] nano_2067.root
         -> 241 vertices (501 trig, 219 trig+kin events)
  [2068/3621] nano_2068.root
         -> 188 vertices (353 trig, 162 trig+kin events)
  [2069/3621] nano_2069.root
         -> 220 vertices (466 trig, 197 trig+kin events)
  [2070/3621] nano_2070.root
         -> 124 vertices (286 trig, 115 trig+kin events)
  [2071/3621] nano_2071.root
         -> 102 vertices (240 trig, 95 trig+kin events)
  [2072/3621] nano_2072.root
         -> 160 vertices (371 trig, 157 trig+kin events)
  [2073/3621] nano_2073.root
         -> 165 vertices (347 trig, 150 trig+kin events)
  [2074/3621] nano_2074.root
         -> 232 vertices (482 trig, 210 trig+kin events)
  [2075/3621] nano_2075.root
         -> 154 vertices (356 trig, 141 trig+kin events)
  [2076/3621] nano_2076.root
         -> 122 vertices (272 trig, 114 trig+kin events)
  [2077/3621] nano_2077.root
         -> 266 vertices (522 trig, 229 trig+kin events)
  [2078/3621] nano_2078.root
         -> 168 vertices (339 trig, 149 trig+kin events)
  [2079/3621] nano_2079.root
         -> 157 vertices (309 trig, 133 trig+kin events)
  [2080/3621] nano_2080.root
         -> 275 vertices (525 trig, 224 trig+kin events)
  [2081/3621] nano_2081.root
         -> 121 vertices (243 trig, 109 trig+kin events)
  [2082/3621] nano_2082.root
         -> 225 vertices (497 trig, 204 trig+kin events)
  [2083/3621] nano_2083.root
         -> 117 vertices (247 trig, 100 trig+kin events)
  [2084/3621] nano_2084.root
         -> 196 vertices (403 trig, 181 trig+kin events)
  [2085/3621] nano_2085.root
         -> 118 vertices (238 trig, 104 trig+kin events)
  [2086/3621] nano_2086.root
         -> 146 vertices (307 trig, 126 trig+kin events)
  [2087/3621] nano_2087.root
         -> 215 vertices (480 trig, 185 trig+kin events)
  [2088/3621] nano_2088.root
         -> 154 vertices (299 trig, 131 trig+kin events)
  [2089/3621] nano_2089.root
         -> 204 vertices (495 trig, 193 trig+kin events)
  [2090/3621] nano_2090.root
         -> 208 vertices (470 trig, 192 trig+kin events)
  [2091/3621] nano_2091.root
         -> 252 vertices (562 trig, 237 trig+kin events)
  [2092/3621] nano_2092.root
         -> 260 vertices (521 trig, 238 trig+kin events)
  [2093/3621] nano_2093.root
         -> 127 vertices (266 trig, 108 trig+kin events)
  [2094/3621] nano_2094.root
         -> 155 vertices (324 trig, 133 trig+kin events)
  [2095/3621] nano_2095.root
         -> 236 vertices (499 trig, 216 trig+kin events)
  [2096/3621] nano_2096.root
         -> 136 vertices (283 trig, 108 trig+kin events)
  [2097/3621] nano_2097.root
         -> 167 vertices (357 trig, 155 trig+kin events)
  [2098/3621] nano_2098.root
         -> 157 vertices (340 trig, 132 trig+kin events)
  [2099/3621] nano_2099.root
         -> 191 vertices (363 trig, 163 trig+kin events)
  [2100/3621] nano_2100.root
         -> 257 vertices (497 trig, 216 trig+kin events)
  [2101/3621] nano_2101.root
         -> 153 vertices (279 trig, 123 trig+kin events)
  [2102/3621] nano_2102.root
         -> 239 vertices (564 trig, 217 trig+kin events)
  [2103/3621] nano_2103.root
         -> 250 vertices (513 trig, 220 trig+kin events)
  [2104/3621] nano_2104.root
         -> 119 vertices (284 trig, 115 trig+kin events)
  [2105/3621] nano_2105.root
         -> 181 vertices (342 trig, 154 trig+kin events)
  [2106/3621] nano_2106.root
         -> 172 vertices (360 trig, 154 trig+kin events)
  [2107/3621] nano_2107.root
         -> 200 vertices (428 trig, 175 trig+kin events)
  [2108/3621] nano_2108.root
         -> 116 vertices (248 trig, 101 trig+kin events)
  [2109/3621] nano_2109.root
         -> 245 vertices (521 trig, 213 trig+kin events)
  [2110/3621] nano_2110.root
         -> 223 vertices (454 trig, 194 trig+kin events)
  [2111/3621] nano_2111.root
         -> 200 vertices (425 trig, 170 trig+kin events)
  [2112/3621] nano_2112.root
         -> 135 vertices (264 trig, 123 trig+kin events)
  [2113/3621] nano_2113.root
         -> 194 vertices (431 trig, 172 trig+kin events)
  [2114/3621] nano_2114.root
         -> 121 vertices (311 trig, 118 trig+kin events)
  [2115/3621] nano_2115.root
         -> 123 vertices (259 trig, 112 trig+kin events)
  [2116/3621] nano_2116.root
         -> 182 vertices (393 trig, 159 trig+kin events)
  [2117/3621] nano_2117.root
         -> 190 vertices (377 trig, 167 trig+kin events)
  [2118/3621] nano_2118.root
         -> 247 vertices (529 trig, 219 trig+kin events)
  [2119/3621] nano_2119.root
         -> 115 vertices (268 trig, 103 trig+kin events)
  [2120/3621] nano_2120.root
         -> 140 vertices (336 trig, 139 trig+kin events)
  [2121/3621] nano_2121.root
         -> 227 vertices (482 trig, 204 trig+kin events)
  [2122/3621] nano_2122.root
         -> 210 vertices (486 trig, 174 trig+kin events)
  [2123/3621] nano_2123.root
         -> 274 vertices (558 trig, 242 trig+kin events)
  [2124/3621] nano_2124.root
         -> 106 vertices (269 trig, 91 trig+kin events)
  [2125/3621] nano_2125.root
         -> 258 vertices (508 trig, 223 trig+kin events)
  [2126/3621] nano_2126.root
         -> 260 vertices (506 trig, 222 trig+kin events)
  [2127/3621] nano_2127.root
         -> 235 vertices (398 trig, 195 trig+kin events)
  [2128/3621] nano_2128.root
         -> 181 vertices (342 trig, 146 trig+kin events)
  [2129/3621] nano_2129.root
         -> 133 vertices (301 trig, 116 trig+kin events)
  [2130/3621] nano_2130.root
         -> 208 vertices (485 trig, 185 trig+kin events)
  [2131/3621] nano_2131.root
         -> 252 vertices (517 trig, 223 trig+kin events)
  [2132/3621] nano_2132.root
         -> 168 vertices (409 trig, 155 trig+kin events)
  [2133/3621] nano_2133.root
         -> 170 vertices (373 trig, 149 trig+kin events)
  [2134/3621] nano_2134.root
         -> 135 vertices (278 trig, 120 trig+kin events)
  [2135/3621] nano_2135.root
         -> 233 vertices (488 trig, 214 trig+kin events)
  [2136/3621] nano_2136.root
         -> 118 vertices (229 trig, 100 trig+kin events)
  [2137/3621] nano_2137.root
         -> 164 vertices (343 trig, 141 trig+kin events)
  [2138/3621] nano_2138.root
         -> 224 vertices (509 trig, 196 trig+kin events)
  [2139/3621] nano_2139.root
         -> 138 vertices (275 trig, 120 trig+kin events)
  [2140/3621] nano_2140.root
         -> 136 vertices (329 trig, 127 trig+kin events)
  [2141/3621] nano_2141.root
         -> 184 vertices (303 trig, 148 trig+kin events)
  [2142/3621] nano_2142.root
         -> 207 vertices (415 trig, 177 trig+kin events)
  [2143/3621] nano_2143.root
         -> 222 vertices (471 trig, 192 trig+kin events)
  [2144/3621] nano_2144.root
         -> 205 vertices (495 trig, 182 trig+kin events)
  [2145/3621] nano_2145.root
         -> 255 vertices (524 trig, 225 trig+kin events)
  [2146/3621] nano_2146.root
         -> 185 vertices (373 trig, 161 trig+kin events)
  [2147/3621] nano_2147.root
         -> 153 vertices (349 trig, 141 trig+kin events)
  [2148/3621] nano_2148.root
         -> 126 vertices (265 trig, 114 trig+kin events)
  [2149/3621] nano_2149.root
         -> 131 vertices (247 trig, 110 trig+kin events)
  [2150/3621] nano_2150.root
         -> 173 vertices (292 trig, 131 trig+kin events)
  [2151/3621] nano_2151.root
         -> 125 vertices (281 trig, 115 trig+kin events)
  [2152/3621] nano_2152.root
         -> 169 vertices (394 trig, 149 trig+kin events)
  [2153/3621] nano_2153.root
         -> 145 vertices (299 trig, 121 trig+kin events)
  [2154/3621] nano_2154.root
         -> 109 vertices (256 trig, 105 trig+kin events)
  [2155/3621] nano_2155.root
         -> 261 vertices (518 trig, 227 trig+kin events)
  [2156/3621] nano_2156.root
         -> 130 vertices (270 trig, 124 trig+kin events)
  [2157/3621] nano_2157.root
         -> 242 vertices (496 trig, 205 trig+kin events)
  [2158/3621] nano_2158.root
         -> 181 vertices (394 trig, 164 trig+kin events)
  [2159/3621] nano_2159.root
         -> 110 vertices (266 trig, 104 trig+kin events)
  [2160/3621] nano_2160.root
         -> 256 vertices (514 trig, 229 trig+kin events)
  [2161/3621] nano_2161.root
         -> 161 vertices (288 trig, 127 trig+kin events)
  [2162/3621] nano_2162.root
         -> 163 vertices (301 trig, 138 trig+kin events)
  [2163/3621] nano_2163.root
         -> 160 vertices (288 trig, 126 trig+kin events)
  [2164/3621] nano_2164.root
         -> 158 vertices (348 trig, 142 trig+kin events)
  [2165/3621] nano_2165.root
         -> 134 vertices (260 trig, 121 trig+kin events)
  [2166/3621] nano_2166.root
         -> 118 vertices (275 trig, 109 trig+kin events)
  [2167/3621] nano_2167.root
         -> 121 vertices (264 trig, 121 trig+kin events)
  [2168/3621] nano_2168.root
         -> 180 vertices (389 trig, 151 trig+kin events)
  [2169/3621] nano_2169.root
         -> 139 vertices (274 trig, 114 trig+kin events)
  [2170/3621] nano_2170.root
         -> 263 vertices (529 trig, 241 trig+kin events)
  [2171/3621] nano_2171.root
         -> 242 vertices (485 trig, 214 trig+kin events)
  [2172/3621] nano_2172.root
         -> 144 vertices (257 trig, 129 trig+kin events)
  [2173/3621] nano_2173.root
         -> 246 vertices (473 trig, 213 trig+kin events)
  [2174/3621] nano_2174.root
         -> 140 vertices (325 trig, 128 trig+kin events)
  [2175/3621] nano_2175.root
         -> 264 vertices (520 trig, 230 trig+kin events)
  [2176/3621] nano_2176.root
         -> 151 vertices (330 trig, 138 trig+kin events)
  [2177/3621] nano_2177.root
         -> 205 vertices (442 trig, 177 trig+kin events)
  [2178/3621] nano_2178.root
         -> 144 vertices (314 trig, 128 trig+kin events)
  [2179/3621] nano_2179.root
         -> 245 vertices (514 trig, 218 trig+kin events)
  [2180/3621] nano_2180.root
         -> 269 vertices (496 trig, 233 trig+kin events)
  [2181/3621] nano_2181.root
         -> 241 vertices (489 trig, 204 trig+kin events)
  [2182/3621] nano_2182.root
         -> 197 vertices (442 trig, 184 trig+kin events)
  [2183/3621] nano_2183.root
         -> 155 vertices (367 trig, 143 trig+kin events)
  [2184/3621] nano_2184.root
         -> 278 vertices (517 trig, 235 trig+kin events)
  [2185/3621] nano_2185.root
         -> 249 vertices (476 trig, 212 trig+kin events)
  [2186/3621] nano_2186.root
         -> 160 vertices (304 trig, 144 trig+kin events)
  [2187/3621] nano_2187.root
         -> 203 vertices (435 trig, 172 trig+kin events)
  [2188/3621] nano_2188.root
         -> 244 vertices (524 trig, 211 trig+kin events)
  [2189/3621] nano_2189.root
         -> 167 vertices (332 trig, 147 trig+kin events)
  [2190/3621] nano_2190.root
         -> 143 vertices (308 trig, 124 trig+kin events)
  [2191/3621] nano_2191.root
         -> 104 vertices (278 trig, 103 trig+kin events)
  [2192/3621] nano_2192.root
         -> 184 vertices (399 trig, 163 trig+kin events)
  [2193/3621] nano_2193.root
         -> 230 vertices (488 trig, 203 trig+kin events)
  [2194/3621] nano_2194.root
         -> 136 vertices (301 trig, 123 trig+kin events)
  [2195/3621] nano_2195.root
         -> 134 vertices (272 trig, 113 trig+kin events)
  [2196/3621] nano_2196.root
         -> 261 vertices (522 trig, 222 trig+kin events)
  [2197/3621] nano_2197.root
         -> 120 vertices (296 trig, 118 trig+kin events)
  [2198/3621] nano_2198.root
         -> 223 vertices (454 trig, 186 trig+kin events)
  [2199/3621] nano_2199.root
         -> 153 vertices (303 trig, 132 trig+kin events)
  [2200/3621] nano_2200.root
         -> 156 vertices (327 trig, 140 trig+kin events)
  [2201/3621] nano_2201.root
         -> 115 vertices (261 trig, 112 trig+kin events)
  [2202/3621] nano_2202.root
         -> 182 vertices (382 trig, 160 trig+kin events)
  [2203/3621] nano_2203.root
         -> 268 vertices (528 trig, 240 trig+kin events)
  [2204/3621] nano_2204.root
         -> 215 vertices (474 trig, 194 trig+kin events)
  [2205/3621] nano_2205.root
         -> 159 vertices (322 trig, 139 trig+kin events)
  [2206/3621] nano_2206.root
         -> 223 vertices (464 trig, 200 trig+kin events)
  [2207/3621] nano_2207.root
         -> 215 vertices (489 trig, 183 trig+kin events)
  [2208/3621] nano_2208.root
         -> 243 vertices (528 trig, 211 trig+kin events)
  [2209/3621] nano_2209.root
         -> 156 vertices (331 trig, 147 trig+kin events)
  [2210/3621] nano_2210.root
         -> 130 vertices (263 trig, 109 trig+kin events)
  [2211/3621] nano_2211.root
         -> 171 vertices (374 trig, 157 trig+kin events)
  [2212/3621] nano_2212.root
         -> 103 vertices (247 trig, 100 trig+kin events)
  [2213/3621] nano_2213.root
         -> 152 vertices (365 trig, 138 trig+kin events)
  [2214/3621] nano_2214.root
         -> 246 vertices (493 trig, 209 trig+kin events)
  [2215/3621] nano_2215.root
         -> 174 vertices (333 trig, 147 trig+kin events)
  [2216/3621] nano_2216.root
         -> 163 vertices (320 trig, 143 trig+kin events)
  [2217/3621] nano_2217.root
         -> 171 vertices (368 trig, 152 trig+kin events)
  [2218/3621] nano_2218.root
         -> 253 vertices (522 trig, 223 trig+kin events)
  [2219/3621] nano_2219.root
         -> 147 vertices (305 trig, 135 trig+kin events)
  [2220/3621] nano_2220.root
         -> 109 vertices (256 trig, 98 trig+kin events)
  [2221/3621] nano_2221.root
         -> 149 vertices (291 trig, 128 trig+kin events)
  [2222/3621] nano_2222.root
         -> 261 vertices (537 trig, 226 trig+kin events)
  [2223/3621] nano_2223.root
         -> 169 vertices (334 trig, 153 trig+kin events)
  [2224/3621] nano_2224.root
         -> 212 vertices (479 trig, 204 trig+kin events)
  [2225/3621] nano_2225.root
         -> 254 vertices (525 trig, 225 trig+kin events)
  [2226/3621] nano_2226.root
         -> 220 vertices (464 trig, 204 trig+kin events)
  [2227/3621] nano_2227.root
         -> 230 vertices (461 trig, 200 trig+kin events)
  [2228/3621] nano_2228.root
         -> 247 vertices (513 trig, 201 trig+kin events)
  [2229/3621] nano_2229.root
         -> 260 vertices (528 trig, 234 trig+kin events)
  [2230/3621] nano_2230.root
         -> 144 vertices (292 trig, 118 trig+kin events)
  [2231/3621] nano_2231.root
         -> 169 vertices (327 trig, 148 trig+kin events)
  [2232/3621] nano_2232.root
         -> 124 vertices (311 trig, 123 trig+kin events)
  [2233/3621] nano_2233.root
         -> 180 vertices (378 trig, 155 trig+kin events)
  [2234/3621] nano_2234.root
         -> 185 vertices (403 trig, 164 trig+kin events)
  [2235/3621] nano_2235.root
         -> 144 vertices (290 trig, 130 trig+kin events)
  [2236/3621] nano_2236.root
         -> 115 vertices (287 trig, 107 trig+kin events)
  [2237/3621] nano_2237.root
         -> 221 vertices (519 trig, 207 trig+kin events)
  [2238/3621] nano_2238.root
         -> 118 vertices (298 trig, 101 trig+kin events)
  [2239/3621] nano_2239.root
         -> 149 vertices (321 trig, 126 trig+kin events)
  [2240/3621] nano_2240.root
         -> 155 vertices (309 trig, 140 trig+kin events)
  [2241/3621] nano_2241.root
         -> 143 vertices (275 trig, 123 trig+kin events)
  [2242/3621] nano_2242.root
         -> 233 vertices (500 trig, 215 trig+kin events)
  [2243/3621] nano_2243.root
         -> 193 vertices (411 trig, 182 trig+kin events)
  [2244/3621] nano_2244.root
         -> 163 vertices (304 trig, 139 trig+kin events)
  [2245/3621] nano_2245.root
         -> 141 vertices (290 trig, 129 trig+kin events)
  [2246/3621] nano_2246.root
         -> 177 vertices (348 trig, 159 trig+kin events)
  [2247/3621] nano_2247.root
         -> 112 vertices (264 trig, 101 trig+kin events)
  [2248/3621] nano_2248.root
         -> 173 vertices (364 trig, 153 trig+kin events)
  [2249/3621] nano_2249.root
         -> 158 vertices (305 trig, 127 trig+kin events)
  [2250/3621] nano_2250.root
         -> 107 vertices (253 trig, 97 trig+kin events)
  [2251/3621] nano_2251.root
         -> 126 vertices (311 trig, 117 trig+kin events)
  [2252/3621] nano_2252.root
         -> 147 vertices (341 trig, 137 trig+kin events)
  [2253/3621] nano_2253.root
         -> 126 vertices (266 trig, 112 trig+kin events)
  [2254/3621] nano_2254.root
         -> 214 vertices (485 trig, 181 trig+kin events)
  [2255/3621] nano_2255.root
         -> 215 vertices (493 trig, 202 trig+kin events)
  [2256/3621] nano_2256.root
         -> 145 vertices (284 trig, 121 trig+kin events)
  [2257/3621] nano_2257.root
         -> 183 vertices (377 trig, 159 trig+kin events)
  [2258/3621] nano_2258.root
         -> 234 vertices (500 trig, 215 trig+kin events)
  [2259/3621] nano_2259.root
         -> 206 vertices (447 trig, 188 trig+kin events)
  [2260/3621] nano_2260.root
         -> 136 vertices (292 trig, 133 trig+kin events)
  [2261/3621] nano_2261.root
         -> 221 vertices (450 trig, 190 trig+kin events)
  [2262/3621] nano_2262.root
         -> 153 vertices (314 trig, 135 trig+kin events)
  [2263/3621] nano_2263.root
         -> 222 vertices (482 trig, 191 trig+kin events)
  [2264/3621] nano_2264.root
         -> 156 vertices (332 trig, 144 trig+kin events)
  [2265/3621] nano_2265.root
         -> 138 vertices (293 trig, 119 trig+kin events)
  [2266/3621] nano_2266.root
         -> 236 vertices (523 trig, 222 trig+kin events)
  [2267/3621] nano_2267.root
         -> 265 vertices (526 trig, 234 trig+kin events)
  [2268/3621] nano_2268.root
         -> 264 vertices (516 trig, 228 trig+kin events)
  [2269/3621] nano_2269.root
         -> 161 vertices (333 trig, 147 trig+kin events)
  [2270/3621] nano_2270.root
         -> 228 vertices (512 trig, 208 trig+kin events)
  [2271/3621] nano_2271.root
         -> 241 vertices (522 trig, 220 trig+kin events)
  [2272/3621] nano_2272.root
         -> 213 vertices (498 trig, 198 trig+kin events)
  [2273/3621] nano_2273.root
         -> 263 vertices (533 trig, 222 trig+kin events)
  [2274/3621] nano_2274.root
         -> 150 vertices (309 trig, 123 trig+kin events)
  [2275/3621] nano_2275.root
         -> 156 vertices (318 trig, 132 trig+kin events)
  [2276/3621] nano_2276.root
         -> 119 vertices (285 trig, 104 trig+kin events)
  [2277/3621] nano_2277.root
         -> 143 vertices (278 trig, 125 trig+kin events)
  [2278/3621] nano_2278.root
         -> 225 vertices (481 trig, 196 trig+kin events)
  [2279/3621] nano_2279.root
         -> 124 vertices (262 trig, 113 trig+kin events)
  [2280/3621] nano_2280.root
         -> 236 vertices (509 trig, 214 trig+kin events)
  [2281/3621] nano_2281.root
         -> 134 vertices (284 trig, 118 trig+kin events)
  [2282/3621] nano_2282.root
         -> 231 vertices (520 trig, 212 trig+kin events)
  [2283/3621] nano_2283.root
         -> 130 vertices (262 trig, 115 trig+kin events)
  [2284/3621] nano_2284.root
         -> 264 vertices (557 trig, 222 trig+kin events)
  [2285/3621] nano_2285.root
         -> 103 vertices (276 trig, 94 trig+kin events)
  [2286/3621] nano_2286.root
         -> 186 vertices (354 trig, 159 trig+kin events)
  [2287/3621] nano_2287.root
         -> 141 vertices (264 trig, 125 trig+kin events)
  [2288/3621] nano_2288.root
         -> 145 vertices (313 trig, 128 trig+kin events)
  [2289/3621] nano_2289.root
         -> 119 vertices (239 trig, 109 trig+kin events)
  [2290/3621] nano_2290.root
         -> 183 vertices (430 trig, 169 trig+kin events)
  [2291/3621] nano_2291.root
         -> 230 vertices (506 trig, 219 trig+kin events)
  [2292/3621] nano_2292.root
         -> 265 vertices (530 trig, 238 trig+kin events)
  [2293/3621] nano_2293.root
         -> 125 vertices (269 trig, 104 trig+kin events)
  [2294/3621] nano_2294.root
         -> 215 vertices (499 trig, 202 trig+kin events)
  [2295/3621] nano_2295.root
         -> 98 vertices (264 trig, 97 trig+kin events)
  [2296/3621] nano_2296.root
         -> 164 vertices (380 trig, 159 trig+kin events)
  [2297/3621] nano_2297.root
         -> 243 vertices (496 trig, 208 trig+kin events)
  [2298/3621] nano_2298.root
         -> 125 vertices (278 trig, 110 trig+kin events)
  [2299/3621] nano_2299.root
         -> 238 vertices (508 trig, 203 trig+kin events)
  [2300/3621] nano_2300.root
         -> 260 vertices (528 trig, 231 trig+kin events)
  [2301/3621] nano_2301.root
         -> 111 vertices (239 trig, 100 trig+kin events)
  [2302/3621] nano_2302.root
         -> 245 vertices (489 trig, 220 trig+kin events)
  [2303/3621] nano_2303.root
         -> 229 vertices (523 trig, 201 trig+kin events)
  [2304/3621] nano_2304.root
         -> 197 vertices (412 trig, 179 trig+kin events)
  [2305/3621] nano_2305.root
         -> 225 vertices (493 trig, 203 trig+kin events)
  [2306/3621] nano_2306.root
         -> 153 vertices (289 trig, 122 trig+kin events)
  [2307/3621] nano_2307.root
         -> 136 vertices (273 trig, 114 trig+kin events)
  [2308/3621] nano_2308.root
         -> 265 vertices (519 trig, 216 trig+kin events)
  [2309/3621] nano_2309.root
         -> 138 vertices (297 trig, 127 trig+kin events)
  [2310/3621] nano_2310.root
         -> 120 vertices (289 trig, 118 trig+kin events)
  [2311/3621] nano_2311.root
         -> 242 vertices (505 trig, 218 trig+kin events)
  [2312/3621] nano_2312.root
         -> 152 vertices (321 trig, 132 trig+kin events)
  [2313/3621] nano_2313.root
         -> 225 vertices (477 trig, 202 trig+kin events)
  [2314/3621] nano_2314.root
         -> 136 vertices (276 trig, 112 trig+kin events)
  [2315/3621] nano_2315.root
         -> 124 vertices (280 trig, 116 trig+kin events)
  [2316/3621] nano_2316.root
         -> 131 vertices (299 trig, 111 trig+kin events)
  [2317/3621] nano_2317.root
         -> 257 vertices (516 trig, 235 trig+kin events)
  [2318/3621] nano_2318.root
         -> 146 vertices (293 trig, 133 trig+kin events)
  [2319/3621] nano_2319.root
         -> 230 vertices (507 trig, 213 trig+kin events)
  [2320/3621] nano_2320.root
         -> 247 vertices (522 trig, 210 trig+kin events)
  [2321/3621] nano_2321.root
         -> 169 vertices (333 trig, 145 trig+kin events)
  [2322/3621] nano_2322.root
         -> 115 vertices (270 trig, 110 trig+kin events)
  [2323/3621] nano_2323.root
         -> 141 vertices (258 trig, 119 trig+kin events)
  [2324/3621] nano_2324.root
         -> 193 vertices (391 trig, 186 trig+kin events)
  [2325/3621] nano_2325.root
         -> 175 vertices (322 trig, 143 trig+kin events)
  [2326/3621] nano_2326.root
         -> 118 vertices (281 trig, 109 trig+kin events)
  [2327/3621] nano_2327.root
         -> 206 vertices (505 trig, 190 trig+kin events)
  [2328/3621] nano_2328.root
         -> 189 vertices (403 trig, 173 trig+kin events)
  [2329/3621] nano_2329.root
         -> 115 vertices (261 trig, 110 trig+kin events)
  [2330/3621] nano_2330.root
         -> 173 vertices (335 trig, 156 trig+kin events)
  [2331/3621] nano_2331.root
         -> 259 vertices (495 trig, 223 trig+kin events)
  [2332/3621] nano_2332.root
         -> 270 vertices (535 trig, 239 trig+kin events)
  [2333/3621] nano_2333.root
         -> 217 vertices (482 trig, 198 trig+kin events)
  [2334/3621] nano_2334.root
         -> 229 vertices (503 trig, 201 trig+kin events)
  [2335/3621] nano_2335.root
         -> 126 vertices (255 trig, 108 trig+kin events)
  [2336/3621] nano_2336.root
         -> 97 vertices (247 trig, 94 trig+kin events)
  [2337/3621] nano_2337.root
         -> 163 vertices (385 trig, 152 trig+kin events)
  [2338/3621] nano_2338.root
         -> 241 vertices (542 trig, 217 trig+kin events)
  [2339/3621] nano_2339.root
         -> 236 vertices (510 trig, 212 trig+kin events)
  [2340/3621] nano_2340.root
         -> 157 vertices (326 trig, 138 trig+kin events)
  [2341/3621] nano_2341.root
         -> 156 vertices (332 trig, 130 trig+kin events)
  [2342/3621] nano_2342.root
         -> 240 vertices (525 trig, 217 trig+kin events)
  [2343/3621] nano_2343.root
         -> 232 vertices (499 trig, 210 trig+kin events)
  [2344/3621] nano_2344.root
         -> 148 vertices (264 trig, 118 trig+kin events)
  [2345/3621] nano_2345.root
         -> 102 vertices (242 trig, 93 trig+kin events)
  [2346/3621] nano_2346.root
         -> 161 vertices (334 trig, 135 trig+kin events)
  [2347/3621] nano_2347.root
         -> 132 vertices (287 trig, 120 trig+kin events)
  [2348/3621] nano_2348.root
         -> 168 vertices (329 trig, 159 trig+kin events)
  [2349/3621] nano_2349.root
         -> 189 vertices (422 trig, 161 trig+kin events)
  [2350/3621] nano_2350.root
         -> 184 vertices (385 trig, 158 trig+kin events)
  [2351/3621] nano_2351.root
         -> 252 vertices (515 trig, 218 trig+kin events)
  [2352/3621] nano_2352.root
         -> 153 vertices (303 trig, 137 trig+kin events)
  [2353/3621] nano_2353.root
         -> 215 vertices (474 trig, 192 trig+kin events)
  [2354/3621] nano_2354.root
         -> 158 vertices (382 trig, 150 trig+kin events)
  [2355/3621] nano_2355.root
         -> 113 vertices (274 trig, 108 trig+kin events)
  [2356/3621] nano_2356.root
         -> 100 vertices (254 trig, 93 trig+kin events)
  [2357/3621] nano_2357.root
         -> 206 vertices (424 trig, 199 trig+kin events)
  [2358/3621] nano_2358.root
         -> 125 vertices (299 trig, 117 trig+kin events)
  [2359/3621] nano_2359.root
         -> 227 vertices (486 trig, 204 trig+kin events)
  [2360/3621] nano_2360.root
         -> 157 vertices (264 trig, 134 trig+kin events)
  [2361/3621] nano_2361.root
         -> 215 vertices (472 trig, 183 trig+kin events)
  [2362/3621] nano_2362.root
         -> 122 vertices (263 trig, 115 trig+kin events)
  [2363/3621] nano_2363.root
         -> 142 vertices (274 trig, 125 trig+kin events)
  [2364/3621] nano_2364.root
         -> 111 vertices (276 trig, 102 trig+kin events)
  [2365/3621] nano_2365.root
         -> 132 vertices (280 trig, 122 trig+kin events)
  [2366/3621] nano_2366.root
         -> 139 vertices (306 trig, 127 trig+kin events)
  [2367/3621] nano_2367.root
         -> 264 vertices (517 trig, 230 trig+kin events)
  [2368/3621] nano_2368.root
         -> 107 vertices (263 trig, 93 trig+kin events)
  [2369/3621] nano_2369.root
         -> 179 vertices (340 trig, 151 trig+kin events)
  [2370/3621] nano_2370.root
         -> 239 vertices (486 trig, 208 trig+kin events)
  [2371/3621] nano_2371.root
         -> 152 vertices (303 trig, 129 trig+kin events)
  [2372/3621] nano_2372.root
         -> 141 vertices (280 trig, 123 trig+kin events)
  [2373/3621] nano_2373.root
         -> 281 vertices (534 trig, 225 trig+kin events)
  [2374/3621] nano_2374.root
         -> 132 vertices (262 trig, 110 trig+kin events)
  [2375/3621] nano_2375.root
         -> 254 vertices (526 trig, 212 trig+kin events)
  [2376/3621] nano_2376.root
         -> 240 vertices (498 trig, 211 trig+kin events)
  [2377/3621] nano_2377.root
         -> 201 vertices (472 trig, 181 trig+kin events)
  [2378/3621] nano_2378.root
         -> 145 vertices (334 trig, 128 trig+kin events)
  [2379/3621] nano_2379.root
         -> 163 vertices (342 trig, 150 trig+kin events)
  [2380/3621] nano_2380.root
         -> 163 vertices (338 trig, 138 trig+kin events)
  [2381/3621] nano_2381.root
         -> 191 vertices (391 trig, 168 trig+kin events)
  [2382/3621] nano_2382.root
         -> 185 vertices (419 trig, 162 trig+kin events)
  [2383/3621] nano_2383.root
         -> 151 vertices (275 trig, 125 trig+kin events)
  [2384/3621] nano_2384.root
         -> 232 vertices (472 trig, 212 trig+kin events)
  [2385/3621] nano_2385.root
         -> 144 vertices (291 trig, 119 trig+kin events)
  [2386/3621] nano_2386.root
         -> 177 vertices (388 trig, 158 trig+kin events)
  [2387/3621] nano_2387.root
         -> 140 vertices (264 trig, 117 trig+kin events)
  [2388/3621] nano_2388.root
         -> 233 vertices (515 trig, 201 trig+kin events)
  [2389/3621] nano_2389.root
         -> 237 vertices (481 trig, 207 trig+kin events)
  [2390/3621] nano_2390.root
         -> 237 vertices (517 trig, 212 trig+kin events)
  [2391/3621] nano_2391.root
         -> 139 vertices (317 trig, 125 trig+kin events)
  [2392/3621] nano_2392.root
         -> 172 vertices (365 trig, 154 trig+kin events)
  [2393/3621] nano_2393.root
         -> 165 vertices (371 trig, 151 trig+kin events)
  [2394/3621] nano_2394.root
         -> 175 vertices (404 trig, 153 trig+kin events)
  [2395/3621] nano_2395.root
         -> 120 vertices (277 trig, 114 trig+kin events)
  [2396/3621] nano_2396.root
         -> 239 vertices (502 trig, 222 trig+kin events)
  [2397/3621] nano_2397.root
         -> 152 vertices (291 trig, 128 trig+kin events)
  [2398/3621] nano_2398.root
         -> 232 vertices (520 trig, 207 trig+kin events)
  [2399/3621] nano_2399.root
         -> 160 vertices (326 trig, 142 trig+kin events)
  [2400/3621] nano_2400.root
         -> 143 vertices (301 trig, 136 trig+kin events)
  [2401/3621] nano_2401.root
         -> 241 vertices (478 trig, 202 trig+kin events)
  [2402/3621] nano_2402.root
         -> 124 vertices (261 trig, 107 trig+kin events)
  [2403/3621] nano_2403.root
         -> 197 vertices (412 trig, 181 trig+kin events)
  [2404/3621] nano_2404.root
         -> 259 vertices (510 trig, 220 trig+kin events)
  [2405/3621] nano_2405.root
         -> 248 vertices (518 trig, 216 trig+kin events)
  [2406/3621] nano_2406.root
         -> 165 vertices (387 trig, 147 trig+kin events)
  [2407/3621] nano_2407.root
         -> 226 vertices (457 trig, 203 trig+kin events)
  [2408/3621] nano_2408.root
         -> 261 vertices (515 trig, 229 trig+kin events)
  [2409/3621] nano_2409.root
         -> 135 vertices (273 trig, 124 trig+kin events)
  [2410/3621] nano_2410.root
         -> 135 vertices (296 trig, 129 trig+kin events)
  [2411/3621] nano_2411.root
         -> 222 vertices (489 trig, 209 trig+kin events)
  [2412/3621] nano_2412.root
         -> 116 vertices (257 trig, 106 trig+kin events)
  [2413/3621] nano_2413.root
         -> 260 vertices (501 trig, 221 trig+kin events)
  [2414/3621] nano_2414.root
         -> 272 vertices (522 trig, 229 trig+kin events)
  [2415/3621] nano_2415.root
         -> 113 vertices (273 trig, 113 trig+kin events)
  [2416/3621] nano_2416.root
         -> 154 vertices (330 trig, 134 trig+kin events)
  [2417/3621] nano_2417.root
         -> 217 vertices (480 trig, 170 trig+kin events)
  [2418/3621] nano_2418.root
         -> 248 vertices (523 trig, 208 trig+kin events)
  [2419/3621] nano_2419.root
         -> 202 vertices (404 trig, 173 trig+kin events)
  [2420/3621] nano_2420.root
         -> 182 vertices (377 trig, 167 trig+kin events)
  [2421/3621] nano_2421.root
         -> 231 vertices (506 trig, 214 trig+kin events)
  [2422/3621] nano_2422.root
         -> 245 vertices (465 trig, 202 trig+kin events)
  [2423/3621] nano_2423.root
         -> 122 vertices (273 trig, 110 trig+kin events)
  [2424/3621] nano_2424.root
         -> 129 vertices (312 trig, 116 trig+kin events)
  [2425/3621] nano_2425.root
         -> 138 vertices (262 trig, 121 trig+kin events)
  [2426/3621] nano_2426.root
         -> 122 vertices (271 trig, 118 trig+kin events)
  [2427/3621] nano_2427.root
         -> 135 vertices (329 trig, 127 trig+kin events)
  [2428/3621] nano_2428.root
         -> 173 vertices (395 trig, 156 trig+kin events)
  [2429/3621] nano_2429.root
         -> 207 vertices (480 trig, 194 trig+kin events)
  [2430/3621] nano_2430.root
         -> 144 vertices (312 trig, 140 trig+kin events)
  [2431/3621] nano_2431.root
         -> 143 vertices (342 trig, 131 trig+kin events)
  [2432/3621] nano_2432.root
         -> 237 vertices (531 trig, 214 trig+kin events)
  [2433/3621] nano_2433.root
         -> 248 vertices (511 trig, 209 trig+kin events)
  [2434/3621] nano_2434.root
         -> 184 vertices (398 trig, 161 trig+kin events)
  [2435/3621] nano_2435.root
         -> 127 vertices (297 trig, 116 trig+kin events)
  [2436/3621] nano_2436.root
         -> 267 vertices (536 trig, 232 trig+kin events)
  [2437/3621] nano_2437.root
         -> 185 vertices (415 trig, 160 trig+kin events)
  [2438/3621] nano_2438.root
         -> 153 vertices (284 trig, 132 trig+kin events)
  [2439/3621] nano_2439.root
         -> 235 vertices (531 trig, 209 trig+kin events)
  [2440/3621] nano_2440.root
         -> 229 vertices (487 trig, 200 trig+kin events)
  [2441/3621] nano_2441.root
         -> 169 vertices (298 trig, 146 trig+kin events)
  [2442/3621] nano_2442.root
         -> 123 vertices (265 trig, 112 trig+kin events)
  [2443/3621] nano_2443.root
         -> 169 vertices (385 trig, 156 trig+kin events)
  [2444/3621] nano_2444.root
         -> 270 vertices (536 trig, 234 trig+kin events)
  [2445/3621] nano_2445.root
         -> 125 vertices (247 trig, 108 trig+kin events)
  [2446/3621] nano_2446.root
         -> 246 vertices (521 trig, 218 trig+kin events)
  [2447/3621] nano_2447.root
         -> 239 vertices (492 trig, 208 trig+kin events)
  [2448/3621] nano_2448.root
         -> 258 vertices (551 trig, 226 trig+kin events)
  [2449/3621] nano_2449.root
         -> 192 vertices (356 trig, 166 trig+kin events)
  [2450/3621] nano_2450.root
         -> 104 vertices (223 trig, 96 trig+kin events)
  [2451/3621] nano_2451.root
         -> 161 vertices (342 trig, 136 trig+kin events)
  [2452/3621] nano_2452.root
         -> 225 vertices (493 trig, 206 trig+kin events)
  [2453/3621] nano_2453.root
         -> 189 vertices (400 trig, 165 trig+kin events)
  [2454/3621] nano_2454.root
         -> 237 vertices (523 trig, 215 trig+kin events)
  [2455/3621] nano_2455.root
         -> 193 vertices (434 trig, 175 trig+kin events)
  [2456/3621] nano_2456.root
         -> 203 vertices (490 trig, 178 trig+kin events)
  [2457/3621] nano_2457.root
         -> 162 vertices (348 trig, 151 trig+kin events)
  [2458/3621] nano_2458.root
         -> 117 vertices (270 trig, 103 trig+kin events)
  [2459/3621] nano_2459.root
         -> 139 vertices (295 trig, 126 trig+kin events)
  [2460/3621] nano_2460.root
         -> 187 vertices (407 trig, 176 trig+kin events)
  [2461/3621] nano_2461.root
         -> 179 vertices (385 trig, 152 trig+kin events)
  [2462/3621] nano_2462.root
         -> 156 vertices (310 trig, 138 trig+kin events)
  [2463/3621] nano_2463.root
         -> 142 vertices (288 trig, 129 trig+kin events)
  [2464/3621] nano_2464.root
         -> 125 vertices (277 trig, 114 trig+kin events)
  [2465/3621] nano_2465.root
         -> 184 vertices (381 trig, 166 trig+kin events)
  [2466/3621] nano_2466.root
         -> 145 vertices (313 trig, 121 trig+kin events)
  [2467/3621] nano_2467.root
         -> 234 vertices (510 trig, 222 trig+kin events)
  [2468/3621] nano_2468.root
         -> 190 vertices (449 trig, 185 trig+kin events)
  [2469/3621] nano_2469.root
         -> 162 vertices (353 trig, 155 trig+kin events)
  [2470/3621] nano_2470.root
         -> 147 vertices (281 trig, 120 trig+kin events)
  [2471/3621] nano_2471.root
         -> 178 vertices (398 trig, 164 trig+kin events)
  [2472/3621] nano_2472.root
         -> 262 vertices (507 trig, 221 trig+kin events)
  [2473/3621] nano_2473.root
         -> 166 vertices (368 trig, 139 trig+kin events)
  [2474/3621] nano_2474.root
         -> 244 vertices (498 trig, 210 trig+kin events)
  [2475/3621] nano_2475.root
         -> 233 vertices (510 trig, 198 trig+kin events)
  [2476/3621] nano_2476.root
         -> 172 vertices (293 trig, 144 trig+kin events)
  [2477/3621] nano_2477.root
         -> 138 vertices (272 trig, 116 trig+kin events)
  [2478/3621] nano_2478.root
         -> 162 vertices (355 trig, 149 trig+kin events)
  [2479/3621] nano_2479.root
         -> 155 vertices (375 trig, 156 trig+kin events)
  [2480/3621] nano_2480.root
         -> 144 vertices (324 trig, 132 trig+kin events)
  [2481/3621] nano_2481.root
         -> 264 vertices (519 trig, 237 trig+kin events)
  [2482/3621] nano_2482.root
         -> 195 vertices (517 trig, 191 trig+kin events)
  [2483/3621] nano_2483.root
         -> 263 vertices (529 trig, 227 trig+kin events)
  [2484/3621] nano_2484.root
         -> 255 vertices (509 trig, 220 trig+kin events)
  [2485/3621] nano_2485.root
         -> 237 vertices (486 trig, 208 trig+kin events)
  [2486/3621] nano_2486.root
         -> 168 vertices (308 trig, 139 trig+kin events)
  [2487/3621] nano_2487.root
         -> 164 vertices (319 trig, 144 trig+kin events)
  [2488/3621] nano_2488.root
         -> 138 vertices (307 trig, 129 trig+kin events)
  [2489/3621] nano_2489.root
         -> 121 vertices (284 trig, 115 trig+kin events)
  [2490/3621] nano_2490.root
         -> 159 vertices (325 trig, 143 trig+kin events)
  [2491/3621] nano_2491.root
         -> 244 vertices (525 trig, 220 trig+kin events)
  [2492/3621] nano_2492.root
         -> 233 vertices (483 trig, 198 trig+kin events)
  [2493/3621] nano_2493.root
         -> 118 vertices (265 trig, 103 trig+kin events)
  [2494/3621] nano_2494.root
         -> 191 vertices (396 trig, 176 trig+kin events)
  [2495/3621] nano_2495.root
         -> 153 vertices (304 trig, 138 trig+kin events)
  [2496/3621] nano_2496.root
         -> 124 vertices (273 trig, 108 trig+kin events)
  [2497/3621] nano_2497.root
         -> 257 vertices (511 trig, 221 trig+kin events)
  [2498/3621] nano_2498.root
         -> 251 vertices (498 trig, 226 trig+kin events)
  [2499/3621] nano_2499.root
         -> 165 vertices (335 trig, 144 trig+kin events)
  [2500/3621] nano_2500.root
         -> 113 vertices (305 trig, 106 trig+kin events)
  [2501/3621] nano_2501.root
         -> 197 vertices (468 trig, 184 trig+kin events)
  [2502/3621] nano_2502.root
         -> 120 vertices (249 trig, 103 trig+kin events)
  [2503/3621] nano_2503.root
         -> 221 vertices (512 trig, 206 trig+kin events)
  [2504/3621] nano_2504.root
         -> 260 vertices (502 trig, 223 trig+kin events)
  [2505/3621] nano_2505.root
         -> 280 vertices (531 trig, 243 trig+kin events)
  [2506/3621] nano_2506.root
         -> 253 vertices (531 trig, 215 trig+kin events)
  [2507/3621] nano_2507.root
         -> 212 vertices (370 trig, 178 trig+kin events)
  [2508/3621] nano_2508.root
         -> 267 vertices (541 trig, 230 trig+kin events)
  [2509/3621] nano_2509.root
         -> 170 vertices (302 trig, 139 trig+kin events)
  [2510/3621] nano_2510.root
         -> 214 vertices (401 trig, 189 trig+kin events)
  [2511/3621] nano_2511.root
         -> 177 vertices (360 trig, 152 trig+kin events)
  [2512/3621] nano_2512.root
         -> 249 vertices (522 trig, 234 trig+kin events)
  [2513/3621] nano_2513.root
         -> 225 vertices (435 trig, 191 trig+kin events)
  [2514/3621] nano_2514.root
         -> 221 vertices (539 trig, 201 trig+kin events)
  [2515/3621] nano_2515.root
         -> 288 vertices (524 trig, 226 trig+kin events)
  [2516/3621] nano_2516.root
         -> 133 vertices (265 trig, 109 trig+kin events)
  [2517/3621] nano_2517.root
         -> 128 vertices (257 trig, 116 trig+kin events)
  [2518/3621] nano_2518.root
         -> 180 vertices (342 trig, 144 trig+kin events)
  [2519/3621] nano_2519.root
         -> 220 vertices (491 trig, 203 trig+kin events)
  [2520/3621] nano_2520.root
         -> 156 vertices (307 trig, 139 trig+kin events)
  [2521/3621] nano_2521.root
         -> 233 vertices (508 trig, 202 trig+kin events)
  [2522/3621] nano_2522.root
         -> 107 vertices (262 trig, 104 trig+kin events)
  [2523/3621] nano_2523.root
         -> 122 vertices (263 trig, 101 trig+kin events)
  [2524/3621] nano_2524.root
         -> 242 vertices (513 trig, 210 trig+kin events)
  [2525/3621] nano_2525.root
         -> 279 vertices (524 trig, 238 trig+kin events)
  [2526/3621] nano_2526.root
         -> 153 vertices (347 trig, 130 trig+kin events)
  [2527/3621] nano_2527.root
         -> 217 vertices (486 trig, 204 trig+kin events)
  [2528/3621] nano_2528.root
         -> 166 vertices (406 trig, 153 trig+kin events)
  [2529/3621] nano_2529.root
         -> 168 vertices (324 trig, 144 trig+kin events)
  [2530/3621] nano_2530.root
         -> 200 vertices (477 trig, 180 trig+kin events)
  [2531/3621] nano_2531.root
         -> 153 vertices (336 trig, 132 trig+kin events)
  [2532/3621] nano_2532.root
         -> 117 vertices (248 trig, 111 trig+kin events)
  [2533/3621] nano_2533.root
         -> 118 vertices (249 trig, 98 trig+kin events)
  [2534/3621] nano_2534.root
         -> 133 vertices (280 trig, 118 trig+kin events)
  [2535/3621] nano_2535.root
         -> 171 vertices (314 trig, 143 trig+kin events)
  [2536/3621] nano_2536.root
         -> 266 vertices (550 trig, 235 trig+kin events)
  [2537/3621] nano_2537.root
         -> 154 vertices (342 trig, 132 trig+kin events)
  [2538/3621] nano_2538.root
         -> 97 vertices (262 trig, 87 trig+kin events)
  [2539/3621] nano_2539.root
         -> 213 vertices (441 trig, 182 trig+kin events)
  [2540/3621] nano_2540.root
         -> 246 vertices (499 trig, 209 trig+kin events)
  [2541/3621] nano_2541.root
         -> 255 vertices (506 trig, 216 trig+kin events)
  [2542/3621] nano_2542.root
         -> 165 vertices (341 trig, 154 trig+kin events)
  [2543/3621] nano_2543.root
         -> 123 vertices (268 trig, 106 trig+kin events)
  [2544/3621] nano_2544.root
         -> 238 vertices (526 trig, 214 trig+kin events)
  [2545/3621] nano_2545.root
         -> 138 vertices (290 trig, 129 trig+kin events)
  [2546/3621] nano_2546.root
         -> 195 vertices (415 trig, 181 trig+kin events)
  [2547/3621] nano_2547.root
         -> 155 vertices (357 trig, 143 trig+kin events)
  [2548/3621] nano_2548.root
         -> 165 vertices (367 trig, 148 trig+kin events)
  [2549/3621] nano_2549.root
         -> 245 vertices (506 trig, 220 trig+kin events)
  [2550/3621] nano_2550.root
         -> 107 vertices (262 trig, 99 trig+kin events)
  [2551/3621] nano_2551.root
         -> 235 vertices (498 trig, 222 trig+kin events)
  [2552/3621] nano_2552.root
         -> 258 vertices (546 trig, 228 trig+kin events)
  [2553/3621] nano_2553.root
         -> 251 vertices (510 trig, 224 trig+kin events)
  [2554/3621] nano_2554.root
         -> 202 vertices (380 trig, 165 trig+kin events)
  [2555/3621] nano_2555.root
         -> 140 vertices (272 trig, 123 trig+kin events)
  [2556/3621] nano_2556.root
         -> 233 vertices (512 trig, 213 trig+kin events)
  [2557/3621] nano_2557.root
         -> 233 vertices (509 trig, 198 trig+kin events)
  [2558/3621] nano_2558.root
         -> 247 vertices (478 trig, 206 trig+kin events)
  [2559/3621] nano_2559.root
         -> 258 vertices (517 trig, 220 trig+kin events)
  [2560/3621] nano_2560.root
         -> 241 vertices (515 trig, 210 trig+kin events)
  [2561/3621] nano_2561.root
         -> 134 vertices (268 trig, 108 trig+kin events)
  [2562/3621] nano_2562.root
         -> 171 vertices (360 trig, 159 trig+kin events)
  [2563/3621] nano_2563.root
         -> 143 vertices (291 trig, 125 trig+kin events)
  [2564/3621] nano_2564.root
         -> 214 vertices (478 trig, 198 trig+kin events)
  [2565/3621] nano_2565.root
         -> 159 vertices (310 trig, 136 trig+kin events)
  [2566/3621] nano_2566.root
         -> 157 vertices (354 trig, 145 trig+kin events)
  [2567/3621] nano_2567.root
         -> 268 vertices (542 trig, 229 trig+kin events)
  [2568/3621] nano_2568.root
         -> 221 vertices (389 trig, 175 trig+kin events)
  [2569/3621] nano_2569.root
         -> 240 vertices (508 trig, 204 trig+kin events)
  [2570/3621] nano_2570.root
         -> 219 vertices (436 trig, 183 trig+kin events)
  [2571/3621] nano_2571.root
         -> 235 vertices (484 trig, 213 trig+kin events)
  [2572/3621] nano_2572.root
         -> 258 vertices (494 trig, 226 trig+kin events)
  [2573/3621] nano_2573.root
         -> 240 vertices (538 trig, 226 trig+kin events)
  [2574/3621] nano_2574.root
         -> 269 vertices (496 trig, 241 trig+kin events)
  [2575/3621] nano_2575.root
         -> 250 vertices (510 trig, 210 trig+kin events)
  [2576/3621] nano_2576.root
         -> 156 vertices (276 trig, 131 trig+kin events)
  [2577/3621] nano_2577.root
         -> 241 vertices (489 trig, 216 trig+kin events)
  [2578/3621] nano_2578.root
         -> 99 vertices (263 trig, 96 trig+kin events)
  [2579/3621] nano_2579.root
         -> 190 vertices (329 trig, 146 trig+kin events)
  [2580/3621] nano_2580.root
         -> 129 vertices (288 trig, 123 trig+kin events)
  [2581/3621] nano_2581.root
         -> 209 vertices (498 trig, 197 trig+kin events)
  [2582/3621] nano_2582.root
         -> 258 vertices (540 trig, 240 trig+kin events)
  [2583/3621] nano_2583.root
         -> 162 vertices (377 trig, 146 trig+kin events)
  [2584/3621] nano_2584.root
         -> 231 vertices (508 trig, 204 trig+kin events)
  [2585/3621] nano_2585.root
         -> 223 vertices (503 trig, 198 trig+kin events)
  [2586/3621] nano_2586.root
         -> 211 vertices (513 trig, 200 trig+kin events)
  [2587/3621] nano_2587.root
         -> 138 vertices (289 trig, 116 trig+kin events)
  [2588/3621] nano_2588.root
         -> 111 vertices (245 trig, 94 trig+kin events)
  [2589/3621] nano_2589.root
         -> 140 vertices (309 trig, 125 trig+kin events)
  [2590/3621] nano_2590.root
         -> 244 vertices (473 trig, 213 trig+kin events)
  [2591/3621] nano_2591.root
         -> 272 vertices (533 trig, 233 trig+kin events)
  [2592/3621] nano_2592.root
         -> 116 vertices (270 trig, 107 trig+kin events)
  [2593/3621] nano_2593.root
         -> 171 vertices (339 trig, 150 trig+kin events)
  [2594/3621] nano_2594.root
         -> 260 vertices (522 trig, 225 trig+kin events)
  [2595/3621] nano_2595.root
         -> 114 vertices (265 trig, 106 trig+kin events)
  [2596/3621] nano_2596.root
         -> 160 vertices (318 trig, 150 trig+kin events)
  [2597/3621] nano_2597.root
         -> 109 vertices (247 trig, 109 trig+kin events)
  [2598/3621] nano_2598.root
         -> 122 vertices (292 trig, 115 trig+kin events)
  [2599/3621] nano_2599.root
         -> 230 vertices (496 trig, 209 trig+kin events)
  [2600/3621] nano_2600.root
         -> 224 vertices (499 trig, 193 trig+kin events)
  [2601/3621] nano_2601.root
         -> 142 vertices (271 trig, 119 trig+kin events)
  [2602/3621] nano_2602.root
         -> 222 vertices (495 trig, 198 trig+kin events)
  [2603/3621] nano_2603.root
         -> 281 vertices (530 trig, 233 trig+kin events)
  [2604/3621] nano_2604.root
         -> 156 vertices (336 trig, 138 trig+kin events)
  [2605/3621] nano_2605.root
         -> 168 vertices (335 trig, 151 trig+kin events)
  [2606/3621] nano_2606.root
         -> 101 vertices (254 trig, 91 trig+kin events)
  [2607/3621] nano_2607.root
         -> 172 vertices (370 trig, 152 trig+kin events)
  [2608/3621] nano_2608.root
         -> 114 vertices (281 trig, 103 trig+kin events)
  [2609/3621] nano_2609.root
         -> 192 vertices (408 trig, 174 trig+kin events)
  [2610/3621] nano_2610.root
         -> 218 vertices (519 trig, 196 trig+kin events)
  [2611/3621] nano_2611.root
         -> 233 vertices (528 trig, 213 trig+kin events)
  [2612/3621] nano_2612.root
         -> 142 vertices (293 trig, 128 trig+kin events)
  [2613/3621] nano_2613.root
         -> 186 vertices (372 trig, 163 trig+kin events)
  [2614/3621] nano_2614.root
         -> 242 vertices (507 trig, 212 trig+kin events)
  [2615/3621] nano_2615.root
         -> 231 vertices (448 trig, 203 trig+kin events)
  [2616/3621] nano_2616.root
         -> 249 vertices (489 trig, 212 trig+kin events)
  [2617/3621] nano_2617.root
         -> 149 vertices (305 trig, 132 trig+kin events)
  [2618/3621] nano_2618.root
         -> 251 vertices (520 trig, 223 trig+kin events)
  [2619/3621] nano_2619.root
         -> 225 vertices (483 trig, 208 trig+kin events)
  [2620/3621] nano_2620.root
         -> 176 vertices (412 trig, 164 trig+kin events)
  [2621/3621] nano_2621.root
         -> 183 vertices (404 trig, 164 trig+kin events)
  [2622/3621] nano_2622.root
         -> 154 vertices (354 trig, 133 trig+kin events)
  [2623/3621] nano_2623.root
         -> 145 vertices (319 trig, 132 trig+kin events)
  [2624/3621] nano_2624.root
         -> 116 vertices (266 trig, 114 trig+kin events)
  [2625/3621] nano_2625.root
         -> 124 vertices (247 trig, 109 trig+kin events)
  [2626/3621] nano_2626.root
         -> 252 vertices (506 trig, 214 trig+kin events)
  [2627/3621] nano_2627.root
         -> 122 vertices (284 trig, 110 trig+kin events)
  [2628/3621] nano_2628.root
         -> 202 vertices (464 trig, 186 trig+kin events)
  [2629/3621] nano_2629.root
         -> 146 vertices (287 trig, 125 trig+kin events)
  [2630/3621] nano_2630.root
         -> 143 vertices (336 trig, 142 trig+kin events)
  [2631/3621] nano_2631.root
         -> 257 vertices (507 trig, 219 trig+kin events)
  [2632/3621] nano_2632.root
         -> 270 vertices (528 trig, 237 trig+kin events)
  [2633/3621] nano_2633.root
         -> 242 vertices (506 trig, 201 trig+kin events)
  [2634/3621] nano_2634.root
         -> 200 vertices (427 trig, 174 trig+kin events)
  [2635/3621] nano_2635.root
         -> 224 vertices (440 trig, 193 trig+kin events)
  [2636/3621] nano_2636.root
         -> 234 vertices (501 trig, 210 trig+kin events)
  [2637/3621] nano_2637.root
         -> 149 vertices (299 trig, 138 trig+kin events)
  [2638/3621] nano_2638.root
         -> 162 vertices (338 trig, 132 trig+kin events)
  [2639/3621] nano_2639.root
         -> 257 vertices (520 trig, 223 trig+kin events)
  [2640/3621] nano_2640.root
         -> 133 vertices (285 trig, 127 trig+kin events)
  [2641/3621] nano_2641.root
         -> 142 vertices (283 trig, 125 trig+kin events)
  [2642/3621] nano_2642.root
         -> 215 vertices (507 trig, 205 trig+kin events)
  [2643/3621] nano_2643.root
         -> 96 vertices (260 trig, 92 trig+kin events)
  [2644/3621] nano_2644.root
         -> 231 vertices (474 trig, 205 trig+kin events)
  [2645/3621] nano_2645.root
         -> 104 vertices (243 trig, 94 trig+kin events)
  [2646/3621] nano_2646.root
         -> 147 vertices (331 trig, 139 trig+kin events)
  [2647/3621] nano_2647.root
         -> 230 vertices (483 trig, 204 trig+kin events)
  [2648/3621] nano_2648.root
         -> 151 vertices (336 trig, 139 trig+kin events)
  [2649/3621] nano_2649.root
         -> 145 vertices (306 trig, 127 trig+kin events)
  [2650/3621] nano_2650.root
         -> 216 vertices (418 trig, 194 trig+kin events)
  [2651/3621] nano_2651.root
         -> 244 vertices (481 trig, 211 trig+kin events)
  [2652/3621] nano_2652.root
         -> 179 vertices (400 trig, 154 trig+kin events)
  [2653/3621] nano_2653.root
         -> 130 vertices (248 trig, 103 trig+kin events)
  [2654/3621] nano_2654.root
         -> 115 vertices (259 trig, 104 trig+kin events)
  [2655/3621] nano_2655.root
         -> 157 vertices (314 trig, 130 trig+kin events)
  [2656/3621] nano_2656.root
         -> 122 vertices (241 trig, 103 trig+kin events)
  [2657/3621] nano_2657.root
         -> 133 vertices (293 trig, 115 trig+kin events)
  [2658/3621] nano_2658.root
         -> 139 vertices (260 trig, 116 trig+kin events)
  [2659/3621] nano_2659.root
         -> 228 vertices (542 trig, 211 trig+kin events)
  [2660/3621] nano_2660.root
         -> 155 vertices (283 trig, 125 trig+kin events)
  [2661/3621] nano_2661.root
         -> 119 vertices (262 trig, 103 trig+kin events)
  [2662/3621] nano_2662.root
         -> 227 vertices (507 trig, 206 trig+kin events)
  [2663/3621] nano_2663.root
         -> 162 vertices (395 trig, 143 trig+kin events)
  [2664/3621] nano_2664.root
         -> 241 vertices (535 trig, 209 trig+kin events)
  [2665/3621] nano_2665.root
         -> 164 vertices (309 trig, 142 trig+kin events)
  [2666/3621] nano_2666.root
         -> 240 vertices (528 trig, 223 trig+kin events)
  [2667/3621] nano_2667.root
         -> 168 vertices (322 trig, 155 trig+kin events)
  [2668/3621] nano_2668.root
         -> 136 vertices (291 trig, 123 trig+kin events)
  [2669/3621] nano_2669.root
         -> 151 vertices (325 trig, 145 trig+kin events)
  [2670/3621] nano_2670.root
         -> 132 vertices (253 trig, 105 trig+kin events)
  [2671/3621] nano_2671.root
         -> 267 vertices (529 trig, 218 trig+kin events)
  [2672/3621] nano_2672.root
         -> 130 vertices (247 trig, 105 trig+kin events)
  [2673/3621] nano_2673.root
         -> 257 vertices (558 trig, 231 trig+kin events)
  [2674/3621] nano_2674.root
         -> 163 vertices (360 trig, 146 trig+kin events)
  [2675/3621] nano_2675.root
         -> 144 vertices (277 trig, 129 trig+kin events)
  [2676/3621] nano_2676.root
         -> 230 vertices (487 trig, 215 trig+kin events)
  [2677/3621] nano_2677.root
         -> 152 vertices (336 trig, 130 trig+kin events)
  [2678/3621] nano_2678.root
         -> 119 vertices (249 trig, 111 trig+kin events)
  [2679/3621] nano_2679.root
         -> 212 vertices (500 trig, 199 trig+kin events)
  [2680/3621] nano_2680.root
         -> 215 vertices (413 trig, 179 trig+kin events)
  [2681/3621] nano_2681.root
         -> 186 vertices (394 trig, 161 trig+kin events)
  [2682/3621] nano_2682.root
         -> 256 vertices (511 trig, 212 trig+kin events)
  [2683/3621] nano_2683.root
         -> 164 vertices (336 trig, 140 trig+kin events)
  [2684/3621] nano_2684.root
         -> 249 vertices (511 trig, 225 trig+kin events)
  [2685/3621] nano_2685.root
         -> 133 vertices (263 trig, 119 trig+kin events)
  [2686/3621] nano_2686.root
         -> 124 vertices (289 trig, 111 trig+kin events)
  [2687/3621] nano_2687.root
         -> 211 vertices (459 trig, 191 trig+kin events)
  [2688/3621] nano_2688.root
         -> 250 vertices (531 trig, 226 trig+kin events)
  [2689/3621] nano_2689.root
         -> 149 vertices (347 trig, 139 trig+kin events)
  [2690/3621] nano_2690.root
         -> 111 vertices (248 trig, 103 trig+kin events)
  [2691/3621] nano_2691.root
         -> 245 vertices (490 trig, 207 trig+kin events)
  [2692/3621] nano_2692.root
         -> 132 vertices (308 trig, 121 trig+kin events)
  [2693/3621] nano_2693.root
         -> 252 vertices (540 trig, 227 trig+kin events)
  [2694/3621] nano_2694.root
         -> 112 vertices (257 trig, 106 trig+kin events)
  [2695/3621] nano_2695.root
         -> 146 vertices (307 trig, 135 trig+kin events)
  [2696/3621] nano_2696.root
         -> 137 vertices (251 trig, 109 trig+kin events)
  [2697/3621] nano_2697.root
         -> 168 vertices (337 trig, 155 trig+kin events)
  [2698/3621] nano_2698.root
         -> 136 vertices (263 trig, 113 trig+kin events)
  [2699/3621] nano_2699.root
         -> 225 vertices (502 trig, 192 trig+kin events)
  [2700/3621] nano_2700.root
         -> 148 vertices (340 trig, 135 trig+kin events)
  [2701/3621] nano_2701.root
         -> 239 vertices (534 trig, 218 trig+kin events)
  [2702/3621] nano_2702.root
         -> 156 vertices (381 trig, 152 trig+kin events)
  [2703/3621] nano_2703.root
         -> 135 vertices (300 trig, 124 trig+kin events)
  [2704/3621] nano_2704.root
         -> 213 vertices (463 trig, 195 trig+kin events)
  [2705/3621] nano_2705.root
         -> 233 vertices (497 trig, 199 trig+kin events)
  [2706/3621] nano_2706.root
         -> 253 vertices (538 trig, 226 trig+kin events)
  [2707/3621] nano_2707.root
         -> 284 vertices (513 trig, 248 trig+kin events)
  [2708/3621] nano_2708.root
         -> 239 vertices (512 trig, 208 trig+kin events)
  [2709/3621] nano_2709.root
         -> 156 vertices (317 trig, 135 trig+kin events)
  [2710/3621] nano_2710.root
         -> 211 vertices (522 trig, 195 trig+kin events)
  [2711/3621] nano_2711.root
         -> 142 vertices (310 trig, 134 trig+kin events)
  [2712/3621] nano_2712.root
         -> 142 vertices (282 trig, 123 trig+kin events)
  [2713/3621] nano_2713.root
         -> 239 vertices (503 trig, 208 trig+kin events)
  [2714/3621] nano_2714.root
         -> 143 vertices (274 trig, 114 trig+kin events)
  [2715/3621] nano_2715.root
         -> 219 vertices (492 trig, 196 trig+kin events)
  [2716/3621] nano_2716.root
         -> 217 vertices (505 trig, 190 trig+kin events)
  [2717/3621] nano_2717.root
         -> 238 vertices (524 trig, 212 trig+kin events)
  [2718/3621] nano_2718.root
         -> 234 vertices (513 trig, 206 trig+kin events)
  [2719/3621] nano_2719.root
         -> 129 vertices (305 trig, 121 trig+kin events)
  [2720/3621] nano_2720.root
         -> 229 vertices (490 trig, 203 trig+kin events)
  [2721/3621] nano_2721.root
         -> 133 vertices (288 trig, 123 trig+kin events)
  [2722/3621] nano_2722.root
         -> 194 vertices (420 trig, 176 trig+kin events)
  [2723/3621] nano_2723.root
         -> 222 vertices (475 trig, 213 trig+kin events)
  [2724/3621] nano_2724.root
         -> 258 vertices (511 trig, 230 trig+kin events)
  [2725/3621] nano_2725.root
         -> 233 vertices (496 trig, 212 trig+kin events)
  [2726/3621] nano_2726.root
         -> 190 vertices (391 trig, 163 trig+kin events)
  [2727/3621] nano_2727.root
         -> 208 vertices (426 trig, 181 trig+kin events)
  [2728/3621] nano_2728.root
         -> 241 vertices (551 trig, 229 trig+kin events)
  [2729/3621] nano_2729.root
         -> 221 vertices (491 trig, 199 trig+kin events)
  [2730/3621] nano_2730.root
         -> 142 vertices (277 trig, 121 trig+kin events)
  [2731/3621] nano_2731.root
         -> 238 vertices (513 trig, 210 trig+kin events)
  [2732/3621] nano_2732.root
         -> 240 vertices (487 trig, 217 trig+kin events)
  [2733/3621] nano_2733.root
         -> 119 vertices (269 trig, 99 trig+kin events)
  [2734/3621] nano_2734.root
         -> 214 vertices (398 trig, 186 trig+kin events)
  [2735/3621] nano_2735.root
         -> 234 vertices (529 trig, 218 trig+kin events)
  [2736/3621] nano_2736.root
         -> 213 vertices (476 trig, 189 trig+kin events)
  [2737/3621] nano_2737.root
         -> 258 vertices (487 trig, 211 trig+kin events)
  [2738/3621] nano_2738.root
         -> 135 vertices (282 trig, 122 trig+kin events)
  [2739/3621] nano_2739.root
         -> 156 vertices (300 trig, 129 trig+kin events)
  [2740/3621] nano_2740.root
         -> 130 vertices (301 trig, 118 trig+kin events)
  [2741/3621] nano_2741.root
         -> 130 vertices (284 trig, 120 trig+kin events)
  [2742/3621] nano_2742.root
         -> 101 vertices (235 trig, 102 trig+kin events)
  [2743/3621] nano_2743.root
         -> 162 vertices (346 trig, 141 trig+kin events)
  [2744/3621] nano_2744.root
         -> 205 vertices (448 trig, 187 trig+kin events)
  [2745/3621] nano_2745.root
         -> 221 vertices (497 trig, 201 trig+kin events)
  [2746/3621] nano_2746.root
         -> 154 vertices (333 trig, 138 trig+kin events)
  [2747/3621] nano_2747.root
         -> 246 vertices (537 trig, 220 trig+kin events)
  [2748/3621] nano_2748.root
         -> 104 vertices (246 trig, 97 trig+kin events)
  [2749/3621] nano_2749.root
         -> 147 vertices (266 trig, 117 trig+kin events)
  [2750/3621] nano_2750.root
         -> 192 vertices (431 trig, 180 trig+kin events)
  [2751/3621] nano_2751.root
         -> 139 vertices (310 trig, 123 trig+kin events)
  [2752/3621] nano_2752.root
         -> 162 vertices (307 trig, 139 trig+kin events)
  [2753/3621] nano_2753.root
         -> 225 vertices (497 trig, 208 trig+kin events)
  [2754/3621] nano_2754.root
         -> 249 vertices (486 trig, 216 trig+kin events)
  [2755/3621] nano_2755.root
         -> 175 vertices (354 trig, 147 trig+kin events)
  [2756/3621] nano_2756.root
         -> 247 vertices (503 trig, 216 trig+kin events)
  [2757/3621] nano_2757.root
         -> 247 vertices (471 trig, 203 trig+kin events)
  [2758/3621] nano_2758.root
         -> 183 vertices (427 trig, 164 trig+kin events)
  [2759/3621] nano_2759.root
         -> 202 vertices (387 trig, 180 trig+kin events)
  [2760/3621] nano_2760.root
         -> 223 vertices (503 trig, 192 trig+kin events)
  [2761/3621] nano_2761.root
         -> 136 vertices (301 trig, 117 trig+kin events)
  [2762/3621] nano_2762.root
         -> 207 vertices (488 trig, 189 trig+kin events)
  [2763/3621] nano_2763.root
         -> 136 vertices (268 trig, 115 trig+kin events)
  [2764/3621] nano_2764.root
         -> 130 vertices (255 trig, 120 trig+kin events)
  [2765/3621] nano_2765.root
         -> 156 vertices (332 trig, 143 trig+kin events)
  [2766/3621] nano_2766.root
         -> 179 vertices (413 trig, 162 trig+kin events)
  [2767/3621] nano_2767.root
         -> 249 vertices (493 trig, 211 trig+kin events)
  [2768/3621] nano_2768.root
         -> 249 vertices (521 trig, 224 trig+kin events)
  [2769/3621] nano_2769.root
         -> 243 vertices (520 trig, 215 trig+kin events)
  [2770/3621] nano_2770.root
         -> 174 vertices (322 trig, 139 trig+kin events)
  [2771/3621] nano_2771.root
         -> 246 vertices (528 trig, 212 trig+kin events)
  [2772/3621] nano_2772.root
         -> 120 vertices (261 trig, 112 trig+kin events)
  [2773/3621] nano_2773.root
         -> 120 vertices (258 trig, 109 trig+kin events)
  [2774/3621] nano_2774.root
         -> 233 vertices (500 trig, 213 trig+kin events)
  [2775/3621] nano_2775.root
         -> 262 vertices (532 trig, 236 trig+kin events)
  [2776/3621] nano_2776.root
         -> 200 vertices (384 trig, 161 trig+kin events)
  [2777/3621] nano_2777.root
         -> 184 vertices (337 trig, 150 trig+kin events)
  [2778/3621] nano_2778.root
         -> 129 vertices (253 trig, 104 trig+kin events)
  [2779/3621] nano_2779.root
         -> 136 vertices (280 trig, 121 trig+kin events)
  [2780/3621] nano_2780.root
         -> 137 vertices (290 trig, 124 trig+kin events)
  [2781/3621] nano_2781.root
         -> 148 vertices (312 trig, 136 trig+kin events)
  [2782/3621] nano_2782.root
         -> 119 vertices (231 trig, 104 trig+kin events)
  [2783/3621] nano_2783.root
         -> 149 vertices (407 trig, 135 trig+kin events)
  [2784/3621] nano_2784.root
         -> 127 vertices (283 trig, 105 trig+kin events)
  [2785/3621] nano_2785.root
         -> 258 vertices (498 trig, 216 trig+kin events)
  [2786/3621] nano_2786.root
         -> 229 vertices (488 trig, 196 trig+kin events)
  [2787/3621] nano_2787.root
         -> 157 vertices (352 trig, 142 trig+kin events)
  [2788/3621] nano_2788.root
         -> 172 vertices (364 trig, 144 trig+kin events)
  [2789/3621] nano_2789.root
         -> 241 vertices (489 trig, 207 trig+kin events)
  [2790/3621] nano_2790.root
         -> 286 vertices (540 trig, 249 trig+kin events)
  [2791/3621] nano_2791.root
         -> 114 vertices (268 trig, 105 trig+kin events)
  [2792/3621] nano_2792.root
         -> 191 vertices (504 trig, 175 trig+kin events)
  [2793/3621] nano_2793.root
         -> 265 vertices (520 trig, 220 trig+kin events)
  [2794/3621] nano_2794.root
         -> 210 vertices (447 trig, 179 trig+kin events)
  [2795/3621] nano_2795.root
         -> 134 vertices (312 trig, 118 trig+kin events)
  [2796/3621] nano_2796.root
         -> 174 vertices (372 trig, 158 trig+kin events)
  [2797/3621] nano_2797.root
         -> 228 vertices (469 trig, 188 trig+kin events)
  [2798/3621] nano_2798.root
         -> 239 vertices (493 trig, 218 trig+kin events)
  [2799/3621] nano_2799.root
         -> 192 vertices (494 trig, 184 trig+kin events)
  [2800/3621] nano_2800.root
         -> 242 vertices (498 trig, 202 trig+kin events)
  [2801/3621] nano_2801.root
         -> 263 vertices (553 trig, 231 trig+kin events)
  [2802/3621] nano_2802.root
         -> 145 vertices (261 trig, 122 trig+kin events)
  [2803/3621] nano_2803.root
         -> 144 vertices (305 trig, 133 trig+kin events)
  [2804/3621] nano_2804.root
         -> 160 vertices (335 trig, 152 trig+kin events)
  [2805/3621] nano_2805.root
         -> 195 vertices (413 trig, 161 trig+kin events)
  [2806/3621] nano_2806.root
         -> 252 vertices (544 trig, 226 trig+kin events)
  [2807/3621] nano_2807.root
         -> 135 vertices (279 trig, 116 trig+kin events)
  [2808/3621] nano_2808.root
         -> 123 vertices (264 trig, 110 trig+kin events)
  [2809/3621] nano_2809.root
         -> 129 vertices (285 trig, 113 trig+kin events)
  [2810/3621] nano_2810.root
         -> 133 vertices (274 trig, 124 trig+kin events)
  [2811/3621] nano_2811.root
         -> 157 vertices (332 trig, 137 trig+kin events)
  [2812/3621] nano_2812.root
         -> 182 vertices (396 trig, 169 trig+kin events)
  [2813/3621] nano_2813.root
         -> 212 vertices (489 trig, 192 trig+kin events)
  [2814/3621] nano_2814.root
         -> 151 vertices (268 trig, 121 trig+kin events)
  [2815/3621] nano_2815.root
         -> 135 vertices (293 trig, 122 trig+kin events)
  [2816/3621] nano_2816.root
         -> 190 vertices (398 trig, 175 trig+kin events)
  [2817/3621] nano_2817.root
         -> 125 vertices (276 trig, 113 trig+kin events)
  [2818/3621] nano_2818.root
         -> 139 vertices (326 trig, 121 trig+kin events)
  [2819/3621] nano_2819.root
         -> 219 vertices (469 trig, 197 trig+kin events)
  [2820/3621] nano_2820.root
         -> 138 vertices (262 trig, 124 trig+kin events)
  [2821/3621] nano_2821.root
         -> 236 vertices (519 trig, 212 trig+kin events)
  [2822/3621] nano_2822.root
         -> 145 vertices (268 trig, 126 trig+kin events)
  [2823/3621] nano_2823.root
         -> 124 vertices (275 trig, 119 trig+kin events)
  [2824/3621] nano_2824.root
         -> 218 vertices (516 trig, 206 trig+kin events)
  [2825/3621] nano_2825.root
         -> 234 vertices (526 trig, 218 trig+kin events)
  [2826/3621] nano_2826.root
         -> 140 vertices (323 trig, 128 trig+kin events)
  [2827/3621] nano_2827.root
         -> 201 vertices (433 trig, 183 trig+kin events)
  [2828/3621] nano_2828.root
         -> 198 vertices (471 trig, 178 trig+kin events)
  [2829/3621] nano_2829.root
         -> 234 vertices (513 trig, 207 trig+kin events)
  [2830/3621] nano_2830.root
         -> 247 vertices (547 trig, 224 trig+kin events)
  [2831/3621] nano_2831.root
         -> 260 vertices (500 trig, 228 trig+kin events)
  [2832/3621] nano_2832.root
         -> 136 vertices (248 trig, 107 trig+kin events)
  [2833/3621] nano_2833.root
         -> 178 vertices (362 trig, 149 trig+kin events)
  [2834/3621] nano_2834.root
         -> 132 vertices (281 trig, 118 trig+kin events)
  [2835/3621] nano_2835.root
         -> 205 vertices (470 trig, 183 trig+kin events)
  [2836/3621] nano_2836.root
         -> 170 vertices (357 trig, 146 trig+kin events)
  [2837/3621] nano_2837.root
         -> 148 vertices (298 trig, 133 trig+kin events)
  [2838/3621] nano_2838.root
         -> 223 vertices (510 trig, 200 trig+kin events)
  [2839/3621] nano_2839.root
         -> 161 vertices (370 trig, 151 trig+kin events)
  [2840/3621] nano_2840.root
         -> 144 vertices (315 trig, 130 trig+kin events)
  [2841/3621] nano_2841.root
         -> 115 vertices (269 trig, 107 trig+kin events)
  [2842/3621] nano_2842.root
         -> 97 vertices (226 trig, 82 trig+kin events)
  [2843/3621] nano_2843.root
         -> 194 vertices (386 trig, 177 trig+kin events)
  [2844/3621] nano_2844.root
         -> 161 vertices (380 trig, 149 trig+kin events)
  [2845/3621] nano_2845.root
         -> 245 vertices (495 trig, 215 trig+kin events)
  [2846/3621] nano_2846.root
         -> 136 vertices (280 trig, 116 trig+kin events)
  [2847/3621] nano_2847.root
         -> 235 vertices (479 trig, 199 trig+kin events)
  [2848/3621] nano_2848.root
         -> 130 vertices (266 trig, 114 trig+kin events)
  [2849/3621] nano_2849.root
         -> 221 vertices (403 trig, 185 trig+kin events)
  [2850/3621] nano_2850.root
         -> 138 vertices (280 trig, 122 trig+kin events)
  [2851/3621] nano_2851.root
         -> 154 vertices (314 trig, 131 trig+kin events)
  [2852/3621] nano_2852.root
         -> 277 vertices (548 trig, 228 trig+kin events)
  [2853/3621] nano_2853.root
         -> 232 vertices (500 trig, 205 trig+kin events)
  [2854/3621] nano_2854.root
         -> 196 vertices (387 trig, 174 trig+kin events)
  [2855/3621] nano_2855.root
         -> 125 vertices (269 trig, 113 trig+kin events)
  [2856/3621] nano_2856.root
         -> 219 vertices (477 trig, 199 trig+kin events)
  [2857/3621] nano_2857.root
         -> 180 vertices (368 trig, 164 trig+kin events)
  [2858/3621] nano_2858.root
         -> 111 vertices (241 trig, 102 trig+kin events)
  [2859/3621] nano_2859.root
         -> 150 vertices (317 trig, 134 trig+kin events)
  [2860/3621] nano_2860.root
         -> 232 vertices (503 trig, 207 trig+kin events)
  [2861/3621] nano_2861.root
         -> 255 vertices (515 trig, 218 trig+kin events)
  [2862/3621] nano_2862.root
         -> 136 vertices (292 trig, 119 trig+kin events)
  [2863/3621] nano_2863.root
         -> 108 vertices (264 trig, 99 trig+kin events)
  [2864/3621] nano_2864.root
         -> 135 vertices (287 trig, 130 trig+kin events)
  [2865/3621] nano_2865.root
         -> 241 vertices (497 trig, 211 trig+kin events)
  [2866/3621] nano_2866.root
         -> 162 vertices (374 trig, 148 trig+kin events)
  [2867/3621] nano_2867.root
         -> 130 vertices (284 trig, 126 trig+kin events)
  [2868/3621] nano_2868.root
         -> 81 vertices (141 trig, 74 trig+kin events)
  [2869/3621] nano_2869.root
         -> 96 vertices (240 trig, 86 trig+kin events)
  [2870/3621] nano_2870.root
         -> 119 vertices (254 trig, 112 trig+kin events)
  [2871/3621] nano_2871.root
         -> 26 vertices (44 trig, 20 trig+kin events)
  [2872/3621] nano_2872.root
         -> 192 vertices (373 trig, 162 trig+kin events)
  [2873/3621] nano_2873.root
         -> 127 vertices (259 trig, 109 trig+kin events)
  [2874/3621] nano_2874.root
         -> 131 vertices (272 trig, 121 trig+kin events)
  [2875/3621] nano_2875.root
         -> 77 vertices (154 trig, 70 trig+kin events)
  [2876/3621] nano_2876.root
         -> 149 vertices (297 trig, 124 trig+kin events)
  [2877/3621] nano_2877.root
         -> 195 vertices (416 trig, 173 trig+kin events)
  [2878/3621] nano_2878.root
         -> 142 vertices (239 trig, 117 trig+kin events)
  [2879/3621] nano_2879.root
         -> 266 vertices (536 trig, 230 trig+kin events)
  [2880/3621] nano_2880.root
         -> 144 vertices (347 trig, 129 trig+kin events)
  [2881/3621] nano_2881.root
         -> 29 vertices (73 trig, 26 trig+kin events)
  [2882/3621] nano_2882.root
         -> 144 vertices (270 trig, 125 trig+kin events)
  [2883/3621] nano_2883.root
         -> 223 vertices (495 trig, 208 trig+kin events)
  [2884/3621] nano_2884.root
         -> 139 vertices (258 trig, 118 trig+kin events)
  [2885/3621] nano_2885.root
         -> 163 vertices (306 trig, 141 trig+kin events)
  [2886/3621] nano_2886.root
         -> 84 vertices (158 trig, 70 trig+kin events)
  [2887/3621] nano_2887.root
         -> 105 vertices (235 trig, 96 trig+kin events)
  [2888/3621] nano_2888.root
         -> 196 vertices (452 trig, 185 trig+kin events)
  [2889/3621] nano_2889.root
         -> 152 vertices (288 trig, 132 trig+kin events)
  [2890/3621] nano_2890.root
         -> 108 vertices (260 trig, 94 trig+kin events)
  [2891/3621] nano_2891.root
         -> 194 vertices (359 trig, 168 trig+kin events)
  [2892/3621] nano_2892.root
         -> 126 vertices (296 trig, 108 trig+kin events)
  [2893/3621] nano_2893.root
         -> 155 vertices (333 trig, 149 trig+kin events)
  [2894/3621] nano_2894.root
         -> 6 vertices (19 trig, 7 trig+kin events)
  [2895/3621] nano_2895.root
         -> 216 vertices (417 trig, 185 trig+kin events)
  [2896/3621] nano_2896.root
         -> 111 vertices (253 trig, 94 trig+kin events)
  [2897/3621] nano_2897.root
         -> 237 vertices (520 trig, 210 trig+kin events)
  [2898/3621] nano_2898.root
         -> 94 vertices (208 trig, 91 trig+kin events)
  [2899/3621] nano_2899.root
         -> 138 vertices (294 trig, 125 trig+kin events)
  [2900/3621] nano_2900.root
         -> 221 vertices (512 trig, 201 trig+kin events)
  [2901/3621] nano_2901.root
         -> 93 vertices (264 trig, 96 trig+kin events)
  [2902/3621] nano_2902.root
         -> 135 vertices (296 trig, 121 trig+kin events)
  [2903/3621] nano_2903.root
         -> 46 vertices (92 trig, 43 trig+kin events)
  [2904/3621] nano_2904.root
         -> 136 vertices (269 trig, 130 trig+kin events)
  [2905/3621] nano_2905.root
         -> 242 vertices (536 trig, 230 trig+kin events)
  [2906/3621] nano_2906.root
         -> 38 vertices (74 trig, 32 trig+kin events)
  [2907/3621] nano_2907.root
         -> 147 vertices (372 trig, 142 trig+kin events)
  [2908/3621] nano_2908.root
         -> 133 vertices (289 trig, 123 trig+kin events)
  [2909/3621] nano_2909.root
         -> 106 vertices (243 trig, 95 trig+kin events)
  [2910/3621] nano_2910.root
         -> 236 vertices (516 trig, 217 trig+kin events)
  [2911/3621] nano_2911.root
         -> 121 vertices (219 trig, 97 trig+kin events)
  [2912/3621] nano_2912.root
         -> 120 vertices (240 trig, 108 trig+kin events)
  [2913/3621] nano_2913.root
         -> 245 vertices (516 trig, 218 trig+kin events)
  [2914/3621] nano_2914.root
         -> 216 vertices (498 trig, 186 trig+kin events)
  [2915/3621] nano_2915.root
         -> 214 vertices (441 trig, 186 trig+kin events)
  [2916/3621] nano_2916.root
         -> 211 vertices (492 trig, 191 trig+kin events)
  [2917/3621] nano_2917.root
         -> 117 vertices (244 trig, 108 trig+kin events)
  [2918/3621] nano_2918.root
         -> 147 vertices (276 trig, 128 trig+kin events)
  [2919/3621] nano_2919.root
         -> 242 vertices (515 trig, 209 trig+kin events)
  [2920/3621] nano_2920.root
         -> 140 vertices (299 trig, 127 trig+kin events)
  [2921/3621] nano_2921.root
         -> 222 vertices (495 trig, 203 trig+kin events)
  [2922/3621] nano_2922.root
         -> 192 vertices (413 trig, 168 trig+kin events)
  [2923/3621] nano_2923.root
         -> 219 vertices (478 trig, 197 trig+kin events)
  [2924/3621] nano_2924.root
         -> 123 vertices (301 trig, 126 trig+kin events)
  [2925/3621] nano_2925.root
         -> 33 vertices (65 trig, 37 trig+kin events)
  [2926/3621] nano_2926.root
         -> 148 vertices (307 trig, 129 trig+kin events)
  [2927/3621] nano_2927.root
         -> 122 vertices (273 trig, 110 trig+kin events)
  [2928/3621] nano_2928.root
         -> 180 vertices (338 trig, 154 trig+kin events)
  [2929/3621] nano_2929.root
         -> 101 vertices (233 trig, 90 trig+kin events)
  [2930/3621] nano_2930.root
         -> 266 vertices (497 trig, 217 trig+kin events)
  [2931/3621] nano_2931.root
         -> 148 vertices (319 trig, 129 trig+kin events)
  [2932/3621] nano_2932.root
         -> 128 vertices (256 trig, 104 trig+kin events)
  [2933/3621] nano_2933.root
         -> 26 vertices (59 trig, 23 trig+kin events)
  [2934/3621] nano_2934.root
         -> 93 vertices (225 trig, 84 trig+kin events)
  [2935/3621] nano_2935.root
         -> 58 vertices (145 trig, 56 trig+kin events)
  [2936/3621] nano_2936.root
         -> 243 vertices (477 trig, 202 trig+kin events)
  [2937/3621] nano_2937.root
         -> 132 vertices (348 trig, 124 trig+kin events)
  [2938/3621] nano_2938.root
         -> 122 vertices (241 trig, 105 trig+kin events)
  [2939/3621] nano_2939.root
         -> 162 vertices (278 trig, 127 trig+kin events)
  [2940/3621] nano_2940.root
         -> 135 vertices (316 trig, 124 trig+kin events)
  [2941/3621] nano_2941.root
         -> 192 vertices (477 trig, 178 trig+kin events)
  [2942/3621] nano_2942.root
         -> 173 vertices (385 trig, 154 trig+kin events)
  [2943/3621] nano_2943.root
         -> 89 vertices (150 trig, 69 trig+kin events)
  [2944/3621] nano_2944.root
         -> 155 vertices (308 trig, 140 trig+kin events)
  [2945/3621] nano_2945.root
         -> 132 vertices (270 trig, 115 trig+kin events)
  [2946/3621] nano_2946.root
         -> 171 vertices (391 trig, 149 trig+kin events)
  [2947/3621] nano_2947.root
         -> 144 vertices (263 trig, 121 trig+kin events)
  [2948/3621] nano_2948.root
         -> 181 vertices (411 trig, 164 trig+kin events)
  [2949/3621] nano_2949.root
         -> 30 vertices (60 trig, 30 trig+kin events)
  [2950/3621] nano_2950.root
         -> 25 vertices (50 trig, 23 trig+kin events)
  [2951/3621] nano_2951.root
         -> 243 vertices (522 trig, 221 trig+kin events)
  [2952/3621] nano_2952.root
         -> 141 vertices (301 trig, 124 trig+kin events)
  [2953/3621] nano_2953.root
         -> 185 vertices (416 trig, 177 trig+kin events)
  [2954/3621] nano_2954.root
         -> 202 vertices (431 trig, 181 trig+kin events)
  [2955/3621] nano_2955.root
         -> 180 vertices (412 trig, 161 trig+kin events)
  [2956/3621] nano_2956.root
         -> 122 vertices (266 trig, 108 trig+kin events)
  [2957/3621] nano_2957.root
         -> 125 vertices (260 trig, 117 trig+kin events)
  [2958/3621] nano_2958.root
         -> 264 vertices (514 trig, 220 trig+kin events)
  [2959/3621] nano_2959.root
         -> 113 vertices (263 trig, 106 trig+kin events)
  [2960/3621] nano_2960.root
         -> 126 vertices (290 trig, 112 trig+kin events)
  [2961/3621] nano_2961.root
         -> 228 vertices (454 trig, 199 trig+kin events)
  [2962/3621] nano_2962.root
         -> 135 vertices (284 trig, 125 trig+kin events)
  [2963/3621] nano_2963.root
         -> 13 vertices (36 trig, 15 trig+kin events)
  [2964/3621] nano_2964.root
         -> 133 vertices (270 trig, 124 trig+kin events)
  [2965/3621] nano_2965.root
         -> 126 vertices (284 trig, 116 trig+kin events)
  [2966/3621] nano_2966.root
         -> 115 vertices (260 trig, 100 trig+kin events)
  [2967/3621] nano_2967.root
         -> 112 vertices (274 trig, 103 trig+kin events)
  [2968/3621] nano_2968.root
         -> 117 vertices (219 trig, 90 trig+kin events)
  [2969/3621] nano_2969.root
         -> 131 vertices (300 trig, 117 trig+kin events)
  [2970/3621] nano_2970.root
         -> 141 vertices (318 trig, 124 trig+kin events)
  [2971/3621] nano_2971.root
         -> 137 vertices (304 trig, 126 trig+kin events)
  [2972/3621] nano_2972.root
         -> 146 vertices (330 trig, 128 trig+kin events)
  [2973/3621] nano_2973.root
         -> 194 vertices (461 trig, 176 trig+kin events)
  [2974/3621] nano_2974.root
         -> 137 vertices (316 trig, 115 trig+kin events)
  [2975/3621] nano_2975.root
         -> 149 vertices (324 trig, 133 trig+kin events)
  [2976/3621] nano_2976.root
         -> 159 vertices (303 trig, 135 trig+kin events)
  [2977/3621] nano_2977.root
         -> 155 vertices (347 trig, 143 trig+kin events)
  [2978/3621] nano_2978.root
         -> 108 vertices (251 trig, 99 trig+kin events)
  [2979/3621] nano_2979.root
         -> 188 vertices (412 trig, 166 trig+kin events)
  [2980/3621] nano_2980.root
         -> 186 vertices (415 trig, 166 trig+kin events)
  [2981/3621] nano_2981.root
         -> 145 vertices (309 trig, 132 trig+kin events)
  [2982/3621] nano_2982.root
         -> 126 vertices (299 trig, 117 trig+kin events)
  [2983/3621] nano_2983.root
         -> 148 vertices (296 trig, 127 trig+kin events)
  [2984/3621] nano_2984.root
         -> 143 vertices (299 trig, 130 trig+kin events)
  [2985/3621] nano_2985.root
         -> 125 vertices (291 trig, 115 trig+kin events)
  [2986/3621] nano_2986.root
         -> 164 vertices (362 trig, 160 trig+kin events)
  [2987/3621] nano_2987.root
         -> 108 vertices (255 trig, 102 trig+kin events)
  [2988/3621] nano_2988.root
         -> 52 vertices (100 trig, 45 trig+kin events)
  [2989/3621] nano_2989.root
         -> 200 vertices (446 trig, 190 trig+kin events)
  [2990/3621] nano_2990.root
         -> 115 vertices (282 trig, 107 trig+kin events)
  [2991/3621] nano_2991.root
         -> 180 vertices (333 trig, 153 trig+kin events)
  [2992/3621] nano_2992.root
         -> 141 vertices (275 trig, 116 trig+kin events)
  [2993/3621] nano_2993.root
         -> 159 vertices (270 trig, 133 trig+kin events)
  [2994/3621] nano_2994.root
         -> 120 vertices (266 trig, 100 trig+kin events)
  [2995/3621] nano_2995.root
         -> 151 vertices (317 trig, 138 trig+kin events)
  [2996/3621] nano_2996.root
         -> 130 vertices (284 trig, 113 trig+kin events)
  [2997/3621] nano_2997.root
         -> 134 vertices (328 trig, 123 trig+kin events)
  [2998/3621] nano_2998.root
         -> 150 vertices (270 trig, 128 trig+kin events)
  [2999/3621] nano_2999.root
         -> 142 vertices (272 trig, 125 trig+kin events)
  [3000/3621] nano_3000.root
         -> 154 vertices (295 trig, 129 trig+kin events)
  [3001/3621] nano_3001.root
         -> 121 vertices (256 trig, 111 trig+kin events)
  [3002/3621] nano_3002.root
         -> 140 vertices (294 trig, 125 trig+kin events)
  [3003/3621] nano_3003.root
         -> 119 vertices (267 trig, 119 trig+kin events)
  [3004/3621] nano_3004.root
         -> 133 vertices (267 trig, 113 trig+kin events)
  [3005/3621] nano_3005.root
         -> 144 vertices (280 trig, 124 trig+kin events)
  [3006/3621] nano_3006.root
         -> 158 vertices (282 trig, 123 trig+kin events)
  [3007/3621] nano_3007.root
         -> 160 vertices (348 trig, 135 trig+kin events)
  [3008/3621] nano_3008.root
         -> 139 vertices (284 trig, 127 trig+kin events)
  [3009/3621] nano_3009.root
         -> 140 vertices (258 trig, 123 trig+kin events)
  [3010/3621] nano_3010.root
         -> 127 vertices (296 trig, 118 trig+kin events)
  [3011/3621] nano_3011.root
         -> 107 vertices (266 trig, 97 trig+kin events)
  [3012/3621] nano_3012.root
         -> 129 vertices (253 trig, 112 trig+kin events)
  [3013/3621] nano_3013.root
         -> 182 vertices (356 trig, 158 trig+kin events)
  [3014/3621] nano_3014.root
         -> 141 vertices (282 trig, 123 trig+kin events)
  [3015/3621] nano_3015.root
         -> 162 vertices (379 trig, 143 trig+kin events)
  [3016/3621] nano_3016.root
         -> 167 vertices (380 trig, 155 trig+kin events)
  [3017/3621] nano_3017.root
         -> 100 vertices (241 trig, 96 trig+kin events)
  [3018/3621] nano_3018.root
         -> 153 vertices (296 trig, 131 trig+kin events)
  [3019/3621] nano_3019.root
         -> 100 vertices (253 trig, 89 trig+kin events)
  [3020/3621] nano_3020.root
         -> 126 vertices (275 trig, 118 trig+kin events)
  [3021/3621] nano_3021.root
         -> 158 vertices (333 trig, 136 trig+kin events)
  [3022/3621] nano_3022.root
         -> 121 vertices (262 trig, 110 trig+kin events)
  [3023/3621] nano_3023.root
         -> 126 vertices (297 trig, 114 trig+kin events)
  [3024/3621] nano_3024.root
         -> 129 vertices (313 trig, 110 trig+kin events)
  [3025/3621] nano_3025.root
         -> 116 vertices (252 trig, 108 trig+kin events)
  [3026/3621] nano_3026.root
         -> 194 vertices (351 trig, 163 trig+kin events)
  [3027/3621] nano_3027.root
         -> 162 vertices (386 trig, 147 trig+kin events)
  [3028/3621] nano_3028.root
         -> 109 vertices (246 trig, 99 trig+kin events)
  [3029/3621] nano_3029.root
         -> 142 vertices (322 trig, 132 trig+kin events)
  [3030/3621] nano_3030.root
         -> 175 vertices (371 trig, 149 trig+kin events)
  [3031/3621] nano_3031.root
         -> 168 vertices (358 trig, 144 trig+kin events)
  [3032/3621] nano_3032.root
         -> 153 vertices (281 trig, 125 trig+kin events)
  [3033/3621] nano_3033.root
         -> 111 vertices (257 trig, 100 trig+kin events)
  [3034/3621] nano_3034.root
         -> 120 vertices (237 trig, 103 trig+kin events)
  [3035/3621] nano_3035.root
         -> 25 vertices (44 trig, 19 trig+kin events)
  [3036/3621] nano_3036.root
         -> 162 vertices (334 trig, 146 trig+kin events)
  [3037/3621] nano_3037.root
         -> 104 vertices (241 trig, 97 trig+kin events)
  [3038/3621] nano_3038.root
         -> 140 vertices (306 trig, 124 trig+kin events)
  [3039/3621] nano_3039.root
         -> 131 vertices (314 trig, 129 trig+kin events)
  [3040/3621] nano_3040.root
         -> 156 vertices (355 trig, 143 trig+kin events)
  [3041/3621] nano_3041.root
         -> 146 vertices (335 trig, 135 trig+kin events)
  [3042/3621] nano_3042.root
         -> 139 vertices (290 trig, 124 trig+kin events)
  [3043/3621] nano_3043.root
         -> 173 vertices (353 trig, 158 trig+kin events)
  [3044/3621] nano_3044.root
         -> 160 vertices (346 trig, 142 trig+kin events)
  [3045/3621] nano_3045.root
         -> 127 vertices (274 trig, 113 trig+kin events)
  [3046/3621] nano_3046.root
         -> 159 vertices (298 trig, 140 trig+kin events)
  [3047/3621] nano_3047.root
         -> 152 vertices (349 trig, 135 trig+kin events)
  [3048/3621] nano_3048.root
         -> 126 vertices (297 trig, 121 trig+kin events)
  [3049/3621] nano_3049.root
         -> 140 vertices (309 trig, 129 trig+kin events)
  [3050/3621] nano_3050.root
         -> 223 vertices (477 trig, 191 trig+kin events)
  [3051/3621] nano_3051.root
         -> 167 vertices (307 trig, 150 trig+kin events)
  [3052/3621] nano_3052.root
         -> 139 vertices (304 trig, 136 trig+kin events)
  [3053/3621] nano_3053.root
         -> 143 vertices (275 trig, 128 trig+kin events)
  [3054/3621] nano_3054.root
         -> 196 vertices (412 trig, 167 trig+kin events)
  [3055/3621] nano_3055.root
         -> 143 vertices (307 trig, 122 trig+kin events)
  [3056/3621] nano_3056.root
         -> 157 vertices (338 trig, 132 trig+kin events)
  [3057/3621] nano_3057.root
         -> 130 vertices (268 trig, 115 trig+kin events)
  [3058/3621] nano_3058.root
         -> 175 vertices (415 trig, 180 trig+kin events)
  [3059/3621] nano_3059.root
         -> 112 vertices (303 trig, 114 trig+kin events)
  [3060/3621] nano_3060.root
         -> 113 vertices (249 trig, 91 trig+kin events)
  [3061/3621] nano_3061.root
         -> 162 vertices (337 trig, 145 trig+kin events)
  [3062/3621] nano_3062.root
         -> 200 vertices (427 trig, 179 trig+kin events)
  [3063/3621] nano_3063.root
         -> 184 vertices (409 trig, 162 trig+kin events)
  [3064/3621] nano_3064.root
         -> 132 vertices (259 trig, 105 trig+kin events)
  [3065/3621] nano_3065.root
         -> 129 vertices (302 trig, 124 trig+kin events)
  [3066/3621] nano_3066.root
         -> 160 vertices (291 trig, 136 trig+kin events)
  [3067/3621] nano_3067.root
         -> 97 vertices (269 trig, 93 trig+kin events)
  [3068/3621] nano_3068.root
         -> 166 vertices (346 trig, 154 trig+kin events)
  [3069/3621] nano_3069.root
         -> 149 vertices (290 trig, 129 trig+kin events)
  [3070/3621] nano_3070.root
         -> 111 vertices (250 trig, 102 trig+kin events)
  [3071/3621] nano_3071.root
         -> 188 vertices (365 trig, 165 trig+kin events)
  [3072/3621] nano_3072.root
         -> 154 vertices (307 trig, 127 trig+kin events)
  [3073/3621] nano_3073.root
         -> 127 vertices (248 trig, 109 trig+kin events)
  [3074/3621] nano_3074.root
         -> 90 vertices (235 trig, 82 trig+kin events)
  [3075/3621] nano_3075.root
         -> 147 vertices (295 trig, 132 trig+kin events)
  [3076/3621] nano_3076.root
         -> 192 vertices (424 trig, 171 trig+kin events)
  [3077/3621] nano_3077.root
         -> 182 vertices (396 trig, 158 trig+kin events)
  [3078/3621] nano_3078.root
         -> 149 vertices (313 trig, 131 trig+kin events)
  [3079/3621] nano_3079.root
         -> 245 vertices (501 trig, 207 trig+kin events)
  [3080/3621] nano_3080.root
         -> 209 vertices (440 trig, 195 trig+kin events)
  [3081/3621] nano_3081.root
         -> 242 vertices (481 trig, 209 trig+kin events)
  [3082/3621] nano_3082.root
         -> 141 vertices (298 trig, 119 trig+kin events)
  [3083/3621] nano_3083.root
         -> 157 vertices (358 trig, 148 trig+kin events)
  [3084/3621] nano_3084.root
         -> 143 vertices (309 trig, 138 trig+kin events)
  [3085/3621] nano_3085.root
         -> 163 vertices (294 trig, 139 trig+kin events)
  [3086/3621] nano_3086.root
         -> 158 vertices (328 trig, 135 trig+kin events)
  [3087/3621] nano_3087.root
         -> 127 vertices (332 trig, 125 trig+kin events)
  [3088/3621] nano_3088.root
         -> 192 vertices (354 trig, 161 trig+kin events)
  [3089/3621] nano_3089.root
         -> 228 vertices (451 trig, 190 trig+kin events)
  [3090/3621] nano_3090.root
         -> 115 vertices (254 trig, 101 trig+kin events)
  [3091/3621] nano_3091.root
         -> 251 vertices (540 trig, 226 trig+kin events)
  [3092/3621] nano_3092.root
         -> 128 vertices (291 trig, 116 trig+kin events)
  [3093/3621] nano_3093.root
         -> 219 vertices (477 trig, 188 trig+kin events)
  [3094/3621] nano_3094.root
         -> 217 vertices (425 trig, 188 trig+kin events)
  [3095/3621] nano_3095.root
         -> 171 vertices (384 trig, 158 trig+kin events)
  [3096/3621] nano_3096.root
         -> 167 vertices (347 trig, 146 trig+kin events)
  [3097/3621] nano_3097.root
         -> 252 vertices (520 trig, 217 trig+kin events)
  [3098/3621] nano_3098.root
         -> 154 vertices (272 trig, 130 trig+kin events)
  [3099/3621] nano_3099.root
         -> 173 vertices (383 trig, 163 trig+kin events)
  [3100/3621] nano_3100.root
         -> 226 vertices (554 trig, 210 trig+kin events)
  [3101/3621] nano_3101.root
         -> 175 vertices (357 trig, 154 trig+kin events)
  [3102/3621] nano_3102.root
         -> 141 vertices (298 trig, 123 trig+kin events)
  [3103/3621] nano_3103.root
         -> 168 vertices (353 trig, 152 trig+kin events)
  [3104/3621] nano_3104.root
         -> 147 vertices (280 trig, 127 trig+kin events)
  [3105/3621] nano_3105.root
         -> 241 vertices (539 trig, 228 trig+kin events)
  [3106/3621] nano_3106.root
         -> 160 vertices (315 trig, 144 trig+kin events)
  [3107/3621] nano_3107.root
         -> 124 vertices (271 trig, 112 trig+kin events)
  [3108/3621] nano_3108.root
         -> 273 vertices (467 trig, 224 trig+kin events)
  [3109/3621] nano_3109.root
         -> 236 vertices (493 trig, 198 trig+kin events)
  [3110/3621] nano_3110.root
         -> 193 vertices (413 trig, 163 trig+kin events)
  [3111/3621] nano_3111.root
         -> 104 vertices (251 trig, 94 trig+kin events)
  [3112/3621] nano_3112.root
         -> 194 vertices (377 trig, 157 trig+kin events)
  [3113/3621] nano_3113.root
         -> 144 vertices (329 trig, 127 trig+kin events)
  [3114/3621] nano_3114.root
         -> 217 vertices (450 trig, 194 trig+kin events)
  [3115/3621] nano_3115.root
         -> 155 vertices (295 trig, 131 trig+kin events)
  [3116/3621] nano_3116.root
         -> 249 vertices (508 trig, 218 trig+kin events)
  [3117/3621] nano_3117.root
         -> 220 vertices (428 trig, 190 trig+kin events)
  [3118/3621] nano_3118.root
         -> 226 vertices (513 trig, 212 trig+kin events)
  [3119/3621] nano_3119.root
         -> 135 vertices (277 trig, 115 trig+kin events)
  [3120/3621] nano_3120.root
         -> 270 vertices (506 trig, 229 trig+kin events)
  [3121/3621] nano_3121.root
         -> 150 vertices (326 trig, 139 trig+kin events)
  [3122/3621] nano_3122.root
         -> 157 vertices (294 trig, 139 trig+kin events)
  [3123/3621] nano_3123.root
         -> 230 vertices (497 trig, 218 trig+kin events)
  [3124/3621] nano_3124.root
         -> 140 vertices (285 trig, 121 trig+kin events)
  [3125/3621] nano_3125.root
         -> 134 vertices (301 trig, 113 trig+kin events)
  [3126/3621] nano_3126.root
         -> 157 vertices (370 trig, 142 trig+kin events)
  [3127/3621] nano_3127.root
         -> 271 vertices (465 trig, 227 trig+kin events)
  [3128/3621] nano_3128.root
         -> 228 vertices (485 trig, 193 trig+kin events)
  [3129/3621] nano_3129.root
         -> 152 vertices (317 trig, 134 trig+kin events)
  [3130/3621] nano_3130.root
         -> 218 vertices (499 trig, 198 trig+kin events)
  [3131/3621] nano_3131.root
         -> 192 vertices (473 trig, 168 trig+kin events)
  [3132/3621] nano_3132.root
         -> 172 vertices (352 trig, 161 trig+kin events)
  [3133/3621] nano_3133.root
         -> 227 vertices (465 trig, 194 trig+kin events)
  [3134/3621] nano_3134.root
         -> 140 vertices (284 trig, 124 trig+kin events)
  [3135/3621] nano_3135.root
         -> 150 vertices (347 trig, 142 trig+kin events)
  [3136/3621] nano_3136.root
         -> 161 vertices (359 trig, 153 trig+kin events)
  [3137/3621] nano_3137.root
         -> 233 vertices (510 trig, 204 trig+kin events)
  [3138/3621] nano_3138.root
         -> 206 vertices (396 trig, 181 trig+kin events)
  [3139/3621] nano_3139.root
         -> 125 vertices (291 trig, 120 trig+kin events)
  [3140/3621] nano_3140.root
         -> 243 vertices (507 trig, 222 trig+kin events)
  [3141/3621] nano_3141.root
         -> 176 vertices (345 trig, 156 trig+kin events)
  [3142/3621] nano_3142.root
         -> 171 vertices (357 trig, 152 trig+kin events)
  [3143/3621] nano_3143.root
         -> 237 vertices (532 trig, 213 trig+kin events)
  [3144/3621] nano_3144.root
         -> 134 vertices (257 trig, 112 trig+kin events)
  [3145/3621] nano_3145.root
         -> 80 vertices (126 trig, 55 trig+kin events)
  [3146/3621] nano_3146.root
         -> 235 vertices (496 trig, 209 trig+kin events)
  [3147/3621] nano_3147.root
         -> 156 vertices (332 trig, 137 trig+kin events)
  [3148/3621] nano_3148.root
         -> 248 vertices (473 trig, 221 trig+kin events)
  [3149/3621] nano_3149.root
         -> 149 vertices (290 trig, 124 trig+kin events)
  [3150/3621] nano_3150.root
         -> 172 vertices (394 trig, 165 trig+kin events)
  [3151/3621] nano_3151.root
         -> 186 vertices (389 trig, 159 trig+kin events)
  [3152/3621] nano_3152.root
         -> 151 vertices (345 trig, 145 trig+kin events)
  [3153/3621] nano_3153.root
         -> 123 vertices (261 trig, 123 trig+kin events)
  [3154/3621] nano_3154.root
         -> 180 vertices (344 trig, 154 trig+kin events)
  [3155/3621] nano_3155.root
         -> 130 vertices (271 trig, 115 trig+kin events)
  [3156/3621] nano_3156.root
         -> 222 vertices (504 trig, 193 trig+kin events)
  [3157/3621] nano_3157.root
         -> 214 vertices (476 trig, 195 trig+kin events)
  [3158/3621] nano_3158.root
         -> 203 vertices (446 trig, 184 trig+kin events)
  [3159/3621] nano_3159.root
         -> 171 vertices (332 trig, 158 trig+kin events)
  [3160/3621] nano_3160.root
         -> 196 vertices (430 trig, 177 trig+kin events)
  [3161/3621] nano_3161.root
         -> 107 vertices (259 trig, 107 trig+kin events)
  [3162/3621] nano_3162.root
         -> 174 vertices (381 trig, 156 trig+kin events)
  [3163/3621] nano_3163.root
         -> 135 vertices (274 trig, 117 trig+kin events)
  [3164/3621] nano_3164.root
         -> 150 vertices (335 trig, 130 trig+kin events)
  [3165/3621] nano_3165.root
         -> 194 vertices (380 trig, 162 trig+kin events)
  [3166/3621] nano_3166.root
         -> 189 vertices (437 trig, 182 trig+kin events)
  [3167/3621] nano_3167.root
         -> 109 vertices (229 trig, 94 trig+kin events)
  [3168/3621] nano_3168.root
         -> 210 vertices (466 trig, 190 trig+kin events)
  [3169/3621] nano_3169.root
         -> 216 vertices (467 trig, 197 trig+kin events)
  [3170/3621] nano_3170.root
         -> 167 vertices (302 trig, 145 trig+kin events)
  [3171/3621] nano_3171.root
         -> 216 vertices (467 trig, 181 trig+kin events)
  [3172/3621] nano_3172.root
         -> 189 vertices (367 trig, 158 trig+kin events)
  [3173/3621] nano_3173.root
         -> 114 vertices (256 trig, 99 trig+kin events)
  [3174/3621] nano_3174.root
         -> 142 vertices (276 trig, 119 trig+kin events)
  [3175/3621] nano_3175.root
         -> 232 vertices (496 trig, 208 trig+kin events)
  [3176/3621] nano_3176.root
         -> 223 vertices (478 trig, 202 trig+kin events)
  [3177/3621] nano_3177.root
         -> 208 vertices (420 trig, 177 trig+kin events)
  [3178/3621] nano_3178.root
         -> 142 vertices (269 trig, 118 trig+kin events)
  [3179/3621] nano_3179.root
         -> 193 vertices (447 trig, 175 trig+kin events)
  [3180/3621] nano_3180.root
         -> 153 vertices (330 trig, 137 trig+kin events)
  [3181/3621] nano_3181.root
         -> 193 vertices (457 trig, 176 trig+kin events)
  [3182/3621] nano_3182.root
         -> 171 vertices (380 trig, 145 trig+kin events)
  [3183/3621] nano_3183.root
         -> 243 vertices (512 trig, 216 trig+kin events)
  [3184/3621] nano_3184.root
         -> 253 vertices (499 trig, 223 trig+kin events)
  [3185/3621] nano_3185.root
         -> 239 vertices (487 trig, 208 trig+kin events)
  [3186/3621] nano_3186.root
         -> 137 vertices (234 trig, 118 trig+kin events)
  [3187/3621] nano_3187.root
         -> 148 vertices (363 trig, 136 trig+kin events)
  [3188/3621] nano_3188.root
         -> 116 vertices (268 trig, 107 trig+kin events)
  [3189/3621] nano_3189.root
         -> 177 vertices (398 trig, 158 trig+kin events)
  [3190/3621] nano_3190.root
         -> 136 vertices (323 trig, 125 trig+kin events)
  [3191/3621] nano_3191.root
         -> 216 vertices (469 trig, 201 trig+kin events)
  [3192/3621] nano_3192.root
         -> 190 vertices (432 trig, 172 trig+kin events)
  [3193/3621] nano_3193.root
         -> 139 vertices (320 trig, 130 trig+kin events)
  [3194/3621] nano_3194.root
         -> 220 vertices (462 trig, 210 trig+kin events)
  [3195/3621] nano_3195.root
         -> 100 vertices (215 trig, 88 trig+kin events)
  [3196/3621] nano_3196.root
         -> 191 vertices (355 trig, 165 trig+kin events)
  [3197/3621] nano_3197.root
         -> 16 vertices (29 trig, 12 trig+kin events)
  [3198/3621] nano_3198.root
         -> 24 vertices (42 trig, 19 trig+kin events)
  [3199/3621] nano_3199.root
         -> 77 vertices (124 trig, 62 trig+kin events)
  [3200/3621] nano_3200.root
         -> 55 vertices (126 trig, 56 trig+kin events)
  [3201/3621] nano_3201.root
         -> 135 vertices (274 trig, 122 trig+kin events)
  [3202/3621] nano_3202.root
         -> 133 vertices (258 trig, 110 trig+kin events)
  [3203/3621] nano_3203.root
         -> 97 vertices (258 trig, 86 trig+kin events)
  [3204/3621] nano_3204.root
         -> 142 vertices (275 trig, 134 trig+kin events)
  [3205/3621] nano_3205.root
         -> 157 vertices (316 trig, 141 trig+kin events)
  [3206/3621] nano_3206.root
         -> 116 vertices (261 trig, 108 trig+kin events)
  [3207/3621] nano_3207.root
         -> 131 vertices (277 trig, 110 trig+kin events)
  [3208/3621] nano_3208.root
         -> 134 vertices (283 trig, 123 trig+kin events)
  [3209/3621] nano_3209.root
         -> 121 vertices (247 trig, 108 trig+kin events)
  [3210/3621] nano_3210.root
         -> 154 vertices (313 trig, 131 trig+kin events)
  [3211/3621] nano_3211.root
         -> 120 vertices (302 trig, 120 trig+kin events)
  [3212/3621] nano_3212.root
         -> 125 vertices (287 trig, 118 trig+kin events)
  [3213/3621] nano_3213.root
         -> 140 vertices (304 trig, 119 trig+kin events)
  [3214/3621] nano_3214.root
         -> 126 vertices (265 trig, 109 trig+kin events)
  [3215/3621] nano_3215.root
         -> 132 vertices (281 trig, 115 trig+kin events)
  [3216/3621] nano_3216.root
         -> 134 vertices (282 trig, 115 trig+kin events)
  [3217/3621] nano_3217.root
         -> 151 vertices (294 trig, 128 trig+kin events)
  [3218/3621] nano_3218.root
         -> 153 vertices (267 trig, 125 trig+kin events)
  [3219/3621] nano_3219.root
         -> 127 vertices (293 trig, 113 trig+kin events)
  [3220/3621] nano_3220.root
         -> 126 vertices (284 trig, 114 trig+kin events)
  [3221/3621] nano_3221.root
         -> 137 vertices (318 trig, 131 trig+kin events)
  [3222/3621] nano_3222.root
         -> 149 vertices (279 trig, 131 trig+kin events)
  [3223/3621] nano_3223.root
         -> 2 vertices (7 trig, 2 trig+kin events)
  [3224/3621] nano_3224.root
         -> 129 vertices (292 trig, 115 trig+kin events)
  [3225/3621] nano_3225.root
         -> 135 vertices (273 trig, 126 trig+kin events)
  [3226/3621] nano_3226.root
         -> 71 vertices (136 trig, 67 trig+kin events)
  [3227/3621] nano_3227.root
         -> 119 vertices (256 trig, 109 trig+kin events)
  [3228/3621] nano_3228.root
         -> 144 vertices (318 trig, 126 trig+kin events)
  [3229/3621] nano_3229.root
         -> 146 vertices (283 trig, 114 trig+kin events)
  [3230/3621] nano_3230.root
         -> 166 vertices (348 trig, 142 trig+kin events)
  [3231/3621] nano_3231.root
         -> 152 vertices (259 trig, 130 trig+kin events)
  [3232/3621] nano_3232.root
         -> 149 vertices (328 trig, 132 trig+kin events)
  [3233/3621] nano_3233.root
         -> 146 vertices (290 trig, 128 trig+kin events)
  [3234/3621] nano_3234.root
         -> 104 vertices (238 trig, 98 trig+kin events)
  [3235/3621] nano_3235.root
         -> 137 vertices (273 trig, 124 trig+kin events)
  [3236/3621] nano_3236.root
         -> 126 vertices (279 trig, 111 trig+kin events)
  [3237/3621] nano_3237.root
         -> 117 vertices (247 trig, 110 trig+kin events)
  [3238/3621] nano_3238.root
         -> 128 vertices (296 trig, 107 trig+kin events)
  [3239/3621] nano_3239.root
         -> 143 vertices (277 trig, 119 trig+kin events)
  [3240/3621] nano_3240.root
         -> 130 vertices (260 trig, 115 trig+kin events)
  [3241/3621] nano_3241.root
         -> 131 vertices (294 trig, 117 trig+kin events)
  [3242/3621] nano_3242.root
         -> 118 vertices (244 trig, 96 trig+kin events)
  [3243/3621] nano_3243.root
         -> 129 vertices (271 trig, 117 trig+kin events)
  [3244/3621] nano_3244.root
         -> 122 vertices (249 trig, 101 trig+kin events)
  [3245/3621] nano_3245.root
         -> 118 vertices (248 trig, 110 trig+kin events)
  [3246/3621] nano_3246.root
         -> 66 vertices (146 trig, 65 trig+kin events)
  [3247/3621] nano_3247.root
         -> 151 vertices (288 trig, 134 trig+kin events)
  [3248/3621] nano_3248.root
         -> 136 vertices (281 trig, 123 trig+kin events)
  [3249/3621] nano_3249.root
         -> 151 vertices (304 trig, 130 trig+kin events)
  [3250/3621] nano_3250.root
         -> 137 vertices (256 trig, 120 trig+kin events)
  [3251/3621] nano_3251.root
         -> 109 vertices (230 trig, 100 trig+kin events)
  [3252/3621] nano_3252.root
         -> 133 vertices (280 trig, 113 trig+kin events)
  [3253/3621] nano_3253.root
         -> 124 vertices (259 trig, 113 trig+kin events)
  [3254/3621] nano_3254.root
         -> 185 vertices (353 trig, 159 trig+kin events)
  [3255/3621] nano_3255.root
         -> 124 vertices (285 trig, 114 trig+kin events)
  [3256/3621] nano_3256.root
         -> 133 vertices (277 trig, 121 trig+kin events)
  [3257/3621] nano_3257.root
         -> 135 vertices (303 trig, 115 trig+kin events)
  [3258/3621] nano_3258.root
         -> 145 vertices (295 trig, 119 trig+kin events)
  [3259/3621] nano_3259.root
         -> 125 vertices (284 trig, 118 trig+kin events)
  [3260/3621] nano_3260.root
         -> 138 vertices (276 trig, 108 trig+kin events)
  [3261/3621] nano_3261.root
         -> 122 vertices (266 trig, 107 trig+kin events)
  [3262/3621] nano_3262.root
         -> 145 vertices (301 trig, 126 trig+kin events)
  [3263/3621] nano_3263.root
         -> 162 vertices (350 trig, 144 trig+kin events)
  [3264/3621] nano_3264.root
         -> 141 vertices (278 trig, 122 trig+kin events)
  [3265/3621] nano_3265.root
         -> 144 vertices (312 trig, 130 trig+kin events)
  [3266/3621] nano_3266.root
         -> 150 vertices (284 trig, 127 trig+kin events)
  [3267/3621] nano_3267.root
         -> 261 vertices (515 trig, 230 trig+kin events)
  [3268/3621] nano_3268.root
         -> 149 vertices (307 trig, 126 trig+kin events)
  [3269/3621] nano_3269.root
         -> 224 vertices (395 trig, 183 trig+kin events)
  [3270/3621] nano_3270.root
         -> 132 vertices (296 trig, 115 trig+kin events)
  [3271/3621] nano_3271.root
         -> 143 vertices (273 trig, 126 trig+kin events)
  [3272/3621] nano_3272.root
         -> 129 vertices (272 trig, 114 trig+kin events)
  [3273/3621] nano_3273.root
         -> 178 vertices (354 trig, 151 trig+kin events)
  [3274/3621] nano_3274.root
         -> 137 vertices (338 trig, 121 trig+kin events)
  [3275/3621] nano_3275.root
         -> 110 vertices (262 trig, 103 trig+kin events)
  [3276/3621] nano_3276.root
         -> 180 vertices (351 trig, 138 trig+kin events)
  [3277/3621] nano_3277.root
         -> 167 vertices (347 trig, 149 trig+kin events)
  [3278/3621] nano_3278.root
         -> 169 vertices (354 trig, 147 trig+kin events)
  [3279/3621] nano_3279.root
         -> 140 vertices (296 trig, 119 trig+kin events)
  [3280/3621] nano_3280.root
         -> 161 vertices (358 trig, 140 trig+kin events)
  [3281/3621] nano_3281.root
         -> 152 vertices (312 trig, 141 trig+kin events)
  [3282/3621] nano_3282.root
         -> 144 vertices (300 trig, 125 trig+kin events)
  [3283/3621] nano_3283.root
         -> 129 vertices (252 trig, 108 trig+kin events)
  [3284/3621] nano_3284.root
         -> 154 vertices (300 trig, 123 trig+kin events)
  [3285/3621] nano_3285.root
         -> 123 vertices (248 trig, 106 trig+kin events)
  [3286/3621] nano_3286.root
         -> 168 vertices (328 trig, 147 trig+kin events)
  [3287/3621] nano_3287.root
         -> 185 vertices (374 trig, 162 trig+kin events)
  [3288/3621] nano_3288.root
         -> 196 vertices (381 trig, 162 trig+kin events)
  [3289/3621] nano_3289.root
         -> 184 vertices (451 trig, 177 trig+kin events)
  [3290/3621] nano_3290.root
         -> 176 vertices (366 trig, 159 trig+kin events)
  [3291/3621] nano_3291.root
         -> 162 vertices (315 trig, 134 trig+kin events)
  [3292/3621] nano_3292.root
         -> 136 vertices (278 trig, 117 trig+kin events)
  [3293/3621] nano_3293.root
         -> 128 vertices (268 trig, 122 trig+kin events)
  [3294/3621] nano_3294.root
         -> 138 vertices (317 trig, 124 trig+kin events)
  [3295/3621] nano_3295.root
         -> 26 vertices (63 trig, 25 trig+kin events)
  [3296/3621] nano_3296.root
         -> 194 vertices (398 trig, 153 trig+kin events)
  [3297/3621] nano_3297.root
         -> 162 vertices (316 trig, 142 trig+kin events)
  [3298/3621] nano_3298.root
         -> 138 vertices (270 trig, 112 trig+kin events)
  [3299/3621] nano_3299.root
         -> 146 vertices (286 trig, 125 trig+kin events)
  [3300/3621] nano_3300.root
         -> 156 vertices (312 trig, 137 trig+kin events)
  [3301/3621] nano_3301.root
         -> 155 vertices (363 trig, 143 trig+kin events)
  [3302/3621] nano_3302.root
         -> 120 vertices (270 trig, 102 trig+kin events)
  [3303/3621] nano_3303.root
         -> 47 vertices (116 trig, 51 trig+kin events)
  [3304/3621] nano_3304.root
         -> 114 vertices (268 trig, 108 trig+kin events)
  [3305/3621] nano_3305.root
         -> 136 vertices (253 trig, 99 trig+kin events)
  [3306/3621] nano_3306.root
         -> 108 vertices (262 trig, 96 trig+kin events)
  [3307/3621] nano_3307.root
         -> 176 vertices (354 trig, 160 trig+kin events)
  [3308/3621] nano_3308.root
         -> 181 vertices (367 trig, 150 trig+kin events)
  [3309/3621] nano_3309.root
         -> 114 vertices (248 trig, 108 trig+kin events)
  [3310/3621] nano_3310.root
         -> 151 vertices (338 trig, 132 trig+kin events)
  [3311/3621] nano_3311.root
         -> 130 vertices (275 trig, 111 trig+kin events)
  [3312/3621] nano_3312.root
         -> 222 vertices (477 trig, 202 trig+kin events)
  [3313/3621] nano_3313.root
         -> 167 vertices (340 trig, 149 trig+kin events)
  [3314/3621] nano_3314.root
         -> 132 vertices (258 trig, 128 trig+kin events)
  [3315/3621] nano_3315.root
         -> 155 vertices (343 trig, 146 trig+kin events)
  [3316/3621] nano_3316.root
         -> 131 vertices (296 trig, 121 trig+kin events)
  [3317/3621] nano_3317.root
         -> 161 vertices (320 trig, 140 trig+kin events)
  [3318/3621] nano_3318.root
         -> 208 vertices (429 trig, 190 trig+kin events)
  [3319/3621] nano_3319.root
         -> 164 vertices (374 trig, 150 trig+kin events)
  [3320/3621] nano_3320.root
         -> 164 vertices (299 trig, 142 trig+kin events)
  [3321/3621] nano_3321.root
         -> 169 vertices (314 trig, 142 trig+kin events)
  [3322/3621] nano_3322.root
         -> 125 vertices (270 trig, 105 trig+kin events)
  [3323/3621] nano_3323.root
         -> 135 vertices (309 trig, 129 trig+kin events)
  [3324/3621] nano_3324.root
         -> 232 vertices (481 trig, 204 trig+kin events)
  [3325/3621] nano_3325.root
         -> 139 vertices (295 trig, 114 trig+kin events)
  [3326/3621] nano_3326.root
         -> 135 vertices (291 trig, 111 trig+kin events)
  [3327/3621] nano_3327.root
         -> 249 vertices (518 trig, 229 trig+kin events)
  [3328/3621] nano_3328.root
         -> 110 vertices (260 trig, 100 trig+kin events)
  [3329/3621] nano_3329.root
         -> 157 vertices (343 trig, 139 trig+kin events)
  [3330/3621] nano_3330.root
         -> 154 vertices (328 trig, 136 trig+kin events)
  [3331/3621] nano_3331.root
         -> 113 vertices (264 trig, 114 trig+kin events)
  [3332/3621] nano_3332.root
         -> 174 vertices (371 trig, 146 trig+kin events)
  [3333/3621] nano_3333.root
         -> 108 vertices (249 trig, 98 trig+kin events)
  [3334/3621] nano_3334.root
         -> 135 vertices (248 trig, 113 trig+kin events)
  [3335/3621] nano_3335.root
         -> 84 vertices (194 trig, 82 trig+kin events)
  [3336/3621] nano_3336.root
         -> 131 vertices (279 trig, 126 trig+kin events)
  [3337/3621] nano_3337.root
         -> 126 vertices (240 trig, 100 trig+kin events)
  [3338/3621] nano_3338.root
         -> 117 vertices (275 trig, 110 trig+kin events)
  [3339/3621] nano_3339.root
         -> 112 vertices (251 trig, 103 trig+kin events)
  [3340/3621] nano_3340.root
         -> 134 vertices (292 trig, 124 trig+kin events)
  [3341/3621] nano_3341.root
         -> 144 vertices (294 trig, 125 trig+kin events)
  [3342/3621] nano_3342.root
         -> 114 vertices (281 trig, 103 trig+kin events)
  [3343/3621] nano_3343.root
         -> 145 vertices (304 trig, 126 trig+kin events)
  [3344/3621] nano_3344.root
         -> 106 vertices (270 trig, 102 trig+kin events)
  [3345/3621] nano_3345.root
         -> 115 vertices (230 trig, 113 trig+kin events)
  [3346/3621] nano_3346.root
         -> 98 vertices (264 trig, 92 trig+kin events)
  [3347/3621] nano_3347.root
         -> 133 vertices (285 trig, 119 trig+kin events)
  [3348/3621] nano_3348.root
         -> 131 vertices (256 trig, 111 trig+kin events)
  [3349/3621] nano_3349.root
         -> 136 vertices (298 trig, 121 trig+kin events)
  [3350/3621] nano_3350.root
         -> 134 vertices (320 trig, 124 trig+kin events)
  [3351/3621] nano_3351.root
         -> 112 vertices (274 trig, 99 trig+kin events)
  [3352/3621] nano_3352.root
         -> 134 vertices (314 trig, 117 trig+kin events)
  [3353/3621] nano_3353.root
         -> 144 vertices (312 trig, 131 trig+kin events)
  [3354/3621] nano_3354.root
         -> 6 vertices (19 trig, 9 trig+kin events)
  [3355/3621] nano_3355.root
         -> 163 vertices (303 trig, 144 trig+kin events)
  [3356/3621] nano_3356.root
         -> 144 vertices (283 trig, 125 trig+kin events)
  [3357/3621] nano_3357.root
         -> 54 vertices (113 trig, 48 trig+kin events)
  [3358/3621] nano_3358.root
         -> 119 vertices (234 trig, 104 trig+kin events)
  [3359/3621] nano_3359.root
         -> 116 vertices (283 trig, 106 trig+kin events)
  [3360/3621] nano_3360.root
         -> 139 vertices (297 trig, 118 trig+kin events)
  [3361/3621] nano_3361.root
         -> 178 vertices (340 trig, 153 trig+kin events)
  [3362/3621] nano_3362.root
         -> 125 vertices (252 trig, 110 trig+kin events)
  [3363/3621] nano_3363.root
         -> 119 vertices (302 trig, 103 trig+kin events)
  [3364/3621] nano_3364.root
         -> 104 vertices (247 trig, 91 trig+kin events)
  [3365/3621] nano_3365.root
         -> 148 vertices (322 trig, 137 trig+kin events)
  [3366/3621] nano_3366.root
         -> 129 vertices (285 trig, 116 trig+kin events)
  [3367/3621] nano_3367.root
         -> 118 vertices (280 trig, 119 trig+kin events)
  [3368/3621] nano_3368.root
         -> 136 vertices (255 trig, 120 trig+kin events)
  [3369/3621] nano_3369.root
         -> 160 vertices (311 trig, 136 trig+kin events)
  [3370/3621] nano_3370.root
         -> 137 vertices (264 trig, 117 trig+kin events)
  [3371/3621] nano_3371.root
         -> 161 vertices (320 trig, 132 trig+kin events)
  [3372/3621] nano_3372.root
         -> 157 vertices (294 trig, 141 trig+kin events)
  [3373/3621] nano_3373.root
         -> 141 vertices (252 trig, 127 trig+kin events)
  [3374/3621] nano_3374.root
         -> 120 vertices (289 trig, 107 trig+kin events)
  [3375/3621] nano_3375.root
         -> 106 vertices (260 trig, 95 trig+kin events)
  [3376/3621] nano_3376.root
         -> 149 vertices (299 trig, 126 trig+kin events)
  [3377/3621] nano_3377.root
         -> 133 vertices (339 trig, 128 trig+kin events)
  [3378/3621] nano_3378.root
         -> 119 vertices (286 trig, 103 trig+kin events)
  [3379/3621] nano_3379.root
         -> 127 vertices (257 trig, 110 trig+kin events)
  [3380/3621] nano_3380.root
         -> 87 vertices (173 trig, 80 trig+kin events)
  [3381/3621] nano_3381.root
         -> 138 vertices (285 trig, 120 trig+kin events)
  [3382/3621] nano_3382.root
         -> 130 vertices (251 trig, 97 trig+kin events)
  [3383/3621] nano_3383.root
         -> 170 vertices (328 trig, 147 trig+kin events)
  [3384/3621] nano_3384.root
         -> 126 vertices (260 trig, 115 trig+kin events)
  [3385/3621] nano_3385.root
         -> 135 vertices (264 trig, 120 trig+kin events)
  [3386/3621] nano_3386.root
         -> 125 vertices (273 trig, 110 trig+kin events)
  [3387/3621] nano_3387.root
         -> 121 vertices (281 trig, 114 trig+kin events)
  [3388/3621] nano_3388.root
         -> 134 vertices (253 trig, 116 trig+kin events)
  [3389/3621] nano_3389.root
         -> 137 vertices (303 trig, 117 trig+kin events)
  [3390/3621] nano_3390.root
         -> 99 vertices (239 trig, 100 trig+kin events)
  [3391/3621] nano_3391.root
         -> 119 vertices (291 trig, 103 trig+kin events)
  [3392/3621] nano_3392.root
         -> 136 vertices (289 trig, 117 trig+kin events)
  [3393/3621] nano_3393.root
         -> 138 vertices (262 trig, 111 trig+kin events)
  [3394/3621] nano_3394.root
         -> 111 vertices (242 trig, 104 trig+kin events)
  [3395/3621] nano_3395.root
         -> 165 vertices (309 trig, 141 trig+kin events)
  [3396/3621] nano_3396.root
         -> 134 vertices (318 trig, 116 trig+kin events)
  [3397/3621] nano_3397.root
         -> 130 vertices (297 trig, 114 trig+kin events)
  [3398/3621] nano_3398.root
         -> 107 vertices (248 trig, 97 trig+kin events)
  [3399/3621] nano_3399.root
         -> 124 vertices (261 trig, 116 trig+kin events)
  [3400/3621] nano_3400.root
         -> 143 vertices (259 trig, 123 trig+kin events)
  [3401/3621] nano_3401.root
         -> 106 vertices (254 trig, 87 trig+kin events)
  [3402/3621] nano_3402.root
         -> 122 vertices (251 trig, 111 trig+kin events)
  [3403/3621] nano_3403.root
         -> 124 vertices (275 trig, 112 trig+kin events)
  [3404/3621] nano_3404.root
         -> 141 vertices (271 trig, 116 trig+kin events)
  [3405/3621] nano_3405.root
         -> 118 vertices (291 trig, 108 trig+kin events)
  [3406/3621] nano_3406.root
         -> 124 vertices (274 trig, 114 trig+kin events)
  [3407/3621] nano_3407.root
         -> 101 vertices (238 trig, 96 trig+kin events)
  [3408/3621] nano_3408.root
         -> 149 vertices (310 trig, 136 trig+kin events)
  [3409/3621] nano_3409.root
         -> 142 vertices (319 trig, 119 trig+kin events)
  [3410/3621] nano_3410.root
         -> 175 vertices (384 trig, 154 trig+kin events)
  [3411/3621] nano_3411.root
         -> 148 vertices (311 trig, 134 trig+kin events)
  [3412/3621] nano_3412.root
         -> 170 vertices (349 trig, 145 trig+kin events)
  [3413/3621] nano_3413.root
         -> 146 vertices (310 trig, 133 trig+kin events)
  [3414/3621] nano_3414.root
         -> 142 vertices (318 trig, 131 trig+kin events)
  [3415/3621] nano_3415.root
         -> 102 vertices (251 trig, 105 trig+kin events)
  [3416/3621] nano_3416.root
         -> 187 vertices (359 trig, 168 trig+kin events)
  [3417/3621] nano_3417.root
         -> 165 vertices (404 trig, 161 trig+kin events)
  [3418/3621] nano_3418.root
         -> 150 vertices (263 trig, 132 trig+kin events)
  [3419/3621] nano_3419.root
         -> 167 vertices (341 trig, 145 trig+kin events)
  [3420/3621] nano_3420.root
         -> 105 vertices (262 trig, 104 trig+kin events)
  [3421/3621] nano_3421.root
         -> 161 vertices (342 trig, 138 trig+kin events)
  [3422/3621] nano_3422.root
         -> 140 vertices (285 trig, 130 trig+kin events)
  [3423/3621] nano_3423.root
         -> 143 vertices (308 trig, 132 trig+kin events)
  [3424/3621] nano_3424.root
         -> 142 vertices (328 trig, 125 trig+kin events)
  [3425/3621] nano_3425.root
         -> 125 vertices (287 trig, 114 trig+kin events)
  [3426/3621] nano_3426.root
         -> 174 vertices (353 trig, 147 trig+kin events)
  [3427/3621] nano_3427.root
         -> 162 vertices (346 trig, 145 trig+kin events)
  [3428/3621] nano_3428.root
         -> 128 vertices (296 trig, 122 trig+kin events)
  [3429/3621] nano_3429.root
         -> 132 vertices (296 trig, 118 trig+kin events)
  [3430/3621] nano_3430.root
         -> 148 vertices (293 trig, 119 trig+kin events)
  [3431/3621] nano_3431.root
         -> 166 vertices (343 trig, 146 trig+kin events)
  [3432/3621] nano_3432.root
         -> 130 vertices (249 trig, 110 trig+kin events)
  [3433/3621] nano_3433.root
         -> 164 vertices (300 trig, 147 trig+kin events)
  [3434/3621] nano_3434.root
         -> 143 vertices (277 trig, 133 trig+kin events)
  [3435/3621] nano_3435.root
         -> 152 vertices (311 trig, 128 trig+kin events)
  [3436/3621] nano_3436.root
         -> 164 vertices (411 trig, 154 trig+kin events)
  [3437/3621] nano_3437.root
         -> 173 vertices (330 trig, 146 trig+kin events)
  [3438/3621] nano_3438.root
         -> 186 vertices (410 trig, 166 trig+kin events)
  [3439/3621] nano_3439.root
         -> 124 vertices (312 trig, 123 trig+kin events)
  [3440/3621] nano_3440.root
         -> 78 vertices (163 trig, 63 trig+kin events)
  [3441/3621] nano_3441.root
         -> 126 vertices (241 trig, 103 trig+kin events)
  [3442/3621] nano_3442.root
         -> 129 vertices (279 trig, 112 trig+kin events)
  [3443/3621] nano_3443.root
         -> 127 vertices (283 trig, 111 trig+kin events)
  [3444/3621] nano_3444.root
         -> 118 vertices (265 trig, 103 trig+kin events)
  [3445/3621] nano_3445.root
         -> 144 vertices (348 trig, 144 trig+kin events)
  [3446/3621] nano_3446.root
         -> 172 vertices (390 trig, 156 trig+kin events)
  [3447/3621] nano_3447.root
         -> 119 vertices (244 trig, 100 trig+kin events)
  [3448/3621] nano_3448.root
         -> 169 vertices (358 trig, 142 trig+kin events)
  [3449/3621] nano_3449.root
         -> 122 vertices (254 trig, 109 trig+kin events)
  [3450/3621] nano_3450.root
         -> 139 vertices (298 trig, 128 trig+kin events)
  [3451/3621] nano_3451.root
         -> 194 vertices (399 trig, 167 trig+kin events)
  [3452/3621] nano_3452.root
         -> 139 vertices (300 trig, 129 trig+kin events)
  [3453/3621] nano_3453.root
         -> 132 vertices (275 trig, 119 trig+kin events)
  [3454/3621] nano_3454.root
         -> 123 vertices (287 trig, 112 trig+kin events)
  [3455/3621] nano_3455.root
         -> 170 vertices (340 trig, 161 trig+kin events)
  [3456/3621] nano_3456.root
         -> 158 vertices (271 trig, 132 trig+kin events)
  [3457/3621] nano_3457.root
         -> 131 vertices (292 trig, 119 trig+kin events)
  [3458/3621] nano_3458.root
         -> 167 vertices (351 trig, 143 trig+kin events)
  [3459/3621] nano_3459.root
         -> 132 vertices (278 trig, 122 trig+kin events)
  [3460/3621] nano_3460.root
         -> 152 vertices (312 trig, 133 trig+kin events)
  [3461/3621] nano_3461.root
         -> 132 vertices (267 trig, 122 trig+kin events)
  [3462/3621] nano_3462.root
         -> 128 vertices (295 trig, 125 trig+kin events)
  [3463/3621] nano_3463.root
         -> 126 vertices (243 trig, 107 trig+kin events)
  [3464/3621] nano_3464.root
         -> 185 vertices (410 trig, 173 trig+kin events)
  [3465/3621] nano_3465.root
         -> 138 vertices (293 trig, 123 trig+kin events)
  [3466/3621] nano_3466.root
         -> 168 vertices (309 trig, 136 trig+kin events)
  [3467/3621] nano_3467.root
         -> 110 vertices (279 trig, 112 trig+kin events)
  [3468/3621] nano_3468.root
         -> 161 vertices (337 trig, 148 trig+kin events)
  [3469/3621] nano_3469.root
         -> 123 vertices (264 trig, 106 trig+kin events)
  [3470/3621] nano_3470.root
         -> 142 vertices (268 trig, 121 trig+kin events)
  [3471/3621] nano_3471.root
         -> 20 vertices (61 trig, 21 trig+kin events)
  [3472/3621] nano_3472.root
         -> 117 vertices (269 trig, 105 trig+kin events)
  [3473/3621] nano_3473.root
         -> 161 vertices (336 trig, 141 trig+kin events)
  [3474/3621] nano_3474.root
         -> 134 vertices (284 trig, 120 trig+kin events)
  [3475/3621] nano_3475.root
         -> 165 vertices (294 trig, 136 trig+kin events)
  [3476/3621] nano_3476.root
         -> 122 vertices (286 trig, 123 trig+kin events)
  [3477/3621] nano_3477.root
         -> 147 vertices (298 trig, 133 trig+kin events)
  [3478/3621] nano_3478.root
         -> 140 vertices (284 trig, 122 trig+kin events)
  [3479/3621] nano_3479.root
         -> 88 vertices (178 trig, 77 trig+kin events)
  [3480/3621] nano_3480.root
         -> 125 vertices (267 trig, 105 trig+kin events)
  [3481/3621] nano_3481.root
         -> 156 vertices (317 trig, 138 trig+kin events)
  [3482/3621] nano_3482.root
         -> 151 vertices (297 trig, 135 trig+kin events)
  [3483/3621] nano_3483.root
         -> 105 vertices (259 trig, 97 trig+kin events)
  [3484/3621] nano_3484.root
         -> 175 vertices (343 trig, 159 trig+kin events)
  [3485/3621] nano_3485.root
         -> 136 vertices (293 trig, 123 trig+kin events)
  [3486/3621] nano_3486.root
         -> 127 vertices (295 trig, 106 trig+kin events)
  [3487/3621] nano_3487.root
         -> 162 vertices (322 trig, 133 trig+kin events)
  [3488/3621] nano_3488.root
         -> 134 vertices (282 trig, 122 trig+kin events)
  [3489/3621] nano_3489.root
         -> 103 vertices (290 trig, 101 trig+kin events)
  [3490/3621] nano_3490.root
         -> 158 vertices (293 trig, 134 trig+kin events)
  [3491/3621] nano_3491.root
         -> 125 vertices (243 trig, 108 trig+kin events)
  [3492/3621] nano_3492.root
         -> 126 vertices (272 trig, 109 trig+kin events)
  [3493/3621] nano_3493.root
         -> 125 vertices (263 trig, 110 trig+kin events)
  [3494/3621] nano_3494.root
         -> 126 vertices (264 trig, 114 trig+kin events)
  [3495/3621] nano_3495.root
         -> 140 vertices (294 trig, 121 trig+kin events)
  [3496/3621] nano_3496.root
         -> 153 vertices (322 trig, 148 trig+kin events)
  [3497/3621] nano_3497.root
         -> 176 vertices (379 trig, 151 trig+kin events)
  [3498/3621] nano_3498.root
         -> 107 vertices (279 trig, 106 trig+kin events)
  [3499/3621] nano_3499.root
         -> 6 vertices (16 trig, 5 trig+kin events)
  [3500/3621] nano_3500.root
         -> 101 vertices (243 trig, 91 trig+kin events)
  [3501/3621] nano_3501.root
         -> 146 vertices (315 trig, 128 trig+kin events)
  [3502/3621] nano_3502.root
         -> 167 vertices (323 trig, 152 trig+kin events)
  [3503/3621] nano_3503.root
         -> 153 vertices (296 trig, 134 trig+kin events)
  [3504/3621] nano_3504.root
         -> 160 vertices (331 trig, 137 trig+kin events)
  [3505/3621] nano_3505.root
         -> 134 vertices (283 trig, 107 trig+kin events)
  [3506/3621] nano_3506.root
         -> 135 vertices (257 trig, 118 trig+kin events)
  [3507/3621] nano_3507.root
         -> 156 vertices (283 trig, 142 trig+kin events)
  [3508/3621] nano_3508.root
         -> 132 vertices (282 trig, 109 trig+kin events)
  [3509/3621] nano_3509.root
         -> 125 vertices (265 trig, 109 trig+kin events)
  [3510/3621] nano_3510.root
         -> 137 vertices (285 trig, 128 trig+kin events)
  [3511/3621] nano_3511.root
         -> 116 vertices (238 trig, 100 trig+kin events)
  [3512/3621] nano_3512.root
         -> 167 vertices (355 trig, 144 trig+kin events)
  [3513/3621] nano_3513.root
         -> 133 vertices (262 trig, 116 trig+kin events)
  [3514/3621] nano_3514.root
         -> 157 vertices (320 trig, 135 trig+kin events)
  [3515/3621] nano_3515.root
         -> 124 vertices (250 trig, 105 trig+kin events)
  [3516/3621] nano_3516.root
         -> 134 vertices (281 trig, 116 trig+kin events)
  [3517/3621] nano_3517.root
         -> 135 vertices (295 trig, 122 trig+kin events)
  [3518/3621] nano_3518.root
         -> 130 vertices (265 trig, 110 trig+kin events)
  [3519/3621] nano_3519.root
         -> 127 vertices (272 trig, 112 trig+kin events)
  [3520/3621] nano_3520.root
         -> 145 vertices (296 trig, 121 trig+kin events)
  [3521/3621] nano_3521.root
         -> 149 vertices (309 trig, 136 trig+kin events)
  [3522/3621] nano_3522.root
         -> 129 vertices (271 trig, 118 trig+kin events)
  [3523/3621] nano_3523.root
         -> 142 vertices (275 trig, 118 trig+kin events)
  [3524/3621] nano_3524.root
         -> 141 vertices (330 trig, 129 trig+kin events)
  [3525/3621] nano_3525.root
         -> 151 vertices (308 trig, 133 trig+kin events)
  [3526/3621] nano_3526.root
         -> 131 vertices (295 trig, 123 trig+kin events)
  [3527/3621] nano_3527.root
         -> 133 vertices (271 trig, 128 trig+kin events)
  [3528/3621] nano_3528.root
         -> 143 vertices (272 trig, 116 trig+kin events)
  [3529/3621] nano_3529.root
         -> 127 vertices (263 trig, 119 trig+kin events)
  [3530/3621] nano_3530.root
         -> 32 vertices (53 trig, 26 trig+kin events)
  [3531/3621] nano_3531.root
         -> 127 vertices (272 trig, 114 trig+kin events)
  [3532/3621] nano_3532.root
         -> 116 vertices (264 trig, 106 trig+kin events)
  [3533/3621] nano_3533.root
         -> 121 vertices (290 trig, 114 trig+kin events)
  [3534/3621] nano_3534.root
         -> 147 vertices (286 trig, 128 trig+kin events)
  [3535/3621] nano_3535.root
         -> 123 vertices (256 trig, 110 trig+kin events)
  [3536/3621] nano_3536.root
         -> 145 vertices (323 trig, 129 trig+kin events)
  [3537/3621] nano_3537.root
         -> 118 vertices (252 trig, 96 trig+kin events)
  [3538/3621] nano_3538.root
         -> 155 vertices (315 trig, 134 trig+kin events)
  [3539/3621] nano_3539.root
         -> 160 vertices (318 trig, 138 trig+kin events)
  [3540/3621] nano_3540.root
         -> 147 vertices (285 trig, 130 trig+kin events)
  [3541/3621] nano_3541.root
         -> 122 vertices (251 trig, 107 trig+kin events)
  [3542/3621] nano_3542.root
         -> 145 vertices (290 trig, 130 trig+kin events)
  [3543/3621] nano_3543.root
         -> 168 vertices (357 trig, 142 trig+kin events)
  [3544/3621] nano_3544.root
         -> 167 vertices (396 trig, 154 trig+kin events)
  [3545/3621] nano_3545.root
         -> 163 vertices (337 trig, 135 trig+kin events)
  [3546/3621] nano_3546.root
         -> 132 vertices (290 trig, 116 trig+kin events)
  [3547/3621] nano_3547.root
         -> 134 vertices (292 trig, 122 trig+kin events)
  [3548/3621] nano_3548.root
         -> 131 vertices (277 trig, 114 trig+kin events)
  [3549/3621] nano_3549.root
         -> 115 vertices (238 trig, 91 trig+kin events)
  [3550/3621] nano_3550.root
         -> 156 vertices (303 trig, 138 trig+kin events)
  [3551/3621] nano_3551.root
         -> 140 vertices (309 trig, 129 trig+kin events)
  [3552/3621] nano_3552.root
         -> 143 vertices (279 trig, 123 trig+kin events)
  [3553/3621] nano_3553.root
         -> 128 vertices (276 trig, 111 trig+kin events)
  [3554/3621] nano_3554.root
         -> 145 vertices (296 trig, 128 trig+kin events)
  [3555/3621] nano_3555.root
         -> 140 vertices (303 trig, 121 trig+kin events)
  [3556/3621] nano_3556.root
         -> 113 vertices (238 trig, 108 trig+kin events)
  [3557/3621] nano_3557.root
         -> 170 vertices (357 trig, 152 trig+kin events)
  [3558/3621] nano_3558.root
         -> 137 vertices (260 trig, 113 trig+kin events)
  [3559/3621] nano_3559.root
         -> 131 vertices (315 trig, 116 trig+kin events)
  [3560/3621] nano_3560.root
         -> 220 vertices (436 trig, 190 trig+kin events)
  [3561/3621] nano_3561.root
         -> 212 vertices (427 trig, 180 trig+kin events)
  [3562/3621] nano_3562.root
         -> 137 vertices (286 trig, 134 trig+kin events)
  [3563/3621] nano_3563.root
         -> 181 vertices (397 trig, 162 trig+kin events)
  [3564/3621] nano_3564.root
         -> 194 vertices (351 trig, 161 trig+kin events)
  [3565/3621] nano_3565.root
         -> 206 vertices (433 trig, 190 trig+kin events)
  [3566/3621] nano_3566.root
         -> 151 vertices (328 trig, 142 trig+kin events)
  [3567/3621] nano_3567.root
         -> 103 vertices (228 trig, 90 trig+kin events)
  [3568/3621] nano_3568.root
         -> 118 vertices (269 trig, 110 trig+kin events)
  [3569/3621] nano_3569.root
         -> 174 vertices (371 trig, 156 trig+kin events)
  [3570/3621] nano_3570.root
         -> 167 vertices (369 trig, 142 trig+kin events)
  [3571/3621] nano_3571.root
         -> 154 vertices (347 trig, 140 trig+kin events)
  [3572/3621] nano_3572.root
         -> 154 vertices (296 trig, 127 trig+kin events)
  [3573/3621] nano_3573.root
         -> 172 vertices (355 trig, 157 trig+kin events)
  [3574/3621] nano_3574.root
         -> 125 vertices (284 trig, 111 trig+kin events)
  [3575/3621] nano_3575.root
         -> 130 vertices (275 trig, 114 trig+kin events)
  [3576/3621] nano_3576.root
         -> 181 vertices (393 trig, 173 trig+kin events)
  [3577/3621] nano_3577.root
         -> 152 vertices (369 trig, 142 trig+kin events)
  [3578/3621] nano_3578.root
         -> 58 vertices (138 trig, 58 trig+kin events)
  [3579/3621] nano_3579.root
         -> 122 vertices (290 trig, 113 trig+kin events)
  [3580/3621] nano_3580.root
         -> 147 vertices (311 trig, 131 trig+kin events)
  [3581/3621] nano_3581.root
         -> 132 vertices (274 trig, 119 trig+kin events)
  [3582/3621] nano_3582.root
         -> 182 vertices (374 trig, 162 trig+kin events)
  [3583/3621] nano_3583.root
         -> 195 vertices (390 trig, 168 trig+kin events)
  [3584/3621] nano_3584.root
         -> 186 vertices (406 trig, 171 trig+kin events)
  [3585/3621] nano_3585.root
         -> 259 vertices (501 trig, 230 trig+kin events)
  [3586/3621] nano_3586.root
         -> 205 vertices (387 trig, 176 trig+kin events)
  [3587/3621] nano_3587.root
         -> 134 vertices (281 trig, 107 trig+kin events)
  [3588/3621] nano_3588.root
         -> 161 vertices (375 trig, 149 trig+kin events)
  [3589/3621] nano_3589.root
         -> 182 vertices (364 trig, 157 trig+kin events)
  [3590/3621] nano_3590.root
         -> 140 vertices (286 trig, 121 trig+kin events)
  [3591/3621] nano_3591.root
         -> 207 vertices (419 trig, 176 trig+kin events)
  [3592/3621] nano_3592.root
         -> 172 vertices (338 trig, 148 trig+kin events)
  [3593/3621] nano_3593.root
         -> 112 vertices (256 trig, 96 trig+kin events)
  [3594/3621] nano_3594.root
         -> 165 vertices (341 trig, 148 trig+kin events)
  [3595/3621] nano_3595.root
         -> 154 vertices (343 trig, 137 trig+kin events)
  [3596/3621] nano_3596.root
         -> 155 vertices (371 trig, 154 trig+kin events)
  [3597/3621] nano_3597.root
         -> 174 vertices (341 trig, 149 trig+kin events)
  [3598/3621] nano_3598.root
         -> 171 vertices (352 trig, 153 trig+kin events)
  [3599/3621] nano_3599.root
         -> 224 vertices (416 trig, 184 trig+kin events)
  [3600/3621] nano_3600.root
         -> 132 vertices (251 trig, 121 trig+kin events)
  [3601/3621] nano_3601.root
         -> 260 vertices (512 trig, 230 trig+kin events)
  [3602/3621] nano_3602.root
         -> 197 vertices (404 trig, 173 trig+kin events)
  [3603/3621] nano_3603.root
         -> 129 vertices (322 trig, 119 trig+kin events)
  [3604/3621] nano_3604.root
         -> 176 vertices (348 trig, 156 trig+kin events)
  [3605/3621] nano_3605.root
         -> 131 vertices (248 trig, 105 trig+kin events)
  [3606/3621] nano_3606.root
         -> 125 vertices (266 trig, 111 trig+kin events)
  [3607/3621] nano_3607.root
         -> 156 vertices (342 trig, 140 trig+kin events)
  [3608/3621] nano_3608.root
         -> 155 vertices (294 trig, 137 trig+kin events)
  [3609/3621] nano_3609.root
         -> 214 vertices (492 trig, 198 trig+kin events)
  [3610/3621] nano_3610.root
         -> 153 vertices (356 trig, 131 trig+kin events)
  [3611/3621] nano_3611.root
         -> 148 vertices (277 trig, 131 trig+kin events)
  [3612/3621] nano_3612.root
         -> 240 vertices (479 trig, 205 trig+kin events)
  [3613/3621] nano_3613.root
         -> 217 vertices (458 trig, 184 trig+kin events)
  [3614/3621] nano_3614.root
         -> 175 vertices (354 trig, 154 trig+kin events)
  [3615/3621] nano_3615.root
         -> 225 vertices (410 trig, 187 trig+kin events)
  [3616/3621] nano_3616.root
         -> 181 vertices (380 trig, 166 trig+kin events)
  [3617/3621] nano_3617.root
         -> 132 vertices (258 trig, 118 trig+kin events)
  [3618/3621] nano_3618.root
         -> 132 vertices (310 trig, 116 trig+kin events)
  [3619/3621] nano_3619.root
         -> 73 vertices (159 trig, 66 trig+kin events)
  [3620/3621] nano_3620.root
         -> 146 vertices (309 trig, 126 trig+kin events)
  [3621/3621] nano_3621.root
         -> 148 vertices (306 trig, 136 trig+kin events)

Saved QCD shard: /vols/cms/jtafoyav/parking/nanoaod_base_analysis_13/dqcd/_tools/shards_local/.tmp_1222505_qcd_QCD_Bin-PT-15to20_Fil-MuEnriched_TuneCP5_13p6TeV_pythia8.npz  (QCD_Bin-PT-15to20_Fil-MuEnriched_TuneCP5_13p6TeV_pythia8, 598,058 vertices)
