
=== QCD ===

[QCD] listing /pnfs/hep.ph.ic.ac.uk/data/cms/store/user/tafoyava/samples/bParking/2024
  1 PT-bin directories; taking ALL file(s) each
  -> 250923_140646/
    -> 0000/
         999 .root files collected under 0000
    -> 0001/
         1000 .root files collected under 0001
    -> 0002/
         948 .root files collected under 0002
       2947 .root files collected under 250923_140646
     2947 .root files collected under QCD_Bin-PT-80to120_Fil-MuEnriched_TuneCP5_13p6TeV_pythia8
  => 2947 QCD files over 1 bins

[QCD bin] QCD_Bin-PT-80to120_Fil-MuEnriched_TuneCP5_13p6TeV_pythia8  (xs = 96070 pb, 2947 of 2947 files)
/vols/cms/jtafoyav/parking/nanoaod_base_analysis_13/dqcd/nanoaod_base_analysis/data/software/lib/python3.9/site-packages/_distutils_hack/__init__.py:11: UserWarning: Distutils was imported before Setuptools, but importing Setuptools also replaces the `distutils` module in `sys.modules`. This may lead to undesirable behaviors or errors. To avoid these issues, avoid using distutils directly, ensure that setuptools is installed in the traditional way (e.g. not an editable install), and/or make sure that setuptools is always imported before distutils.
  warnings.warn(
/vols/cms/jtafoyav/parking/nanoaod_base_analysis_13/dqcd/nanoaod_base_analysis/data/software/lib/python3.9/site-packages/_distutils_hack/__init__.py:26: UserWarning: Setuptools is replacing distutils.
  warnings.warn("Setuptools is replacing distutils.")
  [1/2947] nano_1.root
         -> 645 vertices (1,363 trig, 540 trig+kin events)
  [2/2947] nano_10.root
         -> 621 vertices (1,376 trig, 546 trig+kin events)
  [3/2947] nano_100.root
         -> 875 vertices (2,068 trig, 790 trig+kin events)
  [4/2947] nano_101.root
         -> 613 vertices (1,491 trig, 555 trig+kin events)
  [5/2947] nano_102.root
         -> 787 vertices (1,739 trig, 686 trig+kin events)
  [6/2947] nano_103.root
         -> 643 vertices (1,489 trig, 586 trig+kin events)
  [7/2947] nano_104.root
         -> 1,115 vertices (2,591 trig, 963 trig+kin events)
  [8/2947] nano_105.root
         -> 1,112 vertices (2,529 trig, 966 trig+kin events)
  [9/2947] nano_106.root
         -> 1,107 vertices (2,508 trig, 973 trig+kin events)
  [10/2947] nano_107.root
         -> 1,118 vertices (2,572 trig, 986 trig+kin events)
  [11/2947] nano_108.root
         -> 906 vertices (1,859 trig, 759 trig+kin events)
  [12/2947] nano_109.root
         -> 641 vertices (1,539 trig, 580 trig+kin events)
  [13/2947] nano_11.root
         -> 618 vertices (1,423 trig, 543 trig+kin events)
  [14/2947] nano_110.root
         -> 1,089 vertices (2,542 trig, 985 trig+kin events)
  [15/2947] nano_111.root
         -> 797 vertices (1,768 trig, 708 trig+kin events)
  [16/2947] nano_112.root
         -> 699 vertices (1,701 trig, 642 trig+kin events)
  [17/2947] nano_113.root
         -> 699 vertices (1,671 trig, 645 trig+kin events)
  [18/2947] nano_114.root
         -> 678 vertices (1,354 trig, 555 trig+kin events)
  [19/2947] nano_115.root
         -> 1,097 vertices (2,421 trig, 924 trig+kin events)
  [20/2947] nano_116.root
         -> 1,093 vertices (2,555 trig, 973 trig+kin events)
  [21/2947] nano_117.root
         -> 719 vertices (1,574 trig, 616 trig+kin events)
  [22/2947] nano_118.root
         -> 706 vertices (1,640 trig, 647 trig+kin events)
  [23/2947] nano_119.root
         -> 554 vertices (1,251 trig, 467 trig+kin events)
  [24/2947] nano_12.root
         -> 551 vertices (1,249 trig, 494 trig+kin events)
  [25/2947] nano_120.root
         -> 653 vertices (1,517 trig, 601 trig+kin events)
  [26/2947] nano_121.root
         -> 621 vertices (1,456 trig, 564 trig+kin events)
  [27/2947] nano_122.root
         -> 1,064 vertices (2,443 trig, 960 trig+kin events)
  [28/2947] nano_123.root
         -> 1,130 vertices (2,499 trig, 978 trig+kin events)
  [29/2947] nano_124.root
         -> 1,182 vertices (2,644 trig, 975 trig+kin events)
  [30/2947] nano_125.root
         -> 1,077 vertices (2,584 trig, 990 trig+kin events)
  [31/2947] nano_126.root
         -> 739 vertices (1,720 trig, 646 trig+kin events)
  [32/2947] nano_127.root
         -> 622 vertices (1,494 trig, 554 trig+kin events)
  [33/2947] nano_128.root
         -> 1,127 vertices (2,489 trig, 983 trig+kin events)
  [34/2947] nano_129.root
         -> 738 vertices (1,805 trig, 667 trig+kin events)
  [35/2947] nano_13.root
         -> 583 vertices (1,352 trig, 517 trig+kin events)
  [36/2947] nano_130.root
         -> 941 vertices (2,018 trig, 807 trig+kin events)
  [37/2947] nano_131.root
         -> 1,120 vertices (2,620 trig, 1,022 trig+kin events)
  [38/2947] nano_132.root
         -> 554 vertices (1,375 trig, 546 trig+kin events)
  [39/2947] nano_133.root
         -> 879 vertices (2,100 trig, 782 trig+kin events)
  [40/2947] nano_134.root
         -> 1,033 vertices (2,581 trig, 983 trig+kin events)
  [41/2947] nano_135.root
         -> 598 vertices (1,381 trig, 532 trig+kin events)
  [42/2947] nano_136.root
         -> 700 vertices (1,600 trig, 605 trig+kin events)
  [43/2947] nano_137.root
         -> 1,058 vertices (2,596 trig, 947 trig+kin events)
  [44/2947] nano_138.root
         -> 1,201 vertices (2,608 trig, 1,000 trig+kin events)
  [45/2947] nano_139.root
         -> 1,081 vertices (2,473 trig, 970 trig+kin events)
  [46/2947] nano_14.root
         -> 407 vertices (882 trig, 334 trig+kin events)
  [47/2947] nano_140.root
         -> 1,083 vertices (2,513 trig, 967 trig+kin events)
  [48/2947] nano_141.root
         -> 997 vertices (2,284 trig, 870 trig+kin events)
  [49/2947] nano_142.root
         -> 1,063 vertices (2,498 trig, 967 trig+kin events)
  [50/2947] nano_143.root
         -> 1,153 vertices (2,623 trig, 991 trig+kin events)
  [51/2947] nano_144.root
         -> 1,114 vertices (2,541 trig, 1,018 trig+kin events)
  [52/2947] nano_145.root
         -> 1,094 vertices (2,539 trig, 966 trig+kin events)
  [53/2947] nano_146.root
         -> 680 vertices (1,567 trig, 583 trig+kin events)
  [54/2947] nano_147.root
         -> 1,069 vertices (2,590 trig, 976 trig+kin events)
  [55/2947] nano_148.root
         -> 1,102 vertices (2,541 trig, 993 trig+kin events)
  [56/2947] nano_149.root
         -> 1,072 vertices (2,552 trig, 985 trig+kin events)
  [57/2947] nano_15.root
         -> 555 vertices (1,330 trig, 512 trig+kin events)
  [58/2947] nano_150.root
         -> 699 vertices (1,683 trig, 629 trig+kin events)
  [59/2947] nano_151.root
         -> 670 vertices (1,635 trig, 590 trig+kin events)
  [60/2947] nano_152.root
         -> 1,119 vertices (2,632 trig, 1,006 trig+kin events)
  [61/2947] nano_153.root
         -> 965 vertices (2,309 trig, 868 trig+kin events)
  [62/2947] nano_154.root
         -> 647 vertices (1,617 trig, 582 trig+kin events)
  [63/2947] nano_155.root
         -> 1,159 vertices (2,581 trig, 1,021 trig+kin events)
  [64/2947] nano_156.root
         -> 924 vertices (2,145 trig, 804 trig+kin events)
  [65/2947] nano_157.root
         -> 590 vertices (1,443 trig, 525 trig+kin events)
  [66/2947] nano_158.root
         -> 1,032 vertices (2,275 trig, 913 trig+kin events)
  [67/2947] nano_159.root
         -> 643 vertices (1,380 trig, 565 trig+kin events)
  [68/2947] nano_16.root
         -> 114 vertices (304 trig, 106 trig+kin events)
  [69/2947] nano_160.root
         -> 1,006 vertices (2,599 trig, 948 trig+kin events)
  [70/2947] nano_161.root
         -> 953 vertices (2,041 trig, 801 trig+kin events)
  [71/2947] nano_162.root
         -> 1,120 vertices (2,510 trig, 991 trig+kin events)
  [72/2947] nano_163.root
         -> 1,129 vertices (2,629 trig, 1,012 trig+kin events)
  [73/2947] nano_164.root
         -> 580 vertices (1,387 trig, 545 trig+kin events)
  [74/2947] nano_165.root
         -> 734 vertices (1,745 trig, 696 trig+kin events)
  [75/2947] nano_166.root
         -> 872 vertices (2,187 trig, 833 trig+kin events)
  [76/2947] nano_167.root
         -> 1,146 vertices (2,516 trig, 959 trig+kin events)
  [77/2947] nano_168.root
         -> 655 vertices (1,437 trig, 573 trig+kin events)
  [78/2947] nano_169.root
         -> 565 vertices (1,294 trig, 493 trig+kin events)
  [79/2947] nano_17.root
         -> 1,111 vertices (2,530 trig, 986 trig+kin events)
  [80/2947] nano_170.root
         -> 710 vertices (1,712 trig, 642 trig+kin events)
  [81/2947] nano_171.root
         -> 536 vertices (1,223 trig, 484 trig+kin events)
  [82/2947] nano_172.root
         -> 1,077 vertices (2,589 trig, 984 trig+kin events)
  [83/2947] nano_173.root
         -> 784 vertices (1,827 trig, 701 trig+kin events)
  [84/2947] nano_174.root
         -> 1,132 vertices (2,527 trig, 989 trig+kin events)
  [85/2947] nano_175.root
         -> 1,095 vertices (2,568 trig, 984 trig+kin events)
  [86/2947] nano_176.root
         -> 1,057 vertices (2,493 trig, 944 trig+kin events)
  [87/2947] nano_177.root
         -> 890 vertices (2,084 trig, 788 trig+kin events)
  [88/2947] nano_178.root
         -> 1,132 vertices (2,521 trig, 978 trig+kin events)
  [89/2947] nano_179.root
         -> 1,141 vertices (2,537 trig, 989 trig+kin events)
  [90/2947] nano_18.root
         -> 656 vertices (1,459 trig, 596 trig+kin events)
  [91/2947] nano_180.root
         -> 589 vertices (1,395 trig, 543 trig+kin events)
  [92/2947] nano_181.root
         -> 1,037 vertices (2,356 trig, 902 trig+kin events)
  [93/2947] nano_182.root
         -> 524 vertices (1,079 trig, 440 trig+kin events)
  [94/2947] nano_183.root
         -> 875 vertices (2,151 trig, 825 trig+kin events)
  [95/2947] nano_184.root
         -> 709 vertices (1,636 trig, 649 trig+kin events)
  [96/2947] nano_185.root
         -> 1,079 vertices (2,445 trig, 950 trig+kin events)
  [97/2947] nano_186.root
         -> 542 vertices (1,335 trig, 493 trig+kin events)
  [98/2947] nano_187.root
         -> 726 vertices (1,775 trig, 648 trig+kin events)
  [99/2947] nano_188.root
         -> 580 vertices (1,290 trig, 481 trig+kin events)
  [100/2947] nano_189.root
         -> 1,072 vertices (2,550 trig, 945 trig+kin events)
  [101/2947] nano_19.root
         -> 763 vertices (1,813 trig, 705 trig+kin events)
  [102/2947] nano_190.root
         -> 612 vertices (1,389 trig, 531 trig+kin events)
  [103/2947] nano_191.root
         -> 539 vertices (1,263 trig, 485 trig+kin events)
  [104/2947] nano_192.root
         -> 988 vertices (2,136 trig, 829 trig+kin events)
  [105/2947] nano_193.root
         -> 18 vertices (39 trig, 15 trig+kin events)
  [106/2947] nano_194.root
         -> 781 vertices (1,894 trig, 726 trig+kin events)
  [107/2947] nano_195.root
         -> 621 vertices (1,322 trig, 530 trig+kin events)
  [108/2947] nano_196.root
         -> 644 vertices (1,569 trig, 572 trig+kin events)
  [109/2947] nano_197.root
         -> 619 vertices (1,442 trig, 543 trig+kin events)
  [110/2947] nano_198.root
         -> 688 vertices (1,568 trig, 586 trig+kin events)
  [111/2947] nano_199.root
         -> 931 vertices (2,254 trig, 873 trig+kin events)
  [112/2947] nano_2.root
         -> 202 vertices (463 trig, 180 trig+kin events)
  [113/2947] nano_20.root
         -> 859 vertices (1,925 trig, 766 trig+kin events)
  [114/2947] nano_200.root
         -> 1,137 vertices (2,635 trig, 993 trig+kin events)
  [115/2947] nano_201.root
         -> 591 vertices (1,376 trig, 514 trig+kin events)
  [116/2947] nano_202.root
         -> 928 vertices (2,167 trig, 826 trig+kin events)
  [117/2947] nano_203.root
         -> 614 vertices (1,432 trig, 539 trig+kin events)
  [118/2947] nano_204.root
         -> 1,078 vertices (2,406 trig, 921 trig+kin events)
  [119/2947] nano_205.root
         -> 1,037 vertices (2,426 trig, 955 trig+kin events)
  [120/2947] nano_206.root
         -> 545 vertices (1,349 trig, 522 trig+kin events)
  [121/2947] nano_207.root
         -> 1,077 vertices (2,630 trig, 976 trig+kin events)
  [122/2947] nano_208.root
         -> 1,060 vertices (2,456 trig, 930 trig+kin events)
  [123/2947] nano_209.root
         -> 1,045 vertices (2,516 trig, 940 trig+kin events)
  [124/2947] nano_21.root
         -> 866 vertices (1,841 trig, 694 trig+kin events)
  [125/2947] nano_210.root
         -> 760 vertices (1,766 trig, 678 trig+kin events)
  [126/2947] nano_211.root
         -> 750 vertices (1,623 trig, 636 trig+kin events)
  [127/2947] nano_212.root
         -> 1,087 vertices (2,516 trig, 971 trig+kin events)
  [128/2947] nano_213.root
         -> 575 vertices (1,365 trig, 525 trig+kin events)
  [129/2947] nano_214.root
         -> 663 vertices (1,451 trig, 571 trig+kin events)
  [130/2947] nano_215.root
         -> 638 vertices (1,490 trig, 550 trig+kin events)
  [131/2947] nano_216.root
         -> 559 vertices (1,360 trig, 515 trig+kin events)
  [132/2947] nano_217.root
         -> 652 vertices (1,473 trig, 561 trig+kin events)
  [133/2947] nano_218.root
         -> 452 vertices (1,000 trig, 384 trig+kin events)
  [134/2947] nano_219.root
         -> 1,051 vertices (2,519 trig, 966 trig+kin events)
  [135/2947] nano_22.root
         -> 659 vertices (1,450 trig, 588 trig+kin events)
  [136/2947] nano_220.root
         -> 727 vertices (1,749 trig, 670 trig+kin events)
  [137/2947] nano_221.root
         -> 866 vertices (2,117 trig, 817 trig+kin events)
  [138/2947] nano_222.root
         -> 1,200 vertices (2,568 trig, 1,010 trig+kin events)
  [139/2947] nano_223.root
         -> 1,117 vertices (2,566 trig, 1,002 trig+kin events)
  [140/2947] nano_224.root
         -> 1,036 vertices (2,583 trig, 976 trig+kin events)
  [141/2947] nano_225.root
         -> 1,117 vertices (2,499 trig, 955 trig+kin events)
  [142/2947] nano_226.root
         -> 1,027 vertices (2,541 trig, 959 trig+kin events)
  [143/2947] nano_227.root
         -> 1,123 vertices (2,532 trig, 1,013 trig+kin events)
  [144/2947] nano_228.root
         -> 1,165 vertices (2,599 trig, 1,007 trig+kin events)
  [145/2947] nano_229.root
         -> 1,018 vertices (2,570 trig, 939 trig+kin events)
  [146/2947] nano_23.root
         -> 1,033 vertices (2,496 trig, 977 trig+kin events)
  [147/2947] nano_230.root
         -> 1,138 vertices (2,567 trig, 1,004 trig+kin events)
  [148/2947] nano_231.root
         -> 717 vertices (1,699 trig, 645 trig+kin events)
  [149/2947] nano_232.root
         -> 777 vertices (1,861 trig, 708 trig+kin events)
  [150/2947] nano_233.root
         -> 1,099 vertices (2,614 trig, 987 trig+kin events)
  [151/2947] nano_234.root
         -> 1,051 vertices (2,531 trig, 971 trig+kin events)
  [152/2947] nano_235.root
         -> 864 vertices (2,058 trig, 811 trig+kin events)
  [153/2947] nano_236.root
         -> 736 vertices (1,716 trig, 669 trig+kin events)
  [154/2947] nano_237.root
         -> 705 vertices (1,582 trig, 634 trig+kin events)
  [155/2947] nano_238.root
         -> 1,077 vertices (2,477 trig, 955 trig+kin events)
  [156/2947] nano_239.root
         -> 1,081 vertices (2,536 trig, 968 trig+kin events)
  [157/2947] nano_24.root
         -> 623 vertices (1,383 trig, 546 trig+kin events)
  [158/2947] nano_240.root
         -> 1,081 vertices (2,506 trig, 940 trig+kin events)
  [159/2947] nano_241.root
         -> 690 vertices (1,632 trig, 622 trig+kin events)
  [160/2947] nano_242.root
         -> 607 vertices (1,471 trig, 545 trig+kin events)
  [161/2947] nano_243.root
         -> 628 vertices (1,450 trig, 582 trig+kin events)
  [162/2947] nano_244.root
         -> 829 vertices (1,964 trig, 760 trig+kin events)
  [163/2947] nano_245.root
         -> 875 vertices (2,098 trig, 783 trig+kin events)
  [164/2947] nano_246.root
         -> 787 vertices (1,727 trig, 670 trig+kin events)
  [165/2947] nano_247.root
         -> 995 vertices (2,372 trig, 905 trig+kin events)
  [166/2947] nano_248.root
         -> 1,121 vertices (2,576 trig, 961 trig+kin events)
  [167/2947] nano_249.root
         -> 1,124 vertices (2,576 trig, 1,027 trig+kin events)
  [168/2947] nano_25.root
         -> 823 vertices (2,028 trig, 734 trig+kin events)
  [169/2947] nano_250.root
         -> 758 vertices (1,787 trig, 683 trig+kin events)
  [170/2947] nano_251.root
         -> 181 vertices (372 trig, 150 trig+kin events)
  [171/2947] nano_252.root
         -> 649 vertices (1,486 trig, 568 trig+kin events)
  [172/2947] nano_253.root
         -> 967 vertices (2,156 trig, 848 trig+kin events)
  [173/2947] nano_254.root
         -> 817 vertices (1,909 trig, 727 trig+kin events)
  [174/2947] nano_255.root
         -> 1,203 vertices (2,603 trig, 1,004 trig+kin events)
  [175/2947] nano_256.root
         -> 881 vertices (2,069 trig, 791 trig+kin events)
  [176/2947] nano_257.root
         -> 627 vertices (1,482 trig, 550 trig+kin events)
  [177/2947] nano_258.root
         -> 539 vertices (1,178 trig, 467 trig+kin events)
  [178/2947] nano_259.root
         -> 1,143 vertices (2,596 trig, 1,031 trig+kin events)
  [179/2947] nano_26.root
         -> 861 vertices (1,945 trig, 728 trig+kin events)
  [180/2947] nano_260.root
         -> 934 vertices (2,114 trig, 830 trig+kin events)
  [181/2947] nano_261.root
         -> 80 vertices (193 trig, 68 trig+kin events)
  [182/2947] nano_262.root
         -> 733 vertices (1,766 trig, 646 trig+kin events)
  [183/2947] nano_263.root
         -> 1,024 vertices (2,603 trig, 952 trig+kin events)
  [184/2947] nano_264.root
         -> 664 vertices (1,533 trig, 569 trig+kin events)
  [185/2947] nano_265.root
         -> 1,114 vertices (2,590 trig, 974 trig+kin events)
  [186/2947] nano_266.root
         -> 747 vertices (1,698 trig, 681 trig+kin events)
  [187/2947] nano_267.root
         -> 1,074 vertices (2,534 trig, 934 trig+kin events)
  [188/2947] nano_268.root
         -> 852 vertices (2,208 trig, 816 trig+kin events)
  [189/2947] nano_269.root
         -> 1,131 vertices (2,589 trig, 939 trig+kin events)
  [190/2947] nano_27.root
         -> 967 vertices (2,167 trig, 856 trig+kin events)
  [191/2947] nano_270.root
         -> 1,126 vertices (2,483 trig, 948 trig+kin events)
  [192/2947] nano_271.root
         -> 1,125 vertices (2,595 trig, 1,027 trig+kin events)
  [193/2947] nano_272.root
         -> 736 vertices (1,769 trig, 648 trig+kin events)
  [194/2947] nano_273.root
         -> 104 vertices (234 trig, 97 trig+kin events)
  [195/2947] nano_274.root
         -> 728 vertices (1,633 trig, 642 trig+kin events)
  [196/2947] nano_275.root
         -> 631 vertices (1,383 trig, 534 trig+kin events)
  [197/2947] nano_276.root
         -> 1,074 vertices (2,587 trig, 966 trig+kin events)
  [198/2947] nano_277.root
         -> 608 vertices (1,504 trig, 536 trig+kin events)
  [199/2947] nano_278.root
         -> 564 vertices (1,366 trig, 519 trig+kin events)
  [200/2947] nano_279.root
         -> 710 vertices (1,692 trig, 640 trig+kin events)
  [201/2947] nano_28.root
         -> 638 vertices (1,551 trig, 597 trig+kin events)
  [202/2947] nano_280.root
         -> 523 vertices (1,261 trig, 481 trig+kin events)
  [203/2947] nano_281.root
         -> 1,052 vertices (2,474 trig, 979 trig+kin events)
  [204/2947] nano_282.root
         -> 655 vertices (1,525 trig, 563 trig+kin events)
  [205/2947] nano_283.root
         -> 935 vertices (2,272 trig, 865 trig+kin events)
  [206/2947] nano_284.root
         -> 1,122 vertices (2,481 trig, 945 trig+kin events)
  [207/2947] nano_285.root
         -> 1,111 vertices (2,579 trig, 974 trig+kin events)
  [208/2947] nano_286.root
         -> 1,151 vertices (2,494 trig, 998 trig+kin events)
  [209/2947] nano_287.root
         -> 814 vertices (1,789 trig, 723 trig+kin events)
  [210/2947] nano_288.root
         -> 955 vertices (2,154 trig, 821 trig+kin events)
  [211/2947] nano_289.root
         -> 567 vertices (1,309 trig, 485 trig+kin events)
  [212/2947] nano_29.root
         -> 1,044 vertices (2,354 trig, 912 trig+kin events)
  [213/2947] nano_290.root
         -> 692 vertices (1,528 trig, 639 trig+kin events)
  [214/2947] nano_291.root
         -> 686 vertices (1,611 trig, 607 trig+kin events)
  [215/2947] nano_292.root
         -> 1,133 vertices (2,494 trig, 961 trig+kin events)
  [216/2947] nano_293.root
         -> 948 vertices (1,990 trig, 801 trig+kin events)
  [217/2947] nano_294.root
         -> 1,100 vertices (2,508 trig, 969 trig+kin events)
  [218/2947] nano_295.root
         -> 511 vertices (1,120 trig, 458 trig+kin events)
  [219/2947] nano_296.root
         -> 636 vertices (1,452 trig, 579 trig+kin events)
  [220/2947] nano_297.root
         -> 392 vertices (877 trig, 333 trig+kin events)
  [221/2947] nano_298.root
         -> 716 vertices (1,554 trig, 604 trig+kin events)
  [222/2947] nano_299.root
         -> 1,106 vertices (2,623 trig, 1,003 trig+kin events)
  [223/2947] nano_3.root
         -> 549 vertices (1,315 trig, 492 trig+kin events)
  [224/2947] nano_30.root
         -> 1,197 vertices (2,582 trig, 995 trig+kin events)
  [225/2947] nano_300.root
         -> 1,148 vertices (2,508 trig, 1,001 trig+kin events)
  [226/2947] nano_301.root
         -> 671 vertices (1,494 trig, 573 trig+kin events)
  [227/2947] nano_302.root
         -> 659 vertices (1,486 trig, 591 trig+kin events)
  [228/2947] nano_303.root
         -> 1,077 vertices (2,541 trig, 975 trig+kin events)
  [229/2947] nano_304.root
         -> 664 vertices (1,500 trig, 588 trig+kin events)
  [230/2947] nano_305.root
         -> 682 vertices (1,557 trig, 597 trig+kin events)
  [231/2947] nano_306.root
         -> 1,138 vertices (2,578 trig, 1,027 trig+kin events)
  [232/2947] nano_307.root
         -> 681 vertices (1,553 trig, 595 trig+kin events)
  [233/2947] nano_308.root
         -> 712 vertices (1,460 trig, 583 trig+kin events)
  [234/2947] nano_309.root
         -> 1,053 vertices (2,520 trig, 941 trig+kin events)
  [235/2947] nano_31.root
         -> 591 vertices (1,329 trig, 532 trig+kin events)
  [236/2947] nano_310.root
         -> 663 vertices (1,472 trig, 561 trig+kin events)
  [237/2947] nano_311.root
         -> 645 vertices (1,436 trig, 561 trig+kin events)
  [238/2947] nano_312.root
         -> 600 vertices (1,267 trig, 499 trig+kin events)
  [239/2947] nano_313.root
         -> 571 vertices (1,265 trig, 489 trig+kin events)
  [240/2947] nano_314.root
         -> 1,133 vertices (2,631 trig, 1,016 trig+kin events)
  [241/2947] nano_315.root
         -> 1,074 vertices (2,476 trig, 935 trig+kin events)
  [242/2947] nano_316.root
         -> 1,169 vertices (2,610 trig, 1,006 trig+kin events)
  [243/2947] nano_317.root
         -> 708 vertices (1,647 trig, 614 trig+kin events)
  [244/2947] nano_318.root
         -> 699 vertices (1,562 trig, 637 trig+kin events)
  [245/2947] nano_319.root
         -> 1,001 vertices (2,483 trig, 931 trig+kin events)
  [246/2947] nano_32.root
         -> 1,075 vertices (2,525 trig, 954 trig+kin events)
  [247/2947] nano_320.root
         -> 1,116 vertices (2,426 trig, 978 trig+kin events)
  [248/2947] nano_321.root
         -> 610 vertices (1,429 trig, 533 trig+kin events)
  [249/2947] nano_322.root
         -> 780 vertices (1,805 trig, 722 trig+kin events)
  [250/2947] nano_323.root
         -> 1,073 vertices (2,602 trig, 954 trig+kin events)
  [251/2947] nano_324.root
         -> 710 vertices (1,573 trig, 628 trig+kin events)
  [252/2947] nano_325.root
         -> 1,120 vertices (2,556 trig, 974 trig+kin events)
  [253/2947] nano_326.root
         -> 674 vertices (1,631 trig, 626 trig+kin events)
  [254/2947] nano_327.root
         -> 505 vertices (1,278 trig, 474 trig+kin events)
  [255/2947] nano_328.root
         -> 781 vertices (1,781 trig, 683 trig+kin events)
  [256/2947] nano_329.root
         -> 586 vertices (1,360 trig, 526 trig+kin events)
  [257/2947] nano_33.root
         -> 564 vertices (1,264 trig, 498 trig+kin events)
  [258/2947] nano_330.root
         -> 839 vertices (1,962 trig, 759 trig+kin events)
  [259/2947] nano_331.root
         -> 287 vertices (673 trig, 276 trig+kin events)
  [260/2947] nano_332.root
         -> 1,096 vertices (2,539 trig, 947 trig+kin events)
  [261/2947] nano_333.root
         -> 692 vertices (1,636 trig, 622 trig+kin events)
  [262/2947] nano_334.root
         -> 645 vertices (1,378 trig, 540 trig+kin events)
  [263/2947] nano_335.root
         -> 793 vertices (1,938 trig, 719 trig+kin events)
  [264/2947] nano_336.root
         -> 630 vertices (1,472 trig, 548 trig+kin events)
  [265/2947] nano_337.root
         -> 1,037 vertices (2,450 trig, 957 trig+kin events)
  [266/2947] nano_338.root
         -> 1,087 vertices (2,580 trig, 992 trig+kin events)
  [267/2947] nano_339.root
         -> 1,111 vertices (2,514 trig, 964 trig+kin events)
  [268/2947] nano_34.root
         -> 606 vertices (1,535 trig, 552 trig+kin events)
  [269/2947] nano_340.root
         -> 643 vertices (1,542 trig, 557 trig+kin events)
  [270/2947] nano_341.root
         -> 1,161 vertices (2,546 trig, 986 trig+kin events)
  [271/2947] nano_342.root
         -> 1,105 vertices (2,596 trig, 1,034 trig+kin events)
  [272/2947] nano_343.root
         -> 1,147 vertices (2,602 trig, 1,007 trig+kin events)
  [273/2947] nano_344.root
         -> 1,103 vertices (2,593 trig, 970 trig+kin events)
  [274/2947] nano_345.root
         -> 769 vertices (1,700 trig, 632 trig+kin events)
  [275/2947] nano_346.root
         -> 575 vertices (1,363 trig, 518 trig+kin events)
  [276/2947] nano_347.root
         -> 604 vertices (1,406 trig, 529 trig+kin events)
  [277/2947] nano_348.root
         -> 916 vertices (2,135 trig, 791 trig+kin events)
  [278/2947] nano_349.root
         -> 1,034 vertices (2,545 trig, 934 trig+kin events)
  [279/2947] nano_35.root
         -> 681 vertices (1,519 trig, 583 trig+kin events)
  [280/2947] nano_350.root
         -> 871 vertices (1,901 trig, 768 trig+kin events)
  [281/2947] nano_351.root
         -> 922 vertices (2,209 trig, 818 trig+kin events)
  [282/2947] nano_352.root
         -> 1,108 vertices (2,542 trig, 938 trig+kin events)
  [283/2947] nano_353.root
         -> 716 vertices (1,472 trig, 595 trig+kin events)
  [284/2947] nano_354.root
         -> 1,194 vertices (2,574 trig, 982 trig+kin events)
  [285/2947] nano_355.root
         -> 602 vertices (1,487 trig, 564 trig+kin events)
  [286/2947] nano_356.root
         -> 1,085 vertices (2,607 trig, 980 trig+kin events)
  [287/2947] nano_357.root
         -> 931 vertices (2,309 trig, 870 trig+kin events)
  [288/2947] nano_358.root
         -> 1,035 vertices (2,587 trig, 948 trig+kin events)
  [289/2947] nano_359.root
         -> 623 vertices (1,441 trig, 559 trig+kin events)
  [290/2947] nano_36.root
         -> 1,077 vertices (2,531 trig, 939 trig+kin events)
  [291/2947] nano_360.root
         -> 733 vertices (1,734 trig, 689 trig+kin events)
  [292/2947] nano_361.root
         -> 585 vertices (1,403 trig, 520 trig+kin events)
  [293/2947] nano_362.root
         -> 889 vertices (1,858 trig, 738 trig+kin events)
  [294/2947] nano_363.root
         -> 1,110 vertices (2,567 trig, 971 trig+kin events)
  [295/2947] nano_364.root
         -> 796 vertices (1,847 trig, 694 trig+kin events)
  [296/2947] nano_365.root
         -> 1,012 vertices (2,231 trig, 881 trig+kin events)
  [297/2947] nano_366.root
         -> 1,123 vertices (2,588 trig, 1,012 trig+kin events)
  [298/2947] nano_367.root
         -> 723 vertices (1,739 trig, 644 trig+kin events)
  [299/2947] nano_368.root
         -> 682 vertices (1,590 trig, 595 trig+kin events)
  [300/2947] nano_369.root
         -> 960 vertices (2,303 trig, 884 trig+kin events)
  [301/2947] nano_37.root
         -> 852 vertices (1,943 trig, 720 trig+kin events)
  [302/2947] nano_370.root
         -> 682 vertices (1,433 trig, 542 trig+kin events)
  [303/2947] nano_371.root
         -> 759 vertices (1,797 trig, 697 trig+kin events)
  [304/2947] nano_372.root
         -> 1,112 vertices (2,586 trig, 969 trig+kin events)
  [305/2947] nano_373.root
         -> 516 vertices (1,265 trig, 485 trig+kin events)
  [306/2947] nano_374.root
         -> 45 vertices (129 trig, 44 trig+kin events)
  [307/2947] nano_375.root
         -> 884 vertices (2,128 trig, 833 trig+kin events)
  [308/2947] nano_376.root
         -> 1,077 vertices (2,483 trig, 978 trig+kin events)
  [309/2947] nano_377.root
         -> 947 vertices (2,417 trig, 881 trig+kin events)
  [310/2947] nano_378.root
         -> 939 vertices (2,198 trig, 833 trig+kin events)
  [311/2947] nano_379.root
         -> 1,085 vertices (2,523 trig, 962 trig+kin events)
  [312/2947] nano_38.root
         -> 1,042 vertices (2,500 trig, 966 trig+kin events)
  [313/2947] nano_380.root
         -> 1,028 vertices (2,285 trig, 906 trig+kin events)
  [314/2947] nano_381.root
         -> 759 vertices (1,793 trig, 700 trig+kin events)
  [315/2947] nano_382.root
         -> 253 vertices (639 trig, 249 trig+kin events)
  [316/2947] nano_383.root
         -> 1,044 vertices (2,605 trig, 983 trig+kin events)
  [317/2947] nano_384.root
         -> 1,168 vertices (2,578 trig, 1,009 trig+kin events)
  [318/2947] nano_385.root
         -> 1,169 vertices (2,631 trig, 1,040 trig+kin events)
  [319/2947] nano_386.root
         -> 743 vertices (1,651 trig, 654 trig+kin events)
  [320/2947] nano_387.root
         -> 617 vertices (1,426 trig, 551 trig+kin events)
  [321/2947] nano_388.root
         -> 1,153 vertices (2,565 trig, 957 trig+kin events)
  [322/2947] nano_389.root
         -> 844 vertices (1,943 trig, 749 trig+kin events)
  [323/2947] nano_39.root
         -> 1,112 vertices (2,588 trig, 966 trig+kin events)
  [324/2947] nano_390.root
         -> 931 vertices (2,302 trig, 841 trig+kin events)
  [325/2947] nano_391.root
         -> 1,044 vertices (2,572 trig, 932 trig+kin events)
  [326/2947] nano_392.root
         -> 702 vertices (1,719 trig, 647 trig+kin events)
  [327/2947] nano_393.root
         -> 1,001 vertices (2,442 trig, 949 trig+kin events)
  [328/2947] nano_394.root
         -> 900 vertices (2,100 trig, 785 trig+kin events)
  [329/2947] nano_395.root
         -> 346 vertices (771 trig, 297 trig+kin events)
  [330/2947] nano_396.root
         -> 610 vertices (1,383 trig, 532 trig+kin events)
  [331/2947] nano_397.root
         -> 1,100 vertices (2,595 trig, 979 trig+kin events)
  [332/2947] nano_398.root
         -> 797 vertices (1,841 trig, 704 trig+kin events)
  [333/2947] nano_399.root
         -> 753 vertices (1,606 trig, 638 trig+kin events)
  [334/2947] nano_4.root
         -> 570 vertices (1,369 trig, 528 trig+kin events)
  [335/2947] nano_40.root
         -> 980 vertices (2,227 trig, 880 trig+kin events)
  [336/2947] nano_400.root
         -> 679 vertices (1,608 trig, 595 trig+kin events)
  [337/2947] nano_401.root
         -> 1,105 vertices (2,529 trig, 981 trig+kin events)
  [338/2947] nano_402.root
         -> 612 vertices (1,357 trig, 540 trig+kin events)
  [339/2947] nano_403.root
         -> 616 vertices (1,414 trig, 523 trig+kin events)
  [340/2947] nano_404.root
         -> 1,103 vertices (2,541 trig, 999 trig+kin events)
  [341/2947] nano_405.root
         -> 1,116 vertices (2,431 trig, 961 trig+kin events)
  [342/2947] nano_406.root
         -> 623 vertices (1,388 trig, 502 trig+kin events)
  [343/2947] nano_407.root
         -> 760 vertices (1,858 trig, 694 trig+kin events)
  [344/2947] nano_408.root
         -> 1,183 vertices (2,551 trig, 1,017 trig+kin events)
  [345/2947] nano_409.root
         -> 1,081 vertices (2,604 trig, 989 trig+kin events)
  [346/2947] nano_41.root
         -> 1,114 vertices (2,496 trig, 992 trig+kin events)
  [347/2947] nano_410.root
         -> 1,150 vertices (2,518 trig, 963 trig+kin events)
  [348/2947] nano_411.root
         -> 677 vertices (1,669 trig, 614 trig+kin events)
  [349/2947] nano_412.root
         -> 784 vertices (1,798 trig, 696 trig+kin events)
  [350/2947] nano_413.root
         -> 1,109 vertices (2,550 trig, 997 trig+kin events)
  [351/2947] nano_414.root
         -> 1,121 vertices (2,600 trig, 1,006 trig+kin events)
  [352/2947] nano_415.root
         -> 1,140 vertices (2,529 trig, 987 trig+kin events)
  [353/2947] nano_416.root
         -> 1,114 vertices (2,484 trig, 991 trig+kin events)
  [354/2947] nano_417.root
         -> 1,127 vertices (2,517 trig, 983 trig+kin events)
  [355/2947] nano_418.root
         -> 146 vertices (329 trig, 125 trig+kin events)
  [356/2947] nano_419.root
         -> 570 vertices (1,459 trig, 552 trig+kin events)
  [357/2947] nano_42.root
         -> 1,091 vertices (2,575 trig, 959 trig+kin events)
  [358/2947] nano_420.root
         -> 545 vertices (1,384 trig, 497 trig+kin events)
  [359/2947] nano_421.root
         -> 1,130 vertices (2,480 trig, 983 trig+kin events)
  [360/2947] nano_422.root
         -> 556 vertices (1,282 trig, 507 trig+kin events)
  [361/2947] nano_423.root
         -> 964 vertices (2,286 trig, 870 trig+kin events)
  [362/2947] nano_424.root
         -> 1,143 vertices (2,606 trig, 1,003 trig+kin events)
  [363/2947] nano_425.root
         -> 814 vertices (2,007 trig, 736 trig+kin events)
  [364/2947] nano_426.root
         -> 1,134 vertices (2,586 trig, 1,029 trig+kin events)
  [365/2947] nano_427.root
         -> 633 vertices (1,392 trig, 536 trig+kin events)
  [366/2947] nano_428.root
         -> 562 vertices (1,367 trig, 495 trig+kin events)
  [367/2947] nano_429.root
         -> 686 vertices (1,630 trig, 599 trig+kin events)
  [368/2947] nano_43.root
         -> 752 vertices (1,714 trig, 666 trig+kin events)
  [369/2947] nano_430.root
         -> 625 vertices (1,537 trig, 558 trig+kin events)
  [370/2947] nano_431.root
         -> 566 vertices (1,362 trig, 484 trig+kin events)
  [371/2947] nano_432.root
         -> 539 vertices (1,297 trig, 480 trig+kin events)
  [372/2947] nano_433.root
         -> 1,066 vertices (2,495 trig, 933 trig+kin events)
  [373/2947] nano_434.root
         -> 679 vertices (1,539 trig, 574 trig+kin events)
  [374/2947] nano_435.root
         -> 604 vertices (1,419 trig, 543 trig+kin events)
  [375/2947] nano_436.root
         -> 1,277 vertices (2,586 trig, 1,040 trig+kin events)
  [376/2947] nano_437.root
         -> 585 vertices (1,294 trig, 489 trig+kin events)
  [377/2947] nano_438.root
         -> 979 vertices (2,314 trig, 896 trig+kin events)
  [378/2947] nano_439.root
         -> 1,118 vertices (2,513 trig, 965 trig+kin events)
  [379/2947] nano_44.root
         -> 494 vertices (1,061 trig, 431 trig+kin events)
  [380/2947] nano_440.root
         -> 1,011 vertices (2,180 trig, 863 trig+kin events)
  [381/2947] nano_441.root
         -> 1,079 vertices (2,610 trig, 949 trig+kin events)
  [382/2947] nano_442.root
         -> 692 vertices (1,606 trig, 617 trig+kin events)
  [383/2947] nano_443.root
         -> 583 vertices (1,311 trig, 522 trig+kin events)
  [384/2947] nano_444.root
         -> 632 vertices (1,546 trig, 607 trig+kin events)
  [385/2947] nano_445.root
         -> 1,115 vertices (2,626 trig, 1,018 trig+kin events)
  [386/2947] nano_446.root
         -> 729 vertices (1,743 trig, 646 trig+kin events)
  [387/2947] nano_447.root
         -> 1,032 vertices (2,509 trig, 927 trig+kin events)
  [388/2947] nano_448.root
         -> 1,107 vertices (2,515 trig, 955 trig+kin events)
  [389/2947] nano_449.root
         -> 821 vertices (1,827 trig, 707 trig+kin events)
  [390/2947] nano_45.root
         -> 1,112 vertices (2,640 trig, 976 trig+kin events)
  [391/2947] nano_450.root
         -> 1,137 vertices (2,534 trig, 995 trig+kin events)
  [392/2947] nano_451.root
         -> 719 vertices (1,421 trig, 571 trig+kin events)
  [393/2947] nano_452.root
         -> 550 vertices (1,319 trig, 499 trig+kin events)
  [394/2947] nano_453.root
         -> 628 vertices (1,481 trig, 563 trig+kin events)
  [395/2947] nano_454.root
         -> 1,142 vertices (2,631 trig, 1,006 trig+kin events)
  [396/2947] nano_455.root
         -> 589 vertices (1,450 trig, 559 trig+kin events)
  [397/2947] nano_456.root
         -> 1,091 vertices (2,536 trig, 976 trig+kin events)
  [398/2947] nano_457.root
         -> 855 vertices (1,993 trig, 741 trig+kin events)
  [399/2947] nano_458.root
         -> 916 vertices (2,295 trig, 831 trig+kin events)
  [400/2947] nano_459.root
         -> 591 vertices (1,280 trig, 514 trig+kin events)
  [401/2947] nano_46.root
         -> 689 vertices (1,435 trig, 563 trig+kin events)
  [402/2947] nano_460.root
         -> 585 vertices (1,375 trig, 522 trig+kin events)
  [403/2947] nano_461.root
         -> 615 vertices (1,462 trig, 535 trig+kin events)
  [404/2947] nano_462.root
         -> 1,147 vertices (2,520 trig, 959 trig+kin events)
  [405/2947] nano_463.root
         -> 651 vertices (1,447 trig, 560 trig+kin events)
  [406/2947] nano_464.root
         -> 1,076 vertices (2,535 trig, 987 trig+kin events)
  [407/2947] nano_465.root
         -> 1,153 vertices (2,566 trig, 994 trig+kin events)
  [408/2947] nano_466.root
         -> 1,119 vertices (2,573 trig, 1,006 trig+kin events)
  [409/2947] nano_467.root
         -> 1,103 vertices (2,526 trig, 955 trig+kin events)
  [410/2947] nano_468.root
         -> 1,122 vertices (2,619 trig, 981 trig+kin events)
  [411/2947] nano_469.root
         -> 602 vertices (1,327 trig, 487 trig+kin events)
  [412/2947] nano_47.root
         -> 1,043 vertices (2,505 trig, 957 trig+kin events)
  [413/2947] nano_470.root
         -> 654 vertices (1,427 trig, 573 trig+kin events)
  [414/2947] nano_471.root
         -> 1,115 vertices (2,596 trig, 989 trig+kin events)
  [415/2947] nano_472.root
         -> 1,039 vertices (2,346 trig, 898 trig+kin events)
  [416/2947] nano_473.root
         -> 879 vertices (2,042 trig, 775 trig+kin events)
  [417/2947] nano_474.root
         -> 956 vertices (2,275 trig, 864 trig+kin events)
  [418/2947] nano_475.root
         -> 738 vertices (1,686 trig, 656 trig+kin events)
  [419/2947] nano_476.root
         -> 588 vertices (1,397 trig, 534 trig+kin events)
  [420/2947] nano_477.root
         -> 603 vertices (1,478 trig, 557 trig+kin events)
  [421/2947] nano_478.root
         -> 1,049 vertices (2,556 trig, 979 trig+kin events)
  [422/2947] nano_479.root
         -> 1,028 vertices (2,414 trig, 910 trig+kin events)
  [423/2947] nano_48.root
         -> 723 vertices (1,655 trig, 635 trig+kin events)
  [424/2947] nano_480.root
         -> 1,147 vertices (2,599 trig, 1,006 trig+kin events)
  [425/2947] nano_481.root
         -> 1,156 vertices (2,581 trig, 1,026 trig+kin events)
  [426/2947] nano_482.root
         -> 1,120 vertices (2,590 trig, 1,031 trig+kin events)
  [427/2947] nano_483.root
         -> 600 vertices (1,363 trig, 531 trig+kin events)
  [428/2947] nano_484.root
         -> 1,065 vertices (2,558 trig, 989 trig+kin events)
  [429/2947] nano_485.root
         -> 1,080 vertices (2,449 trig, 921 trig+kin events)
  [430/2947] nano_486.root
         -> 1,110 vertices (2,532 trig, 964 trig+kin events)
  [431/2947] nano_487.root
         -> 527 vertices (1,231 trig, 488 trig+kin events)
  [432/2947] nano_488.root
         -> 1,178 vertices (2,675 trig, 1,035 trig+kin events)
  [433/2947] nano_489.root
         -> 704 vertices (1,749 trig, 650 trig+kin events)
  [434/2947] nano_49.root
         -> 784 vertices (1,744 trig, 716 trig+kin events)
  [435/2947] nano_490.root
         -> 1,065 vertices (2,500 trig, 930 trig+kin events)
  [436/2947] nano_491.root
         -> 626 vertices (1,363 trig, 540 trig+kin events)
  [437/2947] nano_492.root
         -> 680 vertices (1,659 trig, 641 trig+kin events)
  [438/2947] nano_493.root
         -> 1,100 vertices (2,615 trig, 1,006 trig+kin events)
  [439/2947] nano_494.root
         -> 577 vertices (1,262 trig, 483 trig+kin events)
  [440/2947] nano_495.root
         -> 556 vertices (1,282 trig, 477 trig+kin events)
  [441/2947] nano_496.root
         -> 1,169 vertices (2,585 trig, 1,026 trig+kin events)
  [442/2947] nano_497.root
         -> 751 vertices (1,871 trig, 709 trig+kin events)
  [443/2947] nano_498.root
         -> 725 vertices (1,706 trig, 662 trig+kin events)
  [444/2947] nano_499.root
         -> 1,110 vertices (2,584 trig, 1,005 trig+kin events)
  [445/2947] nano_5.root
         -> 622 vertices (1,387 trig, 524 trig+kin events)
  [446/2947] nano_50.root
         -> 1,017 vertices (2,275 trig, 857 trig+kin events)
  [447/2947] nano_500.root
         -> 1,082 vertices (2,587 trig, 987 trig+kin events)
  [448/2947] nano_501.root
         -> 986 vertices (2,339 trig, 876 trig+kin events)
  [449/2947] nano_502.root
         -> 1,110 vertices (2,483 trig, 950 trig+kin events)
  [450/2947] nano_503.root
         -> 692 vertices (1,490 trig, 567 trig+kin events)
  [451/2947] nano_504.root
         -> 960 vertices (2,309 trig, 856 trig+kin events)
  [452/2947] nano_505.root
         -> 915 vertices (2,140 trig, 824 trig+kin events)
  [453/2947] nano_506.root
         -> 632 vertices (1,275 trig, 495 trig+kin events)
  [454/2947] nano_507.root
         -> 1,127 vertices (2,607 trig, 963 trig+kin events)
  [455/2947] nano_508.root
         -> 1,043 vertices (2,447 trig, 927 trig+kin events)
  [456/2947] nano_509.root
         -> 1,063 vertices (2,507 trig, 976 trig+kin events)
  [457/2947] nano_51.root
         -> 798 vertices (1,907 trig, 726 trig+kin events)
  [458/2947] nano_510.root
         -> 772 vertices (1,572 trig, 624 trig+kin events)
  [459/2947] nano_511.root
         -> 739 vertices (1,641 trig, 615 trig+kin events)
  [460/2947] nano_512.root
         -> 1,161 vertices (2,663 trig, 1,039 trig+kin events)
  [461/2947] nano_513.root
         -> 884 vertices (2,019 trig, 789 trig+kin events)
  [462/2947] nano_514.root
         -> 597 vertices (1,430 trig, 529 trig+kin events)
  [463/2947] nano_515.root
         -> 1,064 vertices (2,618 trig, 967 trig+kin events)
  [464/2947] nano_516.root
         -> 1,144 vertices (2,581 trig, 978 trig+kin events)
  [465/2947] nano_517.root
         -> 1,101 vertices (2,441 trig, 965 trig+kin events)
  [466/2947] nano_518.root
         -> 1,137 vertices (2,520 trig, 1,017 trig+kin events)
  [467/2947] nano_519.root
         -> 712 vertices (1,757 trig, 663 trig+kin events)
  [468/2947] nano_52.root
         -> 1,170 vertices (2,598 trig, 1,007 trig+kin events)
  [469/2947] nano_520.root
         -> 415 vertices (906 trig, 351 trig+kin events)
  [470/2947] nano_521.root
         -> 1,230 vertices (2,539 trig, 1,026 trig+kin events)
  [471/2947] nano_522.root
         -> 231 vertices (533 trig, 209 trig+kin events)
  [472/2947] nano_523.root
         -> 975 vertices (2,418 trig, 883 trig+kin events)
  [473/2947] nano_524.root
         -> 727 vertices (1,672 trig, 622 trig+kin events)
  [474/2947] nano_525.root
         -> 569 vertices (1,469 trig, 536 trig+kin events)
  [475/2947] nano_526.root
         -> 640 vertices (1,569 trig, 599 trig+kin events)
  [476/2947] nano_527.root
         -> 1,099 vertices (2,582 trig, 980 trig+kin events)
  [477/2947] nano_528.root
         -> 895 vertices (1,956 trig, 761 trig+kin events)
  [478/2947] nano_529.root
         -> 694 vertices (1,708 trig, 640 trig+kin events)
  [479/2947] nano_53.root
         -> 665 vertices (1,415 trig, 551 trig+kin events)
  [480/2947] nano_530.root
         -> 1,118 vertices (2,527 trig, 962 trig+kin events)
  [481/2947] nano_531.root
         -> 605 vertices (1,351 trig, 560 trig+kin events)
  [482/2947] nano_532.root
         -> 668 vertices (1,517 trig, 572 trig+kin events)
  [483/2947] nano_533.root
         -> 1,124 vertices (2,577 trig, 1,006 trig+kin events)
  [484/2947] nano_534.root
         -> 706 vertices (1,575 trig, 599 trig+kin events)
  [485/2947] nano_535.root
         -> 1,103 vertices (2,534 trig, 1,004 trig+kin events)
  [486/2947] nano_536.root
         -> 591 vertices (1,290 trig, 497 trig+kin events)
  [487/2947] nano_537.root
         -> 768 vertices (1,819 trig, 671 trig+kin events)
  [488/2947] nano_538.root
         -> 515 vertices (1,297 trig, 475 trig+kin events)
  [489/2947] nano_539.root
         -> 795 vertices (1,845 trig, 726 trig+kin events)
  [490/2947] nano_54.root
         -> 698 vertices (1,482 trig, 611 trig+kin events)
  [491/2947] nano_540.root
         -> 764 vertices (1,909 trig, 709 trig+kin events)
  [492/2947] nano_541.root
         -> 1,046 vertices (2,533 trig, 973 trig+kin events)
  [493/2947] nano_542.root
         -> 1,152 vertices (2,520 trig, 989 trig+kin events)
  [494/2947] nano_543.root
         -> 1,204 vertices (2,631 trig, 1,024 trig+kin events)
  [495/2947] nano_544.root
         -> 767 vertices (1,707 trig, 635 trig+kin events)
  [496/2947] nano_545.root
         -> 1,124 vertices (2,481 trig, 988 trig+kin events)
  [497/2947] nano_546.root
         -> 706 vertices (1,580 trig, 599 trig+kin events)
  [498/2947] nano_547.root
         -> 536 vertices (1,359 trig, 506 trig+kin events)
  [499/2947] nano_548.root
         -> 1,050 vertices (2,498 trig, 938 trig+kin events)
  [500/2947] nano_549.root
         -> 661 vertices (1,570 trig, 606 trig+kin events)
  [501/2947] nano_55.root
         -> 742 vertices (1,616 trig, 627 trig+kin events)
  [502/2947] nano_550.root
         -> 922 vertices (2,103 trig, 805 trig+kin events)
  [503/2947] nano_551.root
         -> 598 vertices (1,495 trig, 540 trig+kin events)
  [504/2947] nano_552.root
         -> 573 vertices (1,391 trig, 516 trig+kin events)
  [505/2947] nano_553.root
         -> 748 vertices (1,760 trig, 714 trig+kin events)
  [506/2947] nano_554.root
         -> 787 vertices (1,772 trig, 711 trig+kin events)
  [507/2947] nano_555.root
         -> 797 vertices (1,686 trig, 665 trig+kin events)
  [508/2947] nano_556.root
         -> 1,116 vertices (2,534 trig, 989 trig+kin events)
  [509/2947] nano_557.root
         -> 583 vertices (1,532 trig, 579 trig+kin events)
  [510/2947] nano_558.root
         -> 1,110 vertices (2,575 trig, 983 trig+kin events)
  [511/2947] nano_559.root
         -> 617 vertices (1,486 trig, 531 trig+kin events)
  [512/2947] nano_56.root
         -> 1,163 vertices (2,634 trig, 1,041 trig+kin events)
  [513/2947] nano_560.root
         -> 628 vertices (1,488 trig, 570 trig+kin events)
  [514/2947] nano_561.root
         -> 1,016 vertices (2,531 trig, 947 trig+kin events)
  [515/2947] nano_562.root
         -> 989 vertices (2,264 trig, 886 trig+kin events)
  [516/2947] nano_563.root
         -> 1,052 vertices (2,499 trig, 947 trig+kin events)
  [517/2947] nano_564.root
         -> 426 vertices (962 trig, 376 trig+kin events)
  [518/2947] nano_565.root
         -> 727 vertices (1,621 trig, 633 trig+kin events)
  [519/2947] nano_566.root
         -> 587 vertices (1,300 trig, 505 trig+kin events)
  [520/2947] nano_567.root
         -> 628 vertices (1,602 trig, 572 trig+kin events)
  [521/2947] nano_568.root
         -> 626 vertices (1,317 trig, 511 trig+kin events)
  [522/2947] nano_569.root
         -> 988 vertices (2,483 trig, 917 trig+kin events)
  [523/2947] nano_57.root
         -> 595 vertices (1,356 trig, 542 trig+kin events)
  [524/2947] nano_570.root
         -> 1,066 vertices (2,493 trig, 942 trig+kin events)
  [525/2947] nano_571.root
         -> 1,008 vertices (2,524 trig, 940 trig+kin events)
  [526/2947] nano_572.root
         -> 576 vertices (1,340 trig, 512 trig+kin events)
  [527/2947] nano_573.root
         -> 1,112 vertices (2,520 trig, 960 trig+kin events)
  [528/2947] nano_574.root
         -> 640 vertices (1,451 trig, 572 trig+kin events)
  [529/2947] nano_575.root
         -> 815 vertices (1,951 trig, 745 trig+kin events)
  [530/2947] nano_576.root
         -> 749 vertices (1,676 trig, 635 trig+kin events)
  [531/2947] nano_577.root
         -> 628 vertices (1,448 trig, 571 trig+kin events)
  [532/2947] nano_578.root
         -> 1,077 vertices (2,586 trig, 975 trig+kin events)
  [533/2947] nano_579.root
         -> 1,127 vertices (2,628 trig, 1,016 trig+kin events)
  [534/2947] nano_58.root
         -> 1,030 vertices (2,485 trig, 939 trig+kin events)
  [535/2947] nano_580.root
         -> 699 vertices (1,727 trig, 648 trig+kin events)
  [536/2947] nano_581.root
         -> 709 vertices (1,483 trig, 585 trig+kin events)
  [537/2947] nano_582.root
         -> 991 vertices (2,431 trig, 882 trig+kin events)
  [538/2947] nano_583.root
         -> 629 vertices (1,504 trig, 557 trig+kin events)
  [539/2947] nano_584.root
         -> 1,160 vertices (2,585 trig, 1,037 trig+kin events)
  [540/2947] nano_585.root
         -> 682 vertices (1,565 trig, 623 trig+kin events)
  [541/2947] nano_586.root
         -> 622 vertices (1,386 trig, 574 trig+kin events)
  [542/2947] nano_587.root
         -> 865 vertices (1,944 trig, 748 trig+kin events)
  [543/2947] nano_588.root
         -> 1,027 vertices (2,475 trig, 933 trig+kin events)
  [544/2947] nano_589.root
         -> 1,169 vertices (2,627 trig, 1,033 trig+kin events)
  [545/2947] nano_59.root
         -> 1,182 vertices (2,589 trig, 994 trig+kin events)
  [546/2947] nano_590.root
         -> 689 vertices (1,500 trig, 589 trig+kin events)
  [547/2947] nano_591.root
         -> 1,112 vertices (2,498 trig, 953 trig+kin events)
  [548/2947] nano_592.root
         -> 598 vertices (1,392 trig, 508 trig+kin events)
  [549/2947] nano_593.root
         -> 1,169 vertices (2,543 trig, 1,028 trig+kin events)
  [550/2947] nano_594.root
         -> 1,182 vertices (2,541 trig, 1,030 trig+kin events)
  [551/2947] nano_595.root
         -> 794 vertices (1,737 trig, 669 trig+kin events)
  [552/2947] nano_596.root
         -> 567 vertices (1,470 trig, 542 trig+kin events)
  [553/2947] nano_597.root
         -> 568 vertices (1,257 trig, 515 trig+kin events)
  [554/2947] nano_598.root
         -> 744 vertices (1,690 trig, 648 trig+kin events)
  [555/2947] nano_599.root
         -> 1,149 vertices (2,540 trig, 992 trig+kin events)
  [556/2947] nano_6.root
         -> 243 vertices (565 trig, 211 trig+kin events)
  [557/2947] nano_60.root
         -> 567 vertices (1,297 trig, 487 trig+kin events)
  [558/2947] nano_600.root
         -> 639 vertices (1,599 trig, 609 trig+kin events)
  [559/2947] nano_601.root
         -> 633 vertices (1,511 trig, 563 trig+kin events)
  [560/2947] nano_602.root
         -> 651 vertices (1,366 trig, 534 trig+kin events)
  [561/2947] nano_603.root
         -> 850 vertices (1,947 trig, 737 trig+kin events)
  [562/2947] nano_604.root
         -> 1,149 vertices (2,550 trig, 1,016 trig+kin events)
  [563/2947] nano_605.root
         -> 1,111 vertices (2,573 trig, 1,005 trig+kin events)
  [564/2947] nano_606.root
         -> 715 vertices (1,781 trig, 674 trig+kin events)
  [565/2947] nano_607.root
         -> 678 vertices (1,580 trig, 613 trig+kin events)
  [566/2947] nano_608.root
         -> 259 vertices (574 trig, 220 trig+kin events)
  [567/2947] nano_609.root
         -> 1,083 vertices (2,513 trig, 971 trig+kin events)
  [568/2947] nano_61.root
         -> 698 vertices (1,633 trig, 633 trig+kin events)
  [569/2947] nano_610.root
         -> 781 vertices (1,770 trig, 642 trig+kin events)
  [570/2947] nano_611.root
         -> 1,072 vertices (2,575 trig, 974 trig+kin events)
  [571/2947] nano_612.root
         -> 1,036 vertices (2,439 trig, 911 trig+kin events)
  [572/2947] nano_613.root
         -> 594 vertices (1,356 trig, 542 trig+kin events)
  [573/2947] nano_614.root
         -> 1,084 vertices (2,504 trig, 935 trig+kin events)
  [574/2947] nano_615.root
         -> 1,127 vertices (2,507 trig, 976 trig+kin events)
  [575/2947] nano_616.root
         -> 880 vertices (2,059 trig, 797 trig+kin events)
  [576/2947] nano_617.root
         -> 699 vertices (1,603 trig, 639 trig+kin events)
  [577/2947] nano_618.root
         -> 588 vertices (1,321 trig, 517 trig+kin events)
  [578/2947] nano_619.root
         -> 1,116 vertices (2,550 trig, 962 trig+kin events)
  [579/2947] nano_62.root
         -> 580 vertices (1,370 trig, 534 trig+kin events)
  [580/2947] nano_620.root
         -> 571 vertices (1,288 trig, 508 trig+kin events)
  [581/2947] nano_621.root
         -> 1,071 vertices (2,329 trig, 948 trig+kin events)
  [582/2947] nano_622.root
         -> 87 vertices (168 trig, 72 trig+kin events)
  [583/2947] nano_623.root
         -> 1,054 vertices (2,541 trig, 969 trig+kin events)
  [584/2947] nano_624.root
         -> 1,047 vertices (2,499 trig, 954 trig+kin events)
  [585/2947] nano_625.root
         -> 1,048 vertices (2,578 trig, 963 trig+kin events)
  [586/2947] nano_626.root
         -> 591 vertices (1,373 trig, 511 trig+kin events)
  [587/2947] nano_627.root
         -> 522 vertices (1,340 trig, 467 trig+kin events)
  [588/2947] nano_628.root
         -> 1,152 vertices (2,513 trig, 981 trig+kin events)
  [589/2947] nano_629.root
         -> 635 vertices (1,479 trig, 583 trig+kin events)
  [590/2947] nano_63.root
         -> 562 vertices (1,382 trig, 507 trig+kin events)
  [591/2947] nano_630.root
         -> 604 vertices (1,383 trig, 525 trig+kin events)
  [592/2947] nano_631.root
         -> 1,146 vertices (2,505 trig, 996 trig+kin events)
  [593/2947] nano_632.root
         -> 1,099 vertices (2,581 trig, 977 trig+kin events)
  [594/2947] nano_633.root
         -> 900 vertices (2,152 trig, 822 trig+kin events)
  [595/2947] nano_634.root
         -> 692 vertices (1,692 trig, 634 trig+kin events)
  [596/2947] nano_635.root
         -> 1,138 vertices (2,594 trig, 1,012 trig+kin events)
  [597/2947] nano_636.root
         -> 648 vertices (1,559 trig, 612 trig+kin events)
  [598/2947] nano_637.root
         -> 816 vertices (1,662 trig, 645 trig+kin events)
  [599/2947] nano_638.root
         -> 1,121 vertices (2,612 trig, 993 trig+kin events)
  [600/2947] nano_639.root
         -> 638 vertices (1,509 trig, 574 trig+kin events)
  [601/2947] nano_64.root
         -> 621 vertices (1,420 trig, 567 trig+kin events)
  [602/2947] nano_640.root
         -> 649 vertices (1,422 trig, 591 trig+kin events)
  [603/2947] nano_641.root
         -> 556 vertices (1,333 trig, 493 trig+kin events)
  [604/2947] nano_642.root
         -> 655 vertices (1,480 trig, 572 trig+kin events)
  [605/2947] nano_643.root
         -> 1,105 vertices (2,521 trig, 957 trig+kin events)
  [606/2947] nano_644.root
         -> 801 vertices (1,869 trig, 742 trig+kin events)
  [607/2947] nano_645.root
         -> 999 vertices (2,532 trig, 955 trig+kin events)
  [608/2947] nano_646.root
         -> 731 vertices (1,581 trig, 616 trig+kin events)
  [609/2947] nano_647.root
         -> 746 vertices (1,757 trig, 659 trig+kin events)
  [610/2947] nano_648.root
         -> 749 vertices (1,803 trig, 665 trig+kin events)
  [611/2947] nano_649.root
         -> 874 vertices (2,007 trig, 766 trig+kin events)
  [612/2947] nano_65.root
         -> 1,006 vertices (2,294 trig, 885 trig+kin events)
  [613/2947] nano_650.root
         -> 659 vertices (1,520 trig, 555 trig+kin events)
  [614/2947] nano_651.root
         -> 566 vertices (1,338 trig, 504 trig+kin events)
  [615/2947] nano_652.root
         -> 888 vertices (1,943 trig, 769 trig+kin events)
  [616/2947] nano_653.root
         -> 997 vertices (2,412 trig, 929 trig+kin events)
  [617/2947] nano_654.root
         -> 1,112 vertices (2,633 trig, 991 trig+kin events)
  [618/2947] nano_655.root
         -> 1,208 vertices (2,519 trig, 1,013 trig+kin events)
  [619/2947] nano_656.root
         -> 1,131 vertices (2,550 trig, 978 trig+kin events)
  [620/2947] nano_657.root
         -> 1,105 vertices (2,571 trig, 948 trig+kin events)
  [621/2947] nano_658.root
         -> 127 vertices (292 trig, 109 trig+kin events)
  [622/2947] nano_659.root
         -> 1,120 vertices (2,475 trig, 964 trig+kin events)
  [623/2947] nano_66.root
         -> 1,144 vertices (2,612 trig, 1,023 trig+kin events)
  [624/2947] nano_660.root
         -> 637 vertices (1,348 trig, 554 trig+kin events)
  [625/2947] nano_661.root
         -> 607 vertices (1,339 trig, 515 trig+kin events)
  [626/2947] nano_662.root
         -> 598 vertices (1,406 trig, 550 trig+kin events)
  [627/2947] nano_663.root
         -> 1,119 vertices (2,629 trig, 975 trig+kin events)
  [628/2947] nano_664.root
         -> 781 vertices (1,793 trig, 725 trig+kin events)
  [629/2947] nano_665.root
         -> 1,254 vertices (2,646 trig, 1,047 trig+kin events)
  [630/2947] nano_666.root
         -> 802 vertices (1,826 trig, 708 trig+kin events)
  [631/2947] nano_667.root
         -> 1,113 vertices (2,543 trig, 976 trig+kin events)
  [632/2947] nano_668.root
         -> 1,222 vertices (2,573 trig, 1,025 trig+kin events)
  [633/2947] nano_669.root
         -> 1,056 vertices (2,560 trig, 983 trig+kin events)
  [634/2947] nano_67.root
         -> 704 vertices (1,440 trig, 583 trig+kin events)
  [635/2947] nano_670.root
         -> 1,132 vertices (2,636 trig, 1,013 trig+kin events)
  [636/2947] nano_671.root
         -> 798 vertices (1,786 trig, 695 trig+kin events)
  [637/2947] nano_672.root
         -> 1,144 vertices (2,620 trig, 1,030 trig+kin events)
  [638/2947] nano_673.root
         -> 639 vertices (1,491 trig, 570 trig+kin events)
  [639/2947] nano_674.root
         -> 532 vertices (1,318 trig, 487 trig+kin events)
  [640/2947] nano_675.root
         -> 857 vertices (1,939 trig, 764 trig+kin events)
  [641/2947] nano_676.root
         -> 159 vertices (346 trig, 139 trig+kin events)
  [642/2947] nano_677.root
         -> 1,111 vertices (2,469 trig, 952 trig+kin events)
  [643/2947] nano_678.root
         -> 681 vertices (1,532 trig, 573 trig+kin events)
  [644/2947] nano_679.root
         -> 1,126 vertices (2,605 trig, 988 trig+kin events)
  [645/2947] nano_68.root
         -> 1,079 vertices (2,591 trig, 984 trig+kin events)
  [646/2947] nano_680.root
         -> 1,094 vertices (2,573 trig, 996 trig+kin events)
  [647/2947] nano_681.root
         -> 314 vertices (743 trig, 293 trig+kin events)
  [648/2947] nano_682.root
         -> 1,064 vertices (2,609 trig, 1,023 trig+kin events)
  [649/2947] nano_683.root
         -> 543 vertices (1,359 trig, 516 trig+kin events)
  [650/2947] nano_684.root
         -> 1,001 vertices (2,512 trig, 954 trig+kin events)
  [651/2947] nano_685.root
         -> 1,070 vertices (2,510 trig, 957 trig+kin events)
  [652/2947] nano_686.root
         -> 571 vertices (1,479 trig, 571 trig+kin events)
  [653/2947] nano_687.root
         -> 582 vertices (1,456 trig, 538 trig+kin events)
  [654/2947] nano_688.root
         -> 917 vertices (2,127 trig, 810 trig+kin events)
  [655/2947] nano_689.root
         -> 947 vertices (2,137 trig, 830 trig+kin events)
  [656/2947] nano_69.root
         -> 1,106 vertices (2,510 trig, 948 trig+kin events)
  [657/2947] nano_690.root
         -> 757 vertices (1,793 trig, 715 trig+kin events)
  [658/2947] nano_691.root
         -> 619 vertices (1,406 trig, 529 trig+kin events)
  [659/2947] nano_692.root
         -> 1,090 vertices (2,485 trig, 929 trig+kin events)
  [660/2947] nano_693.root
         -> 535 vertices (1,306 trig, 493 trig+kin events)
  [661/2947] nano_694.root
         -> 710 vertices (1,719 trig, 623 trig+kin events)
  [662/2947] nano_695.root
         -> 614 vertices (1,599 trig, 579 trig+kin events)
  [663/2947] nano_696.root
         -> 1,081 vertices (2,529 trig, 934 trig+kin events)
  [664/2947] nano_697.root
         -> 898 vertices (2,024 trig, 762 trig+kin events)
  [665/2947] nano_698.root
         -> 1,090 vertices (2,495 trig, 987 trig+kin events)
  [666/2947] nano_699.root
         -> 1,084 vertices (2,504 trig, 940 trig+kin events)
  [667/2947] nano_7.root
         -> 578 vertices (1,328 trig, 499 trig+kin events)
  [668/2947] nano_70.root
         -> 1,126 vertices (2,554 trig, 988 trig+kin events)
  [669/2947] nano_700.root
         -> 556 vertices (1,371 trig, 521 trig+kin events)
  [670/2947] nano_701.root
         -> 602 vertices (1,473 trig, 548 trig+kin events)
  [671/2947] nano_702.root
         -> 410 vertices (1,014 trig, 375 trig+kin events)
  [672/2947] nano_703.root
         -> 538 vertices (1,266 trig, 490 trig+kin events)
  [673/2947] nano_704.root
         -> 968 vertices (2,241 trig, 905 trig+kin events)
  [674/2947] nano_705.root
         -> 683 vertices (1,606 trig, 618 trig+kin events)
  [675/2947] nano_706.root
         -> 687 vertices (1,544 trig, 601 trig+kin events)
  [676/2947] nano_707.root
         -> 980 vertices (2,087 trig, 809 trig+kin events)
  [677/2947] nano_708.root
         -> 736 vertices (1,742 trig, 686 trig+kin events)
  [678/2947] nano_709.root
         -> 1,093 vertices (2,548 trig, 969 trig+kin events)
  [679/2947] nano_71.root
         -> 713 vertices (1,849 trig, 670 trig+kin events)
  [680/2947] nano_710.root
         -> 1,100 vertices (2,447 trig, 937 trig+kin events)
  [681/2947] nano_711.root
         -> 822 vertices (1,937 trig, 744 trig+kin events)
  [682/2947] nano_712.root
         -> 573 vertices (1,395 trig, 524 trig+kin events)
  [683/2947] nano_713.root
         -> 1,002 vertices (2,290 trig, 893 trig+kin events)
  [684/2947] nano_714.root
         -> 932 vertices (2,114 trig, 792 trig+kin events)
  [685/2947] nano_715.root
         -> 1,149 vertices (2,571 trig, 994 trig+kin events)
  [686/2947] nano_716.root
         -> 606 vertices (1,314 trig, 534 trig+kin events)
  [687/2947] nano_717.root
         -> 645 vertices (1,427 trig, 552 trig+kin events)
  [688/2947] nano_718.root
         -> 614 vertices (1,518 trig, 575 trig+kin events)
  [689/2947] nano_719.root
         -> 691 vertices (1,592 trig, 607 trig+kin events)
  [690/2947] nano_72.root
         -> 1,000 vertices (2,366 trig, 916 trig+kin events)
  [691/2947] nano_720.root
         -> 1,177 vertices (2,599 trig, 1,029 trig+kin events)
  [692/2947] nano_721.root
         -> 643 vertices (1,381 trig, 540 trig+kin events)
  [693/2947] nano_722.root
         -> 1,169 vertices (2,490 trig, 1,000 trig+kin events)
  [694/2947] nano_723.root
         -> 407 vertices (931 trig, 383 trig+kin events)
  [695/2947] nano_724.root
         -> 553 vertices (1,410 trig, 558 trig+kin events)
  [696/2947] nano_725.root
         -> 744 vertices (1,748 trig, 694 trig+kin events)
  [697/2947] nano_726.root
         -> 659 vertices (1,544 trig, 577 trig+kin events)
  [698/2947] nano_727.root
         -> 1,079 vertices (2,559 trig, 964 trig+kin events)
  [699/2947] nano_728.root
         -> 647 vertices (1,503 trig, 584 trig+kin events)
  [700/2947] nano_729.root
         -> 565 vertices (1,300 trig, 496 trig+kin events)
  [701/2947] nano_73.root
         -> 518 vertices (1,132 trig, 437 trig+kin events)
  [702/2947] nano_730.root
         -> 145 vertices (382 trig, 124 trig+kin events)
  [703/2947] nano_731.root
         -> 1,119 vertices (2,572 trig, 999 trig+kin events)
  [704/2947] nano_732.root
         -> 1,105 vertices (2,550 trig, 991 trig+kin events)
  [705/2947] nano_733.root
         -> 976 vertices (2,109 trig, 837 trig+kin events)
  [706/2947] nano_734.root
         -> 627 vertices (1,431 trig, 593 trig+kin events)
  [707/2947] nano_735.root
         -> 831 vertices (1,927 trig, 737 trig+kin events)
  [708/2947] nano_736.root
         -> 521 vertices (1,272 trig, 510 trig+kin events)
  [709/2947] nano_737.root
         -> 1,040 vertices (2,293 trig, 900 trig+kin events)
  [710/2947] nano_738.root
         -> 916 vertices (2,331 trig, 881 trig+kin events)
  [711/2947] nano_739.root
         -> 505 vertices (1,287 trig, 468 trig+kin events)
  [712/2947] nano_74.root
         -> 1,022 vertices (2,526 trig, 945 trig+kin events)
  [713/2947] nano_740.root
         -> 688 vertices (1,567 trig, 591 trig+kin events)
  [714/2947] nano_741.root
         -> 696 vertices (1,503 trig, 610 trig+kin events)
  [715/2947] nano_742.root
         -> 580 vertices (1,402 trig, 528 trig+kin events)
  [716/2947] nano_743.root
         -> 849 vertices (2,060 trig, 817 trig+kin events)
  [717/2947] nano_744.root
         -> 685 vertices (1,492 trig, 574 trig+kin events)
  [718/2947] nano_745.root
         -> 733 vertices (1,678 trig, 631 trig+kin events)
  [719/2947] nano_746.root
         -> 582 vertices (1,289 trig, 501 trig+kin events)
  [720/2947] nano_747.root
         -> 1,216 vertices (2,557 trig, 1,057 trig+kin events)
  [721/2947] nano_748.root
         -> 705 vertices (1,597 trig, 603 trig+kin events)
  [722/2947] nano_749.root
         -> 721 vertices (1,776 trig, 677 trig+kin events)
  [723/2947] nano_75.root
         -> 667 vertices (1,590 trig, 603 trig+kin events)
  [724/2947] nano_750.root
         -> 563 vertices (1,463 trig, 549 trig+kin events)
  [725/2947] nano_751.root
         -> 1,195 vertices (2,619 trig, 1,018 trig+kin events)
  [726/2947] nano_752.root
         -> 978 vertices (2,449 trig, 915 trig+kin events)
  [727/2947] nano_753.root
         -> 789 vertices (1,780 trig, 686 trig+kin events)
  [728/2947] nano_754.root
         -> 1,044 vertices (2,512 trig, 986 trig+kin events)
  [729/2947] nano_755.root
         -> 771 vertices (1,768 trig, 685 trig+kin events)
  [730/2947] nano_756.root
         -> 480 vertices (1,038 trig, 426 trig+kin events)
  [731/2947] nano_757.root
         -> 789 vertices (1,917 trig, 701 trig+kin events)
  [732/2947] nano_758.root
         -> 1,099 vertices (2,574 trig, 1,009 trig+kin events)
  [733/2947] nano_759.root
         -> 946 vertices (2,202 trig, 818 trig+kin events)
  [734/2947] nano_76.root
         -> 865 vertices (1,972 trig, 752 trig+kin events)
  [735/2947] nano_760.root
         -> 567 vertices (1,358 trig, 535 trig+kin events)
  [736/2947] nano_761.root
         -> 1,021 vertices (2,517 trig, 946 trig+kin events)
  [737/2947] nano_762.root
         -> 626 vertices (1,468 trig, 553 trig+kin events)
  [738/2947] nano_763.root
         -> 980 vertices (2,269 trig, 883 trig+kin events)
  [739/2947] nano_764.root
         -> 718 vertices (1,689 trig, 615 trig+kin events)
  [740/2947] nano_765.root
         -> 804 vertices (1,885 trig, 722 trig+kin events)
  [741/2947] nano_766.root
         -> 812 vertices (1,891 trig, 755 trig+kin events)
  [742/2947] nano_767.root
         -> 1,068 vertices (2,459 trig, 945 trig+kin events)
  [743/2947] nano_768.root
         -> 1,091 vertices (2,559 trig, 963 trig+kin events)
  [744/2947] nano_769.root
         -> 682 vertices (1,621 trig, 599 trig+kin events)
  [745/2947] nano_77.root
         -> 1,093 vertices (2,572 trig, 987 trig+kin events)
  [746/2947] nano_770.root
         -> 670 vertices (1,515 trig, 575 trig+kin events)
  [747/2947] nano_771.root
         -> 694 vertices (1,718 trig, 613 trig+kin events)
  [748/2947] nano_772.root
         -> 1,079 vertices (2,539 trig, 952 trig+kin events)
  [749/2947] nano_773.root
         -> 616 vertices (1,401 trig, 542 trig+kin events)
  [750/2947] nano_774.root
         -> 571 vertices (1,355 trig, 511 trig+kin events)
  [751/2947] nano_775.root
         -> 735 vertices (1,822 trig, 670 trig+kin events)
  [752/2947] nano_776.root
         -> 577 vertices (1,307 trig, 505 trig+kin events)
  [753/2947] nano_777.root
         -> 1,065 vertices (2,519 trig, 920 trig+kin events)
  [754/2947] nano_778.root
         -> 803 vertices (1,796 trig, 682 trig+kin events)
  [755/2947] nano_779.root
         -> 1,135 vertices (2,611 trig, 989 trig+kin events)
  [756/2947] nano_78.root
         -> 960 vertices (2,450 trig, 886 trig+kin events)
  [757/2947] nano_780.root
         -> 616 vertices (1,442 trig, 547 trig+kin events)
  [758/2947] nano_781.root
         -> 616 vertices (1,333 trig, 541 trig+kin events)
  [759/2947] nano_782.root
         -> 1,052 vertices (2,380 trig, 897 trig+kin events)
  [760/2947] nano_783.root
         -> 705 vertices (1,608 trig, 622 trig+kin events)
  [761/2947] nano_784.root
         -> 518 vertices (1,195 trig, 468 trig+kin events)
  [762/2947] nano_785.root
         -> 717 vertices (1,604 trig, 609 trig+kin events)
  [763/2947] nano_786.root
         -> 558 vertices (1,306 trig, 477 trig+kin events)
  [764/2947] nano_787.root
         -> 1,181 vertices (2,542 trig, 1,022 trig+kin events)
  [765/2947] nano_788.root
         -> 641 vertices (1,405 trig, 551 trig+kin events)
  [766/2947] nano_789.root
         -> 144 vertices (328 trig, 123 trig+kin events)
  [767/2947] nano_79.root
         -> 705 vertices (1,620 trig, 632 trig+kin events)
  [768/2947] nano_790.root
         -> 764 vertices (1,853 trig, 697 trig+kin events)
  [769/2947] nano_791.root
         -> 856 vertices (1,925 trig, 727 trig+kin events)
  [770/2947] nano_792.root
         -> 1,166 vertices (2,575 trig, 1,001 trig+kin events)
  [771/2947] nano_793.root
         -> 871 vertices (1,981 trig, 745 trig+kin events)
  [772/2947] nano_794.root
         -> 837 vertices (1,964 trig, 735 trig+kin events)
  [773/2947] nano_795.root
         -> 633 vertices (1,328 trig, 537 trig+kin events)
  [774/2947] nano_796.root
         -> 599 vertices (1,299 trig, 510 trig+kin events)
  [775/2947] nano_797.root
         -> 1,096 vertices (2,535 trig, 962 trig+kin events)
  [776/2947] nano_798.root
         -> 1,095 vertices (2,562 trig, 971 trig+kin events)
  [777/2947] nano_799.root
         -> 786 vertices (1,937 trig, 718 trig+kin events)
  [778/2947] nano_8.root
         -> 591 vertices (1,433 trig, 556 trig+kin events)
  [779/2947] nano_80.root
         -> 1,084 vertices (2,604 trig, 957 trig+kin events)
  [780/2947] nano_800.root
         -> 605 vertices (1,409 trig, 554 trig+kin events)
  [781/2947] nano_801.root
         -> 646 vertices (1,478 trig, 548 trig+kin events)
  [782/2947] nano_802.root
         -> 439 vertices (1,189 trig, 417 trig+kin events)
  [783/2947] nano_803.root
         -> 595 vertices (1,321 trig, 553 trig+kin events)
  [784/2947] nano_804.root
         -> 1,116 vertices (2,527 trig, 982 trig+kin events)
  [785/2947] nano_805.root
         -> 540 vertices (1,294 trig, 487 trig+kin events)
  [786/2947] nano_806.root
         -> 1,113 vertices (2,696 trig, 971 trig+kin events)
  [787/2947] nano_807.root
         -> 567 vertices (1,347 trig, 522 trig+kin events)
  [788/2947] nano_808.root
         -> 1,075 vertices (2,533 trig, 955 trig+kin events)
  [789/2947] nano_809.root
         -> 1,175 vertices (2,621 trig, 988 trig+kin events)
  [790/2947] nano_81.root
         -> 1,127 vertices (2,549 trig, 1,004 trig+kin events)
  [791/2947] nano_810.root
         -> 928 vertices (2,320 trig, 893 trig+kin events)
  [792/2947] nano_811.root
         -> 1,173 vertices (2,555 trig, 997 trig+kin events)
  [793/2947] nano_812.root
         -> 611 vertices (1,444 trig, 533 trig+kin events)
  [794/2947] nano_813.root
         -> 1,154 vertices (2,657 trig, 1,032 trig+kin events)
  [795/2947] nano_814.root
         -> 594 vertices (1,450 trig, 548 trig+kin events)
  [796/2947] nano_815.root
         -> 682 vertices (1,503 trig, 600 trig+kin events)
  [797/2947] nano_816.root
         -> 1,112 vertices (2,544 trig, 990 trig+kin events)
  [798/2947] nano_817.root
         -> 1,073 vertices (2,473 trig, 960 trig+kin events)
  [799/2947] nano_818.root
         -> 1,057 vertices (2,616 trig, 976 trig+kin events)
  [800/2947] nano_819.root
         -> 750 vertices (1,776 trig, 649 trig+kin events)
  [801/2947] nano_82.root
         -> 619 vertices (1,383 trig, 545 trig+kin events)
  [802/2947] nano_820.root
         -> 702 vertices (1,618 trig, 612 trig+kin events)
  [803/2947] nano_821.root
         -> 1,101 vertices (2,546 trig, 989 trig+kin events)
  [804/2947] nano_822.root
         -> 1,169 vertices (2,560 trig, 1,006 trig+kin events)
  [805/2947] nano_823.root
         -> 1,096 vertices (2,479 trig, 984 trig+kin events)
  [806/2947] nano_824.root
         -> 719 vertices (1,674 trig, 638 trig+kin events)
  [807/2947] nano_825.root
         -> 573 vertices (1,362 trig, 527 trig+kin events)
  [808/2947] nano_826.root
         -> 696 vertices (1,452 trig, 575 trig+kin events)
  [809/2947] nano_827.root
         -> 741 vertices (1,672 trig, 637 trig+kin events)
  [810/2947] nano_828.root
         -> 1,024 vertices (2,544 trig, 951 trig+kin events)
  [811/2947] nano_829.root
         -> 742 vertices (1,736 trig, 676 trig+kin events)
  [812/2947] nano_83.root
         -> 866 vertices (2,103 trig, 812 trig+kin events)
  [813/2947] nano_830.root
         -> 1,101 vertices (2,552 trig, 943 trig+kin events)
  [814/2947] nano_831.root
         -> 615 vertices (1,412 trig, 530 trig+kin events)
  [815/2947] nano_832.root
         -> 564 vertices (1,207 trig, 458 trig+kin events)
  [816/2947] nano_833.root
         -> 746 vertices (1,777 trig, 684 trig+kin events)
  [817/2947] nano_834.root
         -> 531 vertices (1,318 trig, 498 trig+kin events)
  [818/2947] nano_835.root
         -> 740 vertices (1,709 trig, 623 trig+kin events)
  [819/2947] nano_836.root
         -> 1,036 vertices (2,428 trig, 912 trig+kin events)
  [820/2947] nano_837.root
         -> 763 vertices (1,610 trig, 653 trig+kin events)
  [821/2947] nano_838.root
         -> 1,157 vertices (2,557 trig, 1,010 trig+kin events)
  [822/2947] nano_839.root
         -> 682 vertices (1,589 trig, 611 trig+kin events)
  [823/2947] nano_84.root
         -> 715 vertices (1,677 trig, 663 trig+kin events)
  [824/2947] nano_840.root
         -> 436 vertices (939 trig, 368 trig+kin events)
  [825/2947] nano_841.root
         -> 648 vertices (1,481 trig, 593 trig+kin events)
  [826/2947] nano_842.root
         -> 852 vertices (2,149 trig, 799 trig+kin events)
  [827/2947] nano_843.root
         -> 570 vertices (1,353 trig, 526 trig+kin events)
  [828/2947] nano_844.root
         -> 1,074 vertices (2,484 trig, 948 trig+kin events)
  [829/2947] nano_845.root
         -> 603 vertices (1,376 trig, 515 trig+kin events)
  [830/2947] nano_846.root
         -> 1,134 vertices (2,580 trig, 1,011 trig+kin events)
  [831/2947] nano_847.root
         -> 1,160 vertices (2,514 trig, 980 trig+kin events)
  [832/2947] nano_848.root
         -> 572 vertices (1,390 trig, 531 trig+kin events)
  [833/2947] nano_849.root
         -> 598 vertices (1,437 trig, 522 trig+kin events)
  [834/2947] nano_85.root
         -> 976 vertices (2,182 trig, 876 trig+kin events)
  [835/2947] nano_850.root
         -> 615 vertices (1,380 trig, 555 trig+kin events)
  [836/2947] nano_851.root
         -> 516 vertices (1,232 trig, 455 trig+kin events)
  [837/2947] nano_852.root
         -> 1,077 vertices (2,483 trig, 965 trig+kin events)
  [838/2947] nano_853.root
         -> 675 vertices (1,532 trig, 597 trig+kin events)
  [839/2947] nano_854.root
         -> 653 vertices (1,611 trig, 601 trig+kin events)
  [840/2947] nano_855.root
         -> 513 vertices (1,282 trig, 469 trig+kin events)
  [841/2947] nano_856.root
         -> 84 vertices (237 trig, 84 trig+kin events)
  [842/2947] nano_857.root
         -> 722 vertices (1,706 trig, 665 trig+kin events)
  [843/2947] nano_858.root
         -> 1,077 vertices (2,512 trig, 977 trig+kin events)
  [844/2947] nano_859.root
         -> 1,136 vertices (2,587 trig, 942 trig+kin events)
  [845/2947] nano_86.root
         -> 592 vertices (1,335 trig, 516 trig+kin events)
  [846/2947] nano_860.root
         -> 1,092 vertices (2,479 trig, 964 trig+kin events)
  [847/2947] nano_861.root
         -> 1,132 vertices (2,591 trig, 1,019 trig+kin events)
  [848/2947] nano_862.root
         -> 731 vertices (1,973 trig, 715 trig+kin events)
  [849/2947] nano_863.root
         -> 751 vertices (1,736 trig, 641 trig+kin events)
  [850/2947] nano_864.root
         -> 691 vertices (1,491 trig, 617 trig+kin events)
  [851/2947] nano_865.root
         -> 703 vertices (1,452 trig, 577 trig+kin events)
  [852/2947] nano_866.root
         -> 1,100 vertices (2,441 trig, 921 trig+kin events)
  [853/2947] nano_867.root
         -> 760 vertices (1,731 trig, 688 trig+kin events)
  [854/2947] nano_868.root
         -> 1,045 vertices (2,472 trig, 976 trig+kin events)
  [855/2947] nano_869.root
         -> 564 vertices (1,350 trig, 495 trig+kin events)
  [856/2947] nano_87.root
         -> 580 vertices (1,463 trig, 532 trig+kin events)
  [857/2947] nano_870.root
         -> 802 vertices (1,809 trig, 714 trig+kin events)
  [858/2947] nano_871.root
         -> 566 vertices (1,352 trig, 514 trig+kin events)
  [859/2947] nano_872.root
         -> 556 vertices (1,301 trig, 496 trig+kin events)
  [860/2947] nano_873.root
         -> 768 vertices (1,785 trig, 654 trig+kin events)
  [861/2947] nano_874.root
         -> 545 vertices (1,325 trig, 482 trig+kin events)
  [862/2947] nano_875.root
         -> 907 vertices (2,102 trig, 784 trig+kin events)
  [863/2947] nano_876.root
         -> 803 vertices (1,773 trig, 700 trig+kin events)
  [864/2947] nano_877.root
         -> 714 vertices (1,600 trig, 625 trig+kin events)
  [865/2947] nano_878.root
         -> 603 vertices (1,367 trig, 545 trig+kin events)
  [866/2947] nano_879.root
         -> 704 vertices (1,734 trig, 654 trig+kin events)
  [867/2947] nano_88.root
         -> 687 vertices (1,552 trig, 604 trig+kin events)
  [868/2947] nano_880.root
         -> 779 vertices (1,854 trig, 701 trig+kin events)
  [869/2947] nano_881.root
         -> 1,140 vertices (2,569 trig, 977 trig+kin events)
  [870/2947] nano_882.root
         -> 735 vertices (1,729 trig, 659 trig+kin events)
  [871/2947] nano_883.root
         -> 993 vertices (2,537 trig, 941 trig+kin events)
  [872/2947] nano_884.root
         -> 902 vertices (2,059 trig, 806 trig+kin events)
  [873/2947] nano_885.root
         -> 1,023 vertices (2,427 trig, 924 trig+kin events)
  [874/2947] nano_886.root
         -> 914 vertices (2,172 trig, 800 trig+kin events)
  [875/2947] nano_887.root
         -> 561 vertices (1,393 trig, 469 trig+kin events)
  [876/2947] nano_888.root
         -> 572 vertices (1,337 trig, 499 trig+kin events)
  [877/2947] nano_889.root
         -> 956 vertices (2,150 trig, 819 trig+kin events)
  [878/2947] nano_89.root
         -> 1,018 vertices (2,454 trig, 927 trig+kin events)
  [879/2947] nano_890.root
         -> 302 vertices (732 trig, 272 trig+kin events)
  [880/2947] nano_891.root
         -> 741 vertices (1,667 trig, 653 trig+kin events)
  [881/2947] nano_892.root
         -> 703 vertices (1,642 trig, 612 trig+kin events)
  [882/2947] nano_893.root
         -> 580 vertices (1,412 trig, 520 trig+kin events)
  [883/2947] nano_894.root
         -> 656 vertices (1,454 trig, 566 trig+kin events)
  [884/2947] nano_895.root
         -> 1,102 vertices (2,442 trig, 945 trig+kin events)
  [885/2947] nano_896.root
         -> 120 vertices (236 trig, 99 trig+kin events)
  [886/2947] nano_897.root
         -> 1,036 vertices (2,530 trig, 946 trig+kin events)
  [887/2947] nano_898.root
         -> 938 vertices (2,152 trig, 816 trig+kin events)
  [888/2947] nano_899.root
         -> 645 vertices (1,564 trig, 594 trig+kin events)
  [889/2947] nano_9.root
         -> 350 vertices (874 trig, 331 trig+kin events)
  [890/2947] nano_90.root
         -> 636 vertices (1,491 trig, 558 trig+kin events)
  [891/2947] nano_900.root
         -> 700 vertices (1,623 trig, 611 trig+kin events)
  [892/2947] nano_901.root
         -> 576 vertices (1,372 trig, 500 trig+kin events)
  [893/2947] nano_902.root
         -> 633 vertices (1,399 trig, 519 trig+kin events)
  [894/2947] nano_903.root
         -> 587 vertices (1,310 trig, 507 trig+kin events)
  [895/2947] nano_904.root
         -> 809 vertices (1,876 trig, 722 trig+kin events)
  [896/2947] nano_905.root
         -> 1,071 vertices (2,421 trig, 937 trig+kin events)
  [897/2947] nano_906.root
         -> 676 vertices (1,668 trig, 590 trig+kin events)
  [898/2947] nano_907.root
         -> 654 vertices (1,356 trig, 556 trig+kin events)
  [899/2947] nano_908.root
         -> 1,080 vertices (2,439 trig, 960 trig+kin events)
  [900/2947] nano_909.root
         -> 542 vertices (1,308 trig, 477 trig+kin events)
  [901/2947] nano_91.root
         -> 647 vertices (1,565 trig, 603 trig+kin events)
  [902/2947] nano_910.root
         -> 1,108 vertices (2,517 trig, 973 trig+kin events)
  [903/2947] nano_911.root
         -> 619 vertices (1,546 trig, 581 trig+kin events)
  [904/2947] nano_912.root
         -> 990 vertices (2,560 trig, 936 trig+kin events)
  [905/2947] nano_913.root
         -> 591 vertices (1,363 trig, 521 trig+kin events)
  [906/2947] nano_914.root
         -> 921 vertices (2,062 trig, 812 trig+kin events)
  [907/2947] nano_915.root
         -> 13 vertices (39 trig, 13 trig+kin events)
  [908/2947] nano_916.root
         -> 1,047 vertices (2,519 trig, 958 trig+kin events)
  [909/2947] nano_917.root
         -> 633 vertices (1,446 trig, 566 trig+kin events)
  [910/2947] nano_918.root
         -> 598 vertices (1,381 trig, 510 trig+kin events)
  [911/2947] nano_919.root
         -> 655 vertices (1,538 trig, 567 trig+kin events)
  [912/2947] nano_92.root
         -> 730 vertices (1,569 trig, 623 trig+kin events)
  [913/2947] nano_920.root
         -> 794 vertices (1,823 trig, 704 trig+kin events)
  [914/2947] nano_921.root
         -> 563 vertices (1,438 trig, 541 trig+kin events)
  [915/2947] nano_922.root
         -> 536 vertices (1,332 trig, 478 trig+kin events)
  [916/2947] nano_923.root
         -> 925 vertices (2,331 trig, 817 trig+kin events)
  [917/2947] nano_924.root
         -> 571 vertices (1,294 trig, 503 trig+kin events)
  [918/2947] nano_925.root
         -> 931 vertices (2,195 trig, 830 trig+kin events)
  [919/2947] nano_926.root
         -> 763 vertices (1,600 trig, 640 trig+kin events)
  [920/2947] nano_927.root
         -> 1,127 vertices (2,539 trig, 969 trig+kin events)
  [921/2947] nano_928.root
         -> 650 vertices (1,409 trig, 532 trig+kin events)
  [922/2947] nano_929.root
         -> 758 vertices (1,731 trig, 664 trig+kin events)
  [923/2947] nano_93.root
         -> 1,091 vertices (2,529 trig, 982 trig+kin events)
  [924/2947] nano_930.root
         -> 660 vertices (1,567 trig, 590 trig+kin events)
  [925/2947] nano_931.root
         -> 654 vertices (1,551 trig, 574 trig+kin events)
  [926/2947] nano_932.root
         -> 1,150 vertices (2,534 trig, 1,011 trig+kin events)
  [927/2947] nano_933.root
         -> 1,126 vertices (2,538 trig, 1,010 trig+kin events)
  [928/2947] nano_934.root
         -> 772 vertices (1,907 trig, 714 trig+kin events)
  [929/2947] nano_935.root
         -> 727 vertices (1,677 trig, 677 trig+kin events)
  [930/2947] nano_936.root
         -> 561 vertices (1,330 trig, 495 trig+kin events)
  [931/2947] nano_937.root
         -> 546 vertices (1,423 trig, 508 trig+kin events)
  [932/2947] nano_938.root
         -> 599 vertices (1,443 trig, 537 trig+kin events)
  [933/2947] nano_939.root
         -> 1,103 vertices (2,545 trig, 985 trig+kin events)
  [934/2947] nano_94.root
         -> 133 vertices (297 trig, 117 trig+kin events)
  [935/2947] nano_940.root
         -> 549 vertices (1,289 trig, 511 trig+kin events)
  [936/2947] nano_941.root
         -> 586 vertices (1,347 trig, 519 trig+kin events)
  [937/2947] nano_942.root
         -> 495 vertices (1,282 trig, 463 trig+kin events)
  [938/2947] nano_943.root
         -> 432 vertices (1,023 trig, 397 trig+kin events)
  [939/2947] nano_944.root
         -> 1,061 vertices (2,498 trig, 970 trig+kin events)
  [940/2947] nano_945.root
         -> 597 vertices (1,378 trig, 523 trig+kin events)
  [941/2947] nano_946.root
         -> 610 vertices (1,423 trig, 524 trig+kin events)
  [942/2947] nano_947.root
         -> 1,021 vertices (2,385 trig, 890 trig+kin events)
  [943/2947] nano_948.root
         -> 600 vertices (1,240 trig, 510 trig+kin events)
  [944/2947] nano_949.root
         -> 659 vertices (1,391 trig, 572 trig+kin events)
  [945/2947] nano_95.root
         -> 651 vertices (1,419 trig, 568 trig+kin events)
  [946/2947] nano_950.root
         -> 534 vertices (1,304 trig, 483 trig+kin events)
  [947/2947] nano_951.root
         -> 580 vertices (1,370 trig, 513 trig+kin events)
  [948/2947] nano_952.root
         -> 622 vertices (1,362 trig, 525 trig+kin events)
  [949/2947] nano_953.root
         -> 580 vertices (1,433 trig, 536 trig+kin events)
  [950/2947] nano_954.root
         -> 298 vertices (593 trig, 227 trig+kin events)
  [951/2947] nano_955.root
         -> 1,042 vertices (2,543 trig, 958 trig+kin events)
  [952/2947] nano_956.root
         -> 649 vertices (1,518 trig, 595 trig+kin events)
  [953/2947] nano_957.root
         -> 551 vertices (1,262 trig, 498 trig+kin events)
  [954/2947] nano_958.root
         -> 361 vertices (733 trig, 289 trig+kin events)
  [955/2947] nano_959.root
         -> 818 vertices (1,956 trig, 721 trig+kin events)
  [956/2947] nano_96.root
         -> 659 vertices (1,442 trig, 607 trig+kin events)
  [957/2947] nano_960.root
         -> 778 vertices (1,877 trig, 706 trig+kin events)
  [958/2947] nano_961.root
         -> 851 vertices (2,021 trig, 771 trig+kin events)
  [959/2947] nano_962.root
         -> 609 vertices (1,387 trig, 523 trig+kin events)
  [960/2947] nano_963.root
         -> 927 vertices (2,010 trig, 786 trig+kin events)
  [961/2947] nano_964.root
         -> 614 vertices (1,269 trig, 516 trig+kin events)
  [962/2947] nano_965.root
         -> 43 vertices (109 trig, 40 trig+kin events)
  [963/2947] nano_966.root
         -> 679 vertices (1,517 trig, 575 trig+kin events)
  [964/2947] nano_967.root
         -> 658 vertices (1,327 trig, 515 trig+kin events)
  [965/2947] nano_968.root
         -> 557 vertices (1,245 trig, 466 trig+kin events)
  [966/2947] nano_969.root
         -> 985 vertices (2,297 trig, 872 trig+kin events)
  [967/2947] nano_97.root
         -> 273 vertices (688 trig, 255 trig+kin events)
  [968/2947] nano_970.root
         -> 551 vertices (1,309 trig, 511 trig+kin events)
  [969/2947] nano_971.root
         -> 1,109 vertices (2,500 trig, 989 trig+kin events)
  [970/2947] nano_972.root
         -> 730 vertices (1,693 trig, 630 trig+kin events)
  [971/2947] nano_973.root
         -> 1,047 vertices (2,533 trig, 964 trig+kin events)
  [972/2947] nano_974.root
         -> 1,098 vertices (2,571 trig, 988 trig+kin events)
  [973/2947] nano_975.root
         -> 672 vertices (1,442 trig, 583 trig+kin events)
  [974/2947] nano_976.root
         -> 1,102 vertices (2,503 trig, 941 trig+kin events)
  [975/2947] nano_977.root
         -> 880 vertices (2,139 trig, 797 trig+kin events)
  [976/2947] nano_978.root
         -> 666 vertices (1,444 trig, 556 trig+kin events)
  [977/2947] nano_979.root
         -> 975 vertices (2,321 trig, 887 trig+kin events)
  [978/2947] nano_98.root
         -> 1,060 vertices (2,576 trig, 975 trig+kin events)
  [979/2947] nano_980.root
         -> 647 vertices (1,576 trig, 618 trig+kin events)
  [980/2947] nano_981.root
         -> 299 vertices (693 trig, 273 trig+kin events)
  [981/2947] nano_982.root
         -> 1,099 vertices (2,579 trig, 989 trig+kin events)
  [982/2947] nano_983.root
         -> 573 vertices (1,319 trig, 502 trig+kin events)
  [983/2947] nano_984.root
         -> 753 vertices (1,704 trig, 645 trig+kin events)
  [984/2947] nano_985.root
         -> 602 vertices (1,347 trig, 530 trig+kin events)
  [985/2947] nano_986.root
         -> 1,051 vertices (2,547 trig, 924 trig+kin events)
  [986/2947] nano_987.root
         -> 1,113 vertices (2,543 trig, 992 trig+kin events)
  [987/2947] nano_988.root
         -> 736 vertices (1,757 trig, 668 trig+kin events)
  [988/2947] nano_989.root
         -> 609 vertices (1,545 trig, 562 trig+kin events)
  [989/2947] nano_99.root
         -> 1,000 vertices (2,393 trig, 914 trig+kin events)
  [990/2947] nano_990.root
         -> 813 vertices (1,930 trig, 726 trig+kin events)
  [991/2947] nano_991.root
         -> 1,122 vertices (2,554 trig, 980 trig+kin events)
  [992/2947] nano_992.root
         -> 623 vertices (1,329 trig, 538 trig+kin events)
  [993/2947] nano_993.root
         -> 1,130 vertices (2,550 trig, 985 trig+kin events)
  [994/2947] nano_994.root
         -> 1,044 vertices (2,519 trig, 980 trig+kin events)
  [995/2947] nano_995.root
         -> 1,158 vertices (2,644 trig, 1,053 trig+kin events)
  [996/2947] nano_996.root
         -> 557 vertices (1,264 trig, 500 trig+kin events)
  [997/2947] nano_997.root
         -> 977 vertices (2,246 trig, 842 trig+kin events)
  [998/2947] nano_998.root
         -> 929 vertices (2,261 trig, 845 trig+kin events)
  [999/2947] nano_999.root
         -> 959 vertices (2,258 trig, 878 trig+kin events)
  [1000/2947] nano_1000.root
         -> 578 vertices (1,310 trig, 470 trig+kin events)
  [1001/2947] nano_1001.root
         -> 683 vertices (1,497 trig, 598 trig+kin events)
  [1002/2947] nano_1002.root
         -> 604 vertices (1,343 trig, 509 trig+kin events)
  [1003/2947] nano_1003.root
         -> 648 vertices (1,560 trig, 586 trig+kin events)
  [1004/2947] nano_1004.root
         -> 813 vertices (1,878 trig, 700 trig+kin events)
  [1005/2947] nano_1005.root
         -> 741 vertices (1,628 trig, 628 trig+kin events)
  [1006/2947] nano_1006.root
         -> 791 vertices (1,750 trig, 679 trig+kin events)
  [1007/2947] nano_1007.root
         -> 103 vertices (247 trig, 94 trig+kin events)
  [1008/2947] nano_1008.root
         -> 788 vertices (1,918 trig, 734 trig+kin events)
  [1009/2947] nano_1009.root
         -> 481 vertices (1,276 trig, 445 trig+kin events)
  [1010/2947] nano_1010.root
         -> 649 vertices (1,466 trig, 559 trig+kin events)
  [1011/2947] nano_1011.root
         -> 1,086 vertices (2,363 trig, 907 trig+kin events)
  [1012/2947] nano_1012.root
         -> 732 vertices (1,694 trig, 643 trig+kin events)
  [1013/2947] nano_1013.root
         -> 664 vertices (1,465 trig, 549 trig+kin events)
  [1014/2947] nano_1014.root
         -> 880 vertices (1,948 trig, 773 trig+kin events)
  [1015/2947] nano_1015.root
         -> 702 vertices (1,566 trig, 589 trig+kin events)
  [1016/2947] nano_1016.root
         -> 609 vertices (1,524 trig, 582 trig+kin events)
  [1017/2947] nano_1017.root
         -> 738 vertices (1,698 trig, 644 trig+kin events)
  [1018/2947] nano_1018.root
         -> 570 vertices (1,346 trig, 530 trig+kin events)
  [1019/2947] nano_1019.root
         -> 73 vertices (150 trig, 56 trig+kin events)
  [1020/2947] nano_1020.root
         -> 1,077 vertices (2,545 trig, 975 trig+kin events)
  [1021/2947] nano_1021.root
         -> 514 vertices (1,309 trig, 507 trig+kin events)
  [1022/2947] nano_1022.root
         -> 996 vertices (2,218 trig, 842 trig+kin events)
  [1023/2947] nano_1023.root
         -> 1,105 vertices (2,489 trig, 964 trig+kin events)
  [1024/2947] nano_1024.root
         -> 538 vertices (1,276 trig, 499 trig+kin events)
  [1025/2947] nano_1025.root
         -> 607 vertices (1,522 trig, 580 trig+kin events)
  [1026/2947] nano_1026.root
         -> 1,169 vertices (2,601 trig, 1,011 trig+kin events)
  [1027/2947] nano_1027.root
         -> 567 vertices (1,337 trig, 511 trig+kin events)
  [1028/2947] nano_1028.root
         -> 622 vertices (1,349 trig, 548 trig+kin events)
  [1029/2947] nano_1029.root
         -> 1,025 vertices (2,511 trig, 935 trig+kin events)
  [1030/2947] nano_1030.root
         -> 686 vertices (1,604 trig, 620 trig+kin events)
  [1031/2947] nano_1031.root
         -> 608 vertices (1,354 trig, 530 trig+kin events)
  [1032/2947] nano_1032.root
         -> 678 vertices (1,455 trig, 575 trig+kin events)
  [1033/2947] nano_1033.root
         -> 614 vertices (1,470 trig, 566 trig+kin events)
  [1034/2947] nano_1034.root
         -> 583 vertices (1,383 trig, 514 trig+kin events)
  [1035/2947] nano_1035.root
         -> 690 vertices (1,595 trig, 614 trig+kin events)
  [1036/2947] nano_1036.root
         -> 1,114 vertices (2,445 trig, 961 trig+kin events)
  [1037/2947] nano_1037.root
         -> 1,103 vertices (2,475 trig, 961 trig+kin events)
  [1038/2947] nano_1038.root
         -> 795 vertices (1,828 trig, 703 trig+kin events)
  [1039/2947] nano_1039.root
         -> 528 vertices (1,306 trig, 480 trig+kin events)
  [1040/2947] nano_1040.root
         -> 514 vertices (1,186 trig, 479 trig+kin events)
  [1041/2947] nano_1041.root
         -> 619 vertices (1,402 trig, 553 trig+kin events)
  [1042/2947] nano_1042.root
         -> 645 vertices (1,466 trig, 575 trig+kin events)
  [1043/2947] nano_1043.root
         -> 638 vertices (1,474 trig, 577 trig+kin events)
  [1044/2947] nano_1044.root
         -> 1,117 vertices (2,550 trig, 974 trig+kin events)
  [1045/2947] nano_1045.root
         -> 710 vertices (1,591 trig, 595 trig+kin events)
  [1046/2947] nano_1046.root
         -> 1,107 vertices (2,561 trig, 992 trig+kin events)
  [1047/2947] nano_1047.root
         -> 549 vertices (1,278 trig, 481 trig+kin events)
  [1048/2947] nano_1048.root
         -> 701 vertices (1,687 trig, 644 trig+kin events)
  [1049/2947] nano_1049.root
         -> 1,016 vertices (2,493 trig, 960 trig+kin events)
  [1050/2947] nano_1050.root
         -> 742 vertices (1,597 trig, 596 trig+kin events)
  [1051/2947] nano_1051.root
         -> 1,067 vertices (2,492 trig, 953 trig+kin events)
  [1052/2947] nano_1052.root
         -> 573 vertices (1,440 trig, 539 trig+kin events)
  [1053/2947] nano_1053.root
         -> 594 vertices (1,345 trig, 504 trig+kin events)
  [1054/2947] nano_1054.root
         -> 1,098 vertices (2,567 trig, 964 trig+kin events)
  [1055/2947] nano_1055.root
         -> 643 vertices (1,518 trig, 583 trig+kin events)
  [1056/2947] nano_1056.root
         -> 1,000 vertices (2,168 trig, 840 trig+kin events)
  [1057/2947] nano_1057.root
         -> 593 vertices (1,388 trig, 504 trig+kin events)
  [1058/2947] nano_1058.root
         -> 820 vertices (1,905 trig, 747 trig+kin events)
  [1059/2947] nano_1059.root
         -> 638 vertices (1,398 trig, 553 trig+kin events)
  [1060/2947] nano_1060.root
         -> 711 vertices (1,665 trig, 646 trig+kin events)
  [1061/2947] nano_1061.root
         -> 645 vertices (1,382 trig, 553 trig+kin events)
  [1062/2947] nano_1062.root
         -> 718 vertices (1,525 trig, 614 trig+kin events)
  [1063/2947] nano_1063.root
         -> 626 vertices (1,395 trig, 578 trig+kin events)
  [1064/2947] nano_1064.root
         -> 801 vertices (2,006 trig, 777 trig+kin events)
  [1065/2947] nano_1065.root
         -> 663 vertices (1,486 trig, 543 trig+kin events)
  [1066/2947] nano_1066.root
         -> 1,095 vertices (2,595 trig, 1,006 trig+kin events)
  [1067/2947] nano_1067.root
         -> 856 vertices (2,014 trig, 736 trig+kin events)
  [1068/2947] nano_1068.root
         -> 732 vertices (1,611 trig, 596 trig+kin events)
  [1069/2947] nano_1069.root
         -> 610 vertices (1,348 trig, 525 trig+kin events)
  [1070/2947] nano_1070.root
         -> 651 vertices (1,415 trig, 556 trig+kin events)
  [1071/2947] nano_1071.root
         -> 818 vertices (1,788 trig, 730 trig+kin events)
  [1072/2947] nano_1072.root
         -> 579 vertices (1,421 trig, 541 trig+kin events)
  [1073/2947] nano_1073.root
         -> 685 vertices (1,733 trig, 652 trig+kin events)
  [1074/2947] nano_1074.root
         -> 618 vertices (1,449 trig, 539 trig+kin events)
  [1075/2947] nano_1075.root
         -> 372 vertices (915 trig, 334 trig+kin events)
  [1076/2947] nano_1076.root
         -> 708 vertices (1,527 trig, 604 trig+kin events)
  [1077/2947] nano_1077.root
         -> 713 vertices (1,825 trig, 659 trig+kin events)
  [1078/2947] nano_1078.root
         -> 792 vertices (1,885 trig, 712 trig+kin events)
  [1079/2947] nano_1079.root
         -> 549 vertices (1,279 trig, 486 trig+kin events)
  [1080/2947] nano_1080.root
         -> 675 vertices (1,580 trig, 603 trig+kin events)
  [1081/2947] nano_1081.root
         -> 573 vertices (1,330 trig, 513 trig+kin events)
  [1082/2947] nano_1082.root
         -> 869 vertices (2,036 trig, 762 trig+kin events)
  [1083/2947] nano_1083.root
         -> 716 vertices (1,628 trig, 621 trig+kin events)
  [1084/2947] nano_1084.root
         -> 656 vertices (1,525 trig, 586 trig+kin events)
  [1085/2947] nano_1085.root
         -> 596 vertices (1,330 trig, 513 trig+kin events)
  [1086/2947] nano_1086.root
         -> 545 vertices (1,330 trig, 480 trig+kin events)
  [1087/2947] nano_1087.root
         -> 1,089 vertices (2,466 trig, 949 trig+kin events)
  [1088/2947] nano_1088.root
         -> 728 vertices (1,646 trig, 636 trig+kin events)
  [1089/2947] nano_1089.root
         -> 669 vertices (1,358 trig, 550 trig+kin events)
  [1090/2947] nano_1090.root
         -> 620 vertices (1,480 trig, 571 trig+kin events)
  [1091/2947] nano_1091.root
         -> 701 vertices (1,724 trig, 663 trig+kin events)
  [1092/2947] nano_1092.root
         -> 504 vertices (1,368 trig, 480 trig+kin events)
  [1093/2947] nano_1093.root
         -> 518 vertices (1,285 trig, 479 trig+kin events)
  [1094/2947] nano_1094.root
         -> 417 vertices (987 trig, 363 trig+kin events)
  [1095/2947] nano_1095.root
         -> 731 vertices (1,806 trig, 666 trig+kin events)
  [1096/2947] nano_1096.root
         -> 27 vertices (86 trig, 28 trig+kin events)
  [1097/2947] nano_1097.root
         -> 597 vertices (1,290 trig, 527 trig+kin events)
  [1098/2947] nano_1098.root
         -> 661 vertices (1,381 trig, 527 trig+kin events)
  [1099/2947] nano_1099.root
         -> 707 vertices (1,495 trig, 593 trig+kin events)
  [1100/2947] nano_1100.root
         -> 1,093 vertices (2,545 trig, 987 trig+kin events)
  [1101/2947] nano_1101.root
         -> 679 vertices (1,580 trig, 607 trig+kin events)
  [1102/2947] nano_1102.root
         -> 634 vertices (1,447 trig, 541 trig+kin events)
  [1103/2947] nano_1103.root
         -> 1,003 vertices (2,299 trig, 868 trig+kin events)
  [1104/2947] nano_1104.root
         -> 620 vertices (1,429 trig, 553 trig+kin events)
  [1105/2947] nano_1105.root
         -> 723 vertices (1,576 trig, 622 trig+kin events)
  [1106/2947] nano_1106.root
         -> 625 vertices (1,405 trig, 570 trig+kin events)
  [1107/2947] nano_1107.root
         -> 802 vertices (1,715 trig, 644 trig+kin events)
  [1108/2947] nano_1108.root
         -> 977 vertices (2,207 trig, 833 trig+kin events)
  [1109/2947] nano_1109.root
         -> 1,113 vertices (2,690 trig, 1,021 trig+kin events)
  [1110/2947] nano_1110.root
         -> 176 vertices (404 trig, 153 trig+kin events)
  [1111/2947] nano_1111.root
         -> 718 vertices (1,526 trig, 615 trig+kin events)
  [1112/2947] nano_1112.root
         -> 581 vertices (1,341 trig, 508 trig+kin events)
  [1113/2947] nano_1113.root
         -> 645 vertices (1,433 trig, 559 trig+kin events)
  [1114/2947] nano_1114.root
         -> 595 vertices (1,327 trig, 530 trig+kin events)
  [1115/2947] nano_1115.root
         -> 746 vertices (1,712 trig, 672 trig+kin events)
  [1116/2947] nano_1116.root
         -> 72 vertices (178 trig, 71 trig+kin events)
  [1117/2947] nano_1117.root
         -> 800 vertices (2,035 trig, 750 trig+kin events)
  [1118/2947] nano_1118.root
         -> 1,146 vertices (2,603 trig, 1,012 trig+kin events)
  [1119/2947] nano_1119.root
         -> 560 vertices (1,426 trig, 520 trig+kin events)
  [1120/2947] nano_1120.root
         -> 752 vertices (1,771 trig, 675 trig+kin events)
  [1121/2947] nano_1121.root
         -> 606 vertices (1,359 trig, 523 trig+kin events)
  [1122/2947] nano_1122.root
         -> 954 vertices (1,975 trig, 801 trig+kin events)
  [1123/2947] nano_1123.root
         -> 815 vertices (1,866 trig, 730 trig+kin events)
  [1124/2947] nano_1124.root
         -> 714 vertices (1,507 trig, 623 trig+kin events)
  [1125/2947] nano_1125.root
         -> 22 vertices (38 trig, 20 trig+kin events)
  [1126/2947] nano_1126.root
         -> 1,148 vertices (2,606 trig, 1,037 trig+kin events)
  [1127/2947] nano_1127.root
         -> 532 vertices (1,335 trig, 510 trig+kin events)
  [1128/2947] nano_1128.root
         -> 1,118 vertices (2,505 trig, 958 trig+kin events)
  [1129/2947] nano_1129.root
         -> 636 vertices (1,396 trig, 565 trig+kin events)
  [1130/2947] nano_1130.root
         -> 1,112 vertices (2,563 trig, 983 trig+kin events)
  [1131/2947] nano_1131.root
         -> 649 vertices (1,438 trig, 556 trig+kin events)
  [1132/2947] nano_1132.root
         -> 609 vertices (1,381 trig, 531 trig+kin events)
  [1133/2947] nano_1133.root
         -> 611 vertices (1,389 trig, 575 trig+kin events)
  [1134/2947] nano_1134.root
         -> 901 vertices (2,009 trig, 789 trig+kin events)
  [1135/2947] nano_1135.root
         -> 1,129 vertices (2,552 trig, 1,007 trig+kin events)
  [1136/2947] nano_1136.root
         -> 1,086 vertices (2,513 trig, 938 trig+kin events)
  [1137/2947] nano_1137.root
         -> 1,028 vertices (2,578 trig, 963 trig+kin events)
  [1138/2947] nano_1138.root
         -> 627 vertices (1,354 trig, 528 trig+kin events)
  [1139/2947] nano_1139.root
         -> 514 vertices (1,268 trig, 464 trig+kin events)
  [1140/2947] nano_1140.root
         -> 830 vertices (1,909 trig, 728 trig+kin events)
  [1141/2947] nano_1141.root
         -> 1,183 vertices (2,553 trig, 1,022 trig+kin events)
  [1142/2947] nano_1142.root
         -> 600 vertices (1,401 trig, 541 trig+kin events)
  [1143/2947] nano_1143.root
         -> 941 vertices (2,121 trig, 810 trig+kin events)
  [1144/2947] nano_1144.root
         -> 690 vertices (1,618 trig, 628 trig+kin events)
  [1145/2947] nano_1145.root
         -> 703 vertices (1,575 trig, 631 trig+kin events)
  [1146/2947] nano_1146.root
         -> 637 vertices (1,437 trig, 557 trig+kin events)
  [1147/2947] nano_1147.root
         -> 599 vertices (1,416 trig, 543 trig+kin events)
  [1148/2947] nano_1148.root
         -> 772 vertices (1,847 trig, 674 trig+kin events)
  [1149/2947] nano_1149.root
         -> 737 vertices (1,671 trig, 668 trig+kin events)
  [1150/2947] nano_1150.root
         -> 1,132 vertices (2,549 trig, 977 trig+kin events)
  [1151/2947] nano_1151.root
         -> 537 vertices (1,310 trig, 479 trig+kin events)
  [1152/2947] nano_1152.root
         -> 989 vertices (2,136 trig, 808 trig+kin events)
  [1153/2947] nano_1153.root
         -> 834 vertices (1,839 trig, 706 trig+kin events)
  [1154/2947] nano_1154.root
         -> 1,060 vertices (2,646 trig, 978 trig+kin events)
  [1155/2947] nano_1155.root
         -> 837 vertices (1,807 trig, 698 trig+kin events)
  [1156/2947] nano_1156.root
         -> 86 vertices (153 trig, 61 trig+kin events)
  [1157/2947] nano_1157.root
         -> 560 vertices (1,271 trig, 473 trig+kin events)
  [1158/2947] nano_1158.root
         -> 716 vertices (1,742 trig, 678 trig+kin events)
  [1159/2947] nano_1159.root
         -> 516 vertices (1,348 trig, 493 trig+kin events)
  [1160/2947] nano_1160.root
         -> 591 vertices (1,342 trig, 519 trig+kin events)
  [1161/2947] nano_1161.root
         -> 993 vertices (2,239 trig, 922 trig+kin events)
  [1162/2947] nano_1162.root
         -> 680 vertices (1,600 trig, 577 trig+kin events)
  [1163/2947] nano_1163.root
         -> 773 vertices (1,576 trig, 654 trig+kin events)
  [1164/2947] nano_1164.root
         -> 852 vertices (1,910 trig, 759 trig+kin events)
  [1165/2947] nano_1165.root
         -> 78 vertices (173 trig, 73 trig+kin events)
  [1166/2947] nano_1166.root
         -> 601 vertices (1,383 trig, 542 trig+kin events)
  [1167/2947] nano_1167.root
         -> 1,057 vertices (2,451 trig, 954 trig+kin events)
  [1168/2947] nano_1168.root
         -> 29 vertices (71 trig, 30 trig+kin events)
  [1169/2947] nano_1169.root
         -> 790 vertices (1,870 trig, 691 trig+kin events)
  [1170/2947] nano_1170.root
         -> 924 vertices (2,023 trig, 817 trig+kin events)
  [1171/2947] nano_1171.root
         -> 1,076 vertices (2,475 trig, 982 trig+kin events)
  [1172/2947] nano_1172.root
         -> 1,029 vertices (2,444 trig, 929 trig+kin events)
  [1173/2947] nano_1173.root
         -> 752 vertices (1,754 trig, 673 trig+kin events)
  [1174/2947] nano_1174.root
         -> 766 vertices (1,666 trig, 669 trig+kin events)
  [1175/2947] nano_1175.root
         -> 788 vertices (1,817 trig, 709 trig+kin events)
  [1176/2947] nano_1176.root
         -> 732 vertices (1,705 trig, 630 trig+kin events)
  [1177/2947] nano_1177.root
         -> 595 vertices (1,279 trig, 516 trig+kin events)
  [1178/2947] nano_1178.root
         -> 679 vertices (1,605 trig, 617 trig+kin events)
  [1179/2947] nano_1179.root
         -> 925 vertices (2,443 trig, 897 trig+kin events)
  [1180/2947] nano_1180.root
         -> 1,164 vertices (2,574 trig, 1,020 trig+kin events)
  [1181/2947] nano_1181.root
         -> 627 vertices (1,366 trig, 530 trig+kin events)
  [1182/2947] nano_1182.root
         -> 592 vertices (1,436 trig, 540 trig+kin events)
  [1183/2947] nano_1183.root
         -> 649 vertices (1,555 trig, 597 trig+kin events)
  [1184/2947] nano_1184.root
         -> 686 vertices (1,621 trig, 620 trig+kin events)
  [1185/2947] nano_1185.root
         -> 591 vertices (1,330 trig, 509 trig+kin events)
  [1186/2947] nano_1186.root
         -> 1,151 vertices (2,479 trig, 955 trig+kin events)
  [1187/2947] nano_1187.root
         -> 813 vertices (1,789 trig, 728 trig+kin events)
  [1188/2947] nano_1188.root
         -> 767 vertices (1,726 trig, 680 trig+kin events)
  [1189/2947] nano_1189.root
         -> 541 vertices (1,398 trig, 530 trig+kin events)
  [1190/2947] nano_1190.root
         -> 569 vertices (1,414 trig, 534 trig+kin events)
  [1191/2947] nano_1191.root
         -> 1,094 vertices (2,642 trig, 987 trig+kin events)
  [1192/2947] nano_1192.root
         -> 987 vertices (2,186 trig, 844 trig+kin events)
  [1193/2947] nano_1193.root
         -> 633 vertices (1,400 trig, 544 trig+kin events)
  [1194/2947] nano_1194.root
         -> 371 vertices (885 trig, 318 trig+kin events)
  [1195/2947] nano_1195.root
         -> 564 vertices (1,358 trig, 524 trig+kin events)
  [1196/2947] nano_1196.root
         -> 1,032 vertices (2,492 trig, 967 trig+kin events)
  [1197/2947] nano_1197.root
         -> 664 vertices (1,499 trig, 577 trig+kin events)
  [1198/2947] nano_1198.root
         -> 319 vertices (761 trig, 288 trig+kin events)
  [1199/2947] nano_1199.root
         -> 780 vertices (1,897 trig, 715 trig+kin events)
  [1200/2947] nano_1200.root
         -> 559 vertices (1,371 trig, 500 trig+kin events)
  [1201/2947] nano_1201.root
         -> 533 vertices (1,322 trig, 508 trig+kin events)
  [1202/2947] nano_1202.root
         -> 838 vertices (1,990 trig, 780 trig+kin events)
  [1203/2947] nano_1203.root
         -> 1,212 vertices (2,644 trig, 1,022 trig+kin events)
  [1204/2947] nano_1204.root
         -> 981 vertices (2,244 trig, 865 trig+kin events)
  [1205/2947] nano_1205.root
         -> 659 vertices (1,606 trig, 600 trig+kin events)
  [1206/2947] nano_1206.root
         -> 719 vertices (1,702 trig, 644 trig+kin events)
  [1207/2947] nano_1207.root
         -> 629 vertices (1,552 trig, 564 trig+kin events)
  [1208/2947] nano_1208.root
         -> 626 vertices (1,547 trig, 576 trig+kin events)
  [1209/2947] nano_1209.root
         -> 1,078 vertices (2,429 trig, 952 trig+kin events)
  [1210/2947] nano_1210.root
         -> 783 vertices (1,806 trig, 676 trig+kin events)
  [1211/2947] nano_1211.root
         -> 697 vertices (1,716 trig, 611 trig+kin events)
  [1212/2947] nano_1212.root
         -> 648 vertices (1,536 trig, 567 trig+kin events)
  [1213/2947] nano_1213.root
         -> 631 vertices (1,377 trig, 550 trig+kin events)
  [1214/2947] nano_1214.root
         -> 1,120 vertices (2,563 trig, 993 trig+kin events)
  [1215/2947] nano_1215.root
         -> 1,145 vertices (2,596 trig, 997 trig+kin events)
  [1216/2947] nano_1216.root
         -> 962 vertices (2,314 trig, 874 trig+kin events)
  [1217/2947] nano_1217.root
         -> 66 vertices (194 trig, 67 trig+kin events)
  [1218/2947] nano_1218.root
         -> 681 vertices (1,470 trig, 584 trig+kin events)
  [1219/2947] nano_1219.root
         -> 690 vertices (1,579 trig, 582 trig+kin events)
  [1220/2947] nano_1220.root
         -> 1,137 vertices (2,558 trig, 972 trig+kin events)
  [1221/2947] nano_1221.root
         -> 770 vertices (1,783 trig, 695 trig+kin events)
  [1222/2947] nano_1222.root
         -> 835 vertices (1,882 trig, 722 trig+kin events)
  [1223/2947] nano_1223.root
         -> 534 vertices (1,303 trig, 481 trig+kin events)
  [1224/2947] nano_1224.root
         -> 660 vertices (1,578 trig, 596 trig+kin events)
  [1225/2947] nano_1225.root
         -> 622 vertices (1,423 trig, 550 trig+kin events)
  [1226/2947] nano_1226.root
         -> 837 vertices (1,826 trig, 711 trig+kin events)
  [1227/2947] nano_1227.root
         -> 833 vertices (1,878 trig, 706 trig+kin events)
  [1228/2947] nano_1228.root
         -> 798 vertices (1,750 trig, 674 trig+kin events)
  [1229/2947] nano_1229.root
         -> 888 vertices (2,129 trig, 795 trig+kin events)
  [1230/2947] nano_1230.root
         -> 870 vertices (2,026 trig, 780 trig+kin events)
  [1231/2947] nano_1231.root
         -> 981 vertices (2,410 trig, 905 trig+kin events)
  [1232/2947] nano_1232.root
         -> 620 vertices (1,527 trig, 585 trig+kin events)
  [1233/2947] nano_1233.root
         -> 1,061 vertices (2,653 trig, 977 trig+kin events)
  [1234/2947] nano_1234.root
         -> 1,053 vertices (2,562 trig, 969 trig+kin events)
  [1235/2947] nano_1235.root
         -> 812 vertices (1,713 trig, 684 trig+kin events)
  [1236/2947] nano_1236.root
         -> 1,149 vertices (2,530 trig, 1,008 trig+kin events)
  [1237/2947] nano_1237.root
         -> 970 vertices (2,275 trig, 848 trig+kin events)
  [1238/2947] nano_1238.root
         -> 560 vertices (1,366 trig, 508 trig+kin events)
  [1239/2947] nano_1239.root
         -> 1,059 vertices (2,502 trig, 962 trig+kin events)
  [1240/2947] nano_1240.root
         -> 1,003 vertices (2,402 trig, 894 trig+kin events)
  [1241/2947] nano_1241.root
         -> 670 vertices (1,574 trig, 624 trig+kin events)
  [1242/2947] nano_1242.root
         -> 792 vertices (1,826 trig, 716 trig+kin events)
  [1243/2947] nano_1243.root
         -> 1,089 vertices (2,474 trig, 966 trig+kin events)
  [1244/2947] nano_1244.root
         -> 652 vertices (1,607 trig, 601 trig+kin events)
  [1245/2947] nano_1245.root
         -> 1,071 vertices (2,583 trig, 962 trig+kin events)
  [1246/2947] nano_1246.root
         -> 647 vertices (1,456 trig, 551 trig+kin events)
  [1247/2947] nano_1247.root
         -> 1,168 vertices (2,537 trig, 995 trig+kin events)
  [1248/2947] nano_1248.root
         -> 1,054 vertices (2,388 trig, 938 trig+kin events)
  [1249/2947] nano_1249.root
         -> 892 vertices (2,067 trig, 785 trig+kin events)
  [1250/2947] nano_1250.root
         -> 1,039 vertices (2,470 trig, 940 trig+kin events)
  [1251/2947] nano_1251.root
         -> 624 vertices (1,272 trig, 514 trig+kin events)
  [1252/2947] nano_1252.root
         -> 770 vertices (1,618 trig, 644 trig+kin events)
  [1253/2947] nano_1253.root
         -> 1,104 vertices (2,624 trig, 979 trig+kin events)
  [1254/2947] nano_1254.root
         -> 608 vertices (1,397 trig, 540 trig+kin events)
  [1255/2947] nano_1255.root
         -> 1,092 vertices (2,548 trig, 994 trig+kin events)
  [1256/2947] nano_1256.root
         -> 927 vertices (2,072 trig, 766 trig+kin events)
  [1257/2947] nano_1257.root
         -> 1,088 vertices (2,500 trig, 975 trig+kin events)
  [1258/2947] nano_1258.root
         -> 658 vertices (1,449 trig, 568 trig+kin events)
  [1259/2947] nano_1259.root
         -> 727 vertices (1,679 trig, 636 trig+kin events)
  [1260/2947] nano_1260.root
         -> 113 vertices (252 trig, 98 trig+kin events)
  [1261/2947] nano_1261.root
         -> 901 vertices (2,008 trig, 788 trig+kin events)
  [1262/2947] nano_1262.root
         -> 1,181 vertices (2,633 trig, 1,018 trig+kin events)
  [1263/2947] nano_1263.root
         -> 1,039 vertices (2,386 trig, 908 trig+kin events)
  [1264/2947] nano_1264.root
         -> 796 vertices (1,944 trig, 708 trig+kin events)
  [1265/2947] nano_1265.root
         -> 797 vertices (1,792 trig, 685 trig+kin events)
  [1266/2947] nano_1266.root
         -> 836 vertices (1,847 trig, 738 trig+kin events)
  [1267/2947] nano_1267.root
         -> 676 vertices (1,460 trig, 603 trig+kin events)
  [1268/2947] nano_1268.root
         -> 676 vertices (1,573 trig, 614 trig+kin events)
  [1269/2947] nano_1269.root
         -> 804 vertices (1,919 trig, 709 trig+kin events)
  [1270/2947] nano_1270.root
         -> 1,105 vertices (2,480 trig, 973 trig+kin events)
  [1271/2947] nano_1271.root
         -> 907 vertices (2,115 trig, 801 trig+kin events)
  [1272/2947] nano_1272.root
         -> 680 vertices (1,717 trig, 643 trig+kin events)
  [1273/2947] nano_1273.root
         -> 1,124 vertices (2,544 trig, 991 trig+kin events)
  [1274/2947] nano_1274.root
         -> 917 vertices (2,051 trig, 808 trig+kin events)
  [1275/2947] nano_1275.root
         -> 714 vertices (1,657 trig, 661 trig+kin events)
  [1276/2947] nano_1276.root
         -> 570 vertices (1,335 trig, 497 trig+kin events)
  [1277/2947] nano_1277.root
         -> 854 vertices (1,944 trig, 767 trig+kin events)
  [1278/2947] nano_1278.root
         -> 516 vertices (1,330 trig, 491 trig+kin events)
  [1279/2947] nano_1279.root
         -> 884 vertices (2,005 trig, 771 trig+kin events)
  [1280/2947] nano_1280.root
         -> 620 vertices (1,352 trig, 532 trig+kin events)
  [1281/2947] nano_1281.root
         -> 535 vertices (1,415 trig, 521 trig+kin events)
  [1282/2947] nano_1282.root
         -> 454 vertices (1,107 trig, 400 trig+kin events)
  [1283/2947] nano_1283.root
         -> 574 vertices (1,288 trig, 517 trig+kin events)
  [1284/2947] nano_1284.root
         -> 852 vertices (1,835 trig, 728 trig+kin events)
  [1285/2947] nano_1285.root
         -> 1,099 vertices (2,545 trig, 978 trig+kin events)
  [1286/2947] nano_1286.root
         -> 800 vertices (1,918 trig, 716 trig+kin events)
  [1287/2947] nano_1287.root
         -> 605 vertices (1,312 trig, 515 trig+kin events)
  [1288/2947] nano_1288.root
         -> 565 vertices (1,387 trig, 539 trig+kin events)
  [1289/2947] nano_1289.root
         -> 669 vertices (1,701 trig, 638 trig+kin events)
  [1290/2947] nano_1290.root
         -> 957 vertices (2,344 trig, 897 trig+kin events)
  [1291/2947] nano_1291.root
         -> 728 vertices (1,661 trig, 683 trig+kin events)
  [1292/2947] nano_1292.root
         -> 671 vertices (1,587 trig, 581 trig+kin events)
  [1293/2947] nano_1293.root
         -> 1,154 vertices (2,671 trig, 1,031 trig+kin events)
  [1294/2947] nano_1294.root
         -> 607 vertices (1,592 trig, 595 trig+kin events)
  [1295/2947] nano_1295.root
         -> 753 vertices (1,768 trig, 685 trig+kin events)
  [1296/2947] nano_1296.root
         -> 952 vertices (2,090 trig, 838 trig+kin events)
  [1297/2947] nano_1297.root
         -> 1,073 vertices (2,574 trig, 954 trig+kin events)
  [1298/2947] nano_1298.root
         -> 630 vertices (1,458 trig, 559 trig+kin events)
  [1299/2947] nano_1299.root
         -> 870 vertices (2,009 trig, 777 trig+kin events)
  [1300/2947] nano_1300.root
         -> 768 vertices (1,761 trig, 723 trig+kin events)
  [1301/2947] nano_1301.root
         -> 633 vertices (1,432 trig, 560 trig+kin events)
  [1302/2947] nano_1302.root
         -> 856 vertices (2,017 trig, 750 trig+kin events)
  [1303/2947] nano_1303.root
         -> 671 vertices (1,454 trig, 565 trig+kin events)
  [1304/2947] nano_1304.root
         -> 785 vertices (1,916 trig, 723 trig+kin events)
  [1305/2947] nano_1305.root
         -> 621 vertices (1,307 trig, 493 trig+kin events)
  [1306/2947] nano_1306.root
         -> 753 vertices (1,896 trig, 715 trig+kin events)
  [1307/2947] nano_1307.root
         -> 678 vertices (1,705 trig, 622 trig+kin events)
  [1308/2947] nano_1308.root
         -> 808 vertices (1,896 trig, 723 trig+kin events)
  [1309/2947] nano_1309.root
         -> 557 vertices (1,438 trig, 527 trig+kin events)
  [1310/2947] nano_1310.root
         -> 790 vertices (1,789 trig, 706 trig+kin events)
  [1311/2947] nano_1311.root
         -> 604 vertices (1,356 trig, 506 trig+kin events)
  [1312/2947] nano_1312.root
         -> 302 vertices (632 trig, 261 trig+kin events)
  [1313/2947] nano_1313.root
         -> 923 vertices (2,132 trig, 856 trig+kin events)
  [1314/2947] nano_1314.root
         -> 705 vertices (1,562 trig, 610 trig+kin events)
  [1315/2947] nano_1315.root
         -> 702 vertices (1,699 trig, 624 trig+kin events)
  [1316/2947] nano_1316.root
         -> 950 vertices (2,135 trig, 795 trig+kin events)
  [1317/2947] nano_1317.root
         -> 667 vertices (1,590 trig, 630 trig+kin events)
  [1318/2947] nano_1318.root
         -> 1,066 vertices (2,665 trig, 1,013 trig+kin events)
  [1319/2947] nano_1319.root
         -> 70 vertices (140 trig, 59 trig+kin events)
  [1320/2947] nano_1320.root
         -> 659 vertices (1,561 trig, 599 trig+kin events)
  [1321/2947] nano_1321.root
         -> 798 vertices (1,782 trig, 679 trig+kin events)
  [1322/2947] nano_1322.root
         -> 593 vertices (1,444 trig, 533 trig+kin events)
  [1323/2947] nano_1323.root
         -> 601 vertices (1,360 trig, 527 trig+kin events)
  [1324/2947] nano_1324.root
         -> 1,031 vertices (2,439 trig, 892 trig+kin events)
  [1325/2947] nano_1325.root
         -> 594 vertices (1,334 trig, 517 trig+kin events)
  [1326/2947] nano_1326.root
         -> 604 vertices (1,305 trig, 509 trig+kin events)
  [1327/2947] nano_1327.root
         -> 652 vertices (1,466 trig, 561 trig+kin events)
  [1328/2947] nano_1328.root
         -> 701 vertices (1,767 trig, 647 trig+kin events)
  [1329/2947] nano_1329.root
         -> 681 vertices (1,448 trig, 587 trig+kin events)
  [1330/2947] nano_1330.root
         -> 568 vertices (1,327 trig, 507 trig+kin events)
  [1331/2947] nano_1331.root
         -> 1,046 vertices (2,592 trig, 966 trig+kin events)
  [1332/2947] nano_1332.root
         -> 833 vertices (1,903 trig, 722 trig+kin events)
  [1333/2947] nano_1333.root
         -> 1,064 vertices (2,472 trig, 916 trig+kin events)
  [1334/2947] nano_1334.root
         -> 571 vertices (1,345 trig, 517 trig+kin events)
  [1335/2947] nano_1335.root
         -> 774 vertices (1,740 trig, 697 trig+kin events)
  [1336/2947] nano_1336.root
         -> 953 vertices (2,272 trig, 886 trig+kin events)
  [1337/2947] nano_1337.root
         -> 547 vertices (1,323 trig, 501 trig+kin events)
  [1338/2947] nano_1338.root
         -> 642 vertices (1,293 trig, 518 trig+kin events)
  [1339/2947] nano_1339.root
         -> 581 vertices (1,390 trig, 530 trig+kin events)
  [1340/2947] nano_1340.root
         -> 574 vertices (1,413 trig, 539 trig+kin events)
  [1341/2947] nano_1341.root
         -> 693 vertices (1,579 trig, 587 trig+kin events)
  [1342/2947] nano_1342.root
         -> 1,073 vertices (2,540 trig, 965 trig+kin events)
  [1343/2947] nano_1343.root
         -> 862 vertices (1,924 trig, 735 trig+kin events)
  [1344/2947] nano_1344.root
         -> 1,108 vertices (2,461 trig, 986 trig+kin events)
  [1345/2947] nano_1345.root
         -> 87 vertices (226 trig, 89 trig+kin events)
  [1346/2947] nano_1346.root
         -> 604 vertices (1,459 trig, 541 trig+kin events)
  [1347/2947] nano_1347.root
         -> 580 vertices (1,383 trig, 525 trig+kin events)
  [1348/2947] nano_1348.root
         -> 1,139 vertices (2,576 trig, 1,002 trig+kin events)
  [1349/2947] nano_1349.root
         -> 598 vertices (1,410 trig, 539 trig+kin events)
  [1350/2947] nano_1350.root
         -> 1,157 vertices (2,540 trig, 971 trig+kin events)
  [1351/2947] nano_1351.root
         -> 1,181 vertices (2,511 trig, 993 trig+kin events)
  [1352/2947] nano_1352.root
         -> 1,127 vertices (2,647 trig, 1,007 trig+kin events)
  [1353/2947] nano_1353.root
         -> 575 vertices (1,323 trig, 491 trig+kin events)
  [1354/2947] nano_1354.root
         -> 1,129 vertices (2,530 trig, 970 trig+kin events)
  [1355/2947] nano_1355.root
         -> 898 vertices (2,185 trig, 788 trig+kin events)
  [1356/2947] nano_1356.root
         -> 1,089 vertices (2,480 trig, 933 trig+kin events)
  [1357/2947] nano_1357.root
         -> 1,100 vertices (2,579 trig, 976 trig+kin events)
  [1358/2947] nano_1358.root
         -> 607 vertices (1,392 trig, 516 trig+kin events)
  [1359/2947] nano_1359.root
         -> 1,116 vertices (2,589 trig, 992 trig+kin events)
  [1360/2947] nano_1360.root
         -> 581 vertices (1,337 trig, 534 trig+kin events)
  [1361/2947] nano_1361.root
         -> 545 vertices (1,357 trig, 511 trig+kin events)
  [1362/2947] nano_1362.root
         -> 1,147 vertices (2,515 trig, 995 trig+kin events)
  [1363/2947] nano_1363.root
         -> 608 vertices (1,458 trig, 556 trig+kin events)
  [1364/2947] nano_1364.root
         -> 496 vertices (1,274 trig, 486 trig+kin events)
  [1365/2947] nano_1365.root
         -> 797 vertices (1,939 trig, 740 trig+kin events)
  [1366/2947] nano_1366.root
         -> 518 vertices (1,180 trig, 469 trig+kin events)
  [1367/2947] nano_1367.root
         -> 1,077 vertices (2,608 trig, 1,002 trig+kin events)
  [1368/2947] nano_1368.root
         -> 1,125 vertices (2,505 trig, 984 trig+kin events)
  [1369/2947] nano_1369.root
         -> 916 vertices (2,293 trig, 842 trig+kin events)
  [1370/2947] nano_1370.root
         -> 995 vertices (2,520 trig, 959 trig+kin events)
  [1371/2947] nano_1371.root
         -> 676 vertices (1,502 trig, 582 trig+kin events)
  [1372/2947] nano_1372.root
         -> 867 vertices (2,081 trig, 790 trig+kin events)
  [1373/2947] nano_1373.root
         -> 701 vertices (1,529 trig, 586 trig+kin events)
  [1374/2947] nano_1374.root
         -> 1,033 vertices (2,407 trig, 942 trig+kin events)
  [1375/2947] nano_1375.root
         -> 545 vertices (1,368 trig, 531 trig+kin events)
  [1376/2947] nano_1376.root
         -> 392 vertices (850 trig, 356 trig+kin events)
  [1377/2947] nano_1377.root
         -> 980 vertices (2,354 trig, 895 trig+kin events)
  [1378/2947] nano_1378.root
         -> 750 vertices (1,750 trig, 696 trig+kin events)
  [1379/2947] nano_1379.root
         -> 561 vertices (1,375 trig, 498 trig+kin events)
  [1380/2947] nano_1380.root
         -> 483 vertices (1,316 trig, 464 trig+kin events)
  [1381/2947] nano_1381.root
         -> 1,040 vertices (2,422 trig, 922 trig+kin events)
  [1382/2947] nano_1382.root
         -> 829 vertices (1,851 trig, 737 trig+kin events)
  [1383/2947] nano_1383.root
         -> 211 vertices (498 trig, 185 trig+kin events)
  [1384/2947] nano_1384.root
         -> 626 vertices (1,397 trig, 531 trig+kin events)
  [1385/2947] nano_1385.root
         -> 687 vertices (1,577 trig, 605 trig+kin events)
  [1386/2947] nano_1386.root
         -> 1,128 vertices (2,553 trig, 990 trig+kin events)
  [1387/2947] nano_1387.root
         -> 579 vertices (1,422 trig, 517 trig+kin events)
  [1388/2947] nano_1388.root
         -> 1,005 vertices (2,302 trig, 868 trig+kin events)
  [1389/2947] nano_1389.root
         -> 824 vertices (1,699 trig, 678 trig+kin events)
  [1390/2947] nano_1390.root
         -> 1,042 vertices (2,360 trig, 936 trig+kin events)
  [1391/2947] nano_1391.root
         -> 1,144 vertices (2,588 trig, 1,012 trig+kin events)
  [1392/2947] nano_1392.root
         -> 851 vertices (1,983 trig, 765 trig+kin events)
  [1393/2947] nano_1393.root
         -> 612 vertices (1,427 trig, 549 trig+kin events)
  [1394/2947] nano_1394.root
         -> 830 vertices (1,791 trig, 708 trig+kin events)
  [1395/2947] nano_1395.root
         -> 569 vertices (1,376 trig, 513 trig+kin events)
  [1396/2947] nano_1396.root
         -> 827 vertices (1,899 trig, 710 trig+kin events)
  [1397/2947] nano_1397.root
         -> 725 vertices (1,618 trig, 616 trig+kin events)
  [1398/2947] nano_1398.root
         -> 576 vertices (1,349 trig, 507 trig+kin events)
  [1399/2947] nano_1399.root
         -> 1,092 vertices (2,582 trig, 954 trig+kin events)
  [1400/2947] nano_1400.root
         -> 647 vertices (1,634 trig, 652 trig+kin events)
  [1401/2947] nano_1401.root
         -> 546 vertices (1,335 trig, 513 trig+kin events)
  [1402/2947] nano_1402.root
         -> 1,105 vertices (2,584 trig, 960 trig+kin events)
  [1403/2947] nano_1403.root
         -> 814 vertices (1,985 trig, 723 trig+kin events)
  [1404/2947] nano_1404.root
         -> 660 vertices (1,476 trig, 573 trig+kin events)
  [1405/2947] nano_1405.root
         -> 731 vertices (1,608 trig, 622 trig+kin events)
  [1406/2947] nano_1406.root
         -> 712 vertices (1,678 trig, 621 trig+kin events)
  [1407/2947] nano_1407.root
         -> 490 vertices (1,351 trig, 501 trig+kin events)
  [1408/2947] nano_1408.root
         -> 747 vertices (1,719 trig, 685 trig+kin events)
  [1409/2947] nano_1409.root
         -> 950 vertices (2,111 trig, 801 trig+kin events)
  [1410/2947] nano_1410.root
         -> 1,072 vertices (2,445 trig, 948 trig+kin events)
  [1411/2947] nano_1411.root
         -> 1,041 vertices (2,493 trig, 900 trig+kin events)
  [1412/2947] nano_1412.root
         -> 1,156 vertices (2,562 trig, 993 trig+kin events)
  [1413/2947] nano_1413.root
         -> 1,088 vertices (2,564 trig, 979 trig+kin events)
  [1414/2947] nano_1414.root
         -> 1,133 vertices (2,533 trig, 998 trig+kin events)
  [1415/2947] nano_1415.root
         -> 793 vertices (1,726 trig, 665 trig+kin events)
  [1416/2947] nano_1416.root
         -> 1,082 vertices (2,447 trig, 934 trig+kin events)
  [1417/2947] nano_1417.root
         -> 522 vertices (1,288 trig, 473 trig+kin events)
  [1418/2947] nano_1418.root
         -> 1,052 vertices (2,570 trig, 976 trig+kin events)
  [1419/2947] nano_1419.root
         -> 571 vertices (1,381 trig, 549 trig+kin events)
  [1420/2947] nano_1420.root
         -> 1,091 vertices (2,506 trig, 976 trig+kin events)
  [1421/2947] nano_1421.root
         -> 912 vertices (1,989 trig, 744 trig+kin events)
  [1422/2947] nano_1422.root
         -> 687 vertices (1,568 trig, 611 trig+kin events)
  [1423/2947] nano_1423.root
         -> 1,062 vertices (2,497 trig, 962 trig+kin events)
  [1424/2947] nano_1424.root
         -> 622 vertices (1,402 trig, 530 trig+kin events)
  [1425/2947] nano_1425.root
         -> 768 vertices (1,707 trig, 635 trig+kin events)
  [1426/2947] nano_1426.root
         -> 703 vertices (1,730 trig, 626 trig+kin events)
  [1427/2947] nano_1427.root
         -> 857 vertices (1,892 trig, 760 trig+kin events)
  [1428/2947] nano_1428.root
         -> 612 vertices (1,413 trig, 547 trig+kin events)
  [1429/2947] nano_1429.root
         -> 1,072 vertices (2,448 trig, 929 trig+kin events)
  [1430/2947] nano_1430.root
         -> 1,078 vertices (2,479 trig, 916 trig+kin events)
  [1431/2947] nano_1431.root
         -> 611 vertices (1,321 trig, 514 trig+kin events)
  [1432/2947] nano_1432.root
         -> 562 vertices (1,277 trig, 508 trig+kin events)
  [1433/2947] nano_1433.root
         -> 352 vertices (812 trig, 327 trig+kin events)
  [1434/2947] nano_1434.root
         -> 935 vertices (2,091 trig, 858 trig+kin events)
  [1435/2947] nano_1435.root
         -> 767 vertices (1,795 trig, 678 trig+kin events)
  [1436/2947] nano_1436.root
         -> 1,065 vertices (2,562 trig, 981 trig+kin events)
  [1437/2947] nano_1437.root
         -> 736 vertices (1,589 trig, 638 trig+kin events)
  [1438/2947] nano_1438.root
         -> 622 vertices (1,592 trig, 590 trig+kin events)
  [1439/2947] nano_1439.root
         -> 940 vertices (2,217 trig, 841 trig+kin events)
  [1440/2947] nano_1440.root
         -> 1,109 vertices (2,571 trig, 967 trig+kin events)
  [1441/2947] nano_1441.root
         -> 854 vertices (1,984 trig, 765 trig+kin events)
  [1442/2947] nano_1442.root
         -> 780 vertices (1,740 trig, 677 trig+kin events)
  [1443/2947] nano_1443.root
         -> 1,213 vertices (2,600 trig, 1,053 trig+kin events)
  [1444/2947] nano_1444.root
         -> 596 vertices (1,342 trig, 517 trig+kin events)
  [1445/2947] nano_1445.root
         -> 253 vertices (636 trig, 223 trig+kin events)
  [1446/2947] nano_1446.root
         -> 607 vertices (1,340 trig, 522 trig+kin events)
  [1447/2947] nano_1447.root
         -> 888 vertices (2,046 trig, 776 trig+kin events)
  [1448/2947] nano_1448.root
         -> 1,075 vertices (2,554 trig, 992 trig+kin events)
  [1449/2947] nano_1449.root
         -> 1,251 vertices (2,595 trig, 1,049 trig+kin events)
  [1450/2947] nano_1450.root
         -> 844 vertices (1,979 trig, 726 trig+kin events)
  [1451/2947] nano_1451.root
         -> 786 vertices (1,763 trig, 681 trig+kin events)
  [1452/2947] nano_1452.root
         -> 780 vertices (1,881 trig, 701 trig+kin events)
  [1453/2947] nano_1453.root
         -> 698 vertices (1,561 trig, 597 trig+kin events)
  [1454/2947] nano_1454.root
         -> 1,160 vertices (2,543 trig, 995 trig+kin events)
  [1455/2947] nano_1455.root
         -> 643 vertices (1,595 trig, 605 trig+kin events)
  [1456/2947] nano_1456.root
         -> 791 vertices (1,937 trig, 724 trig+kin events)
  [1457/2947] nano_1457.root
         -> 1,125 vertices (2,364 trig, 950 trig+kin events)
  [1458/2947] nano_1458.root
         -> 1,032 vertices (2,468 trig, 907 trig+kin events)
  [1459/2947] nano_1459.root
         -> 593 vertices (1,354 trig, 539 trig+kin events)
  [1460/2947] nano_1460.root
         -> 714 vertices (1,619 trig, 622 trig+kin events)
  [1461/2947] nano_1461.root
         -> 724 vertices (1,742 trig, 667 trig+kin events)
  [1462/2947] nano_1462.root
         -> 741 vertices (1,838 trig, 666 trig+kin events)
  [1463/2947] nano_1463.root
         -> 596 vertices (1,386 trig, 532 trig+kin events)
  [1464/2947] nano_1464.root
         -> 783 vertices (1,900 trig, 688 trig+kin events)
  [1465/2947] nano_1465.root
         -> 1,075 vertices (2,549 trig, 932 trig+kin events)
  [1466/2947] nano_1466.root
         -> 873 vertices (2,138 trig, 825 trig+kin events)
  [1467/2947] nano_1467.root
         -> 1,065 vertices (2,502 trig, 958 trig+kin events)
  [1468/2947] nano_1468.root
         -> 1,076 vertices (2,617 trig, 1,007 trig+kin events)
  [1469/2947] nano_1469.root
         -> 564 vertices (1,465 trig, 529 trig+kin events)
  [1470/2947] nano_1470.root
         -> 747 vertices (1,602 trig, 631 trig+kin events)
  [1471/2947] nano_1471.root
         -> 875 vertices (2,060 trig, 772 trig+kin events)
  [1472/2947] nano_1472.root
         -> 843 vertices (1,905 trig, 769 trig+kin events)
  [1473/2947] nano_1473.root
         -> 647 vertices (1,311 trig, 541 trig+kin events)
  [1474/2947] nano_1474.root
         -> 913 vertices (2,167 trig, 843 trig+kin events)
  [1475/2947] nano_1475.root
         -> 1,042 vertices (2,510 trig, 957 trig+kin events)
  [1476/2947] nano_1476.root
         -> 1,137 vertices (2,523 trig, 1,016 trig+kin events)
  [1477/2947] nano_1477.root
         -> 222 vertices (462 trig, 179 trig+kin events)
  [1478/2947] nano_1478.root
         -> 1,210 vertices (2,524 trig, 1,010 trig+kin events)
  [1479/2947] nano_1479.root
         -> 612 vertices (1,340 trig, 516 trig+kin events)
  [1480/2947] nano_1480.root
         -> 650 vertices (1,583 trig, 584 trig+kin events)
  [1481/2947] nano_1481.root
         -> 652 vertices (1,469 trig, 568 trig+kin events)
  [1482/2947] nano_1482.root
         -> 1,054 vertices (2,452 trig, 925 trig+kin events)
  [1483/2947] nano_1483.root
         -> 666 vertices (1,549 trig, 616 trig+kin events)
  [1484/2947] nano_1484.root
         -> 665 vertices (1,719 trig, 622 trig+kin events)
  [1485/2947] nano_1485.root
         -> 756 vertices (1,863 trig, 693 trig+kin events)
  [1486/2947] nano_1486.root
         -> 230 vertices (497 trig, 192 trig+kin events)
  [1487/2947] nano_1487.root
         -> 955 vertices (2,192 trig, 825 trig+kin events)
  [1488/2947] nano_1488.root
         -> 821 vertices (1,907 trig, 719 trig+kin events)
  [1489/2947] nano_1489.root
         -> 694 vertices (1,600 trig, 620 trig+kin events)
  [1490/2947] nano_1490.root
         -> 312 vertices (760 trig, 283 trig+kin events)
  [1491/2947] nano_1491.root
         -> 741 vertices (1,697 trig, 616 trig+kin events)
  [1492/2947] nano_1492.root
         -> 1,020 vertices (2,237 trig, 872 trig+kin events)
  [1493/2947] nano_1493.root
         -> 531 vertices (1,282 trig, 489 trig+kin events)
  [1494/2947] nano_1494.root
         -> 742 vertices (1,754 trig, 678 trig+kin events)
  [1495/2947] nano_1495.root
         -> 819 vertices (1,962 trig, 763 trig+kin events)
  [1496/2947] nano_1496.root
         -> 710 vertices (1,656 trig, 631 trig+kin events)
  [1497/2947] nano_1497.root
         -> 786 vertices (1,803 trig, 692 trig+kin events)
  [1498/2947] nano_1498.root
         -> 961 vertices (2,213 trig, 852 trig+kin events)
  [1499/2947] nano_1499.root
         -> 913 vertices (2,129 trig, 813 trig+kin events)
  [1500/2947] nano_1500.root
         -> 689 vertices (1,556 trig, 609 trig+kin events)
  [1501/2947] nano_1501.root
         -> 1,108 vertices (2,550 trig, 945 trig+kin events)
  [1502/2947] nano_1502.root
         -> 1,024 vertices (2,577 trig, 974 trig+kin events)
  [1503/2947] nano_1503.root
         -> 670 vertices (1,494 trig, 580 trig+kin events)
  [1504/2947] nano_1504.root
         -> 768 vertices (1,650 trig, 651 trig+kin events)
  [1505/2947] nano_1505.root
         -> 540 vertices (1,328 trig, 481 trig+kin events)
  [1506/2947] nano_1506.root
         -> 1,101 vertices (2,540 trig, 962 trig+kin events)
  [1507/2947] nano_1507.root
         -> 676 vertices (1,565 trig, 599 trig+kin events)
  [1508/2947] nano_1508.root
         -> 927 vertices (2,216 trig, 838 trig+kin events)
  [1509/2947] nano_1509.root
         -> 686 vertices (1,511 trig, 583 trig+kin events)
  [1510/2947] nano_1510.root
         -> 854 vertices (1,925 trig, 764 trig+kin events)
  [1511/2947] nano_1511.root
         -> 945 vertices (2,193 trig, 850 trig+kin events)
  [1512/2947] nano_1512.root
         -> 639 vertices (1,452 trig, 581 trig+kin events)
  [1513/2947] nano_1513.root
         -> 762 vertices (1,694 trig, 669 trig+kin events)
  [1514/2947] nano_1514.root
         -> 925 vertices (2,221 trig, 826 trig+kin events)
  [1515/2947] nano_1515.root
         -> 841 vertices (1,863 trig, 738 trig+kin events)
  [1516/2947] nano_1516.root
         -> 625 vertices (1,518 trig, 582 trig+kin events)
  [1517/2947] nano_1517.root
         -> 1,017 vertices (2,494 trig, 948 trig+kin events)
  [1518/2947] nano_1518.root
         -> 895 vertices (2,037 trig, 782 trig+kin events)
  [1519/2947] nano_1519.root
         -> 615 vertices (1,346 trig, 507 trig+kin events)
  [1520/2947] nano_1520.root
         -> 612 vertices (1,456 trig, 548 trig+kin events)
  [1521/2947] nano_1521.root
         -> 677 vertices (1,479 trig, 564 trig+kin events)
  [1522/2947] nano_1522.root
         -> 614 vertices (1,457 trig, 552 trig+kin events)
  [1523/2947] nano_1523.root
         -> 553 vertices (1,280 trig, 492 trig+kin events)
  [1524/2947] nano_1524.root
         -> 690 vertices (1,653 trig, 608 trig+kin events)
  [1525/2947] nano_1525.root
         -> 753 vertices (1,753 trig, 675 trig+kin events)
  [1526/2947] nano_1526.root
         -> 1,079 vertices (2,462 trig, 938 trig+kin events)
  [1527/2947] nano_1527.root
         -> 833 vertices (1,872 trig, 744 trig+kin events)
  [1528/2947] nano_1528.root
         -> 591 vertices (1,283 trig, 503 trig+kin events)
  [1529/2947] nano_1529.root
         -> 125 vertices (273 trig, 101 trig+kin events)
  [1530/2947] nano_1530.root
         -> 561 vertices (1,302 trig, 477 trig+kin events)
  [1531/2947] nano_1531.root
         -> 1,123 vertices (2,527 trig, 999 trig+kin events)
  [1532/2947] nano_1532.root
         -> 1,044 vertices (2,402 trig, 928 trig+kin events)
  [1533/2947] nano_1533.root
         -> 1,156 vertices (2,608 trig, 985 trig+kin events)
  [1534/2947] nano_1534.root
         -> 544 vertices (1,264 trig, 486 trig+kin events)
  [1535/2947] nano_1535.root
         -> 594 vertices (1,330 trig, 522 trig+kin events)
  [1536/2947] nano_1536.root
         -> 563 vertices (1,263 trig, 473 trig+kin events)
  [1537/2947] nano_1537.root
         -> 969 vertices (2,154 trig, 831 trig+kin events)
  [1538/2947] nano_1538.root
         -> 1,014 vertices (2,544 trig, 924 trig+kin events)
  [1539/2947] nano_1539.root
         -> 1,009 vertices (2,315 trig, 906 trig+kin events)
  [1540/2947] nano_1540.root
         -> 477 vertices (1,267 trig, 470 trig+kin events)
  [1541/2947] nano_1541.root
         -> 1,145 vertices (2,579 trig, 1,013 trig+kin events)
  [1542/2947] nano_1542.root
         -> 1,017 vertices (2,239 trig, 887 trig+kin events)
  [1543/2947] nano_1543.root
         -> 854 vertices (1,970 trig, 765 trig+kin events)
  [1544/2947] nano_1544.root
         -> 676 vertices (1,594 trig, 599 trig+kin events)
  [1545/2947] nano_1545.root
         -> 227 vertices (563 trig, 205 trig+kin events)
  [1546/2947] nano_1546.root
         -> 709 vertices (1,640 trig, 630 trig+kin events)
  [1547/2947] nano_1547.root
         -> 574 vertices (1,328 trig, 505 trig+kin events)
  [1548/2947] nano_1548.root
         -> 615 vertices (1,385 trig, 538 trig+kin events)
  [1549/2947] nano_1549.root
         -> 669 vertices (1,643 trig, 616 trig+kin events)
  [1550/2947] nano_1550.root
         -> 878 vertices (2,029 trig, 783 trig+kin events)
  [1551/2947] nano_1551.root
         -> 899 vertices (2,086 trig, 823 trig+kin events)
  [1552/2947] nano_1552.root
         -> 947 vertices (2,285 trig, 857 trig+kin events)
  [1553/2947] nano_1553.root
         -> 546 vertices (1,278 trig, 473 trig+kin events)
  [1554/2947] nano_1554.root
         -> 1,057 vertices (2,441 trig, 931 trig+kin events)
  [1555/2947] nano_1555.root
         -> 747 vertices (1,699 trig, 637 trig+kin events)
  [1556/2947] nano_1556.root
         -> 796 vertices (1,733 trig, 686 trig+kin events)
  [1557/2947] nano_1557.root
         -> 1,085 vertices (2,576 trig, 967 trig+kin events)
  [1558/2947] nano_1558.root
         -> 865 vertices (1,985 trig, 749 trig+kin events)
  [1559/2947] nano_1559.root
         -> 576 vertices (1,489 trig, 538 trig+kin events)
  [1560/2947] nano_1560.root
         -> 943 vertices (2,340 trig, 880 trig+kin events)
  [1561/2947] nano_1561.root
         -> 867 vertices (1,952 trig, 744 trig+kin events)
  [1562/2947] nano_1562.root
         -> 509 vertices (1,170 trig, 456 trig+kin events)
  [1563/2947] nano_1563.root
         -> 1,102 vertices (2,587 trig, 964 trig+kin events)
  [1564/2947] nano_1564.root
         -> 1,049 vertices (2,415 trig, 921 trig+kin events)
  [1565/2947] nano_1565.root
         -> 784 vertices (1,713 trig, 656 trig+kin events)
  [1566/2947] nano_1566.root
         -> 1,061 vertices (2,510 trig, 964 trig+kin events)
  [1567/2947] nano_1567.root
         -> 579 vertices (1,366 trig, 537 trig+kin events)
  [1568/2947] nano_1568.root
         -> 1,096 vertices (2,522 trig, 978 trig+kin events)
  [1569/2947] nano_1569.root
         -> 914 vertices (2,064 trig, 821 trig+kin events)
  [1570/2947] nano_1570.root
         -> 947 vertices (2,076 trig, 815 trig+kin events)
  [1571/2947] nano_1571.root
         -> 541 vertices (1,321 trig, 501 trig+kin events)
  [1572/2947] nano_1572.root
         -> 919 vertices (1,961 trig, 749 trig+kin events)
  [1573/2947] nano_1573.root
         -> 1,144 vertices (2,539 trig, 987 trig+kin events)
  [1574/2947] nano_1574.root
         -> 830 vertices (1,865 trig, 750 trig+kin events)
  [1575/2947] nano_1575.root
         -> 1,164 vertices (2,564 trig, 1,000 trig+kin events)
  [1576/2947] nano_1576.root
         -> 888 vertices (1,988 trig, 751 trig+kin events)
  [1577/2947] nano_1577.root
         -> 1,056 vertices (2,517 trig, 948 trig+kin events)
  [1578/2947] nano_1578.root
         -> 801 vertices (1,760 trig, 708 trig+kin events)
  [1579/2947] nano_1579.root
         -> 541 vertices (1,179 trig, 476 trig+kin events)
  [1580/2947] nano_1580.root
         -> 928 vertices (2,085 trig, 800 trig+kin events)
  [1581/2947] nano_1581.root
         -> 799 vertices (1,842 trig, 732 trig+kin events)
  [1582/2947] nano_1582.root
         -> 1,012 vertices (2,515 trig, 923 trig+kin events)
  [1583/2947] nano_1583.root
         -> 724 vertices (1,716 trig, 664 trig+kin events)
  [1584/2947] nano_1584.root
         -> 1,065 vertices (2,584 trig, 970 trig+kin events)
  [1585/2947] nano_1585.root
         -> 1,108 vertices (2,485 trig, 957 trig+kin events)
  [1586/2947] nano_1586.root
         -> 724 vertices (1,688 trig, 613 trig+kin events)
  [1587/2947] nano_1587.root
         -> 116 vertices (261 trig, 95 trig+kin events)
  [1588/2947] nano_1588.root
         -> 693 vertices (1,788 trig, 636 trig+kin events)
  [1589/2947] nano_1589.root
         -> 1,084 vertices (2,517 trig, 933 trig+kin events)
  [1590/2947] nano_1590.root
         -> 540 vertices (1,353 trig, 495 trig+kin events)
  [1591/2947] nano_1591.root
         -> 1,186 vertices (2,579 trig, 1,003 trig+kin events)
  [1592/2947] nano_1592.root
         -> 252 vertices (627 trig, 239 trig+kin events)
  [1593/2947] nano_1593.root
         -> 558 vertices (1,306 trig, 485 trig+kin events)
  [1594/2947] nano_1594.root
         -> 667 vertices (1,405 trig, 556 trig+kin events)
  [1595/2947] nano_1595.root
         -> 649 vertices (1,545 trig, 575 trig+kin events)
  [1596/2947] nano_1596.root
         -> 1,082 vertices (2,552 trig, 927 trig+kin events)
  [1597/2947] nano_1597.root
         -> 868 vertices (2,059 trig, 788 trig+kin events)
  [1598/2947] nano_1598.root
         -> 722 vertices (1,874 trig, 688 trig+kin events)
  [1599/2947] nano_1599.root
         -> 589 vertices (1,345 trig, 536 trig+kin events)
  [1600/2947] nano_1600.root
         -> 824 vertices (1,808 trig, 671 trig+kin events)
  [1601/2947] nano_1601.root
         -> 1,052 vertices (2,355 trig, 898 trig+kin events)
  [1602/2947] nano_1602.root
         -> 1,083 vertices (2,473 trig, 1,015 trig+kin events)
  [1603/2947] nano_1603.root
         -> 601 vertices (1,323 trig, 540 trig+kin events)
  [1604/2947] nano_1604.root
         -> 599 vertices (1,435 trig, 525 trig+kin events)
  [1605/2947] nano_1605.root
         -> 724 vertices (1,554 trig, 609 trig+kin events)
  [1606/2947] nano_1606.root
         -> 917 vertices (2,190 trig, 808 trig+kin events)
  [1607/2947] nano_1607.root
         -> 1,054 vertices (2,276 trig, 898 trig+kin events)
  [1608/2947] nano_1608.root
         -> 1,088 vertices (2,535 trig, 994 trig+kin events)
  [1609/2947] nano_1609.root
         -> 1,084 vertices (2,529 trig, 935 trig+kin events)
  [1610/2947] nano_1610.root
         -> 1,122 vertices (2,577 trig, 986 trig+kin events)
  [1611/2947] nano_1611.root
         -> 1,023 vertices (2,510 trig, 927 trig+kin events)
  [1612/2947] nano_1612.root
         -> 547 vertices (1,392 trig, 514 trig+kin events)
  [1613/2947] nano_1613.root
         -> 596 vertices (1,389 trig, 537 trig+kin events)
  [1614/2947] nano_1614.root
         -> 580 vertices (1,294 trig, 524 trig+kin events)
  [1615/2947] nano_1615.root
         -> 956 vertices (2,118 trig, 833 trig+kin events)
  [1616/2947] nano_1616.root
         -> 789 vertices (1,730 trig, 666 trig+kin events)
  [1617/2947] nano_1617.root
         -> 1,126 vertices (2,506 trig, 945 trig+kin events)
  [1618/2947] nano_1618.root
         -> 593 vertices (1,416 trig, 516 trig+kin events)
  [1619/2947] nano_1619.root
         -> 978 vertices (2,444 trig, 892 trig+kin events)
  [1620/2947] nano_1620.root
         -> 386 vertices (850 trig, 330 trig+kin events)
  [1621/2947] nano_1621.root
         -> 543 vertices (1,437 trig, 526 trig+kin events)
  [1622/2947] nano_1622.root
         -> 789 vertices (1,954 trig, 746 trig+kin events)
  [1623/2947] nano_1623.root
         -> 1,006 vertices (2,192 trig, 878 trig+kin events)
  [1624/2947] nano_1624.root
         -> 1,018 vertices (2,517 trig, 940 trig+kin events)
  [1625/2947] nano_1625.root
         -> 822 vertices (1,927 trig, 738 trig+kin events)
  [1626/2947] nano_1626.root
         -> 506 vertices (1,325 trig, 474 trig+kin events)
  [1627/2947] nano_1627.root
         -> 1,029 vertices (2,512 trig, 945 trig+kin events)
  [1628/2947] nano_1628.root
         -> 1,117 vertices (2,556 trig, 992 trig+kin events)
  [1629/2947] nano_1629.root
         -> 664 vertices (1,464 trig, 559 trig+kin events)
  [1630/2947] nano_1630.root
         -> 1,113 vertices (2,644 trig, 976 trig+kin events)
  [1631/2947] nano_1631.root
         -> 755 vertices (1,700 trig, 649 trig+kin events)
  [1632/2947] nano_1632.root
         -> 664 vertices (1,552 trig, 588 trig+kin events)
  [1633/2947] nano_1633.root
         -> 583 vertices (1,379 trig, 511 trig+kin events)
  [1634/2947] nano_1634.root
         -> 950 vertices (2,314 trig, 875 trig+kin events)
  [1635/2947] nano_1635.root
         -> 938 vertices (1,918 trig, 758 trig+kin events)
  [1636/2947] nano_1636.root
         -> 1,135 vertices (2,666 trig, 1,035 trig+kin events)
  [1637/2947] nano_1637.root
         -> 880 vertices (1,964 trig, 771 trig+kin events)
  [1638/2947] nano_1638.root
         -> 1,040 vertices (2,272 trig, 862 trig+kin events)
  [1639/2947] nano_1639.root
         -> 632 vertices (1,490 trig, 584 trig+kin events)
  [1640/2947] nano_1640.root
         -> 770 vertices (1,818 trig, 705 trig+kin events)
  [1641/2947] nano_1641.root
         -> 901 vertices (2,016 trig, 753 trig+kin events)
  [1642/2947] nano_1642.root
         -> 942 vertices (2,166 trig, 831 trig+kin events)
  [1643/2947] nano_1643.root
         -> 549 vertices (1,376 trig, 542 trig+kin events)
  [1644/2947] nano_1644.root
         -> 600 vertices (1,478 trig, 547 trig+kin events)
  [1645/2947] nano_1645.root
         -> 1,059 vertices (2,629 trig, 957 trig+kin events)
  [1646/2947] nano_1646.root
         -> 649 vertices (1,576 trig, 569 trig+kin events)
  [1647/2947] nano_1647.root
         -> 1,099 vertices (2,575 trig, 960 trig+kin events)
  [1648/2947] nano_1648.root
         -> 838 vertices (1,887 trig, 751 trig+kin events)
  [1649/2947] nano_1649.root
         -> 1,111 vertices (2,529 trig, 972 trig+kin events)
  [1650/2947] nano_1650.root
         -> 766 vertices (1,633 trig, 652 trig+kin events)
  [1651/2947] nano_1651.root
         -> 530 vertices (1,285 trig, 482 trig+kin events)
  [1652/2947] nano_1652.root
         -> 1,137 vertices (2,653 trig, 995 trig+kin events)
  [1653/2947] nano_1653.root
         -> 1,114 vertices (2,570 trig, 993 trig+kin events)
  [1654/2947] nano_1654.root
         -> 800 vertices (1,710 trig, 668 trig+kin events)
  [1655/2947] nano_1655.root
         -> 826 vertices (1,951 trig, 741 trig+kin events)
  [1656/2947] nano_1656.root
         -> 647 vertices (1,429 trig, 560 trig+kin events)
  [1657/2947] nano_1657.root
         -> 874 vertices (2,101 trig, 784 trig+kin events)
  [1658/2947] nano_1658.root
         -> 825 vertices (1,911 trig, 752 trig+kin events)
  [1659/2947] nano_1659.root
         -> 1,021 vertices (2,433 trig, 918 trig+kin events)
  [1660/2947] nano_1660.root
         -> 1,093 vertices (2,543 trig, 967 trig+kin events)
  [1661/2947] nano_1661.root
         -> 952 vertices (2,234 trig, 857 trig+kin events)
  [1662/2947] nano_1662.root
         -> 951 vertices (2,407 trig, 882 trig+kin events)
  [1663/2947] nano_1663.root
         -> 1,114 vertices (2,572 trig, 963 trig+kin events)
  [1664/2947] nano_1664.root
         -> 1,042 vertices (2,405 trig, 915 trig+kin events)
  [1665/2947] nano_1665.root
         -> 665 vertices (1,534 trig, 587 trig+kin events)
  [1666/2947] nano_1666.root
         -> 811 vertices (1,675 trig, 660 trig+kin events)
  [1667/2947] nano_1667.root
         -> 1,014 vertices (2,220 trig, 869 trig+kin events)
  [1668/2947] nano_1668.root
         -> 1,003 vertices (2,372 trig, 900 trig+kin events)
  [1669/2947] nano_1669.root
         -> 608 vertices (1,477 trig, 556 trig+kin events)
  [1670/2947] nano_1670.root
         -> 734 vertices (1,595 trig, 637 trig+kin events)
  [1671/2947] nano_1671.root
         -> 1,083 vertices (2,531 trig, 979 trig+kin events)
  [1672/2947] nano_1672.root
         -> 1,095 vertices (2,561 trig, 975 trig+kin events)
  [1673/2947] nano_1673.root
         -> 1,099 vertices (2,476 trig, 959 trig+kin events)
  [1674/2947] nano_1674.root
         -> 631 vertices (1,371 trig, 517 trig+kin events)
  [1675/2947] nano_1675.root
         -> 593 vertices (1,444 trig, 555 trig+kin events)
  [1676/2947] nano_1676.root
         -> 1,056 vertices (2,602 trig, 980 trig+kin events)
  [1677/2947] nano_1677.root
         -> 1,022 vertices (2,553 trig, 947 trig+kin events)
  [1678/2947] nano_1678.root
         -> 857 vertices (1,985 trig, 760 trig+kin events)
  [1679/2947] nano_1679.root
         -> 596 vertices (1,489 trig, 543 trig+kin events)
  [1680/2947] nano_1680.root
         -> 534 vertices (1,277 trig, 478 trig+kin events)
  [1681/2947] nano_1681.root
         -> 1,190 vertices (2,593 trig, 1,016 trig+kin events)
  [1682/2947] nano_1682.root
         -> 1,104 vertices (2,536 trig, 1,004 trig+kin events)
  [1683/2947] nano_1683.root
         -> 673 vertices (1,507 trig, 598 trig+kin events)
  [1684/2947] nano_1684.root
         -> 693 vertices (1,798 trig, 682 trig+kin events)
  [1685/2947] nano_1685.root
         -> 1,016 vertices (2,460 trig, 910 trig+kin events)
  [1686/2947] nano_1686.root
         -> 130 vertices (258 trig, 109 trig+kin events)
  [1687/2947] nano_1687.root
         -> 856 vertices (1,775 trig, 700 trig+kin events)
  [1688/2947] nano_1688.root
         -> 790 vertices (1,822 trig, 690 trig+kin events)
  [1689/2947] nano_1689.root
         -> 663 vertices (1,548 trig, 582 trig+kin events)
  [1690/2947] nano_1690.root
         -> 706 vertices (1,665 trig, 642 trig+kin events)
  [1691/2947] nano_1691.root
         -> 589 vertices (1,360 trig, 532 trig+kin events)
  [1692/2947] nano_1692.root
         -> 998 vertices (2,445 trig, 923 trig+kin events)
  [1693/2947] nano_1693.root
         -> 65 vertices (149 trig, 56 trig+kin events)
  [1694/2947] nano_1694.root
         -> 583 vertices (1,332 trig, 497 trig+kin events)
  [1695/2947] nano_1695.root
         -> 1,027 vertices (2,324 trig, 917 trig+kin events)
  [1696/2947] nano_1696.root
         -> 743 vertices (1,797 trig, 683 trig+kin events)
  [1697/2947] nano_1697.root
         -> 1,186 vertices (2,560 trig, 1,034 trig+kin events)
  [1698/2947] nano_1698.root
         -> 952 vertices (2,086 trig, 825 trig+kin events)
  [1699/2947] nano_1699.root
         -> 592 vertices (1,414 trig, 549 trig+kin events)
  [1700/2947] nano_1700.root
         -> 1,121 vertices (2,577 trig, 1,017 trig+kin events)
  [1701/2947] nano_1701.root
         -> 614 vertices (1,421 trig, 531 trig+kin events)
  [1702/2947] nano_1702.root
         -> 747 vertices (1,766 trig, 666 trig+kin events)
  [1703/2947] nano_1703.root
         -> 1,073 vertices (2,575 trig, 977 trig+kin events)
  [1704/2947] nano_1704.root
         -> 1,062 vertices (2,449 trig, 893 trig+kin events)
  [1705/2947] nano_1705.root
         -> 672 vertices (1,631 trig, 612 trig+kin events)
  [1706/2947] nano_1706.root
         -> 1,107 vertices (2,540 trig, 968 trig+kin events)
  [1707/2947] nano_1707.root
         -> 1,122 vertices (2,552 trig, 994 trig+kin events)
  [1708/2947] nano_1708.root
         -> 800 vertices (1,824 trig, 697 trig+kin events)
  [1709/2947] nano_1709.root
         -> 1,116 vertices (2,576 trig, 982 trig+kin events)
  [1710/2947] nano_1710.root
         -> 715 vertices (1,654 trig, 626 trig+kin events)
  [1711/2947] nano_1711.root
         -> 705 vertices (1,528 trig, 586 trig+kin events)
  [1712/2947] nano_1712.root
         -> 555 vertices (1,307 trig, 510 trig+kin events)
  [1713/2947] nano_1713.root
         -> 834 vertices (2,041 trig, 755 trig+kin events)
  [1714/2947] nano_1714.root
         -> 579 vertices (1,368 trig, 505 trig+kin events)
  [1715/2947] nano_1715.root
         -> 1,106 vertices (2,578 trig, 1,005 trig+kin events)
  [1716/2947] nano_1716.root
         -> 806 vertices (1,872 trig, 712 trig+kin events)
  [1717/2947] nano_1717.root
         -> 758 vertices (1,783 trig, 682 trig+kin events)
  [1718/2947] nano_1718.root
         -> 938 vertices (2,231 trig, 823 trig+kin events)
  [1719/2947] nano_1719.root
         -> 529 vertices (1,342 trig, 501 trig+kin events)
  [1720/2947] nano_1720.root
         -> 1,132 vertices (2,550 trig, 980 trig+kin events)
  [1721/2947] nano_1721.root
         -> 593 vertices (1,412 trig, 545 trig+kin events)
  [1722/2947] nano_1722.root
         -> 1,053 vertices (2,445 trig, 932 trig+kin events)
  [1723/2947] nano_1723.root
         -> 572 vertices (1,305 trig, 514 trig+kin events)
  [1724/2947] nano_1724.root
         -> 742 vertices (1,676 trig, 658 trig+kin events)
  [1725/2947] nano_1725.root
         -> 1,095 vertices (2,487 trig, 929 trig+kin events)
  [1726/2947] nano_1726.root
         -> 655 vertices (1,407 trig, 560 trig+kin events)
  [1727/2947] nano_1727.root
         -> 1,106 vertices (2,490 trig, 985 trig+kin events)
  [1728/2947] nano_1728.root
         -> 1,124 vertices (2,576 trig, 974 trig+kin events)
  [1729/2947] nano_1729.root
         -> 771 vertices (1,929 trig, 731 trig+kin events)
  [1730/2947] nano_1730.root
         -> 178 vertices (412 trig, 170 trig+kin events)
  [1731/2947] nano_1731.root
         -> 614 vertices (1,488 trig, 554 trig+kin events)
  [1732/2947] nano_1732.root
         -> 1,010 vertices (2,532 trig, 942 trig+kin events)
  [1733/2947] nano_1733.root
         -> 1,097 vertices (2,558 trig, 981 trig+kin events)
  [1734/2947] nano_1734.root
         -> 1,042 vertices (2,555 trig, 958 trig+kin events)
  [1735/2947] nano_1735.root
         -> 599 vertices (1,407 trig, 560 trig+kin events)
  [1736/2947] nano_1736.root
         -> 555 vertices (1,403 trig, 535 trig+kin events)
  [1737/2947] nano_1737.root
         -> 1,164 vertices (2,638 trig, 997 trig+kin events)
  [1738/2947] nano_1738.root
         -> 499 vertices (1,251 trig, 467 trig+kin events)
  [1739/2947] nano_1739.root
         -> 683 vertices (1,402 trig, 575 trig+kin events)
  [1740/2947] nano_1740.root
         -> 1,114 vertices (2,561 trig, 983 trig+kin events)
  [1741/2947] nano_1741.root
         -> 798 vertices (1,686 trig, 648 trig+kin events)
  [1742/2947] nano_1742.root
         -> 1,080 vertices (2,606 trig, 988 trig+kin events)
  [1743/2947] nano_1743.root
         -> 937 vertices (2,183 trig, 842 trig+kin events)
  [1744/2947] nano_1744.root
         -> 1,027 vertices (2,451 trig, 940 trig+kin events)
  [1745/2947] nano_1745.root
         -> 624 vertices (1,352 trig, 567 trig+kin events)
  [1746/2947] nano_1746.root
         -> 1,058 vertices (2,599 trig, 989 trig+kin events)
  [1747/2947] nano_1747.root
         -> 666 vertices (1,634 trig, 609 trig+kin events)
  [1748/2947] nano_1748.root
         -> 773 vertices (1,672 trig, 645 trig+kin events)
  [1749/2947] nano_1749.root
         -> 964 vertices (2,161 trig, 809 trig+kin events)
  [1750/2947] nano_1750.root
         -> 567 vertices (1,378 trig, 512 trig+kin events)
  [1751/2947] nano_1751.root
         -> 700 vertices (1,610 trig, 635 trig+kin events)
  [1752/2947] nano_1752.root
         -> 652 vertices (1,503 trig, 569 trig+kin events)
  [1753/2947] nano_1753.root
         -> 1,047 vertices (2,595 trig, 981 trig+kin events)
  [1754/2947] nano_1754.root
         -> 826 vertices (1,986 trig, 766 trig+kin events)
  [1755/2947] nano_1755.root
         -> 1,078 vertices (2,517 trig, 975 trig+kin events)
  [1756/2947] nano_1756.root
         -> 1,130 vertices (2,568 trig, 1,010 trig+kin events)
  [1757/2947] nano_1757.root
         -> 1,136 vertices (2,611 trig, 989 trig+kin events)
  [1758/2947] nano_1758.root
         -> 1,184 vertices (2,565 trig, 994 trig+kin events)
  [1759/2947] nano_1759.root
         -> 784 vertices (1,754 trig, 681 trig+kin events)
  [1760/2947] nano_1760.root
         -> 949 vertices (2,195 trig, 838 trig+kin events)
  [1761/2947] nano_1761.root
         -> 769 vertices (1,681 trig, 674 trig+kin events)
  [1762/2947] nano_1762.root
         -> 1,051 vertices (2,522 trig, 954 trig+kin events)
  [1763/2947] nano_1763.root
         -> 1,071 vertices (2,515 trig, 968 trig+kin events)
  [1764/2947] nano_1764.root
         -> 972 vertices (2,311 trig, 859 trig+kin events)
  [1765/2947] nano_1765.root
         -> 958 vertices (2,204 trig, 890 trig+kin events)
  [1766/2947] nano_1766.root
         -> 634 vertices (1,547 trig, 559 trig+kin events)
  [1767/2947] nano_1767.root
         -> 574 vertices (1,343 trig, 531 trig+kin events)
  [1768/2947] nano_1768.root
         -> 576 vertices (1,382 trig, 532 trig+kin events)
  [1769/2947] nano_1769.root
         -> 982 vertices (2,392 trig, 926 trig+kin events)
  [1770/2947] nano_1770.root
         -> 1,177 vertices (2,597 trig, 1,040 trig+kin events)
  [1771/2947] nano_1771.root
         -> 526 vertices (1,291 trig, 477 trig+kin events)
  [1772/2947] nano_1772.root
         -> 1,091 vertices (2,481 trig, 980 trig+kin events)
  [1773/2947] nano_1773.root
         -> 615 vertices (1,368 trig, 555 trig+kin events)
  [1774/2947] nano_1774.root
         -> 1,057 vertices (2,546 trig, 943 trig+kin events)
  [1775/2947] nano_1775.root
         -> 1,147 vertices (2,546 trig, 997 trig+kin events)
  [1776/2947] nano_1776.root
         -> 1,065 vertices (2,589 trig, 1,002 trig+kin events)
  [1777/2947] nano_1777.root
         -> 994 vertices (2,510 trig, 919 trig+kin events)
  [1778/2947] nano_1778.root
         -> 594 vertices (1,302 trig, 517 trig+kin events)
  [1779/2947] nano_1779.root
         -> 1,008 vertices (2,542 trig, 949 trig+kin events)
  [1780/2947] nano_1780.root
         -> 1,174 vertices (2,544 trig, 992 trig+kin events)
  [1781/2947] nano_1781.root
         -> 730 vertices (1,730 trig, 689 trig+kin events)
  [1782/2947] nano_1782.root
         -> 1,111 vertices (2,613 trig, 963 trig+kin events)
  [1783/2947] nano_1783.root
         -> 698 vertices (1,705 trig, 656 trig+kin events)
  [1784/2947] nano_1784.root
         -> 719 vertices (1,678 trig, 628 trig+kin events)
  [1785/2947] nano_1785.root
         -> 550 vertices (1,340 trig, 521 trig+kin events)
  [1786/2947] nano_1786.root
         -> 722 vertices (1,530 trig, 592 trig+kin events)
  [1787/2947] nano_1787.root
         -> 702 vertices (1,613 trig, 589 trig+kin events)
  [1788/2947] nano_1788.root
         -> 595 vertices (1,390 trig, 548 trig+kin events)
  [1789/2947] nano_1789.root
         -> 595 vertices (1,451 trig, 557 trig+kin events)
  [1790/2947] nano_1790.root
         -> 869 vertices (1,955 trig, 732 trig+kin events)
  [1791/2947] nano_1791.root
         -> 690 vertices (1,581 trig, 588 trig+kin events)
  [1792/2947] nano_1792.root
         -> 588 vertices (1,374 trig, 519 trig+kin events)
  [1793/2947] nano_1793.root
         -> 404 vertices (922 trig, 364 trig+kin events)
  [1794/2947] nano_1794.root
         -> 588 vertices (1,342 trig, 519 trig+kin events)
  [1795/2947] nano_1795.root
         -> 783 vertices (1,621 trig, 653 trig+kin events)
  [1796/2947] nano_1796.root
         -> 708 vertices (1,664 trig, 652 trig+kin events)
  [1797/2947] nano_1797.root
         -> 999 vertices (2,532 trig, 927 trig+kin events)
  [1798/2947] nano_1798.root
         -> 558 vertices (1,429 trig, 510 trig+kin events)
  [1799/2947] nano_1799.root
         -> 588 vertices (1,302 trig, 485 trig+kin events)
  [1800/2947] nano_1800.root
         -> 609 vertices (1,290 trig, 503 trig+kin events)
  [1801/2947] nano_1801.root
         -> 1,168 vertices (2,603 trig, 1,005 trig+kin events)
  [1802/2947] nano_1802.root
         -> 1,003 vertices (2,240 trig, 848 trig+kin events)
  [1803/2947] nano_1803.root
         -> 673 vertices (1,557 trig, 634 trig+kin events)
  [1804/2947] nano_1804.root
         -> 915 vertices (2,072 trig, 798 trig+kin events)
  [1805/2947] nano_1805.root
         -> 690 vertices (1,535 trig, 597 trig+kin events)
  [1806/2947] nano_1806.root
         -> 832 vertices (1,889 trig, 707 trig+kin events)
  [1807/2947] nano_1807.root
         -> 145 vertices (304 trig, 117 trig+kin events)
  [1808/2947] nano_1808.root
         -> 1,122 vertices (2,432 trig, 977 trig+kin events)
  [1809/2947] nano_1809.root
         -> 1,101 vertices (2,607 trig, 967 trig+kin events)
  [1810/2947] nano_1810.root
         -> 496 vertices (1,254 trig, 445 trig+kin events)
  [1811/2947] nano_1811.root
         -> 585 vertices (1,347 trig, 506 trig+kin events)
  [1812/2947] nano_1812.root
         -> 896 vertices (2,191 trig, 814 trig+kin events)
  [1813/2947] nano_1813.root
         -> 1,099 vertices (2,576 trig, 982 trig+kin events)
  [1814/2947] nano_1814.root
         -> 514 vertices (1,283 trig, 492 trig+kin events)
  [1815/2947] nano_1815.root
         -> 785 vertices (1,753 trig, 690 trig+kin events)
  [1816/2947] nano_1816.root
         -> 1,092 vertices (2,526 trig, 971 trig+kin events)
  [1817/2947] nano_1817.root
         -> 613 vertices (1,550 trig, 575 trig+kin events)
  [1818/2947] nano_1818.root
         -> 660 vertices (1,583 trig, 594 trig+kin events)
  [1819/2947] nano_1819.root
         -> 572 vertices (1,409 trig, 523 trig+kin events)
  [1820/2947] nano_1820.root
         -> 584 vertices (1,405 trig, 552 trig+kin events)
  [1821/2947] nano_1821.root
         -> 759 vertices (1,751 trig, 711 trig+kin events)
  [1822/2947] nano_1822.root
         -> 1,094 vertices (2,553 trig, 963 trig+kin events)
  [1823/2947] nano_1823.root
         -> 986 vertices (2,409 trig, 895 trig+kin events)
  [1824/2947] nano_1824.root
         -> 690 vertices (1,650 trig, 616 trig+kin events)
  [1825/2947] nano_1825.root
         -> 1,132 vertices (2,587 trig, 995 trig+kin events)
  [1826/2947] nano_1826.root
         -> 796 vertices (1,966 trig, 741 trig+kin events)
  [1827/2947] nano_1827.root
         -> 755 vertices (1,802 trig, 673 trig+kin events)
  [1828/2947] nano_1828.root
         -> 601 vertices (1,468 trig, 554 trig+kin events)
  [1829/2947] nano_1829.root
         -> 732 vertices (1,847 trig, 680 trig+kin events)
  [1830/2947] nano_1830.root
         -> 918 vertices (2,183 trig, 850 trig+kin events)
  [1831/2947] nano_1831.root
         -> 613 vertices (1,526 trig, 565 trig+kin events)
  [1832/2947] nano_1832.root
         -> 1,057 vertices (2,445 trig, 926 trig+kin events)
  [1833/2947] nano_1833.root
         -> 823 vertices (1,992 trig, 731 trig+kin events)
  [1834/2947] nano_1834.root
         -> 1,125 vertices (2,564 trig, 983 trig+kin events)
  [1835/2947] nano_1835.root
         -> 777 vertices (1,851 trig, 709 trig+kin events)
  [1836/2947] nano_1836.root
         -> 1,118 vertices (2,594 trig, 1,004 trig+kin events)
  [1837/2947] nano_1837.root
         -> 297 vertices (732 trig, 293 trig+kin events)
  [1838/2947] nano_1838.root
         -> 627 vertices (1,386 trig, 540 trig+kin events)
  [1839/2947] nano_1839.root
         -> 44 vertices (119 trig, 50 trig+kin events)
  [1840/2947] nano_1840.root
         -> 761 vertices (1,699 trig, 648 trig+kin events)
  [1841/2947] nano_1841.root
         -> 1,107 vertices (2,564 trig, 986 trig+kin events)
  [1842/2947] nano_1842.root
         -> 866 vertices (2,031 trig, 794 trig+kin events)
  [1843/2947] nano_1843.root
         -> 635 vertices (1,441 trig, 556 trig+kin events)
  [1844/2947] nano_1844.root
         -> 1,113 vertices (2,590 trig, 1,006 trig+kin events)
  [1845/2947] nano_1845.root
         -> 592 vertices (1,326 trig, 499 trig+kin events)
  [1846/2947] nano_1846.root
         -> 638 vertices (1,498 trig, 556 trig+kin events)
  [1847/2947] nano_1847.root
         -> 621 vertices (1,476 trig, 555 trig+kin events)
  [1848/2947] nano_1848.root
         -> 940 vertices (2,234 trig, 858 trig+kin events)
  [1849/2947] nano_1849.root
         -> 754 vertices (1,756 trig, 672 trig+kin events)
  [1850/2947] nano_1850.root
         -> 749 vertices (1,759 trig, 681 trig+kin events)
  [1851/2947] nano_1851.root
         -> 705 vertices (1,623 trig, 602 trig+kin events)
  [1852/2947] nano_1852.root
         -> 1,154 vertices (2,675 trig, 1,015 trig+kin events)
  [1853/2947] nano_1853.root
         -> 853 vertices (2,071 trig, 784 trig+kin events)
  [1854/2947] nano_1854.root
         -> 938 vertices (2,181 trig, 794 trig+kin events)
  [1855/2947] nano_1855.root
         -> 576 vertices (1,349 trig, 518 trig+kin events)
  [1856/2947] nano_1856.root
         -> 1,031 vertices (2,456 trig, 902 trig+kin events)
  [1857/2947] nano_1857.root
         -> 1,143 vertices (2,563 trig, 986 trig+kin events)
  [1858/2947] nano_1858.root
         -> 1,092 vertices (2,573 trig, 986 trig+kin events)
  [1859/2947] nano_1859.root
         -> 872 vertices (2,140 trig, 814 trig+kin events)
  [1860/2947] nano_1860.root
         -> 579 vertices (1,448 trig, 531 trig+kin events)
  [1861/2947] nano_1861.root
         -> 745 vertices (1,746 trig, 667 trig+kin events)
  [1862/2947] nano_1862.root
         -> 945 vertices (2,150 trig, 836 trig+kin events)
  [1863/2947] nano_1863.root
         -> 1,023 vertices (2,554 trig, 940 trig+kin events)
  [1864/2947] nano_1864.root
         -> 1,049 vertices (2,377 trig, 918 trig+kin events)
  [1865/2947] nano_1865.root
         -> 604 vertices (1,260 trig, 491 trig+kin events)
  [1866/2947] nano_1866.root
         -> 825 vertices (1,946 trig, 771 trig+kin events)
  [1867/2947] nano_1867.root
         -> 1,050 vertices (2,503 trig, 945 trig+kin events)
  [1868/2947] nano_1868.root
         -> 1,088 vertices (2,408 trig, 933 trig+kin events)
  [1869/2947] nano_1869.root
         -> 690 vertices (1,672 trig, 632 trig+kin events)
  [1870/2947] nano_1870.root
         -> 1,033 vertices (2,455 trig, 941 trig+kin events)
  [1871/2947] nano_1871.root
         -> 1,065 vertices (2,530 trig, 967 trig+kin events)
  [1872/2947] nano_1872.root
         -> 707 vertices (1,682 trig, 627 trig+kin events)
  [1873/2947] nano_1873.root
         -> 698 vertices (1,658 trig, 648 trig+kin events)
  [1874/2947] nano_1874.root
         -> 637 vertices (1,473 trig, 543 trig+kin events)
  [1875/2947] nano_1875.root
         -> 705 vertices (1,591 trig, 596 trig+kin events)
  [1876/2947] nano_1876.root
         -> 1,065 vertices (2,558 trig, 993 trig+kin events)
  [1877/2947] nano_1877.root
         -> 1,193 vertices (2,631 trig, 1,046 trig+kin events)
  [1878/2947] nano_1878.root
         -> 761 vertices (1,800 trig, 696 trig+kin events)
  [1879/2947] nano_1879.root
         -> 1,059 vertices (2,501 trig, 933 trig+kin events)
  [1880/2947] nano_1880.root
         -> 1,096 vertices (2,569 trig, 985 trig+kin events)
  [1881/2947] nano_1881.root
         -> 1,084 vertices (2,528 trig, 946 trig+kin events)
  [1882/2947] nano_1882.root
         -> 1,062 vertices (2,557 trig, 971 trig+kin events)
  [1883/2947] nano_1883.root
         -> 1,038 vertices (2,439 trig, 945 trig+kin events)
  [1884/2947] nano_1884.root
         -> 1,142 vertices (2,505 trig, 965 trig+kin events)
  [1885/2947] nano_1885.root
         -> 1,042 vertices (2,584 trig, 986 trig+kin events)
  [1886/2947] nano_1886.root
         -> 965 vertices (2,176 trig, 859 trig+kin events)
  [1887/2947] nano_1887.root
         -> 601 vertices (1,491 trig, 571 trig+kin events)
  [1888/2947] nano_1888.root
         -> 674 vertices (1,654 trig, 622 trig+kin events)
  [1889/2947] nano_1889.root
         -> 802 vertices (1,739 trig, 692 trig+kin events)
  [1890/2947] nano_1890.root
         -> 1,040 vertices (2,515 trig, 953 trig+kin events)
  [1891/2947] nano_1891.root
         -> 834 vertices (2,065 trig, 771 trig+kin events)
  [1892/2947] nano_1892.root
         -> 1,160 vertices (2,543 trig, 1,009 trig+kin events)
  [1893/2947] nano_1893.root
         -> 1,112 vertices (2,574 trig, 989 trig+kin events)
  [1894/2947] nano_1894.root
         -> 623 vertices (1,349 trig, 527 trig+kin events)
  [1895/2947] nano_1895.root
         -> 829 vertices (1,953 trig, 743 trig+kin events)
  [1896/2947] nano_1896.root
         -> 1,162 vertices (2,594 trig, 1,022 trig+kin events)
  [1897/2947] nano_1897.root
         -> 1,045 vertices (2,523 trig, 938 trig+kin events)
  [1898/2947] nano_1898.root
         -> 958 vertices (2,302 trig, 863 trig+kin events)
  [1899/2947] nano_1899.root
         -> 936 vertices (2,181 trig, 856 trig+kin events)
  [1900/2947] nano_1900.root
         -> 1,098 vertices (2,533 trig, 967 trig+kin events)
  [1901/2947] nano_1901.root
         -> 604 vertices (1,418 trig, 555 trig+kin events)
  [1902/2947] nano_1902.root
         -> 713 vertices (1,542 trig, 631 trig+kin events)
  [1903/2947] nano_1903.root
         -> 684 vertices (1,507 trig, 587 trig+kin events)
  [1904/2947] nano_1904.root
         -> 412 vertices (938 trig, 358 trig+kin events)
  [1905/2947] nano_1905.root
         -> 1,114 vertices (2,587 trig, 955 trig+kin events)
  [1906/2947] nano_1906.root
         -> 738 vertices (1,748 trig, 666 trig+kin events)
  [1907/2947] nano_1907.root
         -> 628 vertices (1,532 trig, 592 trig+kin events)
  [1908/2947] nano_1908.root
         -> 652 vertices (1,553 trig, 598 trig+kin events)
  [1909/2947] nano_1909.root
         -> 1,095 vertices (2,586 trig, 1,001 trig+kin events)
  [1910/2947] nano_1910.root
         -> 1,131 vertices (2,557 trig, 999 trig+kin events)
  [1911/2947] nano_1911.root
         -> 749 vertices (1,774 trig, 654 trig+kin events)
  [1912/2947] nano_1912.root
         -> 669 vertices (1,588 trig, 630 trig+kin events)
  [1913/2947] nano_1913.root
         -> 1,082 vertices (2,543 trig, 973 trig+kin events)
  [1914/2947] nano_1914.root
         -> 799 vertices (1,909 trig, 717 trig+kin events)
  [1915/2947] nano_1915.root
         -> 1,042 vertices (2,495 trig, 951 trig+kin events)
  [1916/2947] nano_1916.root
         -> 582 vertices (1,308 trig, 505 trig+kin events)
  [1917/2947] nano_1917.root
         -> 1,165 vertices (2,583 trig, 1,032 trig+kin events)
  [1918/2947] nano_1918.root
         -> 689 vertices (1,583 trig, 613 trig+kin events)
  [1919/2947] nano_1919.root
         -> 534 vertices (1,306 trig, 470 trig+kin events)
  [1920/2947] nano_1920.root
         -> 1,073 vertices (2,507 trig, 955 trig+kin events)
  [1921/2947] nano_1921.root
         -> 1,066 vertices (2,531 trig, 978 trig+kin events)
  [1922/2947] nano_1922.root
         -> 1,129 vertices (2,597 trig, 983 trig+kin events)
  [1923/2947] nano_1923.root
         -> 697 vertices (1,638 trig, 664 trig+kin events)
  [1924/2947] nano_1924.root
         -> 583 vertices (1,390 trig, 519 trig+kin events)
  [1925/2947] nano_1925.root
         -> 1,041 vertices (2,497 trig, 925 trig+kin events)
  [1926/2947] nano_1926.root
         -> 589 vertices (1,397 trig, 523 trig+kin events)
  [1927/2947] nano_1927.root
         -> 1,238 vertices (2,614 trig, 1,034 trig+kin events)
  [1928/2947] nano_1928.root
         -> 526 vertices (1,259 trig, 484 trig+kin events)
  [1929/2947] nano_1929.root
         -> 569 vertices (1,351 trig, 491 trig+kin events)
  [1930/2947] nano_1930.root
         -> 1,092 vertices (2,557 trig, 981 trig+kin events)
  [1931/2947] nano_1931.root
         -> 786 vertices (1,675 trig, 647 trig+kin events)
  [1932/2947] nano_1932.root
         -> 939 vertices (2,250 trig, 857 trig+kin events)
  [1933/2947] nano_1933.root
         -> 654 vertices (1,601 trig, 624 trig+kin events)
  [1934/2947] nano_1934.root
         -> 664 vertices (1,539 trig, 571 trig+kin events)
  [1935/2947] nano_1935.root
         -> 719 vertices (1,599 trig, 601 trig+kin events)
  [1936/2947] nano_1936.root
         -> 1,001 vertices (2,181 trig, 882 trig+kin events)
  [1937/2947] nano_1937.root
         -> 742 vertices (1,778 trig, 670 trig+kin events)
  [1938/2947] nano_1938.root
         -> 744 vertices (1,676 trig, 644 trig+kin events)
  [1939/2947] nano_1939.root
         -> 648 vertices (1,572 trig, 614 trig+kin events)
  [1940/2947] nano_1940.root
         -> 697 vertices (1,647 trig, 610 trig+kin events)
  [1941/2947] nano_1941.root
         -> 651 vertices (1,563 trig, 568 trig+kin events)
  [1942/2947] nano_1942.root
         -> 1,066 vertices (2,560 trig, 925 trig+kin events)
  [1943/2947] nano_1943.root
         -> 1,044 vertices (2,492 trig, 937 trig+kin events)
  [1944/2947] nano_1944.root
         -> 1,140 vertices (2,505 trig, 994 trig+kin events)
  [1945/2947] nano_1945.root
         -> 848 vertices (1,952 trig, 743 trig+kin events)
  [1946/2947] nano_1946.root
         -> 672 vertices (1,515 trig, 590 trig+kin events)
  [1947/2947] nano_1947.root
         -> 526 vertices (1,287 trig, 493 trig+kin events)
  [1948/2947] nano_1948.root
         -> 862 vertices (1,902 trig, 733 trig+kin events)
  [1949/2947] nano_1949.root
         -> 1,011 vertices (2,361 trig, 933 trig+kin events)
  [1950/2947] nano_1950.root
         -> 1,002 vertices (2,501 trig, 917 trig+kin events)
  [1951/2947] nano_1951.root
         -> 1,271 vertices (2,631 trig, 1,051 trig+kin events)
  [1952/2947] nano_1952.root
         -> 1,161 vertices (2,574 trig, 997 trig+kin events)
  [1953/2947] nano_1953.root
         -> 946 vertices (2,163 trig, 788 trig+kin events)
  [1954/2947] nano_1954.root
         -> 1,165 vertices (2,599 trig, 1,004 trig+kin events)
  [1955/2947] nano_1955.root
         -> 962 vertices (2,292 trig, 851 trig+kin events)
  [1956/2947] nano_1956.root
         -> 716 vertices (1,698 trig, 643 trig+kin events)
  [1957/2947] nano_1957.root
         -> 765 vertices (1,652 trig, 655 trig+kin events)
  [1958/2947] nano_1958.root
         -> 782 vertices (1,810 trig, 669 trig+kin events)
  [1959/2947] nano_1959.root
         -> 924 vertices (2,071 trig, 821 trig+kin events)
  [1960/2947] nano_1960.root
         -> 610 vertices (1,457 trig, 537 trig+kin events)
  [1961/2947] nano_1961.root
         -> 863 vertices (2,045 trig, 801 trig+kin events)
  [1962/2947] nano_1962.root
         -> 587 vertices (1,391 trig, 549 trig+kin events)
  [1963/2947] nano_1963.root
         -> 1,101 vertices (2,514 trig, 979 trig+kin events)
  [1964/2947] nano_1964.root
         -> 1,124 vertices (2,572 trig, 981 trig+kin events)
  [1965/2947] nano_1965.root
         -> 687 vertices (1,640 trig, 597 trig+kin events)
  [1966/2947] nano_1966.root
         -> 949 vertices (2,201 trig, 840 trig+kin events)
  [1967/2947] nano_1967.root
         -> 692 vertices (1,395 trig, 580 trig+kin events)
  [1968/2947] nano_1968.root
         -> 1,048 vertices (2,454 trig, 954 trig+kin events)
  [1969/2947] nano_1969.root
         -> 883 vertices (1,933 trig, 774 trig+kin events)
  [1970/2947] nano_1970.root
         -> 921 vertices (2,015 trig, 792 trig+kin events)
  [1971/2947] nano_1971.root
         -> 662 vertices (1,557 trig, 587 trig+kin events)
  [1972/2947] nano_1972.root
         -> 829 vertices (1,975 trig, 740 trig+kin events)
  [1973/2947] nano_1973.root
         -> 1,061 vertices (2,545 trig, 953 trig+kin events)
  [1974/2947] nano_1974.root
         -> 1,106 vertices (2,569 trig, 964 trig+kin events)
  [1975/2947] nano_1975.root
         -> 529 vertices (1,285 trig, 501 trig+kin events)
  [1976/2947] nano_1976.root
         -> 1,072 vertices (2,527 trig, 948 trig+kin events)
  [1977/2947] nano_1977.root
         -> 1,056 vertices (2,494 trig, 959 trig+kin events)
  [1978/2947] nano_1978.root
         -> 1,137 vertices (2,502 trig, 994 trig+kin events)
  [1979/2947] nano_1979.root
         -> 860 vertices (2,094 trig, 781 trig+kin events)
  [1980/2947] nano_1980.root
         -> 1,063 vertices (2,535 trig, 972 trig+kin events)
  [1981/2947] nano_1981.root
         -> 671 vertices (1,629 trig, 623 trig+kin events)
  [1982/2947] nano_1982.root
         -> 587 vertices (1,355 trig, 520 trig+kin events)
  [1983/2947] nano_1983.root
         -> 563 vertices (1,318 trig, 475 trig+kin events)
  [1984/2947] nano_1984.root
         -> 1,116 vertices (2,561 trig, 998 trig+kin events)
  [1985/2947] nano_1985.root
         -> 694 vertices (1,576 trig, 603 trig+kin events)
  [1986/2947] nano_1986.root
         -> 524 vertices (1,327 trig, 520 trig+kin events)
  [1987/2947] nano_1987.root
         -> 965 vertices (2,137 trig, 822 trig+kin events)
  [1988/2947] nano_1988.root
         -> 727 vertices (1,680 trig, 635 trig+kin events)
  [1989/2947] nano_1989.root
         -> 685 vertices (1,570 trig, 621 trig+kin events)
  [1990/2947] nano_1990.root
         -> 157 vertices (346 trig, 142 trig+kin events)
  [1991/2947] nano_1991.root
         -> 707 vertices (1,624 trig, 654 trig+kin events)
  [1992/2947] nano_1992.root
         -> 613 vertices (1,470 trig, 557 trig+kin events)
  [1993/2947] nano_1993.root
         -> 1,101 vertices (2,510 trig, 967 trig+kin events)
  [1994/2947] nano_1994.root
         -> 649 vertices (1,593 trig, 616 trig+kin events)
  [1995/2947] nano_1995.root
         -> 841 vertices (1,998 trig, 768 trig+kin events)
  [1996/2947] nano_1996.root
         -> 1,178 vertices (2,537 trig, 1,003 trig+kin events)
  [1997/2947] nano_1997.root
         -> 1,026 vertices (2,430 trig, 950 trig+kin events)
  [1998/2947] nano_1998.root
         -> 992 vertices (2,233 trig, 867 trig+kin events)
  [1999/2947] nano_1999.root
         -> 1,019 vertices (2,303 trig, 871 trig+kin events)
  [2000/2947] nano_2000.root
         -> 1,134 vertices (2,612 trig, 1,002 trig+kin events)
  [2001/2947] nano_2001.root
         -> 857 vertices (1,791 trig, 724 trig+kin events)
  [2002/2947] nano_2002.root
         -> 897 vertices (2,113 trig, 805 trig+kin events)
  [2003/2947] nano_2003.root
         -> 767 vertices (1,945 trig, 725 trig+kin events)
  [2004/2947] nano_2004.root
         -> 740 vertices (1,618 trig, 634 trig+kin events)
  [2005/2947] nano_2005.root
         -> 728 vertices (1,723 trig, 643 trig+kin events)
  [2006/2947] nano_2006.root
         -> 1,125 vertices (2,648 trig, 996 trig+kin events)
  [2007/2947] nano_2007.root
         -> 1,091 vertices (2,390 trig, 946 trig+kin events)
  [2008/2947] nano_2008.root
         -> 1,158 vertices (2,555 trig, 988 trig+kin events)
  [2009/2947] nano_2009.root
         -> 650 vertices (1,322 trig, 542 trig+kin events)
  [2010/2947] nano_2010.root
         -> 1,068 vertices (2,582 trig, 966 trig+kin events)
  [2011/2947] nano_2011.root
         -> 1,068 vertices (2,533 trig, 964 trig+kin events)
  [2012/2947] nano_2012.root
         -> 532 vertices (1,223 trig, 473 trig+kin events)
  [2013/2947] nano_2013.root
         -> 582 vertices (1,306 trig, 502 trig+kin events)
  [2014/2947] nano_2014.root
         -> 591 vertices (1,351 trig, 525 trig+kin events)
  [2015/2947] nano_2015.root
         -> 867 vertices (2,003 trig, 730 trig+kin events)
  [2016/2947] nano_2016.root
         -> 565 vertices (1,298 trig, 502 trig+kin events)
  [2017/2947] nano_2017.root
         -> 593 vertices (1,326 trig, 531 trig+kin events)
  [2018/2947] nano_2018.root
         -> 671 vertices (1,613 trig, 605 trig+kin events)
  [2019/2947] nano_2019.root
         -> 892 vertices (2,044 trig, 809 trig+kin events)
  [2020/2947] nano_2020.root
         -> 618 vertices (1,370 trig, 548 trig+kin events)
  [2021/2947] nano_2021.root
         -> 759 vertices (1,807 trig, 692 trig+kin events)
  [2022/2947] nano_2022.root
         -> 1,082 vertices (2,464 trig, 990 trig+kin events)
  [2023/2947] nano_2023.root
         -> 773 vertices (1,757 trig, 689 trig+kin events)
  [2024/2947] nano_2024.root
         -> 563 vertices (1,344 trig, 503 trig+kin events)
  [2025/2947] nano_2025.root
         -> 610 vertices (1,377 trig, 532 trig+kin events)
  [2026/2947] nano_2026.root
         -> 1,014 vertices (2,473 trig, 914 trig+kin events)
  [2027/2947] nano_2027.root
         -> 725 vertices (1,654 trig, 647 trig+kin events)
  [2028/2947] nano_2028.root
         -> 1,104 vertices (2,421 trig, 945 trig+kin events)
  [2029/2947] nano_2029.root
         -> 639 vertices (1,406 trig, 515 trig+kin events)
  [2030/2947] nano_2030.root
         -> 633 vertices (1,489 trig, 559 trig+kin events)
  [2031/2947] nano_2031.root
         -> 642 vertices (1,450 trig, 569 trig+kin events)
  [2032/2947] nano_2032.root
         -> 1,189 vertices (2,565 trig, 974 trig+kin events)
  [2033/2947] nano_2033.root
         -> 1,115 vertices (2,620 trig, 981 trig+kin events)
  [2034/2947] nano_2034.root
         -> 1,041 vertices (2,482 trig, 919 trig+kin events)
  [2035/2947] nano_2035.root
         -> 854 vertices (1,990 trig, 770 trig+kin events)
  [2036/2947] nano_2036.root
         -> 1,135 vertices (2,521 trig, 975 trig+kin events)
  [2037/2947] nano_2037.root
         -> 632 vertices (1,335 trig, 549 trig+kin events)
  [2038/2947] nano_2038.root
         -> 899 vertices (1,900 trig, 768 trig+kin events)
  [2039/2947] nano_2039.root
         -> 526 vertices (1,256 trig, 487 trig+kin events)
  [2040/2947] nano_2040.root
         -> 761 vertices (1,904 trig, 688 trig+kin events)
  [2041/2947] nano_2041.root
         -> 985 vertices (2,238 trig, 886 trig+kin events)
  [2042/2947] nano_2042.root
         -> 710 vertices (1,610 trig, 619 trig+kin events)
  [2043/2947] nano_2043.root
         -> 860 vertices (2,059 trig, 768 trig+kin events)
  [2044/2947] nano_2044.root
         -> 603 vertices (1,468 trig, 554 trig+kin events)
  [2045/2947] nano_2045.root
         -> 607 vertices (1,455 trig, 566 trig+kin events)
  [2046/2947] nano_2046.root
         -> 1,108 vertices (2,551 trig, 997 trig+kin events)
  [2047/2947] nano_2047.root
         -> 723 vertices (1,681 trig, 639 trig+kin events)
  [2048/2947] nano_2048.root
         -> 1,152 vertices (2,506 trig, 992 trig+kin events)
  [2049/2947] nano_2049.root
         -> 1,118 vertices (2,577 trig, 1,012 trig+kin events)
  [2050/2947] nano_2050.root
         -> 701 vertices (1,640 trig, 663 trig+kin events)
  [2051/2947] nano_2051.root
         -> 838 vertices (1,969 trig, 764 trig+kin events)
  [2052/2947] nano_2052.root
         -> 783 vertices (1,974 trig, 738 trig+kin events)
  [2053/2947] nano_2053.root
         -> 977 vertices (2,342 trig, 893 trig+kin events)
  [2054/2947] nano_2054.root
         -> 755 vertices (1,680 trig, 664 trig+kin events)
  [2055/2947] nano_2055.root
         -> 888 vertices (1,955 trig, 790 trig+kin events)
  [2056/2947] nano_2056.root
         -> 593 vertices (1,445 trig, 546 trig+kin events)
  [2057/2947] nano_2057.root
         -> 820 vertices (1,734 trig, 684 trig+kin events)
  [2058/2947] nano_2058.root
         -> 393 vertices (828 trig, 337 trig+kin events)
  [2059/2947] nano_2059.root
         -> 1,014 vertices (2,334 trig, 903 trig+kin events)
  [2060/2947] nano_2060.root
         -> 243 vertices (529 trig, 203 trig+kin events)
  [2061/2947] nano_2061.root
         -> 621 vertices (1,491 trig, 558 trig+kin events)
  [2062/2947] nano_2062.root
         -> 1,092 vertices (2,529 trig, 955 trig+kin events)
  [2063/2947] nano_2063.root
         -> 665 vertices (1,480 trig, 572 trig+kin events)
  [2064/2947] nano_2064.root
         -> 1,159 vertices (2,540 trig, 986 trig+kin events)
  [2065/2947] nano_2065.root
         -> 603 vertices (1,363 trig, 529 trig+kin events)
  [2066/2947] nano_2066.root
         -> 1,105 vertices (2,454 trig, 943 trig+kin events)
  [2067/2947] nano_2067.root
         -> 1,089 vertices (2,537 trig, 986 trig+kin events)
  [2068/2947] nano_2068.root
         -> 727 vertices (1,619 trig, 624 trig+kin events)
  [2069/2947] nano_2069.root
         -> 988 vertices (2,218 trig, 853 trig+kin events)
  [2070/2947] nano_2070.root
         -> 1,128 vertices (2,498 trig, 976 trig+kin events)
  [2071/2947] nano_2071.root
         -> 440 vertices (1,038 trig, 385 trig+kin events)
  [2072/2947] nano_2072.root
         -> 1,076 vertices (2,541 trig, 972 trig+kin events)
  [2073/2947] nano_2073.root
         -> 807 vertices (1,768 trig, 686 trig+kin events)
  [2074/2947] nano_2074.root
         -> 1,113 vertices (2,319 trig, 922 trig+kin events)
  [2075/2947] nano_2075.root
         -> 546 vertices (1,401 trig, 509 trig+kin events)
  [2076/2947] nano_2076.root
         -> 615 vertices (1,485 trig, 569 trig+kin events)
  [2077/2947] nano_2077.root
         -> 522 vertices (1,318 trig, 469 trig+kin events)
  [2078/2947] nano_2078.root
         -> 613 vertices (1,421 trig, 569 trig+kin events)
  [2079/2947] nano_2079.root
         -> 666 vertices (1,485 trig, 576 trig+kin events)
  [2080/2947] nano_2080.root
         -> 1,078 vertices (2,585 trig, 977 trig+kin events)
  [2081/2947] nano_2081.root
         -> 670 vertices (1,455 trig, 580 trig+kin events)
  [2082/2947] nano_2082.root
         -> 925 vertices (2,019 trig, 787 trig+kin events)
  [2083/2947] nano_2083.root
         -> 1,196 vertices (2,601 trig, 1,023 trig+kin events)
  [2084/2947] nano_2084.root
         -> 1,122 vertices (2,602 trig, 1,000 trig+kin events)
  [2085/2947] nano_2085.root
         -> 583 vertices (1,400 trig, 540 trig+kin events)
  [2086/2947] nano_2086.root
         -> 707 vertices (1,754 trig, 651 trig+kin events)
  [2087/2947] nano_2087.root
         -> 496 vertices (1,267 trig, 473 trig+kin events)
  [2088/2947] nano_2088.root
         -> 1,134 vertices (2,613 trig, 996 trig+kin events)
  [2089/2947] nano_2089.root
         -> 608 vertices (1,416 trig, 546 trig+kin events)
  [2090/2947] nano_2090.root
         -> 564 vertices (1,286 trig, 500 trig+kin events)
  [2091/2947] nano_2091.root
         -> 594 vertices (1,454 trig, 549 trig+kin events)
  [2092/2947] nano_2092.root
         -> 306 vertices (682 trig, 249 trig+kin events)
  [2093/2947] nano_2093.root
         -> 660 vertices (1,537 trig, 605 trig+kin events)
  [2094/2947] nano_2094.root
         -> 823 vertices (1,859 trig, 734 trig+kin events)
  [2095/2947] nano_2095.root
         -> 607 vertices (1,455 trig, 555 trig+kin events)
  [2096/2947] nano_2096.root
         -> 1,101 vertices (2,507 trig, 975 trig+kin events)
  [2097/2947] nano_2097.root
         -> 877 vertices (1,974 trig, 778 trig+kin events)
  [2098/2947] nano_2098.root
         -> 614 vertices (1,392 trig, 536 trig+kin events)
  [2099/2947] nano_2099.root
         -> 1,094 vertices (2,543 trig, 995 trig+kin events)
  [2100/2947] nano_2100.root
         -> 413 vertices (890 trig, 348 trig+kin events)
  [2101/2947] nano_2101.root
         -> 564 vertices (1,348 trig, 498 trig+kin events)
  [2102/2947] nano_2102.root
         -> 1,105 vertices (2,528 trig, 963 trig+kin events)
  [2103/2947] nano_2103.root
         -> 644 vertices (1,503 trig, 585 trig+kin events)
  [2104/2947] nano_2104.root
         -> 638 vertices (1,399 trig, 552 trig+kin events)
  [2105/2947] nano_2105.root
         -> 860 vertices (1,933 trig, 750 trig+kin events)
  [2106/2947] nano_2106.root
         -> 852 vertices (2,043 trig, 793 trig+kin events)
  [2107/2947] nano_2107.root
         -> 713 vertices (1,747 trig, 678 trig+kin events)
  [2108/2947] nano_2108.root
         -> 674 vertices (1,471 trig, 612 trig+kin events)
  [2109/2947] nano_2109.root
         -> 1,118 vertices (2,584 trig, 982 trig+kin events)
  [2110/2947] nano_2110.root
         -> 713 vertices (1,672 trig, 639 trig+kin events)
  [2111/2947] nano_2111.root
         -> 514 vertices (1,250 trig, 464 trig+kin events)
  [2112/2947] nano_2112.root
         -> 578 vertices (1,349 trig, 520 trig+kin events)
  [2113/2947] nano_2113.root
         -> 1,064 vertices (2,521 trig, 975 trig+kin events)
  [2114/2947] nano_2114.root
         -> 642 vertices (1,533 trig, 592 trig+kin events)
  [2115/2947] nano_2115.root
         -> 1,169 vertices (2,536 trig, 978 trig+kin events)
  [2116/2947] nano_2116.root
         -> 1,061 vertices (2,474 trig, 920 trig+kin events)
  [2117/2947] nano_2117.root
         -> 651 vertices (1,652 trig, 627 trig+kin events)
  [2118/2947] nano_2118.root
         -> 1,106 vertices (2,489 trig, 959 trig+kin events)
  [2119/2947] nano_2119.root
         -> 646 vertices (1,489 trig, 557 trig+kin events)
  [2120/2947] nano_2120.root
         -> 982 vertices (2,304 trig, 869 trig+kin events)
  [2121/2947] nano_2121.root
         -> 565 vertices (1,325 trig, 508 trig+kin events)
  [2122/2947] nano_2122.root
         -> 836 vertices (1,774 trig, 702 trig+kin events)
  [2123/2947] nano_2123.root
         -> 647 vertices (1,554 trig, 575 trig+kin events)
  [2124/2947] nano_2124.root
         -> 965 vertices (2,252 trig, 862 trig+kin events)
  [2125/2947] nano_2125.root
         -> 1,027 vertices (2,430 trig, 913 trig+kin events)
  [2126/2947] nano_2126.root
         -> 1,086 vertices (2,509 trig, 950 trig+kin events)
  [2127/2947] nano_2127.root
         -> 1,130 vertices (2,594 trig, 1,001 trig+kin events)
  [2128/2947] nano_2128.root
         -> 570 vertices (1,324 trig, 510 trig+kin events)
  [2129/2947] nano_2129.root
         -> 833 vertices (1,939 trig, 742 trig+kin events)
  [2130/2947] nano_2130.root
         -> 1,003 vertices (2,300 trig, 872 trig+kin events)
  [2131/2947] nano_2131.root
         -> 600 vertices (1,323 trig, 545 trig+kin events)
  [2132/2947] nano_2132.root
         -> 686 vertices (1,566 trig, 595 trig+kin events)
  [2133/2947] nano_2133.root
         -> 892 vertices (2,104 trig, 784 trig+kin events)
  [2134/2947] nano_2134.root
         -> 826 vertices (1,864 trig, 711 trig+kin events)
  [2135/2947] nano_2135.root
         -> 825 vertices (1,915 trig, 714 trig+kin events)
  [2136/2947] nano_2136.root
         -> 677 vertices (1,469 trig, 557 trig+kin events)
  [2137/2947] nano_2137.root
         -> 1,123 vertices (2,549 trig, 968 trig+kin events)
  [2138/2947] nano_2138.root
         -> 313 vertices (699 trig, 267 trig+kin events)
  [2139/2947] nano_2139.root
         -> 1,035 vertices (2,509 trig, 925 trig+kin events)
  [2140/2947] nano_2140.root
         -> 1,042 vertices (2,482 trig, 913 trig+kin events)
  [2141/2947] nano_2141.root
         -> 1,125 vertices (2,613 trig, 1,018 trig+kin events)
  [2142/2947] nano_2142.root
         -> 540 vertices (1,287 trig, 499 trig+kin events)
  [2143/2947] nano_2143.root
         -> 937 vertices (2,352 trig, 890 trig+kin events)
  [2144/2947] nano_2144.root
         -> 1,061 vertices (2,545 trig, 952 trig+kin events)
  [2145/2947] nano_2145.root
         -> 1,064 vertices (2,571 trig, 979 trig+kin events)
  [2146/2947] nano_2146.root
         -> 751 vertices (1,569 trig, 612 trig+kin events)
  [2147/2947] nano_2147.root
         -> 1,118 vertices (2,520 trig, 991 trig+kin events)
  [2148/2947] nano_2148.root
         -> 955 vertices (2,141 trig, 816 trig+kin events)
  [2149/2947] nano_2149.root
         -> 729 vertices (1,623 trig, 641 trig+kin events)
  [2150/2947] nano_2150.root
         -> 777 vertices (1,769 trig, 670 trig+kin events)
  [2151/2947] nano_2151.root
         -> 636 vertices (1,479 trig, 535 trig+kin events)
  [2152/2947] nano_2152.root
         -> 1,021 vertices (2,485 trig, 930 trig+kin events)
  [2153/2947] nano_2153.root
         -> 726 vertices (1,653 trig, 654 trig+kin events)
  [2154/2947] nano_2154.root
         -> 1,119 vertices (2,529 trig, 984 trig+kin events)
  [2155/2947] nano_2155.root
         -> 650 vertices (1,376 trig, 549 trig+kin events)
  [2156/2947] nano_2156.root
         -> 1,176 vertices (2,552 trig, 987 trig+kin events)
  [2157/2947] nano_2157.root
         -> 672 vertices (1,534 trig, 586 trig+kin events)
  [2158/2947] nano_2158.root
         -> 648 vertices (1,369 trig, 549 trig+kin events)
  [2159/2947] nano_2159.root
         -> 1,120 vertices (2,585 trig, 995 trig+kin events)
  [2160/2947] nano_2160.root
         -> 1,066 vertices (2,534 trig, 950 trig+kin events)
  [2161/2947] nano_2161.root
         -> 1,133 vertices (2,526 trig, 1,006 trig+kin events)
  [2162/2947] nano_2162.root
         -> 1,113 vertices (2,505 trig, 989 trig+kin events)
  [2163/2947] nano_2163.root
         -> 736 vertices (1,754 trig, 668 trig+kin events)
  [2164/2947] nano_2164.root
         -> 719 vertices (1,615 trig, 621 trig+kin events)
  [2165/2947] nano_2165.root
         -> 604 vertices (1,357 trig, 535 trig+kin events)
  [2166/2947] nano_2166.root
         -> 666 vertices (1,505 trig, 562 trig+kin events)
  [2167/2947] nano_2167.root
         -> 1,041 vertices (2,487 trig, 913 trig+kin events)
  [2168/2947] nano_2168.root
         -> 580 vertices (1,260 trig, 508 trig+kin events)
  [2169/2947] nano_2169.root
         -> 859 vertices (1,968 trig, 747 trig+kin events)
  [2170/2947] nano_2170.root
         -> 660 vertices (1,540 trig, 583 trig+kin events)
  [2171/2947] nano_2171.root
         -> 1,094 vertices (2,328 trig, 905 trig+kin events)
  [2172/2947] nano_2172.root
         -> 1,067 vertices (2,506 trig, 955 trig+kin events)
  [2173/2947] nano_2173.root
         -> 594 vertices (1,399 trig, 511 trig+kin events)
  [2174/2947] nano_2174.root
         -> 631 vertices (1,455 trig, 564 trig+kin events)
  [2175/2947] nano_2175.root
         -> 856 vertices (2,073 trig, 767 trig+kin events)
  [2176/2947] nano_2176.root
         -> 1,172 vertices (2,552 trig, 1,020 trig+kin events)
  [2177/2947] nano_2177.root
         -> 1,074 vertices (2,523 trig, 927 trig+kin events)
  [2178/2947] nano_2178.root
         -> 480 vertices (1,250 trig, 464 trig+kin events)
  [2179/2947] nano_2179.root
         -> 1,122 vertices (2,582 trig, 988 trig+kin events)
  [2180/2947] nano_2180.root
         -> 864 vertices (1,956 trig, 768 trig+kin events)
  [2181/2947] nano_2181.root
         -> 748 vertices (1,626 trig, 628 trig+kin events)
  [2182/2947] nano_2182.root
         -> 1,148 vertices (2,522 trig, 981 trig+kin events)
  [2183/2947] nano_2183.root
         -> 909 vertices (2,195 trig, 796 trig+kin events)
  [2184/2947] nano_2184.root
         -> 691 vertices (1,585 trig, 612 trig+kin events)
  [2185/2947] nano_2185.root
         -> 1,003 vertices (2,330 trig, 894 trig+kin events)
  [2186/2947] nano_2186.root
         -> 1,080 vertices (2,489 trig, 961 trig+kin events)
  [2187/2947] nano_2187.root
         -> 793 vertices (1,669 trig, 636 trig+kin events)
  [2188/2947] nano_2188.root
         -> 1,017 vertices (2,501 trig, 933 trig+kin events)
  [2189/2947] nano_2189.root
         -> 591 vertices (1,311 trig, 497 trig+kin events)
  [2190/2947] nano_2190.root
         -> 1,044 vertices (2,560 trig, 948 trig+kin events)
  [2191/2947] nano_2191.root
         -> 892 vertices (2,166 trig, 829 trig+kin events)
  [2192/2947] nano_2192.root
         -> 741 vertices (1,738 trig, 638 trig+kin events)
  [2193/2947] nano_2193.root
         -> 741 vertices (1,668 trig, 643 trig+kin events)
  [2194/2947] nano_2194.root
         -> 1,007 vertices (2,526 trig, 937 trig+kin events)
  [2195/2947] nano_2195.root
         -> 1,124 vertices (2,516 trig, 973 trig+kin events)
  [2196/2947] nano_2196.root
         -> 1,017 vertices (2,325 trig, 886 trig+kin events)
  [2197/2947] nano_2197.root
         -> 977 vertices (2,231 trig, 850 trig+kin events)
  [2198/2947] nano_2198.root
         -> 754 vertices (1,611 trig, 643 trig+kin events)
  [2199/2947] nano_2199.root
         -> 1,047 vertices (2,565 trig, 987 trig+kin events)
  [2200/2947] nano_2200.root
         -> 956 vertices (2,349 trig, 868 trig+kin events)
  [2201/2947] nano_2201.root
         -> 632 vertices (1,546 trig, 581 trig+kin events)
  [2202/2947] nano_2202.root
         -> 1,103 vertices (2,542 trig, 951 trig+kin events)
  [2203/2947] nano_2203.root
         -> 648 vertices (1,419 trig, 561 trig+kin events)
  [2204/2947] nano_2204.root
         -> 225 vertices (476 trig, 194 trig+kin events)
  [2205/2947] nano_2205.root
         -> 648 vertices (1,343 trig, 544 trig+kin events)
  [2206/2947] nano_2206.root
         -> 681 vertices (1,522 trig, 600 trig+kin events)
  [2207/2947] nano_2207.root
         -> 594 vertices (1,342 trig, 505 trig+kin events)
  [2208/2947] nano_2208.root
         -> 629 vertices (1,480 trig, 581 trig+kin events)
  [2209/2947] nano_2209.root
         -> 535 vertices (1,341 trig, 503 trig+kin events)
  [2210/2947] nano_2210.root
         -> 612 vertices (1,478 trig, 563 trig+kin events)
  [2211/2947] nano_2211.root
         -> 608 vertices (1,490 trig, 559 trig+kin events)
  [2212/2947] nano_2212.root
         -> 12 vertices (42 trig, 15 trig+kin events)
  [2213/2947] nano_2213.root
         -> 621 vertices (1,377 trig, 555 trig+kin events)
  [2214/2947] nano_2214.root
         -> 221 vertices (503 trig, 204 trig+kin events)
  [2215/2947] nano_2215.root
         -> 600 vertices (1,306 trig, 505 trig+kin events)
  [2216/2947] nano_2216.root
         -> 551 vertices (1,274 trig, 479 trig+kin events)
  [2217/2947] nano_2217.root
         -> 564 vertices (1,293 trig, 507 trig+kin events)
  [2218/2947] nano_2218.root
         -> 72 vertices (155 trig, 66 trig+kin events)
  [2219/2947] nano_2219.root
         -> 588 vertices (1,387 trig, 544 trig+kin events)
  [2220/2947] nano_2220.root
         -> 602 vertices (1,336 trig, 537 trig+kin events)
  [2221/2947] nano_2221.root
         -> 541 vertices (1,348 trig, 482 trig+kin events)
  [2222/2947] nano_2222.root
         -> 82 vertices (134 trig, 64 trig+kin events)
  [2223/2947] nano_2223.root
         -> 524 vertices (1,266 trig, 483 trig+kin events)
  [2224/2947] nano_2224.root
         -> 555 vertices (1,298 trig, 485 trig+kin events)
  [2225/2947] nano_2225.root
         -> 551 vertices (1,267 trig, 463 trig+kin events)
  [2226/2947] nano_2226.root
         -> 610 vertices (1,475 trig, 547 trig+kin events)
  [2227/2947] nano_2227.root
         -> 521 vertices (1,299 trig, 460 trig+kin events)
  [2228/2947] nano_2228.root
         -> 568 vertices (1,305 trig, 504 trig+kin events)
  [2229/2947] nano_2229.root
         -> 544 vertices (1,165 trig, 465 trig+kin events)
  [2230/2947] nano_2230.root
         -> 600 vertices (1,338 trig, 509 trig+kin events)
  [2231/2947] nano_2231.root
         -> 623 vertices (1,507 trig, 564 trig+kin events)
  [2232/2947] nano_2232.root
         -> 663 vertices (1,564 trig, 618 trig+kin events)
  [2233/2947] nano_2233.root
         -> 655 vertices (1,446 trig, 564 trig+kin events)
  [2234/2947] nano_2234.root
         -> 595 vertices (1,395 trig, 529 trig+kin events)
  [2235/2947] nano_2235.root
         -> 557 vertices (1,278 trig, 491 trig+kin events)
  [2236/2947] nano_2236.root
         -> 835 vertices (1,922 trig, 759 trig+kin events)
  [2237/2947] nano_2237.root
         -> 698 vertices (1,578 trig, 602 trig+kin events)
  [2238/2947] nano_2238.root
         -> 771 vertices (1,674 trig, 645 trig+kin events)
  [2239/2947] nano_2239.root
         -> 653 vertices (1,484 trig, 552 trig+kin events)
  [2240/2947] nano_2240.root
         -> 729 vertices (1,451 trig, 604 trig+kin events)
  [2241/2947] nano_2241.root
         -> 123 vertices (312 trig, 125 trig+kin events)
  [2242/2947] nano_2242.root
         -> 832 vertices (1,923 trig, 744 trig+kin events)
  [2243/2947] nano_2243.root
         -> 627 vertices (1,395 trig, 564 trig+kin events)
  [2244/2947] nano_2244.root
         -> 622 vertices (1,416 trig, 544 trig+kin events)
  [2245/2947] nano_2245.root
         -> 576 vertices (1,311 trig, 534 trig+kin events)
  [2246/2947] nano_2246.root
         -> 709 vertices (1,620 trig, 605 trig+kin events)
  [2247/2947] nano_2247.root
         -> 966 vertices (2,268 trig, 870 trig+kin events)
  [2248/2947] nano_2248.root
         -> 517 vertices (1,270 trig, 475 trig+kin events)
  [2249/2947] nano_2249.root
         -> 1,037 vertices (2,509 trig, 931 trig+kin events)
  [2250/2947] nano_2250.root
         -> 1,045 vertices (2,462 trig, 910 trig+kin events)
  [2251/2947] nano_2251.root
         -> 779 vertices (1,929 trig, 711 trig+kin events)
  [2252/2947] nano_2252.root
         -> 942 vertices (2,270 trig, 832 trig+kin events)
  [2253/2947] nano_2253.root
         -> 1,070 vertices (2,421 trig, 931 trig+kin events)
  [2254/2947] nano_2254.root
         -> 1,138 vertices (2,597 trig, 990 trig+kin events)
  [2255/2947] nano_2255.root
         -> 573 vertices (1,312 trig, 483 trig+kin events)
  [2256/2947] nano_2256.root
         -> 822 vertices (1,899 trig, 733 trig+kin events)
  [2257/2947] nano_2257.root
         -> 1,018 vertices (2,387 trig, 890 trig+kin events)
  [2258/2947] nano_2258.root
         -> 286 vertices (618 trig, 249 trig+kin events)
  [2259/2947] nano_2259.root
         -> 717 vertices (1,544 trig, 593 trig+kin events)
  [2260/2947] nano_2260.root
         -> 653 vertices (1,494 trig, 612 trig+kin events)
  [2261/2947] nano_2261.root
         -> 1,062 vertices (2,485 trig, 976 trig+kin events)
  [2262/2947] nano_2262.root
         -> 664 vertices (1,421 trig, 572 trig+kin events)
  [2263/2947] nano_2263.root
         -> 779 vertices (1,874 trig, 710 trig+kin events)
  [2264/2947] nano_2264.root
         -> 815 vertices (1,853 trig, 708 trig+kin events)
  [2265/2947] nano_2265.root
         -> 1,077 vertices (2,443 trig, 952 trig+kin events)
  [2266/2947] nano_2266.root
         -> 638 vertices (1,398 trig, 537 trig+kin events)
  [2267/2947] nano_2267.root
         -> 1,004 vertices (2,459 trig, 929 trig+kin events)
  [2268/2947] nano_2268.root
         -> 690 vertices (1,531 trig, 588 trig+kin events)
  [2269/2947] nano_2269.root
         -> 613 vertices (1,360 trig, 508 trig+kin events)
  [2270/2947] nano_2270.root
         -> 1,148 vertices (2,554 trig, 1,021 trig+kin events)
  [2271/2947] nano_2271.root
         -> 1,098 vertices (2,585 trig, 974 trig+kin events)
  [2272/2947] nano_2272.root
         -> 933 vertices (2,282 trig, 867 trig+kin events)
  [2273/2947] nano_2273.root
         -> 563 vertices (1,382 trig, 507 trig+kin events)
  [2274/2947] nano_2274.root
         -> 623 vertices (1,443 trig, 560 trig+kin events)
  [2275/2947] nano_2275.root
         -> 524 vertices (1,282 trig, 480 trig+kin events)
  [2276/2947] nano_2276.root
         -> 662 vertices (1,539 trig, 564 trig+kin events)
  [2277/2947] nano_2277.root
         -> 559 vertices (1,329 trig, 530 trig+kin events)
  [2278/2947] nano_2278.root
         -> 1,065 vertices (2,458 trig, 934 trig+kin events)
  [2279/2947] nano_2279.root
         -> 1,098 vertices (2,534 trig, 998 trig+kin events)
  [2280/2947] nano_2280.root
         -> 896 vertices (2,044 trig, 802 trig+kin events)
  [2281/2947] nano_2281.root
         -> 1,146 vertices (2,577 trig, 977 trig+kin events)
  [2282/2947] nano_2282.root
         -> 627 vertices (1,393 trig, 559 trig+kin events)
  [2283/2947] nano_2283.root
         -> 631 vertices (1,435 trig, 536 trig+kin events)
  [2284/2947] nano_2284.root
         -> 649 vertices (1,520 trig, 598 trig+kin events)
  [2285/2947] nano_2285.root
         -> 137 vertices (239 trig, 109 trig+kin events)
  [2286/2947] nano_2286.root
         -> 601 vertices (1,403 trig, 533 trig+kin events)
  [2287/2947] nano_2287.root
         -> 579 vertices (1,359 trig, 520 trig+kin events)
  [2288/2947] nano_2288.root
         -> 620 vertices (1,516 trig, 586 trig+kin events)
  [2289/2947] nano_2289.root
         -> 562 vertices (1,381 trig, 532 trig+kin events)
  [2290/2947] nano_2290.root
         -> 578 vertices (1,315 trig, 511 trig+kin events)
  [2291/2947] nano_2291.root
         -> 616 vertices (1,476 trig, 547 trig+kin events)
  [2292/2947] nano_2292.root
         -> 637 vertices (1,505 trig, 571 trig+kin events)
  [2293/2947] nano_2293.root
         -> 586 vertices (1,298 trig, 505 trig+kin events)
  [2294/2947] nano_2294.root
         -> 751 vertices (1,832 trig, 718 trig+kin events)
  [2295/2947] nano_2295.root
         -> 441 vertices (1,039 trig, 390 trig+kin events)
  [2296/2947] nano_2296.root
         -> 576 vertices (1,369 trig, 535 trig+kin events)
  [2297/2947] nano_2297.root
         -> 646 vertices (1,334 trig, 539 trig+kin events)
  [2298/2947] nano_2298.root
         -> 683 vertices (1,570 trig, 599 trig+kin events)
  [2299/2947] nano_2299.root
         -> 681 vertices (1,501 trig, 588 trig+kin events)
  [2300/2947] nano_2300.root
         -> 711 vertices (1,688 trig, 646 trig+kin events)
  [2301/2947] nano_2301.root
         -> 740 vertices (1,616 trig, 625 trig+kin events)
  [2302/2947] nano_2302.root
         -> 674 vertices (1,599 trig, 613 trig+kin events)
  [2303/2947] nano_2303.root
         -> 758 vertices (1,662 trig, 646 trig+kin events)
  [2304/2947] nano_2304.root
         -> 682 vertices (1,559 trig, 600 trig+kin events)
  [2305/2947] nano_2305.root
         -> 643 vertices (1,509 trig, 555 trig+kin events)
  [2306/2947] nano_2306.root
         -> 655 vertices (1,428 trig, 554 trig+kin events)
  [2307/2947] nano_2307.root
         -> 609 vertices (1,412 trig, 531 trig+kin events)
  [2308/2947] nano_2308.root
         -> 768 vertices (1,810 trig, 685 trig+kin events)
  [2309/2947] nano_2309.root
         -> 748 vertices (1,712 trig, 651 trig+kin events)
  [2310/2947] nano_2310.root
         -> 583 vertices (1,378 trig, 509 trig+kin events)
  [2311/2947] nano_2311.root
         -> 669 vertices (1,585 trig, 587 trig+kin events)
  [2312/2947] nano_2312.root
         -> 584 vertices (1,298 trig, 490 trig+kin events)
  [2313/2947] nano_2313.root
         -> 649 vertices (1,460 trig, 568 trig+kin events)
  [2314/2947] nano_2314.root
         -> 327 vertices (779 trig, 294 trig+kin events)
  [2315/2947] nano_2315.root
         -> 586 vertices (1,370 trig, 530 trig+kin events)
  [2316/2947] nano_2316.root
         -> 990 vertices (2,317 trig, 870 trig+kin events)
  [2317/2947] nano_2317.root
         -> 658 vertices (1,511 trig, 575 trig+kin events)
  [2318/2947] nano_2318.root
         -> 260 vertices (709 trig, 256 trig+kin events)
  [2319/2947] nano_2319.root
         -> 621 vertices (1,339 trig, 534 trig+kin events)
  [2320/2947] nano_2320.root
         -> 609 vertices (1,339 trig, 539 trig+kin events)
  [2321/2947] nano_2321.root
         -> 612 vertices (1,386 trig, 519 trig+kin events)
  [2322/2947] nano_2322.root
         -> 591 vertices (1,339 trig, 528 trig+kin events)
  [2323/2947] nano_2323.root
         -> 630 vertices (1,404 trig, 529 trig+kin events)
  [2324/2947] nano_2324.root
         -> 317 vertices (696 trig, 271 trig+kin events)
  [2325/2947] nano_2325.root
         -> 578 vertices (1,288 trig, 485 trig+kin events)
  [2326/2947] nano_2326.root
         -> 862 vertices (1,973 trig, 764 trig+kin events)
  [2327/2947] nano_2327.root
         -> 547 vertices (1,298 trig, 507 trig+kin events)
  [2328/2947] nano_2328.root
         -> 807 vertices (1,930 trig, 753 trig+kin events)
  [2329/2947] nano_2329.root
         -> 518 vertices (1,275 trig, 482 trig+kin events)
  [2330/2947] nano_2330.root
         -> 611 vertices (1,479 trig, 563 trig+kin events)
  [2331/2947] nano_2331.root
         -> 90 vertices (193 trig, 68 trig+kin events)
  [2332/2947] nano_2332.root
         -> 622 vertices (1,419 trig, 546 trig+kin events)
  [2333/2947] nano_2333.root
         -> 851 vertices (2,192 trig, 791 trig+kin events)
  [2334/2947] nano_2334.root
         -> 582 vertices (1,365 trig, 533 trig+kin events)
  [2335/2947] nano_2335.root
         -> 622 vertices (1,467 trig, 545 trig+kin events)
  [2336/2947] nano_2336.root
         -> 565 vertices (1,402 trig, 523 trig+kin events)
  [2337/2947] nano_2337.root
         -> 618 vertices (1,297 trig, 516 trig+kin events)
  [2338/2947] nano_2338.root
         -> 535 vertices (1,281 trig, 491 trig+kin events)
  [2339/2947] nano_2339.root
         -> 111 vertices (278 trig, 118 trig+kin events)
  [2340/2947] nano_2340.root
         -> 587 vertices (1,347 trig, 505 trig+kin events)
  [2341/2947] nano_2341.root
         -> 578 vertices (1,226 trig, 475 trig+kin events)
  [2342/2947] nano_2342.root
         -> 732 vertices (1,759 trig, 678 trig+kin events)
  [2343/2947] nano_2343.root
         -> 616 vertices (1,501 trig, 566 trig+kin events)
  [2344/2947] nano_2344.root
         -> 603 vertices (1,418 trig, 534 trig+kin events)
  [2345/2947] nano_2345.root
         -> 620 vertices (1,363 trig, 532 trig+kin events)
  [2346/2947] nano_2346.root
         -> 636 vertices (1,448 trig, 584 trig+kin events)
  [2347/2947] nano_2347.root
         -> 302 vertices (726 trig, 276 trig+kin events)
  [2348/2947] nano_2348.root
         -> 557 vertices (1,265 trig, 477 trig+kin events)
  [2349/2947] nano_2349.root
         -> 609 vertices (1,433 trig, 543 trig+kin events)
  [2350/2947] nano_2350.root
         -> 615 vertices (1,504 trig, 553 trig+kin events)
  [2351/2947] nano_2351.root
         -> 628 vertices (1,497 trig, 563 trig+kin events)
  [2352/2947] nano_2352.root
         -> 709 vertices (1,598 trig, 658 trig+kin events)
  [2353/2947] nano_2353.root
         -> 290 vertices (655 trig, 252 trig+kin events)
  [2354/2947] nano_2354.root
         -> 589 vertices (1,365 trig, 500 trig+kin events)
  [2355/2947] nano_2355.root
         -> 570 vertices (1,308 trig, 499 trig+kin events)
  [2356/2947] nano_2356.root
         -> 588 vertices (1,314 trig, 515 trig+kin events)
  [2357/2947] nano_2357.root
         -> 568 vertices (1,331 trig, 513 trig+kin events)
  [2358/2947] nano_2358.root
         -> 584 vertices (1,386 trig, 548 trig+kin events)
  [2359/2947] nano_2359.root
         -> 416 vertices (877 trig, 341 trig+kin events)
  [2360/2947] nano_2360.root
         -> 534 vertices (1,294 trig, 482 trig+kin events)
  [2361/2947] nano_2361.root
         -> 623 vertices (1,330 trig, 534 trig+kin events)
  [2362/2947] nano_2362.root
         -> 592 vertices (1,368 trig, 545 trig+kin events)
  [2363/2947] nano_2363.root
         -> 556 vertices (1,286 trig, 504 trig+kin events)
  [2364/2947] nano_2364.root
         -> 580 vertices (1,307 trig, 511 trig+kin events)
  [2365/2947] nano_2365.root
         -> 355 vertices (904 trig, 317 trig+kin events)
  [2366/2947] nano_2366.root
         -> 30 vertices (76 trig, 34 trig+kin events)
  [2367/2947] nano_2367.root
         -> 668 vertices (1,500 trig, 578 trig+kin events)
  [2368/2947] nano_2368.root
         -> 654 vertices (1,436 trig, 547 trig+kin events)
  [2369/2947] nano_2369.root
         -> 665 vertices (1,541 trig, 612 trig+kin events)
  [2370/2947] nano_2370.root
         -> 543 vertices (1,415 trig, 527 trig+kin events)
  [2371/2947] nano_2371.root
         -> 708 vertices (1,577 trig, 613 trig+kin events)
  [2372/2947] nano_2372.root
         -> 574 vertices (1,431 trig, 554 trig+kin events)
  [2373/2947] nano_2373.root
         -> 593 vertices (1,333 trig, 534 trig+kin events)
  [2374/2947] nano_2374.root
         -> 940 vertices (2,218 trig, 858 trig+kin events)
  [2375/2947] nano_2375.root
         -> 644 vertices (1,584 trig, 565 trig+kin events)
  [2376/2947] nano_2376.root
         -> 679 vertices (1,490 trig, 597 trig+kin events)
  [2377/2947] nano_2377.root
         -> 835 vertices (2,066 trig, 783 trig+kin events)
  [2378/2947] nano_2378.root
         -> 578 vertices (1,513 trig, 545 trig+kin events)
  [2379/2947] nano_2379.root
         -> 1,001 vertices (2,346 trig, 894 trig+kin events)
  [2380/2947] nano_2380.root
         -> 1,052 vertices (2,475 trig, 967 trig+kin events)
  [2381/2947] nano_2381.root
         -> 1,019 vertices (2,628 trig, 981 trig+kin events)
  [2382/2947] nano_2382.root
         -> 1,087 vertices (2,517 trig, 989 trig+kin events)
  [2383/2947] nano_2383.root
         -> 1,089 vertices (2,525 trig, 954 trig+kin events)
  [2384/2947] nano_2384.root
         -> 684 vertices (1,536 trig, 570 trig+kin events)
  [2385/2947] nano_2385.root
         -> 576 vertices (1,438 trig, 527 trig+kin events)
  [2386/2947] nano_2386.root
         -> 1,027 vertices (2,558 trig, 958 trig+kin events)
  [2387/2947] nano_2387.root
         -> 587 vertices (1,301 trig, 508 trig+kin events)
  [2388/2947] nano_2388.root
         -> 984 vertices (2,216 trig, 874 trig+kin events)
  [2389/2947] nano_2389.root
         -> 1,179 vertices (2,539 trig, 989 trig+kin events)
  [2390/2947] nano_2390.root
         -> 642 vertices (1,402 trig, 548 trig+kin events)
  [2391/2947] nano_2391.root
         -> 1,069 vertices (2,521 trig, 934 trig+kin events)
  [2392/2947] nano_2392.root
         -> 1,053 vertices (2,459 trig, 953 trig+kin events)
  [2393/2947] nano_2393.root
         -> 514 vertices (1,285 trig, 477 trig+kin events)
  [2394/2947] nano_2394.root
         -> 888 vertices (2,136 trig, 790 trig+kin events)
  [2395/2947] nano_2395.root
         -> 984 vertices (2,233 trig, 858 trig+kin events)
  [2396/2947] nano_2396.root
         -> 1,040 vertices (2,504 trig, 961 trig+kin events)
  [2397/2947] nano_2397.root
         -> 663 vertices (1,660 trig, 634 trig+kin events)
  [2398/2947] nano_2398.root
         -> 710 vertices (1,560 trig, 599 trig+kin events)
  [2399/2947] nano_2399.root
         -> 604 vertices (1,488 trig, 567 trig+kin events)
  [2400/2947] nano_2400.root
         -> 744 vertices (1,604 trig, 635 trig+kin events)
  [2401/2947] nano_2401.root
         -> 1,098 vertices (2,612 trig, 994 trig+kin events)
  [2402/2947] nano_2402.root
         -> 1,111 vertices (2,640 trig, 1,018 trig+kin events)
  [2403/2947] nano_2403.root
         -> 1,042 vertices (2,454 trig, 959 trig+kin events)
  [2404/2947] nano_2404.root
         -> 625 vertices (1,473 trig, 557 trig+kin events)
  [2405/2947] nano_2405.root
         -> 1,073 vertices (2,505 trig, 949 trig+kin events)
  [2406/2947] nano_2406.root
         -> 1,088 vertices (2,583 trig, 984 trig+kin events)
  [2407/2947] nano_2407.root
         -> 1,093 vertices (2,560 trig, 983 trig+kin events)
  [2408/2947] nano_2408.root
         -> 1,133 vertices (2,572 trig, 1,024 trig+kin events)
  [2409/2947] nano_2409.root
         -> 1,093 vertices (2,530 trig, 993 trig+kin events)
  [2410/2947] nano_2410.root
         -> 649 vertices (1,517 trig, 566 trig+kin events)
  [2411/2947] nano_2411.root
         -> 1,140 vertices (2,606 trig, 993 trig+kin events)
  [2412/2947] nano_2412.root
         -> 588 vertices (1,322 trig, 503 trig+kin events)
  [2413/2947] nano_2413.root
         -> 1,173 vertices (2,629 trig, 1,043 trig+kin events)
  [2414/2947] nano_2414.root
         -> 1,086 vertices (2,546 trig, 924 trig+kin events)
  [2415/2947] nano_2415.root
         -> 708 vertices (1,591 trig, 607 trig+kin events)
  [2416/2947] nano_2416.root
         -> 1,064 vertices (2,539 trig, 933 trig+kin events)
  [2417/2947] nano_2417.root
         -> 668 vertices (1,447 trig, 584 trig+kin events)
  [2418/2947] nano_2418.root
         -> 1,191 vertices (2,560 trig, 1,017 trig+kin events)
  [2419/2947] nano_2419.root
         -> 1,188 vertices (2,562 trig, 1,002 trig+kin events)
  [2420/2947] nano_2420.root
         -> 783 vertices (1,879 trig, 701 trig+kin events)
  [2421/2947] nano_2421.root
         -> 1,220 vertices (2,613 trig, 1,040 trig+kin events)
  [2422/2947] nano_2422.root
         -> 1,130 vertices (2,562 trig, 986 trig+kin events)
  [2423/2947] nano_2423.root
         -> 569 vertices (1,312 trig, 525 trig+kin events)
  [2424/2947] nano_2424.root
         -> 749 vertices (1,844 trig, 661 trig+kin events)
  [2425/2947] nano_2425.root
         -> 1,084 vertices (2,614 trig, 973 trig+kin events)
  [2426/2947] nano_2426.root
         -> 1,132 vertices (2,558 trig, 990 trig+kin events)
  [2427/2947] nano_2427.root
         -> 1,109 vertices (2,549 trig, 972 trig+kin events)
  [2428/2947] nano_2428.root
         -> 971 vertices (2,153 trig, 862 trig+kin events)
  [2429/2947] nano_2429.root
         -> 1,059 vertices (2,586 trig, 998 trig+kin events)
  [2430/2947] nano_2430.root
         -> 1,029 vertices (2,505 trig, 923 trig+kin events)
  [2431/2947] nano_2431.root
         -> 644 vertices (1,460 trig, 554 trig+kin events)
  [2432/2947] nano_2432.root
         -> 696 vertices (1,613 trig, 612 trig+kin events)
  [2433/2947] nano_2433.root
         -> 1,203 vertices (2,611 trig, 1,010 trig+kin events)
  [2434/2947] nano_2434.root
         -> 1,139 vertices (2,627 trig, 991 trig+kin events)
  [2435/2947] nano_2435.root
         -> 702 vertices (1,650 trig, 634 trig+kin events)
  [2436/2947] nano_2436.root
         -> 642 vertices (1,452 trig, 570 trig+kin events)
  [2437/2947] nano_2437.root
         -> 1,088 vertices (2,503 trig, 939 trig+kin events)
  [2438/2947] nano_2438.root
         -> 1,117 vertices (2,554 trig, 968 trig+kin events)
  [2439/2947] nano_2439.root
         -> 691 vertices (1,562 trig, 602 trig+kin events)
  [2440/2947] nano_2440.root
         -> 943 vertices (2,154 trig, 862 trig+kin events)
  [2441/2947] nano_2441.root
         -> 1,053 vertices (2,451 trig, 941 trig+kin events)
  [2442/2947] nano_2442.root
         -> 1,036 vertices (2,477 trig, 987 trig+kin events)
  [2443/2947] nano_2443.root
         -> 860 vertices (2,172 trig, 783 trig+kin events)
  [2444/2947] nano_2444.root
         -> 723 vertices (1,627 trig, 628 trig+kin events)
  [2445/2947] nano_2445.root
         -> 998 vertices (2,311 trig, 881 trig+kin events)
  [2446/2947] nano_2446.root
         -> 1,113 vertices (2,599 trig, 980 trig+kin events)
  [2447/2947] nano_2447.root
         -> 848 vertices (1,905 trig, 766 trig+kin events)
  [2448/2947] nano_2448.root
         -> 811 vertices (1,758 trig, 661 trig+kin events)
  [2449/2947] nano_2449.root
         -> 1,130 vertices (2,540 trig, 1,006 trig+kin events)
  [2450/2947] nano_2450.root
         -> 762 vertices (1,867 trig, 672 trig+kin events)
  [2451/2947] nano_2451.root
         -> 1,154 vertices (2,550 trig, 987 trig+kin events)
  [2452/2947] nano_2452.root
         -> 1,078 vertices (2,523 trig, 972 trig+kin events)
  [2453/2947] nano_2453.root
         -> 1,056 vertices (2,539 trig, 948 trig+kin events)
  [2454/2947] nano_2454.root
         -> 1,061 vertices (2,519 trig, 941 trig+kin events)
  [2455/2947] nano_2455.root
         -> 1,052 vertices (2,546 trig, 945 trig+kin events)
  [2456/2947] nano_2456.root
         -> 758 vertices (1,878 trig, 693 trig+kin events)
  [2457/2947] nano_2457.root
         -> 835 vertices (1,873 trig, 695 trig+kin events)
  [2458/2947] nano_2458.root
         -> 747 vertices (1,685 trig, 642 trig+kin events)
  [2459/2947] nano_2459.root
         -> 954 vertices (2,363 trig, 903 trig+kin events)
  [2460/2947] nano_2460.root
         -> 865 vertices (2,186 trig, 817 trig+kin events)
  [2461/2947] nano_2461.root
         -> 1,080 vertices (2,556 trig, 976 trig+kin events)
  [2462/2947] nano_2462.root
         -> 1,113 vertices (2,572 trig, 985 trig+kin events)
  [2463/2947] nano_2463.root
         -> 889 vertices (2,037 trig, 770 trig+kin events)
  [2464/2947] nano_2464.root
         -> 973 vertices (2,435 trig, 924 trig+kin events)
  [2465/2947] nano_2465.root
         -> 783 vertices (1,773 trig, 681 trig+kin events)
  [2466/2947] nano_2466.root
         -> 974 vertices (2,158 trig, 867 trig+kin events)
  [2467/2947] nano_2467.root
         -> 676 vertices (1,534 trig, 614 trig+kin events)
  [2468/2947] nano_2468.root
         -> 985 vertices (2,293 trig, 903 trig+kin events)
  [2469/2947] nano_2469.root
         -> 835 vertices (1,793 trig, 696 trig+kin events)
  [2470/2947] nano_2470.root
         -> 1,028 vertices (2,400 trig, 949 trig+kin events)
  [2471/2947] nano_2471.root
         -> 1,041 vertices (2,483 trig, 954 trig+kin events)
  [2472/2947] nano_2472.root
         -> 639 vertices (1,536 trig, 573 trig+kin events)
  [2473/2947] nano_2473.root
         -> 1,036 vertices (2,501 trig, 940 trig+kin events)
  [2474/2947] nano_2474.root
         -> 1,103 vertices (2,547 trig, 990 trig+kin events)
  [2475/2947] nano_2475.root
         -> 773 vertices (1,685 trig, 661 trig+kin events)
  [2476/2947] nano_2476.root
         -> 848 vertices (1,922 trig, 744 trig+kin events)
  [2477/2947] nano_2477.root
         -> 733 vertices (1,692 trig, 639 trig+kin events)
  [2478/2947] nano_2478.root
         -> 1,063 vertices (2,585 trig, 952 trig+kin events)
  [2479/2947] nano_2479.root
         -> 1,096 vertices (2,524 trig, 992 trig+kin events)
  [2480/2947] nano_2480.root
         -> 813 vertices (1,904 trig, 710 trig+kin events)
  [2481/2947] nano_2481.root
         -> 1,114 vertices (2,661 trig, 1,002 trig+kin events)
  [2482/2947] nano_2482.root
         -> 961 vertices (2,361 trig, 845 trig+kin events)
  [2483/2947] nano_2483.root
         -> 1,119 vertices (2,576 trig, 975 trig+kin events)
  [2484/2947] nano_2484.root
         -> 568 vertices (1,361 trig, 528 trig+kin events)
  [2485/2947] nano_2485.root
         -> 689 vertices (1,651 trig, 609 trig+kin events)
  [2486/2947] nano_2486.root
         -> 522 vertices (1,303 trig, 477 trig+kin events)
  [2487/2947] nano_2487.root
         -> 455 vertices (1,102 trig, 398 trig+kin events)
  [2488/2947] nano_2488.root
         -> 532 vertices (1,248 trig, 468 trig+kin events)
  [2489/2947] nano_2489.root
         -> 782 vertices (1,846 trig, 697 trig+kin events)
  [2490/2947] nano_2490.root
         -> 548 vertices (1,275 trig, 499 trig+kin events)
  [2491/2947] nano_2491.root
         -> 648 vertices (1,454 trig, 579 trig+kin events)
  [2492/2947] nano_2492.root
         -> 599 vertices (1,396 trig, 531 trig+kin events)
  [2493/2947] nano_2493.root
         -> 769 vertices (1,643 trig, 669 trig+kin events)
  [2494/2947] nano_2494.root
         -> 337 vertices (992 trig, 346 trig+kin events)
  [2495/2947] nano_2495.root
         -> 643 vertices (1,463 trig, 574 trig+kin events)
  [2496/2947] nano_2496.root
         -> 628 vertices (1,383 trig, 524 trig+kin events)
  [2497/2947] nano_2497.root
         -> 641 vertices (1,514 trig, 568 trig+kin events)
  [2498/2947] nano_2498.root
         -> 668 vertices (1,544 trig, 585 trig+kin events)
  [2499/2947] nano_2499.root
         -> 614 vertices (1,279 trig, 511 trig+kin events)
  [2500/2947] nano_2500.root
         -> 556 vertices (1,209 trig, 476 trig+kin events)
  [2501/2947] nano_2501.root
         -> 611 vertices (1,307 trig, 521 trig+kin events)
  [2502/2947] nano_2502.root
         -> 727 vertices (1,702 trig, 611 trig+kin events)
  [2503/2947] nano_2503.root
         -> 666 vertices (1,591 trig, 595 trig+kin events)
  [2504/2947] nano_2504.root
         -> 668 vertices (1,477 trig, 592 trig+kin events)
  [2505/2947] nano_2505.root
         -> 660 vertices (1,490 trig, 561 trig+kin events)
  [2506/2947] nano_2506.root
         -> 862 vertices (1,917 trig, 763 trig+kin events)
  [2507/2947] nano_2507.root
         -> 441 vertices (969 trig, 378 trig+kin events)
  [2508/2947] nano_2508.root
         -> 791 vertices (1,787 trig, 692 trig+kin events)
  [2509/2947] nano_2509.root
         -> 1,082 vertices (2,661 trig, 997 trig+kin events)
  [2510/2947] nano_2510.root
         -> 851 vertices (1,850 trig, 739 trig+kin events)
  [2511/2947] nano_2511.root
         -> 644 vertices (1,374 trig, 560 trig+kin events)
  [2512/2947] nano_2512.root
         -> 641 vertices (1,629 trig, 614 trig+kin events)
  [2513/2947] nano_2513.root
         -> 999 vertices (2,275 trig, 901 trig+kin events)
  [2514/2947] nano_2514.root
         -> 1,081 vertices (2,549 trig, 980 trig+kin events)
  [2515/2947] nano_2515.root
         -> 948 vertices (2,163 trig, 848 trig+kin events)
  [2516/2947] nano_2516.root
         -> 685 vertices (1,548 trig, 595 trig+kin events)
  [2517/2947] nano_2517.root
         -> 996 vertices (2,508 trig, 953 trig+kin events)
  [2518/2947] nano_2518.root
         -> 1,080 vertices (2,449 trig, 964 trig+kin events)
  [2519/2947] nano_2519.root
         -> 748 vertices (1,864 trig, 717 trig+kin events)
  [2520/2947] nano_2520.root
         -> 697 vertices (1,815 trig, 662 trig+kin events)
  [2521/2947] nano_2521.root
         -> 635 vertices (1,468 trig, 585 trig+kin events)
  [2522/2947] nano_2522.root
         -> 827 vertices (1,785 trig, 694 trig+kin events)
  [2523/2947] nano_2523.root
         -> 1,118 vertices (2,575 trig, 1,002 trig+kin events)
  [2524/2947] nano_2524.root
         -> 708 vertices (1,750 trig, 652 trig+kin events)
  [2525/2947] nano_2525.root
         -> 1,052 vertices (2,584 trig, 983 trig+kin events)
  [2526/2947] nano_2526.root
         -> 766 vertices (1,809 trig, 664 trig+kin events)
  [2527/2947] nano_2527.root
         -> 545 vertices (1,174 trig, 462 trig+kin events)
  [2528/2947] nano_2528.root
         -> 1,093 vertices (2,528 trig, 964 trig+kin events)
  [2529/2947] nano_2529.root
         -> 898 vertices (2,098 trig, 793 trig+kin events)
  [2530/2947] nano_2530.root
         -> 908 vertices (2,083 trig, 818 trig+kin events)
  [2531/2947] nano_2531.root
         -> 772 vertices (1,928 trig, 724 trig+kin events)
  [2532/2947] nano_2532.root
         -> 631 vertices (1,391 trig, 559 trig+kin events)
  [2533/2947] nano_2533.root
         -> 561 vertices (1,281 trig, 486 trig+kin events)
  [2534/2947] nano_2534.root
         -> 779 vertices (1,694 trig, 683 trig+kin events)
  [2535/2947] nano_2535.root
         -> 535 vertices (1,300 trig, 483 trig+kin events)
  [2536/2947] nano_2536.root
         -> 1,039 vertices (2,428 trig, 933 trig+kin events)
  [2537/2947] nano_2537.root
         -> 952 vertices (2,209 trig, 864 trig+kin events)
  [2538/2947] nano_2538.root
         -> 780 vertices (1,715 trig, 690 trig+kin events)
  [2539/2947] nano_2539.root
         -> 82 vertices (170 trig, 67 trig+kin events)
  [2540/2947] nano_2540.root
         -> 636 vertices (1,451 trig, 562 trig+kin events)
  [2541/2947] nano_2541.root
         -> 528 vertices (1,272 trig, 475 trig+kin events)
  [2542/2947] nano_2542.root
         -> 267 vertices (551 trig, 213 trig+kin events)
  [2543/2947] nano_2543.root
         -> 727 vertices (1,661 trig, 623 trig+kin events)
  [2544/2947] nano_2544.root
         -> 564 vertices (1,337 trig, 518 trig+kin events)
  [2545/2947] nano_2545.root
         -> 599 vertices (1,392 trig, 527 trig+kin events)
  [2546/2947] nano_2546.root
         -> 613 vertices (1,404 trig, 541 trig+kin events)
  [2547/2947] nano_2547.root
         -> 633 vertices (1,338 trig, 540 trig+kin events)
  [2548/2947] nano_2548.root
         -> 707 vertices (1,513 trig, 592 trig+kin events)
  [2549/2947] nano_2549.root
         -> 811 vertices (1,829 trig, 712 trig+kin events)
  [2550/2947] nano_2550.root
         -> 706 vertices (1,643 trig, 622 trig+kin events)
  [2551/2947] nano_2551.root
         -> 626 vertices (1,344 trig, 543 trig+kin events)
  [2552/2947] nano_2552.root
         -> 551 vertices (1,363 trig, 507 trig+kin events)
  [2553/2947] nano_2553.root
         -> 623 vertices (1,456 trig, 554 trig+kin events)
  [2554/2947] nano_2554.root
         -> 551 vertices (1,387 trig, 522 trig+kin events)
  [2555/2947] nano_2555.root
         -> 800 vertices (1,689 trig, 665 trig+kin events)
  [2556/2947] nano_2556.root
         -> 809 vertices (1,888 trig, 713 trig+kin events)
  [2557/2947] nano_2557.root
         -> 459 vertices (1,036 trig, 400 trig+kin events)
  [2558/2947] nano_2558.root
         -> 598 vertices (1,436 trig, 522 trig+kin events)
  [2559/2947] nano_2559.root
         -> 767 vertices (1,746 trig, 667 trig+kin events)
  [2560/2947] nano_2560.root
         -> 641 vertices (1,693 trig, 623 trig+kin events)
  [2561/2947] nano_2561.root
         -> 597 vertices (1,407 trig, 551 trig+kin events)
  [2562/2947] nano_2562.root
         -> 796 vertices (1,781 trig, 684 trig+kin events)
  [2563/2947] nano_2563.root
         -> 770 vertices (1,798 trig, 673 trig+kin events)
  [2564/2947] nano_2564.root
         -> 726 vertices (1,831 trig, 683 trig+kin events)
  [2565/2947] nano_2565.root
         -> 716 vertices (1,518 trig, 613 trig+kin events)
  [2566/2947] nano_2566.root
         -> 624 vertices (1,557 trig, 576 trig+kin events)
  [2567/2947] nano_2567.root
         -> 852 vertices (1,894 trig, 753 trig+kin events)
  [2568/2947] nano_2568.root
         -> 690 vertices (1,634 trig, 610 trig+kin events)
  [2569/2947] nano_2569.root
         -> 676 vertices (1,471 trig, 560 trig+kin events)
  [2570/2947] nano_2570.root
         -> 413 vertices (979 trig, 357 trig+kin events)
  [2571/2947] nano_2571.root
         -> 715 vertices (1,760 trig, 650 trig+kin events)
  [2572/2947] nano_2572.root
         -> 568 vertices (1,361 trig, 543 trig+kin events)
  [2573/2947] nano_2573.root
         -> 662 vertices (1,530 trig, 596 trig+kin events)
  [2574/2947] nano_2574.root
         -> 792 vertices (1,882 trig, 710 trig+kin events)
  [2575/2947] nano_2575.root
         -> 754 vertices (1,788 trig, 681 trig+kin events)
  [2576/2947] nano_2576.root
         -> 670 vertices (1,530 trig, 559 trig+kin events)
  [2577/2947] nano_2577.root
         -> 487 vertices (1,186 trig, 458 trig+kin events)
  [2578/2947] nano_2578.root
         -> 856 vertices (1,952 trig, 766 trig+kin events)
  [2579/2947] nano_2579.root
         -> 630 vertices (1,473 trig, 555 trig+kin events)
  [2580/2947] nano_2580.root
         -> 908 vertices (2,121 trig, 811 trig+kin events)
  [2581/2947] nano_2581.root
         -> 697 vertices (1,628 trig, 589 trig+kin events)
  [2582/2947] nano_2582.root
         -> 724 vertices (1,732 trig, 669 trig+kin events)
  [2583/2947] nano_2583.root
         -> 1,084 vertices (2,451 trig, 972 trig+kin events)
  [2584/2947] nano_2584.root
         -> 1,024 vertices (2,561 trig, 958 trig+kin events)
  [2585/2947] nano_2585.root
         -> 650 vertices (1,380 trig, 554 trig+kin events)
  [2586/2947] nano_2586.root
         -> 592 vertices (1,519 trig, 540 trig+kin events)
  [2587/2947] nano_2587.root
         -> 786 vertices (1,870 trig, 695 trig+kin events)
  [2588/2947] nano_2588.root
         -> 802 vertices (1,841 trig, 695 trig+kin events)
  [2589/2947] nano_2589.root
         -> 654 vertices (1,565 trig, 606 trig+kin events)
  [2590/2947] nano_2590.root
         -> 686 vertices (1,687 trig, 638 trig+kin events)
  [2591/2947] nano_2591.root
         -> 805 vertices (1,896 trig, 724 trig+kin events)
  [2592/2947] nano_2592.root
         -> 852 vertices (1,908 trig, 753 trig+kin events)
  [2593/2947] nano_2593.root
         -> 760 vertices (1,622 trig, 656 trig+kin events)
  [2594/2947] nano_2594.root
         -> 701 vertices (1,667 trig, 616 trig+kin events)
  [2595/2947] nano_2595.root
         -> 807 vertices (1,961 trig, 735 trig+kin events)
  [2596/2947] nano_2596.root
         -> 591 vertices (1,367 trig, 517 trig+kin events)
  [2597/2947] nano_2597.root
         -> 732 vertices (1,766 trig, 695 trig+kin events)
  [2598/2947] nano_2598.root
         -> 967 vertices (2,323 trig, 869 trig+kin events)
  [2599/2947] nano_2599.root
         -> 9 vertices (29 trig, 15 trig+kin events)
  [2600/2947] nano_2600.root
         -> 712 vertices (1,628 trig, 623 trig+kin events)
  [2601/2947] nano_2601.root
         -> 701 vertices (1,466 trig, 581 trig+kin events)
  [2602/2947] nano_2602.root
         -> 77 vertices (152 trig, 64 trig+kin events)
  [2603/2947] nano_2603.root
         -> 632 vertices (1,401 trig, 547 trig+kin events)
  [2604/2947] nano_2604.root
         -> 649 vertices (1,520 trig, 561 trig+kin events)
  [2605/2947] nano_2605.root
         -> 587 vertices (1,427 trig, 551 trig+kin events)
  [2606/2947] nano_2606.root
         -> 545 vertices (1,249 trig, 490 trig+kin events)
  [2607/2947] nano_2607.root
         -> 29 vertices (75 trig, 25 trig+kin events)
  [2608/2947] nano_2608.root
         -> 612 vertices (1,640 trig, 579 trig+kin events)
  [2609/2947] nano_2609.root
         -> 547 vertices (1,339 trig, 496 trig+kin events)
  [2610/2947] nano_2610.root
         -> 757 vertices (1,549 trig, 635 trig+kin events)
  [2611/2947] nano_2611.root
         -> 605 vertices (1,396 trig, 529 trig+kin events)
  [2612/2947] nano_2612.root
         -> 547 vertices (1,435 trig, 528 trig+kin events)
  [2613/2947] nano_2613.root
         -> 559 vertices (1,341 trig, 531 trig+kin events)
  [2614/2947] nano_2614.root
         -> 610 vertices (1,332 trig, 523 trig+kin events)
  [2615/2947] nano_2615.root
         -> 677 vertices (1,570 trig, 578 trig+kin events)
  [2616/2947] nano_2616.root
         -> 609 vertices (1,409 trig, 536 trig+kin events)
  [2617/2947] nano_2617.root
         -> 709 vertices (1,707 trig, 633 trig+kin events)
  [2618/2947] nano_2618.root
         -> 624 vertices (1,448 trig, 550 trig+kin events)
  [2619/2947] nano_2619.root
         -> 577 vertices (1,391 trig, 536 trig+kin events)
  [2620/2947] nano_2620.root
         -> 545 vertices (1,334 trig, 505 trig+kin events)
  [2621/2947] nano_2621.root
         -> 608 vertices (1,401 trig, 530 trig+kin events)
  [2622/2947] nano_2622.root
         -> 411 vertices (980 trig, 361 trig+kin events)
  [2623/2947] nano_2623.root
         -> 661 vertices (1,584 trig, 585 trig+kin events)
  [2624/2947] nano_2624.root
         -> 587 vertices (1,344 trig, 519 trig+kin events)
  [2625/2947] nano_2625.root
         -> 658 vertices (1,378 trig, 541 trig+kin events)
  [2626/2947] nano_2626.root
         -> 571 vertices (1,275 trig, 505 trig+kin events)
  [2627/2947] nano_2627.root
         -> 678 vertices (1,579 trig, 573 trig+kin events)
  [2628/2947] nano_2628.root
         -> 571 vertices (1,328 trig, 516 trig+kin events)
  [2629/2947] nano_2629.root
         -> 620 vertices (1,457 trig, 547 trig+kin events)
  [2630/2947] nano_2630.root
         -> 616 vertices (1,396 trig, 548 trig+kin events)
  [2631/2947] nano_2631.root
         -> 587 vertices (1,296 trig, 510 trig+kin events)
  [2632/2947] nano_2632.root
         -> 665 vertices (1,590 trig, 600 trig+kin events)
  [2633/2947] nano_2633.root
         -> 644 vertices (1,478 trig, 594 trig+kin events)
  [2634/2947] nano_2634.root
         -> 603 vertices (1,458 trig, 525 trig+kin events)
  [2635/2947] nano_2635.root
         -> 624 vertices (1,457 trig, 548 trig+kin events)
  [2636/2947] nano_2636.root
         -> 60 vertices (173 trig, 64 trig+kin events)
  [2637/2947] nano_2637.root
         -> 543 vertices (1,425 trig, 529 trig+kin events)
  [2638/2947] nano_2638.root
         -> 565 vertices (1,313 trig, 522 trig+kin events)
  [2639/2947] nano_2639.root
         -> 572 vertices (1,348 trig, 528 trig+kin events)
  [2640/2947] nano_2640.root
         -> 530 vertices (1,313 trig, 489 trig+kin events)
  [2641/2947] nano_2641.root
         -> 537 vertices (1,307 trig, 507 trig+kin events)
  [2642/2947] nano_2642.root
         -> 521 vertices (1,381 trig, 502 trig+kin events)
  [2643/2947] nano_2643.root
         -> 622 vertices (1,380 trig, 518 trig+kin events)
  [2644/2947] nano_2644.root
         -> 551 vertices (1,367 trig, 510 trig+kin events)
  [2645/2947] nano_2645.root
         -> 599 vertices (1,441 trig, 555 trig+kin events)
  [2646/2947] nano_2646.root
         -> 640 vertices (1,432 trig, 554 trig+kin events)
  [2647/2947] nano_2647.root
         -> 638 vertices (1,437 trig, 546 trig+kin events)
  [2648/2947] nano_2648.root
         -> 187 vertices (491 trig, 187 trig+kin events)
  [2649/2947] nano_2649.root
         -> 624 vertices (1,508 trig, 571 trig+kin events)
  [2650/2947] nano_2650.root
         -> 699 vertices (1,555 trig, 592 trig+kin events)
  [2651/2947] nano_2651.root
         -> 639 vertices (1,451 trig, 563 trig+kin events)
  [2652/2947] nano_2652.root
         -> 605 vertices (1,350 trig, 516 trig+kin events)
  [2653/2947] nano_2653.root
         -> 598 vertices (1,300 trig, 525 trig+kin events)
  [2654/2947] nano_2654.root
         -> 786 vertices (1,789 trig, 711 trig+kin events)
  [2655/2947] nano_2655.root
         -> 568 vertices (1,319 trig, 506 trig+kin events)
  [2656/2947] nano_2656.root
         -> 622 vertices (1,292 trig, 514 trig+kin events)
  [2657/2947] nano_2657.root
         -> 575 vertices (1,376 trig, 523 trig+kin events)
  [2658/2947] nano_2658.root
         -> 684 vertices (1,693 trig, 647 trig+kin events)
  [2659/2947] nano_2659.root
         -> 537 vertices (1,293 trig, 497 trig+kin events)
  [2660/2947] nano_2660.root
         -> 715 vertices (1,647 trig, 632 trig+kin events)
  [2661/2947] nano_2661.root
         -> 492 vertices (1,276 trig, 488 trig+kin events)
  [2662/2947] nano_2662.root
         -> 72 vertices (194 trig, 76 trig+kin events)
  [2663/2947] nano_2663.root
         -> 616 vertices (1,428 trig, 545 trig+kin events)
  [2664/2947] nano_2664.root
         -> 822 vertices (1,834 trig, 713 trig+kin events)
  [2665/2947] nano_2665.root
         -> 661 vertices (1,379 trig, 567 trig+kin events)
  [2666/2947] nano_2666.root
         -> 534 vertices (1,310 trig, 456 trig+kin events)
  [2667/2947] nano_2667.root
         -> 594 vertices (1,347 trig, 517 trig+kin events)
  [2668/2947] nano_2668.root
         -> 702 vertices (1,456 trig, 606 trig+kin events)
  [2669/2947] nano_2669.root
         -> 795 vertices (1,747 trig, 680 trig+kin events)
  [2670/2947] nano_2670.root
         -> 904 vertices (2,030 trig, 810 trig+kin events)
  [2671/2947] nano_2671.root
         -> 776 vertices (1,893 trig, 732 trig+kin events)
  [2672/2947] nano_2672.root
         -> 1,130 vertices (2,509 trig, 963 trig+kin events)
  [2673/2947] nano_2673.root
         -> 908 vertices (2,004 trig, 804 trig+kin events)
  [2674/2947] nano_2674.root
         -> 700 vertices (1,618 trig, 623 trig+kin events)
  [2675/2947] nano_2675.root
         -> 744 vertices (1,831 trig, 672 trig+kin events)
  [2676/2947] nano_2676.root
         -> 890 vertices (2,019 trig, 785 trig+kin events)
  [2677/2947] nano_2677.root
         -> 525 vertices (1,265 trig, 443 trig+kin events)
  [2678/2947] nano_2678.root
         -> 606 vertices (1,504 trig, 590 trig+kin events)
  [2679/2947] nano_2679.root
         -> 700 vertices (1,661 trig, 652 trig+kin events)
  [2680/2947] nano_2680.root
         -> 965 vertices (2,297 trig, 851 trig+kin events)
  [2681/2947] nano_2681.root
         -> 60 vertices (182 trig, 63 trig+kin events)
  [2682/2947] nano_2682.root
         -> 786 vertices (1,703 trig, 699 trig+kin events)
  [2683/2947] nano_2683.root
         -> 602 vertices (1,406 trig, 548 trig+kin events)
  [2684/2947] nano_2684.root
         -> 600 vertices (1,338 trig, 519 trig+kin events)
  [2685/2947] nano_2685.root
         -> 667 vertices (1,624 trig, 591 trig+kin events)
  [2686/2947] nano_2686.root
         -> 664 vertices (1,543 trig, 594 trig+kin events)
  [2687/2947] nano_2687.root
         -> 863 vertices (2,020 trig, 811 trig+kin events)
  [2688/2947] nano_2688.root
         -> 710 vertices (1,599 trig, 620 trig+kin events)
  [2689/2947] nano_2689.root
         -> 639 vertices (1,541 trig, 577 trig+kin events)
  [2690/2947] nano_2690.root
         -> 794 vertices (1,784 trig, 690 trig+kin events)
  [2691/2947] nano_2691.root
         -> 612 vertices (1,374 trig, 536 trig+kin events)
  [2692/2947] nano_2692.root
         -> 676 vertices (1,589 trig, 610 trig+kin events)
  [2693/2947] nano_2693.root
         -> 589 vertices (1,470 trig, 544 trig+kin events)
  [2694/2947] nano_2694.root
         -> 661 vertices (1,690 trig, 628 trig+kin events)
  [2695/2947] nano_2695.root
         -> 745 vertices (1,805 trig, 688 trig+kin events)
  [2696/2947] nano_2696.root
         -> 592 vertices (1,331 trig, 513 trig+kin events)
  [2697/2947] nano_2697.root
         -> 460 vertices (986 trig, 385 trig+kin events)
  [2698/2947] nano_2698.root
         -> 277 vertices (623 trig, 249 trig+kin events)
  [2699/2947] nano_2699.root
         -> 17 vertices (34 trig, 16 trig+kin events)
  [2700/2947] nano_2700.root
         -> 306 vertices (704 trig, 271 trig+kin events)
  [2701/2947] nano_2701.root
         -> 294 vertices (737 trig, 288 trig+kin events)
  [2702/2947] nano_2702.root
         -> 1,023 vertices (2,496 trig, 922 trig+kin events)
  [2703/2947] nano_2703.root
         -> 1,042 vertices (2,493 trig, 934 trig+kin events)
  [2704/2947] nano_2704.root
         -> 562 vertices (1,397 trig, 514 trig+kin events)
  [2705/2947] nano_2705.root
         -> 1,045 vertices (2,593 trig, 938 trig+kin events)
  [2706/2947] nano_2706.root
         -> 753 vertices (1,741 trig, 694 trig+kin events)
  [2707/2947] nano_2707.root
         -> 1,101 vertices (2,538 trig, 934 trig+kin events)
  [2708/2947] nano_2708.root
         -> 660 vertices (1,570 trig, 598 trig+kin events)
  [2709/2947] nano_2709.root
         -> 611 vertices (1,440 trig, 572 trig+kin events)
  [2710/2947] nano_2710.root
         -> 1,068 vertices (2,635 trig, 1,012 trig+kin events)
  [2711/2947] nano_2711.root
         -> 955 vertices (2,529 trig, 921 trig+kin events)
  [2712/2947] nano_2712.root
         -> 940 vertices (2,265 trig, 836 trig+kin events)
  [2713/2947] nano_2713.root
         -> 1,069 vertices (2,493 trig, 969 trig+kin events)
  [2714/2947] nano_2714.root
         -> 1,074 vertices (2,513 trig, 953 trig+kin events)
  [2715/2947] nano_2715.root
         -> 1,118 vertices (2,536 trig, 987 trig+kin events)
  [2716/2947] nano_2716.root
         -> 1,015 vertices (2,546 trig, 901 trig+kin events)
  [2717/2947] nano_2717.root
         -> 795 vertices (1,935 trig, 751 trig+kin events)
  [2718/2947] nano_2718.root
         -> 1,103 vertices (2,526 trig, 975 trig+kin events)
  [2719/2947] nano_2719.root
         -> 1,083 vertices (2,407 trig, 935 trig+kin events)
  [2720/2947] nano_2720.root
         -> 671 vertices (1,455 trig, 577 trig+kin events)
  [2721/2947] nano_2721.root
         -> 903 vertices (2,124 trig, 858 trig+kin events)
  [2722/2947] nano_2722.root
         -> 1,126 vertices (2,549 trig, 975 trig+kin events)
  [2723/2947] nano_2723.root
         -> 1,127 vertices (2,579 trig, 993 trig+kin events)
  [2724/2947] nano_2724.root
         -> 1,049 vertices (2,516 trig, 945 trig+kin events)
  [2725/2947] nano_2725.root
         -> 1,148 vertices (2,574 trig, 1,007 trig+kin events)
  [2726/2947] nano_2726.root
         -> 608 vertices (1,401 trig, 518 trig+kin events)
  [2727/2947] nano_2727.root
         -> 723 vertices (1,650 trig, 608 trig+kin events)
  [2728/2947] nano_2728.root
         -> 1,091 vertices (2,570 trig, 970 trig+kin events)
  [2729/2947] nano_2729.root
         -> 1,087 vertices (2,496 trig, 1,002 trig+kin events)
  [2730/2947] nano_2730.root
         -> 714 vertices (1,628 trig, 617 trig+kin events)
  [2731/2947] nano_2731.root
         -> 1,081 vertices (2,502 trig, 936 trig+kin events)
  [2732/2947] nano_2732.root
         -> 1,034 vertices (2,487 trig, 951 trig+kin events)
  [2733/2947] nano_2733.root
         -> 1,024 vertices (2,549 trig, 944 trig+kin events)
  [2734/2947] nano_2734.root
         -> 1,094 vertices (2,563 trig, 958 trig+kin events)
  [2735/2947] nano_2735.root
         -> 1,110 vertices (2,517 trig, 971 trig+kin events)
  [2736/2947] nano_2736.root
         -> 615 vertices (1,614 trig, 601 trig+kin events)
  [2737/2947] nano_2737.root
         -> 646 vertices (1,586 trig, 602 trig+kin events)
  [2738/2947] nano_2738.root
         -> 1,172 vertices (2,642 trig, 1,050 trig+kin events)
  [2739/2947] nano_2739.root
         -> 1,137 vertices (2,521 trig, 987 trig+kin events)
  [2740/2947] nano_2740.root
         -> 1,130 vertices (2,615 trig, 1,002 trig+kin events)
  [2741/2947] nano_2741.root
         -> 769 vertices (1,786 trig, 675 trig+kin events)
  [2742/2947] nano_2742.root
         -> 1,098 vertices (2,486 trig, 947 trig+kin events)
  [2743/2947] nano_2743.root
         -> 1,004 vertices (2,524 trig, 957 trig+kin events)
  [2744/2947] nano_2744.root
         -> 1,119 vertices (2,490 trig, 955 trig+kin events)
  [2745/2947] nano_2745.root
         -> 1,034 vertices (2,439 trig, 940 trig+kin events)
  [2746/2947] nano_2746.root
         -> 713 vertices (1,789 trig, 680 trig+kin events)
  [2747/2947] nano_2747.root
         -> 1,131 vertices (2,586 trig, 984 trig+kin events)
  [2748/2947] nano_2748.root
         -> 1,156 vertices (2,555 trig, 992 trig+kin events)
  [2749/2947] nano_2749.root
         -> 1,047 vertices (2,530 trig, 982 trig+kin events)
  [2750/2947] nano_2750.root
         -> 599 vertices (1,504 trig, 560 trig+kin events)
  [2751/2947] nano_2751.root
         -> 1,095 vertices (2,560 trig, 972 trig+kin events)
  [2752/2947] nano_2752.root
         -> 1,117 vertices (2,620 trig, 1,020 trig+kin events)
  [2753/2947] nano_2753.root
         -> 1,100 vertices (2,467 trig, 965 trig+kin events)
  [2754/2947] nano_2754.root
         -> 1,158 vertices (2,593 trig, 1,043 trig+kin events)
  [2755/2947] nano_2755.root
         -> 1,119 vertices (2,518 trig, 962 trig+kin events)
  [2756/2947] nano_2756.root
         -> 1,006 vertices (2,496 trig, 910 trig+kin events)
  [2757/2947] nano_2757.root
         -> 757 vertices (1,780 trig, 700 trig+kin events)
  [2758/2947] nano_2758.root
         -> 1,018 vertices (2,520 trig, 944 trig+kin events)
  [2759/2947] nano_2759.root
         -> 290 vertices (632 trig, 246 trig+kin events)
  [2760/2947] nano_2760.root
         -> 1,155 vertices (2,594 trig, 989 trig+kin events)
  [2761/2947] nano_2761.root
         -> 1,129 vertices (2,583 trig, 969 trig+kin events)
  [2762/2947] nano_2762.root
         -> 707 vertices (1,656 trig, 650 trig+kin events)
  [2763/2947] nano_2763.root
         -> 1,091 vertices (2,498 trig, 970 trig+kin events)
  [2764/2947] nano_2764.root
         -> 1,139 vertices (2,584 trig, 998 trig+kin events)
  [2765/2947] nano_2765.root
         -> 1,029 vertices (2,502 trig, 939 trig+kin events)
  [2766/2947] nano_2766.root
         -> 1,109 vertices (2,588 trig, 983 trig+kin events)
  [2767/2947] nano_2767.root
         -> 1,111 vertices (2,546 trig, 1,025 trig+kin events)
  [2768/2947] nano_2768.root
         -> 1,100 vertices (2,558 trig, 952 trig+kin events)
  [2769/2947] nano_2769.root
         -> 632 vertices (1,337 trig, 530 trig+kin events)
  [2770/2947] nano_2770.root
         -> 1,139 vertices (2,557 trig, 953 trig+kin events)
  [2771/2947] nano_2771.root
         -> 846 vertices (2,085 trig, 767 trig+kin events)
  [2772/2947] nano_2772.root
         -> 1,112 vertices (2,476 trig, 958 trig+kin events)
  [2773/2947] nano_2773.root
         -> 727 vertices (1,638 trig, 665 trig+kin events)
  [2774/2947] nano_2774.root
         -> 1,067 vertices (2,501 trig, 945 trig+kin events)
  [2775/2947] nano_2775.root
         -> 1,021 vertices (2,435 trig, 930 trig+kin events)
  [2776/2947] nano_2776.root
         -> 995 vertices (2,532 trig, 950 trig+kin events)
  [2777/2947] nano_2777.root
         -> 1,074 vertices (2,559 trig, 962 trig+kin events)
  [2778/2947] nano_2778.root
         -> 859 vertices (1,884 trig, 733 trig+kin events)
  [2779/2947] nano_2779.root
         -> 1,078 vertices (2,516 trig, 956 trig+kin events)
  [2780/2947] nano_2780.root
         -> 1,083 vertices (2,508 trig, 947 trig+kin events)
  [2781/2947] nano_2781.root
         -> 1,023 vertices (2,490 trig, 910 trig+kin events)
  [2782/2947] nano_2782.root
         -> 1,145 vertices (2,540 trig, 990 trig+kin events)
  [2783/2947] nano_2783.root
         -> 637 vertices (1,472 trig, 577 trig+kin events)
  [2784/2947] nano_2784.root
         -> 622 vertices (1,421 trig, 560 trig+kin events)
  [2785/2947] nano_2785.root
         -> 1,045 vertices (2,452 trig, 937 trig+kin events)
  [2786/2947] nano_2786.root
         -> 1,089 vertices (2,571 trig, 979 trig+kin events)
  [2787/2947] nano_2787.root
         -> 1,041 vertices (2,514 trig, 933 trig+kin events)
  [2788/2947] nano_2788.root
         -> 1,108 vertices (2,567 trig, 987 trig+kin events)
  [2789/2947] nano_2789.root
         -> 860 vertices (2,001 trig, 786 trig+kin events)
  [2790/2947] nano_2790.root
         -> 1,113 vertices (2,482 trig, 957 trig+kin events)
  [2791/2947] nano_2791.root
         -> 565 vertices (1,294 trig, 504 trig+kin events)
  [2792/2947] nano_2792.root
         -> 796 vertices (1,909 trig, 689 trig+kin events)
  [2793/2947] nano_2793.root
         -> 1,066 vertices (2,560 trig, 966 trig+kin events)
  [2794/2947] nano_2794.root
         -> 629 vertices (1,412 trig, 548 trig+kin events)
  [2795/2947] nano_2795.root
         -> 1,089 vertices (2,504 trig, 974 trig+kin events)
  [2796/2947] nano_2796.root
         -> 291 vertices (669 trig, 250 trig+kin events)
  [2797/2947] nano_2797.root
         -> 1,039 vertices (2,433 trig, 903 trig+kin events)
  [2798/2947] nano_2798.root
         -> 1,103 vertices (2,559 trig, 1,017 trig+kin events)
  [2799/2947] nano_2799.root
         -> 1,026 vertices (2,529 trig, 948 trig+kin events)
  [2800/2947] nano_2800.root
         -> 1,090 vertices (2,487 trig, 942 trig+kin events)
  [2801/2947] nano_2801.root
         -> 1,162 vertices (2,561 trig, 1,014 trig+kin events)
  [2802/2947] nano_2802.root
         -> 677 vertices (1,496 trig, 589 trig+kin events)
  [2803/2947] nano_2803.root
         -> 768 vertices (1,789 trig, 690 trig+kin events)
  [2804/2947] nano_2804.root
         -> 1,076 vertices (2,552 trig, 970 trig+kin events)
  [2805/2947] nano_2805.root
         -> 876 vertices (1,891 trig, 744 trig+kin events)
  [2806/2947] nano_2806.root
         -> 737 vertices (1,663 trig, 632 trig+kin events)
  [2807/2947] nano_2807.root
         -> 976 vertices (2,219 trig, 842 trig+kin events)
  [2808/2947] nano_2808.root
         -> 818 vertices (1,937 trig, 729 trig+kin events)
  [2809/2947] nano_2809.root
         -> 1,056 vertices (2,418 trig, 937 trig+kin events)
  [2810/2947] nano_2810.root
         -> 1,070 vertices (2,549 trig, 981 trig+kin events)
  [2811/2947] nano_2811.root
         -> 589 vertices (1,409 trig, 535 trig+kin events)
  [2812/2947] nano_2812.root
         -> 860 vertices (2,161 trig, 782 trig+kin events)
  [2813/2947] nano_2813.root
         -> 1,061 vertices (2,491 trig, 962 trig+kin events)
  [2814/2947] nano_2814.root
         -> 848 vertices (2,014 trig, 733 trig+kin events)
  [2815/2947] nano_2815.root
         -> 1,052 vertices (2,629 trig, 992 trig+kin events)
  [2816/2947] nano_2816.root
         -> 1,008 vertices (2,523 trig, 907 trig+kin events)
  [2817/2947] nano_2817.root
         -> 624 vertices (1,423 trig, 557 trig+kin events)
  [2818/2947] nano_2818.root
         -> 686 vertices (1,603 trig, 613 trig+kin events)
  [2819/2947] nano_2819.root
         -> 705 vertices (1,613 trig, 610 trig+kin events)
  [2820/2947] nano_2820.root
         -> 984 vertices (2,312 trig, 880 trig+kin events)
  [2821/2947] nano_2821.root
         -> 756 vertices (1,779 trig, 699 trig+kin events)
  [2822/2947] nano_2822.root
         -> 1,033 vertices (2,297 trig, 923 trig+kin events)
  [2823/2947] nano_2823.root
         -> 1,020 vertices (2,523 trig, 953 trig+kin events)
  [2824/2947] nano_2824.root
         -> 1,102 vertices (2,544 trig, 953 trig+kin events)
  [2825/2947] nano_2825.root
         -> 1,224 vertices (2,572 trig, 1,045 trig+kin events)
  [2826/2947] nano_2826.root
         -> 1,088 vertices (2,606 trig, 987 trig+kin events)
  [2827/2947] nano_2827.root
         -> 822 vertices (1,819 trig, 703 trig+kin events)
  [2828/2947] nano_2828.root
         -> 1,091 vertices (2,527 trig, 1,000 trig+kin events)
  [2829/2947] nano_2829.root
         -> 701 vertices (1,645 trig, 605 trig+kin events)
  [2830/2947] nano_2830.root
         -> 774 vertices (1,798 trig, 697 trig+kin events)
  [2831/2947] nano_2831.root
         -> 622 vertices (1,490 trig, 573 trig+kin events)
  [2832/2947] nano_2832.root
         -> 1,062 vertices (2,547 trig, 941 trig+kin events)
  [2833/2947] nano_2833.root
         -> 823 vertices (1,891 trig, 741 trig+kin events)
  [2834/2947] nano_2834.root
         -> 1,124 vertices (2,544 trig, 984 trig+kin events)
  [2835/2947] nano_2835.root
         -> 1,128 vertices (2,556 trig, 981 trig+kin events)
  [2836/2947] nano_2836.root
         -> 638 vertices (1,559 trig, 588 trig+kin events)
  [2837/2947] nano_2837.root
         -> 634 vertices (1,558 trig, 602 trig+kin events)
  [2838/2947] nano_2838.root
         -> 685 vertices (1,701 trig, 637 trig+kin events)
  [2839/2947] nano_2839.root
         -> 1,174 vertices (2,609 trig, 1,019 trig+kin events)
  [2840/2947] nano_2840.root
         -> 1,005 vertices (2,424 trig, 935 trig+kin events)
  [2841/2947] nano_2841.root
         -> 1,100 vertices (2,526 trig, 920 trig+kin events)
  [2842/2947] nano_2842.root
         -> 860 vertices (2,071 trig, 784 trig+kin events)
  [2843/2947] nano_2843.root
         -> 30 vertices (96 trig, 28 trig+kin events)
  [2844/2947] nano_2844.root
         -> 713 vertices (1,569 trig, 621 trig+kin events)
  [2845/2947] nano_2845.root
         -> 655 vertices (1,613 trig, 635 trig+kin events)
  [2846/2947] nano_2846.root
         -> 811 vertices (1,755 trig, 696 trig+kin events)
  [2847/2947] nano_2847.root
         -> 834 vertices (1,989 trig, 746 trig+kin events)
  [2848/2947] nano_2848.root
         -> 556 vertices (1,389 trig, 513 trig+kin events)
  [2849/2947] nano_2849.root
         -> 921 vertices (2,079 trig, 831 trig+kin events)
  [2850/2947] nano_2850.root
         -> 926 vertices (2,192 trig, 868 trig+kin events)
  [2851/2947] nano_2851.root
         -> 1,110 vertices (2,611 trig, 1,014 trig+kin events)
  [2852/2947] nano_2852.root
         -> 568 vertices (1,313 trig, 527 trig+kin events)
  [2853/2947] nano_2853.root
         -> 584 vertices (1,445 trig, 544 trig+kin events)
  [2854/2947] nano_2854.root
         -> 621 vertices (1,440 trig, 563 trig+kin events)
  [2855/2947] nano_2855.root
         -> 806 vertices (1,848 trig, 684 trig+kin events)
  [2856/2947] nano_2856.root
         -> 843 vertices (1,956 trig, 758 trig+kin events)
  [2857/2947] nano_2857.root
         -> 523 vertices (1,321 trig, 480 trig+kin events)
  [2858/2947] nano_2858.root
         -> 995 vertices (2,174 trig, 856 trig+kin events)
  [2859/2947] nano_2859.root
         -> 719 vertices (1,716 trig, 638 trig+kin events)
  [2860/2947] nano_2860.root
         -> 671 vertices (1,663 trig, 596 trig+kin events)
  [2861/2947] nano_2861.root
         -> 796 vertices (1,913 trig, 707 trig+kin events)
  [2862/2947] nano_2862.root
         -> 725 vertices (1,812 trig, 644 trig+kin events)
  [2863/2947] nano_2863.root
         -> 694 vertices (1,703 trig, 621 trig+kin events)
  [2864/2947] nano_2864.root
         -> 595 vertices (1,425 trig, 549 trig+kin events)
  [2865/2947] nano_2865.root
         -> 573 vertices (1,355 trig, 491 trig+kin events)
  [2866/2947] nano_2866.root
         -> 861 vertices (1,840 trig, 728 trig+kin events)
  [2867/2947] nano_2867.root
         -> 728 vertices (1,610 trig, 626 trig+kin events)
  [2868/2947] nano_2868.root
         -> 1,212 vertices (2,590 trig, 1,024 trig+kin events)
  [2869/2947] nano_2869.root
         -> 761 vertices (1,931 trig, 702 trig+kin events)
  [2870/2947] nano_2870.root
         -> 1,048 vertices (2,513 trig, 961 trig+kin events)
  [2871/2947] nano_2871.root
         -> 967 vertices (2,205 trig, 853 trig+kin events)
  [2872/2947] nano_2872.root
         -> 586 vertices (1,360 trig, 523 trig+kin events)
  [2873/2947] nano_2873.root
         -> 1,111 vertices (2,511 trig, 966 trig+kin events)
  [2874/2947] nano_2874.root
         -> 589 vertices (1,348 trig, 524 trig+kin events)
  [2875/2947] nano_2875.root
         -> 1,119 vertices (2,545 trig, 969 trig+kin events)
  [2876/2947] nano_2876.root
         -> 704 vertices (1,566 trig, 626 trig+kin events)
  [2877/2947] nano_2877.root
         -> 588 vertices (1,335 trig, 506 trig+kin events)
  [2878/2947] nano_2878.root
         -> 1,106 vertices (2,581 trig, 944 trig+kin events)
  [2879/2947] nano_2879.root
         -> 686 vertices (1,465 trig, 564 trig+kin events)
  [2880/2947] nano_2880.root
         -> 884 vertices (2,003 trig, 778 trig+kin events)
  [2881/2947] nano_2881.root
         -> 757 vertices (1,691 trig, 689 trig+kin events)
  [2882/2947] nano_2882.root
         -> 812 vertices (1,916 trig, 704 trig+kin events)
  [2883/2947] nano_2883.root
         -> 1,102 vertices (2,442 trig, 975 trig+kin events)
  [2884/2947] nano_2884.root
         -> 541 vertices (1,307 trig, 481 trig+kin events)
  [2885/2947] nano_2885.root
         -> 608 vertices (1,489 trig, 550 trig+kin events)
  [2886/2947] nano_2886.root
         -> 802 vertices (1,871 trig, 707 trig+kin events)
  [2887/2947] nano_2887.root
         -> 1,080 vertices (2,523 trig, 945 trig+kin events)
  [2888/2947] nano_2888.root
         -> 607 vertices (1,394 trig, 522 trig+kin events)
  [2889/2947] nano_2889.root
         -> 1,067 vertices (2,452 trig, 941 trig+kin events)
  [2890/2947] nano_2890.root
         -> 842 vertices (1,890 trig, 725 trig+kin events)
  [2891/2947] nano_2891.root
         -> 1,009 vertices (2,527 trig, 964 trig+kin events)
  [2892/2947] nano_2892.root
         -> 139 vertices (342 trig, 134 trig+kin events)
  [2893/2947] nano_2893.root
         -> 1,131 vertices (2,542 trig, 1,024 trig+kin events)
  [2894/2947] nano_2894.root
         -> 799 vertices (1,906 trig, 746 trig+kin events)
  [2895/2947] nano_2895.root
         -> 1,075 vertices (2,503 trig, 945 trig+kin events)
  [2896/2947] nano_2896.root
         -> 1,099 vertices (2,571 trig, 1,000 trig+kin events)
  [2897/2947] nano_2897.root
         -> 1,082 vertices (2,534 trig, 951 trig+kin events)
  [2898/2947] nano_2898.root
         -> 755 vertices (1,731 trig, 661 trig+kin events)
  [2899/2947] nano_2899.root
         -> 1,136 vertices (2,589 trig, 1,016 trig+kin events)
  [2900/2947] nano_2900.root
         -> 1,122 vertices (2,533 trig, 967 trig+kin events)
  [2901/2947] nano_2901.root
         -> 824 vertices (1,820 trig, 696 trig+kin events)
  [2902/2947] nano_2902.root
         -> 1,083 vertices (2,613 trig, 982 trig+kin events)
  [2903/2947] nano_2903.root
         -> 1,102 vertices (2,613 trig, 991 trig+kin events)
  [2904/2947] nano_2904.root
         -> 1,082 vertices (2,567 trig, 980 trig+kin events)
  [2905/2947] nano_2905.root
         -> 880 vertices (1,967 trig, 767 trig+kin events)
  [2906/2947] nano_2906.root
         -> 1,162 vertices (2,658 trig, 1,008 trig+kin events)
  [2907/2947] nano_2907.root
         -> 1,071 vertices (2,572 trig, 952 trig+kin events)
  [2908/2947] nano_2908.root
         -> 1,153 vertices (2,548 trig, 987 trig+kin events)
  [2909/2947] nano_2909.root
         -> 1,061 vertices (2,552 trig, 943 trig+kin events)
  [2910/2947] nano_2910.root
         -> 531 vertices (1,270 trig, 452 trig+kin events)
  [2911/2947] nano_2911.root
         -> 623 vertices (1,366 trig, 537 trig+kin events)
  [2912/2947] nano_2912.root
         -> 930 vertices (2,144 trig, 843 trig+kin events)
  [2913/2947] nano_2913.root
         -> 1,115 vertices (2,547 trig, 976 trig+kin events)
  [2914/2947] nano_2914.root
         -> 1,142 vertices (2,574 trig, 1,003 trig+kin events)
  [2915/2947] nano_2915.root
         -> 892 vertices (1,988 trig, 781 trig+kin events)
  [2916/2947] nano_2916.root
         -> 785 vertices (1,846 trig, 709 trig+kin events)
  [2917/2947] nano_2917.root
         -> 875 vertices (2,137 trig, 804 trig+kin events)
  [2918/2947] nano_2918.root
         -> 658 vertices (1,381 trig, 556 trig+kin events)
  [2919/2947] nano_2919.root
         -> 1,146 vertices (2,554 trig, 996 trig+kin events)
  [2920/2947] nano_2920.root
         -> 1,045 vertices (2,571 trig, 966 trig+kin events)
  [2921/2947] nano_2921.root
         -> 714 vertices (1,668 trig, 622 trig+kin events)
  [2922/2947] nano_2922.root
         -> 902 vertices (2,034 trig, 786 trig+kin events)
  [2923/2947] nano_2923.root
         -> 1,120 vertices (2,540 trig, 989 trig+kin events)
  [2924/2947] nano_2924.root
         -> 885 vertices (2,207 trig, 824 trig+kin events)
  [2925/2947] nano_2925.root
         -> 1,082 vertices (2,307 trig, 889 trig+kin events)
  [2926/2947] nano_2926.root
         -> 1,062 vertices (2,557 trig, 958 trig+kin events)
  [2927/2947] nano_2927.root
         -> 1,139 vertices (2,687 trig, 1,008 trig+kin events)
  [2928/2947] nano_2928.root
         -> 858 vertices (2,153 trig, 807 trig+kin events)
  [2929/2947] nano_2929.root
         -> 1,063 vertices (2,531 trig, 977 trig+kin events)
  [2930/2947] nano_2930.root
         -> 552 vertices (1,226 trig, 478 trig+kin events)
  [2931/2947] nano_2931.root
         -> 729 vertices (1,766 trig, 698 trig+kin events)
  [2932/2947] nano_2932.root
         -> 1,105 vertices (2,412 trig, 950 trig+kin events)
  [2933/2947] nano_2933.root
         -> 1,211 vertices (2,624 trig, 1,046 trig+kin events)
  [2934/2947] nano_2934.root
         -> 761 vertices (1,655 trig, 640 trig+kin events)
  [2935/2947] nano_2935.root
         -> 1,051 vertices (2,262 trig, 901 trig+kin events)
  [2936/2947] nano_2936.root
         -> 1,083 vertices (2,332 trig, 934 trig+kin events)
  [2937/2947] nano_2937.root
         -> 354 vertices (699 trig, 277 trig+kin events)
  [2938/2947] nano_2938.root
         -> 1,034 vertices (2,447 trig, 917 trig+kin events)
  [2939/2947] nano_2939.root
         -> 570 vertices (1,401 trig, 514 trig+kin events)
  [2940/2947] nano_2940.root
         -> 982 vertices (2,357 trig, 886 trig+kin events)
  [2941/2947] nano_2941.root
         -> 665 vertices (1,511 trig, 600 trig+kin events)
  [2942/2947] nano_2942.root
         -> 1,130 vertices (2,534 trig, 957 trig+kin events)
  [2943/2947] nano_2943.root
         -> 31 vertices (74 trig, 28 trig+kin events)
  [2944/2947] nano_2944.root
         -> 348 vertices (807 trig, 307 trig+kin events)
  [2945/2947] nano_2945.root
         -> 238 vertices (482 trig, 191 trig+kin events)
  [2946/2947] nano_2946.root
         -> 407 vertices (925 trig, 361 trig+kin events)
  [2947/2947] nano_2947.root
         -> 436 vertices (940 trig, 372 trig+kin events)

Saved QCD shard: /vols/cms/jtafoyav/parking/nanoaod_base_analysis_13/dqcd/_tools/shards_local/.tmp_1294072_qcd_QCD_Bin-PT-80to120_Fil-MuEnriched_TuneCP5_13p6TeV_pythia8.npz  (QCD_Bin-PT-80to120_Fil-MuEnriched_TuneCP5_13p6TeV_pythia8, 2,365,234 vertices)
