
=== QCD ===

[QCD] listing /pnfs/hep.ph.ic.ac.uk/data/cms/store/user/tafoyava/samples/bParking/2024
  1 PT-bin directories; taking ALL file(s) each
  -> 250923_140417/
    -> 0000/
         999 .root files collected under 0000
    -> 0001/
         1000 .root files collected under 0001
    -> 0002/
         783 .root files collected under 0002
       2782 .root files collected under 250923_140417
     2782 .root files collected under QCD_Bin-PT-30to50_Fil-MuEnriched_TuneCP5_13p6TeV_pythia8
  => 2782 QCD files over 1 bins

[QCD bin] QCD_Bin-PT-30to50_Fil-MuEnriched_TuneCP5_13p6TeV_pythia8  (xs = 1.461e+06 pb, 2782 of 2782 files)
/vols/cms/jtafoyav/parking/nanoaod_base_analysis_13/dqcd/nanoaod_base_analysis/data/software/lib/python3.9/site-packages/_distutils_hack/__init__.py:11: UserWarning: Distutils was imported before Setuptools, but importing Setuptools also replaces the `distutils` module in `sys.modules`. This may lead to undesirable behaviors or errors. To avoid these issues, avoid using distutils directly, ensure that setuptools is installed in the traditional way (e.g. not an editable install), and/or make sure that setuptools is always imported before distutils.
  warnings.warn(
/vols/cms/jtafoyav/parking/nanoaod_base_analysis_13/dqcd/nanoaod_base_analysis/data/software/lib/python3.9/site-packages/_distutils_hack/__init__.py:26: UserWarning: Setuptools is replacing distutils.
  warnings.warn("Setuptools is replacing distutils.")
  [1/2782] nano_1.root
         -> 163 vertices (464 trig, 154 trig+kin events)
  [2/2782] nano_10.root
         -> 211 vertices (607 trig, 200 trig+kin events)
  [3/2782] nano_100.root
         -> 313 vertices (860 trig, 295 trig+kin events)
  [4/2782] nano_101.root
         -> 301 vertices (782 trig, 265 trig+kin events)
  [5/2782] nano_102.root
         -> 352 vertices (973 trig, 321 trig+kin events)
  [6/2782] nano_103.root
         -> 612 vertices (1,555 trig, 542 trig+kin events)
  [7/2782] nano_104.root
         -> 298 vertices (784 trig, 263 trig+kin events)
  [8/2782] nano_105.root
         -> 268 vertices (752 trig, 233 trig+kin events)
  [9/2782] nano_106.root
         -> 385 vertices (983 trig, 330 trig+kin events)
  [10/2782] nano_107.root
         -> 529 vertices (1,441 trig, 470 trig+kin events)
  [11/2782] nano_108.root
         -> 283 vertices (756 trig, 261 trig+kin events)
  [12/2782] nano_109.root
         -> 459 vertices (1,314 trig, 443 trig+kin events)
  [13/2782] nano_11.root
         -> 320 vertices (788 trig, 276 trig+kin events)
  [14/2782] nano_110.root
         -> 291 vertices (771 trig, 261 trig+kin events)
  [15/2782] nano_111.root
         -> 588 vertices (1,447 trig, 538 trig+kin events)
  [16/2782] nano_112.root
         -> 331 vertices (859 trig, 277 trig+kin events)
  [17/2782] nano_113.root
         -> 288 vertices (782 trig, 246 trig+kin events)
  [18/2782] nano_114.root
         -> 274 vertices (802 trig, 252 trig+kin events)
  [19/2782] nano_115.root
         -> 539 vertices (1,427 trig, 486 trig+kin events)
  [20/2782] nano_116.root
         -> 267 vertices (782 trig, 256 trig+kin events)
  [21/2782] nano_117.root
         -> 395 vertices (1,013 trig, 363 trig+kin events)
  [22/2782] nano_118.root
         -> 405 vertices (1,066 trig, 359 trig+kin events)
  [23/2782] nano_119.root
         -> 354 vertices (962 trig, 317 trig+kin events)
  [24/2782] nano_12.root
         -> 12 vertices (40 trig, 12 trig+kin events)
  [25/2782] nano_120.root
         -> 587 vertices (1,483 trig, 489 trig+kin events)
  [26/2782] nano_121.root
         -> 312 vertices (758 trig, 268 trig+kin events)
  [27/2782] nano_122.root
         -> 24 vertices (49 trig, 23 trig+kin events)
  [28/2782] nano_123.root
         -> 295 vertices (785 trig, 273 trig+kin events)
  [29/2782] nano_124.root
         -> 552 vertices (1,475 trig, 494 trig+kin events)
  [30/2782] nano_125.root
         -> 592 vertices (1,459 trig, 505 trig+kin events)
  [31/2782] nano_126.root
         -> 439 vertices (1,210 trig, 410 trig+kin events)
  [32/2782] nano_127.root
         -> 548 vertices (1,470 trig, 490 trig+kin events)
  [33/2782] nano_128.root
         -> 382 vertices (910 trig, 342 trig+kin events)
  [34/2782] nano_129.root
         -> 299 vertices (828 trig, 276 trig+kin events)
  [35/2782] nano_13.root
         -> 7 vertices (36 trig, 6 trig+kin events)
  [36/2782] nano_130.root
         -> 345 vertices (880 trig, 293 trig+kin events)
  [37/2782] nano_131.root
         -> 370 vertices (980 trig, 342 trig+kin events)
  [38/2782] nano_132.root
         -> 289 vertices (770 trig, 264 trig+kin events)
  [39/2782] nano_133.root
         -> 478 vertices (1,345 trig, 462 trig+kin events)
  [40/2782] nano_134.root
         -> 345 vertices (953 trig, 302 trig+kin events)
  [41/2782] nano_135.root
         -> 403 vertices (1,146 trig, 381 trig+kin events)
  [42/2782] nano_136.root
         -> 522 vertices (1,430 trig, 456 trig+kin events)
  [43/2782] nano_137.root
         -> 586 vertices (1,505 trig, 505 trig+kin events)
  [44/2782] nano_138.root
         -> 176 vertices (530 trig, 166 trig+kin events)
  [45/2782] nano_139.root
         -> 421 vertices (1,139 trig, 375 trig+kin events)
  [46/2782] nano_14.root
         -> 286 vertices (753 trig, 281 trig+kin events)
  [47/2782] nano_140.root
         -> 378 vertices (963 trig, 326 trig+kin events)
  [48/2782] nano_141.root
         -> 292 vertices (771 trig, 272 trig+kin events)
  [49/2782] nano_142.root
         -> 376 vertices (905 trig, 317 trig+kin events)
  [50/2782] nano_143.root
         -> 390 vertices (1,010 trig, 343 trig+kin events)
  [51/2782] nano_144.root
         -> 356 vertices (862 trig, 318 trig+kin events)
  [52/2782] nano_145.root
         -> 405 vertices (1,139 trig, 400 trig+kin events)
  [53/2782] nano_146.root
         -> 333 vertices (846 trig, 281 trig+kin events)
  [54/2782] nano_147.root
         -> 384 vertices (1,174 trig, 353 trig+kin events)
  [55/2782] nano_148.root
         -> 579 vertices (1,486 trig, 502 trig+kin events)
  [56/2782] nano_149.root
         -> 322 vertices (830 trig, 302 trig+kin events)
  [57/2782] nano_15.root
         -> 141 vertices (430 trig, 137 trig+kin events)
  [58/2782] nano_150.root
         -> 535 vertices (1,477 trig, 508 trig+kin events)
  [59/2782] nano_151.root
         -> 306 vertices (859 trig, 292 trig+kin events)
  [60/2782] nano_152.root
         -> 498 vertices (1,335 trig, 465 trig+kin events)
  [61/2782] nano_153.root
         -> 288 vertices (803 trig, 262 trig+kin events)
  [62/2782] nano_154.root
         -> 460 vertices (1,185 trig, 410 trig+kin events)
  [63/2782] nano_155.root
         -> 350 vertices (956 trig, 326 trig+kin events)
  [64/2782] nano_156.root
         -> 545 vertices (1,477 trig, 503 trig+kin events)
  [65/2782] nano_157.root
         -> 289 vertices (793 trig, 269 trig+kin events)
  [66/2782] nano_158.root
         -> 584 vertices (1,488 trig, 515 trig+kin events)
  [67/2782] nano_159.root
         -> 311 vertices (801 trig, 287 trig+kin events)
  [68/2782] nano_16.root
         -> 274 vertices (787 trig, 257 trig+kin events)
  [69/2782] nano_160.root
         -> 265 vertices (716 trig, 236 trig+kin events)
  [70/2782] nano_161.root
         -> 265 vertices (839 trig, 251 trig+kin events)
  [71/2782] nano_162.root
         -> 432 vertices (1,229 trig, 402 trig+kin events)
  [72/2782] nano_163.root
         -> 275 vertices (778 trig, 257 trig+kin events)
  [73/2782] nano_164.root
         -> 314 vertices (776 trig, 288 trig+kin events)
  [74/2782] nano_165.root
         -> 585 vertices (1,530 trig, 526 trig+kin events)
  [75/2782] nano_166.root
         -> 351 vertices (896 trig, 315 trig+kin events)
  [76/2782] nano_167.root
         -> 559 vertices (1,479 trig, 530 trig+kin events)
  [77/2782] nano_168.root
         -> 349 vertices (942 trig, 328 trig+kin events)
  [78/2782] nano_169.root
         -> 311 vertices (926 trig, 292 trig+kin events)
  [79/2782] nano_17.root
         -> 163 vertices (384 trig, 150 trig+kin events)
  [80/2782] nano_170.root
         -> 524 vertices (1,467 trig, 486 trig+kin events)
  [81/2782] nano_171.root
         -> 522 vertices (1,317 trig, 465 trig+kin events)
  [82/2782] nano_172.root
         -> 276 vertices (801 trig, 262 trig+kin events)
  [83/2782] nano_173.root
         -> 312 vertices (783 trig, 284 trig+kin events)
  [84/2782] nano_174.root
         -> 295 vertices (783 trig, 265 trig+kin events)
  [85/2782] nano_175.root
         -> 471 vertices (1,193 trig, 417 trig+kin events)
  [86/2782] nano_176.root
         -> 547 vertices (1,524 trig, 508 trig+kin events)
  [87/2782] nano_177.root
         -> 582 vertices (1,478 trig, 507 trig+kin events)
  [88/2782] nano_178.root
         -> 303 vertices (745 trig, 261 trig+kin events)
  [89/2782] nano_179.root
         -> 482 vertices (1,338 trig, 464 trig+kin events)
  [90/2782] nano_18.root
         -> 274 vertices (762 trig, 246 trig+kin events)
  [91/2782] nano_180.root
         -> 294 vertices (769 trig, 279 trig+kin events)
  [92/2782] nano_181.root
         -> 328 vertices (888 trig, 304 trig+kin events)
  [93/2782] nano_182.root
         -> 338 vertices (936 trig, 326 trig+kin events)
  [94/2782] nano_183.root
         -> 272 vertices (814 trig, 259 trig+kin events)
  [95/2782] nano_184.root
         -> 353 vertices (888 trig, 311 trig+kin events)
  [96/2782] nano_185.root
         -> 509 vertices (1,407 trig, 446 trig+kin events)
  [97/2782] nano_186.root
         -> 280 vertices (751 trig, 272 trig+kin events)
  [98/2782] nano_187.root
         -> 391 vertices (1,003 trig, 345 trig+kin events)
  [99/2782] nano_188.root
         -> 73 vertices (205 trig, 63 trig+kin events)
  [100/2782] nano_189.root
         -> 222 vertices (548 trig, 179 trig+kin events)
  [101/2782] nano_19.root
         -> 305 vertices (805 trig, 280 trig+kin events)
  [102/2782] nano_190.root
         -> 288 vertices (797 trig, 268 trig+kin events)
  [103/2782] nano_191.root
         -> 540 vertices (1,469 trig, 499 trig+kin events)
  [104/2782] nano_192.root
         -> 291 vertices (782 trig, 262 trig+kin events)
  [105/2782] nano_193.root
         -> 260 vertices (686 trig, 240 trig+kin events)
  [106/2782] nano_194.root
         -> 305 vertices (826 trig, 284 trig+kin events)
  [107/2782] nano_195.root
         -> 286 vertices (689 trig, 256 trig+kin events)
  [108/2782] nano_196.root
         -> 572 vertices (1,412 trig, 527 trig+kin events)
  [109/2782] nano_197.root
         -> 421 vertices (1,110 trig, 394 trig+kin events)
  [110/2782] nano_198.root
         -> 433 vertices (1,078 trig, 387 trig+kin events)
  [111/2782] nano_199.root
         -> 130 vertices (358 trig, 124 trig+kin events)
  [112/2782] nano_2.root
         -> 276 vertices (740 trig, 241 trig+kin events)
  [113/2782] nano_20.root
         -> 261 vertices (763 trig, 240 trig+kin events)
  [114/2782] nano_200.root
         -> 480 vertices (1,225 trig, 440 trig+kin events)
  [115/2782] nano_201.root
         -> 543 vertices (1,456 trig, 489 trig+kin events)
  [116/2782] nano_202.root
         -> 306 vertices (735 trig, 271 trig+kin events)
  [117/2782] nano_203.root
         -> 347 vertices (935 trig, 320 trig+kin events)
  [118/2782] nano_204.root
         -> 563 vertices (1,539 trig, 512 trig+kin events)
  [119/2782] nano_205.root
         -> 531 vertices (1,381 trig, 502 trig+kin events)
  [120/2782] nano_206.root
         -> 331 vertices (907 trig, 305 trig+kin events)
  [121/2782] nano_207.root
         -> 321 vertices (888 trig, 289 trig+kin events)
  [122/2782] nano_208.root
         -> 299 vertices (892 trig, 284 trig+kin events)
  [123/2782] nano_209.root
         -> 303 vertices (785 trig, 274 trig+kin events)
  [124/2782] nano_21.root
         -> 294 vertices (832 trig, 268 trig+kin events)
  [125/2782] nano_210.root
         -> 547 vertices (1,463 trig, 512 trig+kin events)
  [126/2782] nano_211.root
         -> 321 vertices (857 trig, 299 trig+kin events)
  [127/2782] nano_212.root
         -> 241 vertices (781 trig, 249 trig+kin events)
  [128/2782] nano_213.root
         -> 530 vertices (1,302 trig, 466 trig+kin events)
  [129/2782] nano_214.root
         -> 345 vertices (974 trig, 330 trig+kin events)
  [130/2782] nano_215.root
         -> 255 vertices (740 trig, 242 trig+kin events)
  [131/2782] nano_216.root
         -> 443 vertices (1,165 trig, 406 trig+kin events)
  [132/2782] nano_217.root
         -> 419 vertices (1,098 trig, 387 trig+kin events)
  [133/2782] nano_218.root
         -> 292 vertices (750 trig, 256 trig+kin events)
  [134/2782] nano_219.root
         -> 525 vertices (1,468 trig, 481 trig+kin events)
  [135/2782] nano_22.root
         -> 233 vertices (577 trig, 202 trig+kin events)
  [136/2782] nano_220.root
         -> 289 vertices (801 trig, 279 trig+kin events)
  [137/2782] nano_221.root
         -> 356 vertices (834 trig, 293 trig+kin events)
  [138/2782] nano_222.root
         -> 282 vertices (775 trig, 266 trig+kin events)
  [139/2782] nano_223.root
         -> 501 vertices (1,323 trig, 452 trig+kin events)
  [140/2782] nano_224.root
         -> 251 vertices (703 trig, 248 trig+kin events)
  [141/2782] nano_225.root
         -> 13 vertices (54 trig, 15 trig+kin events)
  [142/2782] nano_226.root
         -> 314 vertices (854 trig, 287 trig+kin events)
  [143/2782] nano_227.root
         -> 311 vertices (835 trig, 289 trig+kin events)
  [144/2782] nano_228.root
         -> 573 vertices (1,448 trig, 484 trig+kin events)
  [145/2782] nano_229.root
         -> 345 vertices (876 trig, 319 trig+kin events)
  [146/2782] nano_23.root
         -> 328 vertices (884 trig, 296 trig+kin events)
  [147/2782] nano_230.root
         -> 332 vertices (931 trig, 324 trig+kin events)
  [148/2782] nano_231.root
         -> 315 vertices (790 trig, 268 trig+kin events)
  [149/2782] nano_232.root
         -> 312 vertices (884 trig, 293 trig+kin events)
  [150/2782] nano_233.root
         -> 310 vertices (812 trig, 289 trig+kin events)
  [151/2782] nano_234.root
         -> 576 vertices (1,515 trig, 517 trig+kin events)
  [152/2782] nano_235.root
         -> 330 vertices (961 trig, 307 trig+kin events)
  [153/2782] nano_236.root
         -> 573 vertices (1,502 trig, 526 trig+kin events)
  [154/2782] nano_237.root
         -> 333 vertices (934 trig, 318 trig+kin events)
  [155/2782] nano_238.root
         -> 335 vertices (944 trig, 314 trig+kin events)
  [156/2782] nano_239.root
         -> 378 vertices (970 trig, 354 trig+kin events)
  [157/2782] nano_24.root
         -> 9 vertices (21 trig, 8 trig+kin events)
  [158/2782] nano_240.root
         -> 395 vertices (1,002 trig, 344 trig+kin events)
  [159/2782] nano_241.root
         -> 566 vertices (1,476 trig, 517 trig+kin events)
  [160/2782] nano_242.root
         -> 348 vertices (924 trig, 308 trig+kin events)
  [161/2782] nano_243.root
         -> 389 vertices (1,029 trig, 349 trig+kin events)
  [162/2782] nano_244.root
         -> 252 vertices (767 trig, 232 trig+kin events)
  [163/2782] nano_245.root
         -> 413 vertices (1,050 trig, 360 trig+kin events)
  [164/2782] nano_246.root
         -> 285 vertices (732 trig, 234 trig+kin events)
  [165/2782] nano_247.root
         -> 276 vertices (796 trig, 257 trig+kin events)
  [166/2782] nano_248.root
         -> 281 vertices (825 trig, 265 trig+kin events)
  [167/2782] nano_249.root
         -> 488 vertices (1,465 trig, 465 trig+kin events)
  [168/2782] nano_25.root
         -> 266 vertices (733 trig, 232 trig+kin events)
  [169/2782] nano_250.root
         -> 330 vertices (748 trig, 280 trig+kin events)
  [170/2782] nano_251.root
         -> 293 vertices (822 trig, 274 trig+kin events)
  [171/2782] nano_252.root
         -> 357 vertices (1,002 trig, 322 trig+kin events)
  [172/2782] nano_253.root
         -> 514 vertices (1,453 trig, 500 trig+kin events)
  [173/2782] nano_254.root
         -> 594 vertices (1,407 trig, 500 trig+kin events)
  [174/2782] nano_255.root
         -> 302 vertices (762 trig, 280 trig+kin events)
  [175/2782] nano_256.root
         -> 453 vertices (1,146 trig, 398 trig+kin events)
  [176/2782] nano_257.root
         -> 310 vertices (821 trig, 272 trig+kin events)
  [177/2782] nano_258.root
         -> 504 vertices (1,248 trig, 419 trig+kin events)
  [178/2782] nano_259.root
         -> 341 vertices (827 trig, 287 trig+kin events)
  [179/2782] nano_26.root
         -> 274 vertices (754 trig, 269 trig+kin events)
  [180/2782] nano_260.root
         -> 280 vertices (776 trig, 253 trig+kin events)
  [181/2782] nano_261.root
         -> 558 vertices (1,507 trig, 506 trig+kin events)
  [182/2782] nano_262.root
         -> 315 vertices (832 trig, 272 trig+kin events)
  [183/2782] nano_263.root
         -> 320 vertices (738 trig, 251 trig+kin events)
  [184/2782] nano_264.root
         -> 362 vertices (1,012 trig, 346 trig+kin events)
  [185/2782] nano_265.root
         -> 565 vertices (1,520 trig, 510 trig+kin events)
  [186/2782] nano_266.root
         -> 291 vertices (777 trig, 267 trig+kin events)
  [187/2782] nano_267.root
         -> 581 vertices (1,525 trig, 532 trig+kin events)
  [188/2782] nano_268.root
         -> 308 vertices (806 trig, 261 trig+kin events)
  [189/2782] nano_269.root
         -> 289 vertices (753 trig, 262 trig+kin events)
  [190/2782] nano_27.root
         -> 291 vertices (754 trig, 268 trig+kin events)
  [191/2782] nano_270.root
         -> 519 vertices (1,451 trig, 469 trig+kin events)
  [192/2782] nano_271.root
         -> 340 vertices (898 trig, 305 trig+kin events)
  [193/2782] nano_272.root
         -> 260 vertices (765 trig, 254 trig+kin events)
  [194/2782] nano_273.root
         -> 595 vertices (1,554 trig, 559 trig+kin events)
  [195/2782] nano_274.root
         -> 325 vertices (844 trig, 266 trig+kin events)
  [196/2782] nano_275.root
         -> 315 vertices (809 trig, 286 trig+kin events)
  [197/2782] nano_276.root
         -> 578 vertices (1,541 trig, 519 trig+kin events)
  [198/2782] nano_277.root
         -> 335 vertices (861 trig, 291 trig+kin events)
  [199/2782] nano_278.root
         -> 149 vertices (373 trig, 126 trig+kin events)
  [200/2782] nano_279.root
         -> 273 vertices (753 trig, 246 trig+kin events)
  [201/2782] nano_28.root
         -> 100 vertices (232 trig, 85 trig+kin events)
  [202/2782] nano_280.root
         -> 553 vertices (1,451 trig, 504 trig+kin events)
  [203/2782] nano_281.root
         -> 288 vertices (731 trig, 243 trig+kin events)
  [204/2782] nano_282.root
         -> 425 vertices (1,085 trig, 375 trig+kin events)
  [205/2782] nano_283.root
         -> 341 vertices (907 trig, 314 trig+kin events)
  [206/2782] nano_284.root
         -> 363 vertices (901 trig, 320 trig+kin events)
  [207/2782] nano_285.root
         -> 313 vertices (867 trig, 280 trig+kin events)
  [208/2782] nano_286.root
         -> 321 vertices (841 trig, 278 trig+kin events)
  [209/2782] nano_287.root
         -> 14 vertices (63 trig, 13 trig+kin events)
  [210/2782] nano_288.root
         -> 429 vertices (1,126 trig, 374 trig+kin events)
  [211/2782] nano_289.root
         -> 281 vertices (814 trig, 260 trig+kin events)
  [212/2782] nano_29.root
         -> 270 vertices (730 trig, 240 trig+kin events)
  [213/2782] nano_290.root
         -> 405 vertices (1,101 trig, 359 trig+kin events)
  [214/2782] nano_291.root
         -> 321 vertices (839 trig, 295 trig+kin events)
  [215/2782] nano_292.root
         -> 376 vertices (950 trig, 347 trig+kin events)
  [216/2782] nano_293.root
         -> 386 vertices (998 trig, 331 trig+kin events)
  [217/2782] nano_294.root
         -> 322 vertices (837 trig, 281 trig+kin events)
  [218/2782] nano_295.root
         -> 504 vertices (1,393 trig, 451 trig+kin events)
  [219/2782] nano_296.root
         -> 179 vertices (475 trig, 147 trig+kin events)
  [220/2782] nano_297.root
         -> 312 vertices (813 trig, 270 trig+kin events)
  [221/2782] nano_298.root
         -> 395 vertices (1,194 trig, 388 trig+kin events)
  [222/2782] nano_299.root
         -> 303 vertices (894 trig, 289 trig+kin events)
  [223/2782] nano_3.root
         -> 148 vertices (360 trig, 138 trig+kin events)
  [224/2782] nano_30.root
         -> 292 vertices (810 trig, 270 trig+kin events)
  [225/2782] nano_300.root
         -> 304 vertices (770 trig, 266 trig+kin events)
  [226/2782] nano_301.root
         -> 280 vertices (742 trig, 252 trig+kin events)
  [227/2782] nano_302.root
         -> 380 vertices (976 trig, 336 trig+kin events)
  [228/2782] nano_303.root
         -> 276 vertices (804 trig, 261 trig+kin events)
  [229/2782] nano_304.root
         -> 302 vertices (785 trig, 270 trig+kin events)
  [230/2782] nano_305.root
         -> 347 vertices (1,028 trig, 325 trig+kin events)
  [231/2782] nano_306.root
         -> 330 vertices (896 trig, 312 trig+kin events)
  [232/2782] nano_307.root
         -> 281 vertices (766 trig, 269 trig+kin events)
  [233/2782] nano_308.root
         -> 319 vertices (817 trig, 283 trig+kin events)
  [234/2782] nano_309.root
         -> 342 vertices (836 trig, 306 trig+kin events)
  [235/2782] nano_31.root
         -> 268 vertices (709 trig, 249 trig+kin events)
  [236/2782] nano_310.root
         -> 546 vertices (1,444 trig, 508 trig+kin events)
  [237/2782] nano_311.root
         -> 566 vertices (1,492 trig, 515 trig+kin events)
  [238/2782] nano_312.root
         -> 527 vertices (1,590 trig, 502 trig+kin events)
  [239/2782] nano_313.root
         -> 354 vertices (871 trig, 306 trig+kin events)
  [240/2782] nano_314.root
         -> 297 vertices (810 trig, 275 trig+kin events)
  [241/2782] nano_315.root
         -> 256 vertices (747 trig, 242 trig+kin events)
  [242/2782] nano_316.root
         -> 326 vertices (952 trig, 311 trig+kin events)
  [243/2782] nano_317.root
         -> 293 vertices (801 trig, 291 trig+kin events)
  [244/2782] nano_318.root
         -> 530 vertices (1,471 trig, 504 trig+kin events)
  [245/2782] nano_319.root
         -> 562 vertices (1,513 trig, 501 trig+kin events)
  [246/2782] nano_32.root
         -> 129 vertices (317 trig, 119 trig+kin events)
  [247/2782] nano_320.root
         -> 300 vertices (786 trig, 273 trig+kin events)
  [248/2782] nano_321.root
         -> 508 vertices (1,433 trig, 470 trig+kin events)
  [249/2782] nano_322.root
         -> 308 vertices (806 trig, 277 trig+kin events)
  [250/2782] nano_323.root
         -> 85 vertices (212 trig, 71 trig+kin events)
  [251/2782] nano_324.root
         -> 573 vertices (1,509 trig, 490 trig+kin events)
  [252/2782] nano_325.root
         -> 35 vertices (102 trig, 35 trig+kin events)
  [253/2782] nano_326.root
         -> 302 vertices (747 trig, 252 trig+kin events)
  [254/2782] nano_327.root
         -> 275 vertices (807 trig, 256 trig+kin events)
  [255/2782] nano_328.root
         -> 322 vertices (990 trig, 298 trig+kin events)
  [256/2782] nano_329.root
         -> 587 vertices (1,447 trig, 511 trig+kin events)
  [257/2782] nano_33.root
         -> 277 vertices (729 trig, 254 trig+kin events)
  [258/2782] nano_330.root
         -> 360 vertices (939 trig, 334 trig+kin events)
  [259/2782] nano_331.root
         -> 347 vertices (825 trig, 304 trig+kin events)
  [260/2782] nano_332.root
         -> 186 vertices (477 trig, 168 trig+kin events)
  [261/2782] nano_333.root
         -> 261 vertices (760 trig, 248 trig+kin events)
  [262/2782] nano_334.root
         -> 280 vertices (789 trig, 268 trig+kin events)
  [263/2782] nano_335.root
         -> 535 vertices (1,473 trig, 477 trig+kin events)
  [264/2782] nano_336.root
         -> 291 vertices (761 trig, 261 trig+kin events)
  [265/2782] nano_337.root
         -> 311 vertices (809 trig, 289 trig+kin events)
  [266/2782] nano_338.root
         -> 306 vertices (732 trig, 254 trig+kin events)
  [267/2782] nano_339.root
         -> 525 vertices (1,406 trig, 464 trig+kin events)
  [268/2782] nano_34.root
         -> 300 vertices (769 trig, 271 trig+kin events)
  [269/2782] nano_340.root
         -> 556 vertices (1,440 trig, 491 trig+kin events)
  [270/2782] nano_341.root
         -> 269 vertices (774 trig, 247 trig+kin events)
  [271/2782] nano_342.root
         -> 310 vertices (865 trig, 293 trig+kin events)
  [272/2782] nano_343.root
         -> 341 vertices (946 trig, 314 trig+kin events)
  [273/2782] nano_344.root
         -> 370 vertices (867 trig, 312 trig+kin events)
  [274/2782] nano_345.root
         -> 369 vertices (966 trig, 339 trig+kin events)
  [275/2782] nano_346.root
         -> 280 vertices (781 trig, 267 trig+kin events)
  [276/2782] nano_347.root
         -> 348 vertices (890 trig, 314 trig+kin events)
  [277/2782] nano_348.root
         -> 340 vertices (854 trig, 310 trig+kin events)
  [278/2782] nano_349.root
         -> 330 vertices (938 trig, 300 trig+kin events)
  [279/2782] nano_35.root
         -> 12 vertices (48 trig, 14 trig+kin events)
  [280/2782] nano_350.root
         -> 426 vertices (1,086 trig, 389 trig+kin events)
  [281/2782] nano_351.root
         -> 435 vertices (1,161 trig, 406 trig+kin events)
  [282/2782] nano_352.root
         -> 300 vertices (822 trig, 293 trig+kin events)
  [283/2782] nano_353.root
         -> 372 vertices (1,054 trig, 352 trig+kin events)
  [284/2782] nano_354.root
         -> 274 vertices (722 trig, 255 trig+kin events)
  [285/2782] nano_355.root
         -> 397 vertices (1,022 trig, 372 trig+kin events)
  [286/2782] nano_356.root
         -> 302 vertices (807 trig, 282 trig+kin events)
  [287/2782] nano_357.root
         -> 303 vertices (863 trig, 280 trig+kin events)
  [288/2782] nano_358.root
         -> 614 vertices (1,493 trig, 541 trig+kin events)
  [289/2782] nano_359.root
         -> 329 vertices (817 trig, 280 trig+kin events)
  [290/2782] nano_36.root
         -> 281 vertices (721 trig, 253 trig+kin events)
  [291/2782] nano_360.root
         -> 298 vertices (826 trig, 277 trig+kin events)
  [292/2782] nano_361.root
         -> 281 vertices (808 trig, 277 trig+kin events)
  [293/2782] nano_362.root
         -> 357 vertices (965 trig, 331 trig+kin events)
  [294/2782] nano_363.root
         -> 309 vertices (818 trig, 294 trig+kin events)
  [295/2782] nano_364.root
         -> 429 vertices (1,048 trig, 380 trig+kin events)
  [296/2782] nano_365.root
         -> 252 vertices (701 trig, 235 trig+kin events)
  [297/2782] nano_366.root
         -> 306 vertices (852 trig, 293 trig+kin events)
  [298/2782] nano_367.root
         -> 454 vertices (1,328 trig, 429 trig+kin events)
  [299/2782] nano_368.root
         -> 430 vertices (1,187 trig, 387 trig+kin events)
  [300/2782] nano_369.root
         -> 534 vertices (1,462 trig, 503 trig+kin events)
  [301/2782] nano_37.root
         -> 167 vertices (468 trig, 160 trig+kin events)
  [302/2782] nano_370.root
         -> 327 vertices (918 trig, 304 trig+kin events)
  [303/2782] nano_371.root
         -> 302 vertices (790 trig, 255 trig+kin events)
  [304/2782] nano_372.root
         -> 537 vertices (1,499 trig, 488 trig+kin events)
  [305/2782] nano_373.root
         -> 280 vertices (733 trig, 264 trig+kin events)
  [306/2782] nano_374.root
         -> 380 vertices (958 trig, 332 trig+kin events)
  [307/2782] nano_375.root
         -> 602 vertices (1,532 trig, 533 trig+kin events)
  [308/2782] nano_376.root
         -> 564 vertices (1,461 trig, 503 trig+kin events)
  [309/2782] nano_377.root
         -> 305 vertices (852 trig, 291 trig+kin events)
  [310/2782] nano_378.root
         -> 583 vertices (1,479 trig, 521 trig+kin events)
  [311/2782] nano_379.root
         -> 563 vertices (1,459 trig, 495 trig+kin events)
  [312/2782] nano_38.root
         -> 270 vertices (740 trig, 240 trig+kin events)
  [313/2782] nano_380.root
         -> 366 vertices (988 trig, 327 trig+kin events)
  [314/2782] nano_381.root
         -> 324 vertices (927 trig, 309 trig+kin events)
  [315/2782] nano_382.root
         -> 291 vertices (814 trig, 266 trig+kin events)
  [316/2782] nano_383.root
         -> 572 vertices (1,508 trig, 520 trig+kin events)
  [317/2782] nano_384.root
         -> 534 vertices (1,472 trig, 480 trig+kin events)
  [318/2782] nano_385.root
         -> 535 vertices (1,431 trig, 471 trig+kin events)
  [319/2782] nano_386.root
         -> 376 vertices (938 trig, 344 trig+kin events)
  [320/2782] nano_387.root
         -> 335 vertices (800 trig, 266 trig+kin events)
  [321/2782] nano_388.root
         -> 334 vertices (924 trig, 295 trig+kin events)
  [322/2782] nano_389.root
         -> 302 vertices (793 trig, 274 trig+kin events)
  [323/2782] nano_39.root
         -> 270 vertices (740 trig, 233 trig+kin events)
  [324/2782] nano_390.root
         -> 288 vertices (743 trig, 251 trig+kin events)
  [325/2782] nano_391.root
         -> 292 vertices (777 trig, 278 trig+kin events)
  [326/2782] nano_392.root
         -> 121 vertices (362 trig, 107 trig+kin events)
  [327/2782] nano_393.root
         -> 505 vertices (1,336 trig, 457 trig+kin events)
  [328/2782] nano_394.root
         -> 299 vertices (837 trig, 268 trig+kin events)
  [329/2782] nano_395.root
         -> 263 vertices (856 trig, 263 trig+kin events)
  [330/2782] nano_396.root
         -> 325 vertices (896 trig, 269 trig+kin events)
  [331/2782] nano_397.root
         -> 491 vertices (1,231 trig, 442 trig+kin events)
  [332/2782] nano_398.root
         -> 408 vertices (1,072 trig, 364 trig+kin events)
  [333/2782] nano_399.root
         -> 336 vertices (973 trig, 315 trig+kin events)
  [334/2782] nano_4.root
         -> 158 vertices (487 trig, 143 trig+kin events)
  [335/2782] nano_40.root
         -> 329 vertices (915 trig, 299 trig+kin events)
  [336/2782] nano_400.root
         -> 575 vertices (1,515 trig, 493 trig+kin events)
  [337/2782] nano_401.root
         -> 289 vertices (779 trig, 260 trig+kin events)
  [338/2782] nano_402.root
         -> 271 vertices (728 trig, 239 trig+kin events)
  [339/2782] nano_403.root
         -> 609 vertices (1,493 trig, 541 trig+kin events)
  [340/2782] nano_404.root
         -> 326 vertices (911 trig, 304 trig+kin events)
  [341/2782] nano_405.root
         -> 612 vertices (1,532 trig, 537 trig+kin events)
  [342/2782] nano_406.root
         -> 342 vertices (845 trig, 291 trig+kin events)
  [343/2782] nano_407.root
         -> 315 vertices (852 trig, 276 trig+kin events)
  [344/2782] nano_408.root
         -> 314 vertices (889 trig, 302 trig+kin events)
  [345/2782] nano_409.root
         -> 331 vertices (953 trig, 303 trig+kin events)
  [346/2782] nano_41.root
         -> 264 vertices (696 trig, 244 trig+kin events)
  [347/2782] nano_410.root
         -> 561 vertices (1,493 trig, 519 trig+kin events)
  [348/2782] nano_411.root
         -> 541 vertices (1,463 trig, 490 trig+kin events)
  [349/2782] nano_412.root
         -> 542 vertices (1,496 trig, 515 trig+kin events)
  [350/2782] nano_413.root
         -> 288 vertices (800 trig, 281 trig+kin events)
  [351/2782] nano_414.root
         -> 433 vertices (1,221 trig, 418 trig+kin events)
  [352/2782] nano_415.root
         -> 323 vertices (892 trig, 306 trig+kin events)
  [353/2782] nano_416.root
         -> 5 vertices (15 trig, 5 trig+kin events)
  [354/2782] nano_417.root
         -> 311 vertices (909 trig, 280 trig+kin events)
  [355/2782] nano_418.root
         -> 274 vertices (740 trig, 251 trig+kin events)
  [356/2782] nano_419.root
         -> 387 vertices (1,069 trig, 355 trig+kin events)
  [357/2782] nano_42.root
         -> 290 vertices (776 trig, 272 trig+kin events)
  [358/2782] nano_420.root
         -> 545 vertices (1,454 trig, 471 trig+kin events)
  [359/2782] nano_421.root
         -> 353 vertices (1,037 trig, 345 trig+kin events)
  [360/2782] nano_422.root
         -> 337 vertices (930 trig, 305 trig+kin events)
  [361/2782] nano_423.root
         -> 407 vertices (1,155 trig, 378 trig+kin events)
  [362/2782] nano_424.root
         -> 475 vertices (1,296 trig, 424 trig+kin events)
  [363/2782] nano_425.root
         -> 352 vertices (1,090 trig, 346 trig+kin events)
  [364/2782] nano_426.root
         -> 316 vertices (883 trig, 299 trig+kin events)
  [365/2782] nano_427.root
         -> 399 vertices (1,203 trig, 384 trig+kin events)
  [366/2782] nano_428.root
         -> 557 vertices (1,490 trig, 493 trig+kin events)
  [367/2782] nano_429.root
         -> 391 vertices (965 trig, 342 trig+kin events)
  [368/2782] nano_43.root
         -> 233 vertices (648 trig, 210 trig+kin events)
  [369/2782] nano_430.root
         -> 535 vertices (1,528 trig, 498 trig+kin events)
  [370/2782] nano_431.root
         -> 584 vertices (1,510 trig, 547 trig+kin events)
  [371/2782] nano_432.root
         -> 616 vertices (1,529 trig, 544 trig+kin events)
  [372/2782] nano_433.root
         -> 391 vertices (908 trig, 356 trig+kin events)
  [373/2782] nano_434.root
         -> 509 vertices (1,467 trig, 489 trig+kin events)
  [374/2782] nano_435.root
         -> 515 vertices (1,411 trig, 470 trig+kin events)
  [375/2782] nano_436.root
         -> 534 vertices (1,391 trig, 491 trig+kin events)
  [376/2782] nano_437.root
         -> 573 vertices (1,501 trig, 531 trig+kin events)
  [377/2782] nano_438.root
         -> 0 vertices (12 trig, 1 trig+kin events)
  [378/2782] nano_439.root
         -> 461 vertices (1,211 trig, 399 trig+kin events)
  [379/2782] nano_44.root
         -> 283 vertices (759 trig, 266 trig+kin events)
  [380/2782] nano_440.root
         -> 543 vertices (1,416 trig, 500 trig+kin events)
  [381/2782] nano_441.root
         -> 314 vertices (875 trig, 297 trig+kin events)
  [382/2782] nano_442.root
         -> 328 vertices (784 trig, 277 trig+kin events)
  [383/2782] nano_443.root
         -> 305 vertices (809 trig, 264 trig+kin events)
  [384/2782] nano_444.root
         -> 383 vertices (971 trig, 328 trig+kin events)
  [385/2782] nano_445.root
         -> 356 vertices (931 trig, 312 trig+kin events)
  [386/2782] nano_446.root
         -> 300 vertices (822 trig, 275 trig+kin events)
  [387/2782] nano_447.root
         -> 291 vertices (722 trig, 250 trig+kin events)
  [388/2782] nano_448.root
         -> 540 vertices (1,452 trig, 493 trig+kin events)
  [389/2782] nano_449.root
         -> 566 vertices (1,454 trig, 504 trig+kin events)
  [390/2782] nano_45.root
         -> 360 vertices (901 trig, 312 trig+kin events)
  [391/2782] nano_450.root
         -> 280 vertices (785 trig, 256 trig+kin events)
  [392/2782] nano_451.root
         -> 525 vertices (1,460 trig, 487 trig+kin events)
  [393/2782] nano_452.root
         -> 113 vertices (355 trig, 109 trig+kin events)
  [394/2782] nano_453.root
         -> 514 vertices (1,437 trig, 478 trig+kin events)
  [395/2782] nano_454.root
         -> 522 vertices (1,461 trig, 458 trig+kin events)
  [396/2782] nano_455.root
         -> 542 vertices (1,551 trig, 501 trig+kin events)
  [397/2782] nano_456.root
         -> 389 vertices (1,078 trig, 367 trig+kin events)
  [398/2782] nano_457.root
         -> 347 vertices (913 trig, 312 trig+kin events)
  [399/2782] nano_458.root
         -> 347 vertices (891 trig, 312 trig+kin events)
  [400/2782] nano_459.root
         -> 261 vertices (743 trig, 259 trig+kin events)
  [401/2782] nano_46.root
         -> 350 vertices (963 trig, 326 trig+kin events)
  [402/2782] nano_460.root
         -> 358 vertices (875 trig, 317 trig+kin events)
  [403/2782] nano_461.root
         -> 570 vertices (1,464 trig, 508 trig+kin events)
  [404/2782] nano_462.root
         -> 532 vertices (1,377 trig, 474 trig+kin events)
  [405/2782] nano_463.root
         -> 285 vertices (788 trig, 260 trig+kin events)
  [406/2782] nano_464.root
         -> 435 vertices (1,066 trig, 396 trig+kin events)
  [407/2782] nano_465.root
         -> 341 vertices (808 trig, 295 trig+kin events)
  [408/2782] nano_466.root
         -> 266 vertices (815 trig, 264 trig+kin events)
  [409/2782] nano_467.root
         -> 531 vertices (1,475 trig, 495 trig+kin events)
  [410/2782] nano_468.root
         -> 333 vertices (891 trig, 332 trig+kin events)
  [411/2782] nano_469.root
         -> 348 vertices (862 trig, 315 trig+kin events)
  [412/2782] nano_47.root
         -> 605 vertices (1,469 trig, 534 trig+kin events)
  [413/2782] nano_470.root
         -> 547 vertices (1,380 trig, 472 trig+kin events)
  [414/2782] nano_471.root
         -> 277 vertices (778 trig, 253 trig+kin events)
  [415/2782] nano_472.root
         -> 324 vertices (947 trig, 298 trig+kin events)
  [416/2782] nano_473.root
         -> 572 vertices (1,526 trig, 526 trig+kin events)
  [417/2782] nano_474.root
         -> 539 vertices (1,514 trig, 505 trig+kin events)
  [418/2782] nano_475.root
         -> 322 vertices (819 trig, 303 trig+kin events)
  [419/2782] nano_476.root
         -> 299 vertices (781 trig, 278 trig+kin events)
  [420/2782] nano_477.root
         -> 104 vertices (276 trig, 96 trig+kin events)
  [421/2782] nano_478.root
         -> 307 vertices (866 trig, 300 trig+kin events)
  [422/2782] nano_479.root
         -> 134 vertices (371 trig, 119 trig+kin events)
  [423/2782] nano_48.root
         -> 381 vertices (1,009 trig, 338 trig+kin events)
  [424/2782] nano_480.root
         -> 282 vertices (793 trig, 262 trig+kin events)
  [425/2782] nano_481.root
         -> 332 vertices (961 trig, 323 trig+kin events)
  [426/2782] nano_482.root
         -> 592 vertices (1,497 trig, 494 trig+kin events)
  [427/2782] nano_483.root
         -> 412 vertices (1,098 trig, 379 trig+kin events)
  [428/2782] nano_484.root
         -> 457 vertices (1,204 trig, 423 trig+kin events)
  [429/2782] nano_485.root
         -> 390 vertices (1,114 trig, 355 trig+kin events)
  [430/2782] nano_486.root
         -> 534 vertices (1,455 trig, 492 trig+kin events)
  [431/2782] nano_487.root
         -> 86 vertices (244 trig, 84 trig+kin events)
  [432/2782] nano_488.root
         -> 415 vertices (1,125 trig, 373 trig+kin events)
  [433/2782] nano_489.root
         -> 288 vertices (759 trig, 265 trig+kin events)
  [434/2782] nano_49.root
         -> 433 vertices (1,113 trig, 394 trig+kin events)
  [435/2782] nano_490.root
         -> 543 vertices (1,446 trig, 485 trig+kin events)
  [436/2782] nano_491.root
         -> 307 vertices (833 trig, 283 trig+kin events)
  [437/2782] nano_492.root
         -> 467 vertices (1,359 trig, 438 trig+kin events)
  [438/2782] nano_493.root
         -> 326 vertices (951 trig, 295 trig+kin events)
  [439/2782] nano_494.root
         -> 355 vertices (897 trig, 312 trig+kin events)
  [440/2782] nano_495.root
         -> 300 vertices (823 trig, 261 trig+kin events)
  [441/2782] nano_496.root
         -> 435 vertices (999 trig, 364 trig+kin events)
  [442/2782] nano_497.root
         -> 541 vertices (1,499 trig, 500 trig+kin events)
  [443/2782] nano_498.root
         -> 313 vertices (803 trig, 287 trig+kin events)
  [444/2782] nano_499.root
         -> 534 vertices (1,482 trig, 505 trig+kin events)
  [445/2782] nano_5.root
         -> 31 vertices (98 trig, 33 trig+kin events)
  [446/2782] nano_50.root
         -> 306 vertices (787 trig, 273 trig+kin events)
  [447/2782] nano_500.root
         -> 314 vertices (815 trig, 282 trig+kin events)
  [448/2782] nano_501.root
         -> 260 vertices (766 trig, 255 trig+kin events)
  [449/2782] nano_502.root
         -> 457 vertices (1,180 trig, 421 trig+kin events)
  [450/2782] nano_503.root
         -> 423 vertices (984 trig, 356 trig+kin events)
  [451/2782] nano_504.root
         -> 402 vertices (1,072 trig, 384 trig+kin events)
  [452/2782] nano_505.root
         -> 317 vertices (798 trig, 294 trig+kin events)
  [453/2782] nano_506.root
         -> 526 vertices (1,430 trig, 477 trig+kin events)
  [454/2782] nano_507.root
         -> 315 vertices (892 trig, 304 trig+kin events)
  [455/2782] nano_508.root
         -> 295 vertices (734 trig, 258 trig+kin events)
  [456/2782] nano_509.root
         -> 291 vertices (810 trig, 265 trig+kin events)
  [457/2782] nano_51.root
         -> 317 vertices (786 trig, 285 trig+kin events)
  [458/2782] nano_510.root
         -> 576 vertices (1,443 trig, 514 trig+kin events)
  [459/2782] nano_511.root
         -> 270 vertices (774 trig, 264 trig+kin events)
  [460/2782] nano_512.root
         -> 566 vertices (1,475 trig, 511 trig+kin events)
  [461/2782] nano_513.root
         -> 430 vertices (1,379 trig, 435 trig+kin events)
  [462/2782] nano_514.root
         -> 281 vertices (790 trig, 277 trig+kin events)
  [463/2782] nano_515.root
         -> 272 vertices (747 trig, 242 trig+kin events)
  [464/2782] nano_516.root
         -> 401 vertices (995 trig, 360 trig+kin events)
  [465/2782] nano_517.root
         -> 451 vertices (1,228 trig, 418 trig+kin events)
  [466/2782] nano_518.root
         -> 350 vertices (845 trig, 303 trig+kin events)
  [467/2782] nano_519.root
         -> 380 vertices (998 trig, 348 trig+kin events)
  [468/2782] nano_52.root
         -> 373 vertices (975 trig, 330 trig+kin events)
  [469/2782] nano_520.root
         -> 301 vertices (790 trig, 258 trig+kin events)
  [470/2782] nano_521.root
         -> 348 vertices (1,065 trig, 347 trig+kin events)
  [471/2782] nano_522.root
         -> 130 vertices (331 trig, 125 trig+kin events)
  [472/2782] nano_523.root
         -> 265 vertices (725 trig, 250 trig+kin events)
  [473/2782] nano_524.root
         -> 554 vertices (1,458 trig, 495 trig+kin events)
  [474/2782] nano_525.root
         -> 111 vertices (267 trig, 97 trig+kin events)
  [475/2782] nano_526.root
         -> 259 vertices (732 trig, 241 trig+kin events)
  [476/2782] nano_527.root
         -> 335 vertices (801 trig, 298 trig+kin events)
  [477/2782] nano_528.root
         -> 300 vertices (819 trig, 289 trig+kin events)
  [478/2782] nano_529.root
         -> 490 vertices (1,412 trig, 476 trig+kin events)
  [479/2782] nano_53.root
         -> 521 vertices (1,490 trig, 491 trig+kin events)
  [480/2782] nano_530.root
         -> 566 vertices (1,558 trig, 510 trig+kin events)
  [481/2782] nano_531.root
         -> 618 vertices (1,510 trig, 529 trig+kin events)
  [482/2782] nano_532.root
         -> 592 vertices (1,503 trig, 493 trig+kin events)
  [483/2782] nano_533.root
         -> 292 vertices (809 trig, 266 trig+kin events)
  [484/2782] nano_534.root
         -> 536 vertices (1,413 trig, 482 trig+kin events)
  [485/2782] nano_535.root
         -> 503 vertices (1,499 trig, 490 trig+kin events)
  [486/2782] nano_536.root
         -> 323 vertices (942 trig, 311 trig+kin events)
  [487/2782] nano_537.root
         -> 437 vertices (1,209 trig, 423 trig+kin events)
  [488/2782] nano_538.root
         -> 581 vertices (1,456 trig, 511 trig+kin events)
  [489/2782] nano_539.root
         -> 273 vertices (756 trig, 251 trig+kin events)
  [490/2782] nano_54.root
         -> 338 vertices (892 trig, 311 trig+kin events)
  [491/2782] nano_540.root
         -> 424 vertices (1,138 trig, 379 trig+kin events)
  [492/2782] nano_541.root
         -> 274 vertices (748 trig, 252 trig+kin events)
  [493/2782] nano_542.root
         -> 393 vertices (993 trig, 337 trig+kin events)
  [494/2782] nano_543.root
         -> 532 vertices (1,411 trig, 496 trig+kin events)
  [495/2782] nano_544.root
         -> 288 vertices (785 trig, 262 trig+kin events)
  [496/2782] nano_545.root
         -> 501 vertices (1,299 trig, 439 trig+kin events)
  [497/2782] nano_546.root
         -> 492 vertices (1,342 trig, 454 trig+kin events)
  [498/2782] nano_547.root
         -> 305 vertices (773 trig, 264 trig+kin events)
  [499/2782] nano_548.root
         -> 353 vertices (878 trig, 307 trig+kin events)
  [500/2782] nano_549.root
         -> 249 vertices (761 trig, 227 trig+kin events)
  [501/2782] nano_55.root
         -> 320 vertices (1,009 trig, 320 trig+kin events)
  [502/2782] nano_550.root
         -> 578 vertices (1,483 trig, 519 trig+kin events)
  [503/2782] nano_551.root
         -> 313 vertices (771 trig, 267 trig+kin events)
  [504/2782] nano_552.root
         -> 468 vertices (1,201 trig, 407 trig+kin events)
  [505/2782] nano_553.root
         -> 540 vertices (1,479 trig, 490 trig+kin events)
  [506/2782] nano_554.root
         -> 280 vertices (805 trig, 259 trig+kin events)
  [507/2782] nano_555.root
         -> 343 vertices (847 trig, 282 trig+kin events)
  [508/2782] nano_556.root
         -> 284 vertices (666 trig, 242 trig+kin events)
  [509/2782] nano_557.root
         -> 363 vertices (921 trig, 318 trig+kin events)
  [510/2782] nano_558.root
         -> 271 vertices (748 trig, 253 trig+kin events)
  [511/2782] nano_559.root
         -> 322 vertices (963 trig, 311 trig+kin events)
  [512/2782] nano_56.root
         -> 278 vertices (762 trig, 256 trig+kin events)
  [513/2782] nano_560.root
         -> 345 vertices (888 trig, 299 trig+kin events)
  [514/2782] nano_561.root
         -> 485 vertices (1,354 trig, 457 trig+kin events)
  [515/2782] nano_562.root
         -> 297 vertices (866 trig, 285 trig+kin events)
  [516/2782] nano_563.root
         -> 324 vertices (852 trig, 296 trig+kin events)
  [517/2782] nano_564.root
         -> 532 vertices (1,502 trig, 483 trig+kin events)
  [518/2782] nano_565.root
         -> 282 vertices (797 trig, 264 trig+kin events)
  [519/2782] nano_566.root
         -> 288 vertices (821 trig, 268 trig+kin events)
  [520/2782] nano_567.root
         -> 276 vertices (714 trig, 243 trig+kin events)
  [521/2782] nano_568.root
         -> 573 vertices (1,522 trig, 495 trig+kin events)
  [522/2782] nano_569.root
         -> 357 vertices (921 trig, 330 trig+kin events)
  [523/2782] nano_57.root
         -> 556 vertices (1,530 trig, 499 trig+kin events)
  [524/2782] nano_570.root
         -> 455 vertices (1,194 trig, 409 trig+kin events)
  [525/2782] nano_571.root
         -> 549 vertices (1,467 trig, 490 trig+kin events)
  [526/2782] nano_572.root
         -> 595 vertices (1,475 trig, 543 trig+kin events)
  [527/2782] nano_573.root
         -> 530 vertices (1,482 trig, 508 trig+kin events)
  [528/2782] nano_574.root
         -> 367 vertices (968 trig, 325 trig+kin events)
  [529/2782] nano_575.root
         -> 303 vertices (811 trig, 272 trig+kin events)
  [530/2782] nano_576.root
         -> 390 vertices (898 trig, 332 trig+kin events)
  [531/2782] nano_577.root
         -> 296 vertices (806 trig, 262 trig+kin events)
  [532/2782] nano_578.root
         -> 598 vertices (1,492 trig, 531 trig+kin events)
  [533/2782] nano_579.root
         -> 482 vertices (1,234 trig, 421 trig+kin events)
  [534/2782] nano_58.root
         -> 207 vertices (603 trig, 194 trig+kin events)
  [535/2782] nano_580.root
         -> 390 vertices (1,013 trig, 346 trig+kin events)
  [536/2782] nano_581.root
         -> 258 vertices (727 trig, 235 trig+kin events)
  [537/2782] nano_582.root
         -> 321 vertices (795 trig, 284 trig+kin events)
  [538/2782] nano_583.root
         -> 261 vertices (702 trig, 247 trig+kin events)
  [539/2782] nano_584.root
         -> 314 vertices (846 trig, 281 trig+kin events)
  [540/2782] nano_585.root
         -> 552 vertices (1,491 trig, 497 trig+kin events)
  [541/2782] nano_586.root
         -> 508 vertices (1,394 trig, 466 trig+kin events)
  [542/2782] nano_587.root
         -> 359 vertices (979 trig, 326 trig+kin events)
  [543/2782] nano_588.root
         -> 246 vertices (709 trig, 222 trig+kin events)
  [544/2782] nano_589.root
         -> 290 vertices (745 trig, 254 trig+kin events)
  [545/2782] nano_59.root
         -> 235 vertices (719 trig, 220 trig+kin events)
  [546/2782] nano_590.root
         -> 309 vertices (810 trig, 286 trig+kin events)
  [547/2782] nano_591.root
         -> 137 vertices (342 trig, 126 trig+kin events)
  [548/2782] nano_592.root
         -> 574 vertices (1,503 trig, 518 trig+kin events)
  [549/2782] nano_593.root
         -> 301 vertices (733 trig, 276 trig+kin events)
  [550/2782] nano_594.root
         -> 549 vertices (1,505 trig, 514 trig+kin events)
  [551/2782] nano_595.root
         -> 407 vertices (1,033 trig, 375 trig+kin events)
  [552/2782] nano_596.root
         -> 302 vertices (960 trig, 294 trig+kin events)
  [553/2782] nano_597.root
         -> 269 vertices (751 trig, 270 trig+kin events)
  [554/2782] nano_598.root
         -> 456 vertices (1,263 trig, 409 trig+kin events)
  [555/2782] nano_599.root
         -> 489 vertices (1,423 trig, 468 trig+kin events)
  [556/2782] nano_6.root
         -> 263 vertices (762 trig, 253 trig+kin events)
  [557/2782] nano_60.root
         -> 373 vertices (1,003 trig, 343 trig+kin events)
  [558/2782] nano_600.root
         -> 297 vertices (802 trig, 264 trig+kin events)
  [559/2782] nano_601.root
         -> 278 vertices (776 trig, 254 trig+kin events)
  [560/2782] nano_602.root
         -> 370 vertices (958 trig, 331 trig+kin events)
  [561/2782] nano_603.root
         -> 529 vertices (1,405 trig, 452 trig+kin events)
  [562/2782] nano_604.root
         -> 406 vertices (1,094 trig, 377 trig+kin events)
  [563/2782] nano_605.root
         -> 576 vertices (1,552 trig, 524 trig+kin events)
  [564/2782] nano_606.root
         -> 580 vertices (1,459 trig, 519 trig+kin events)
  [565/2782] nano_607.root
         -> 507 vertices (1,270 trig, 467 trig+kin events)
  [566/2782] nano_608.root
         -> 608 vertices (1,468 trig, 541 trig+kin events)
  [567/2782] nano_609.root
         -> 353 vertices (895 trig, 296 trig+kin events)
  [568/2782] nano_61.root
         -> 252 vertices (724 trig, 234 trig+kin events)
  [569/2782] nano_610.root
         -> 292 vertices (748 trig, 267 trig+kin events)
  [570/2782] nano_611.root
         -> 571 vertices (1,474 trig, 516 trig+kin events)
  [571/2782] nano_612.root
         -> 572 vertices (1,515 trig, 512 trig+kin events)
  [572/2782] nano_613.root
         -> 352 vertices (955 trig, 340 trig+kin events)
  [573/2782] nano_614.root
         -> 526 vertices (1,486 trig, 486 trig+kin events)
  [574/2782] nano_615.root
         -> 366 vertices (993 trig, 347 trig+kin events)
  [575/2782] nano_616.root
         -> 363 vertices (918 trig, 321 trig+kin events)
  [576/2782] nano_617.root
         -> 295 vertices (763 trig, 267 trig+kin events)
  [577/2782] nano_618.root
         -> 279 vertices (794 trig, 277 trig+kin events)
  [578/2782] nano_619.root
         -> 430 vertices (1,170 trig, 399 trig+kin events)
  [579/2782] nano_62.root
         -> 364 vertices (883 trig, 312 trig+kin events)
  [580/2782] nano_620.root
         -> 571 vertices (1,533 trig, 509 trig+kin events)
  [581/2782] nano_621.root
         -> 230 vertices (748 trig, 231 trig+kin events)
  [582/2782] nano_622.root
         -> 396 vertices (999 trig, 355 trig+kin events)
  [583/2782] nano_623.root
         -> 562 vertices (1,502 trig, 504 trig+kin events)
  [584/2782] nano_624.root
         -> 292 vertices (864 trig, 279 trig+kin events)
  [585/2782] nano_625.root
         -> 311 vertices (786 trig, 278 trig+kin events)
  [586/2782] nano_626.root
         -> 291 vertices (798 trig, 260 trig+kin events)
  [587/2782] nano_627.root
         -> 376 vertices (971 trig, 351 trig+kin events)
  [588/2782] nano_628.root
         -> 578 vertices (1,492 trig, 510 trig+kin events)
  [589/2782] nano_629.root
         -> 583 vertices (1,518 trig, 536 trig+kin events)
  [590/2782] nano_63.root
         -> 447 vertices (1,085 trig, 378 trig+kin events)
  [591/2782] nano_630.root
         -> 311 vertices (838 trig, 280 trig+kin events)
  [592/2782] nano_631.root
         -> 459 vertices (1,101 trig, 404 trig+kin events)
  [593/2782] nano_632.root
         -> 554 vertices (1,498 trig, 508 trig+kin events)
  [594/2782] nano_633.root
         -> 505 vertices (1,370 trig, 477 trig+kin events)
  [595/2782] nano_634.root
         -> 346 vertices (844 trig, 294 trig+kin events)
  [596/2782] nano_635.root
         -> 589 vertices (1,486 trig, 518 trig+kin events)
  [597/2782] nano_636.root
         -> 260 vertices (659 trig, 229 trig+kin events)
  [598/2782] nano_637.root
         -> 569 vertices (1,529 trig, 510 trig+kin events)
  [599/2782] nano_638.root
         -> 319 vertices (834 trig, 272 trig+kin events)
  [600/2782] nano_639.root
         -> 605 vertices (1,544 trig, 522 trig+kin events)
  [601/2782] nano_64.root
         -> 347 vertices (918 trig, 323 trig+kin events)
  [602/2782] nano_640.root
         -> 326 vertices (824 trig, 300 trig+kin events)
  [603/2782] nano_641.root
         -> 555 vertices (1,497 trig, 516 trig+kin events)
  [604/2782] nano_642.root
         -> 148 vertices (375 trig, 131 trig+kin events)
  [605/2782] nano_643.root
         -> 528 vertices (1,532 trig, 498 trig+kin events)
  [606/2782] nano_644.root
         -> 366 vertices (972 trig, 313 trig+kin events)
  [607/2782] nano_645.root
         -> 571 vertices (1,482 trig, 502 trig+kin events)
  [608/2782] nano_646.root
         -> 285 vertices (742 trig, 254 trig+kin events)
  [609/2782] nano_647.root
         -> 421 vertices (1,144 trig, 387 trig+kin events)
  [610/2782] nano_648.root
         -> 332 vertices (983 trig, 314 trig+kin events)
  [611/2782] nano_649.root
         -> 257 vertices (694 trig, 230 trig+kin events)
  [612/2782] nano_65.root
         -> 412 vertices (1,182 trig, 385 trig+kin events)
  [613/2782] nano_650.root
         -> 549 vertices (1,527 trig, 513 trig+kin events)
  [614/2782] nano_651.root
         -> 589 vertices (1,464 trig, 524 trig+kin events)
  [615/2782] nano_652.root
         -> 297 vertices (783 trig, 262 trig+kin events)
  [616/2782] nano_653.root
         -> 399 vertices (1,103 trig, 355 trig+kin events)
  [617/2782] nano_654.root
         -> 75 vertices (189 trig, 77 trig+kin events)
  [618/2782] nano_655.root
         -> 526 vertices (1,424 trig, 479 trig+kin events)
  [619/2782] nano_656.root
         -> 529 vertices (1,449 trig, 471 trig+kin events)
  [620/2782] nano_657.root
         -> 551 vertices (1,470 trig, 510 trig+kin events)
  [621/2782] nano_658.root
         -> 359 vertices (903 trig, 328 trig+kin events)
  [622/2782] nano_659.root
         -> 263 vertices (764 trig, 236 trig+kin events)
  [623/2782] nano_66.root
         -> 355 vertices (943 trig, 327 trig+kin events)
  [624/2782] nano_660.root
         -> 307 vertices (766 trig, 262 trig+kin events)
  [625/2782] nano_661.root
         -> 292 vertices (786 trig, 249 trig+kin events)
  [626/2782] nano_662.root
         -> 277 vertices (803 trig, 258 trig+kin events)
  [627/2782] nano_663.root
         -> 594 vertices (1,493 trig, 534 trig+kin events)
  [628/2782] nano_664.root
         -> 326 vertices (884 trig, 287 trig+kin events)
  [629/2782] nano_665.root
         -> 409 vertices (988 trig, 364 trig+kin events)
  [630/2782] nano_666.root
         -> 452 vertices (1,257 trig, 426 trig+kin events)
  [631/2782] nano_667.root
         -> 301 vertices (859 trig, 269 trig+kin events)
  [632/2782] nano_668.root
         -> 575 vertices (1,531 trig, 512 trig+kin events)
  [633/2782] nano_669.root
         -> 387 vertices (1,132 trig, 366 trig+kin events)
  [634/2782] nano_67.root
         -> 502 vertices (1,424 trig, 455 trig+kin events)
  [635/2782] nano_670.root
         -> 317 vertices (766 trig, 256 trig+kin events)
  [636/2782] nano_671.root
         -> 331 vertices (925 trig, 307 trig+kin events)
  [637/2782] nano_672.root
         -> 304 vertices (858 trig, 279 trig+kin events)
  [638/2782] nano_673.root
         -> 612 vertices (1,543 trig, 532 trig+kin events)
  [639/2782] nano_674.root
         -> 486 vertices (1,348 trig, 446 trig+kin events)
  [640/2782] nano_675.root
         -> 315 vertices (865 trig, 277 trig+kin events)
  [641/2782] nano_676.root
         -> 236 vertices (714 trig, 215 trig+kin events)
  [642/2782] nano_677.root
         -> 474 vertices (1,286 trig, 424 trig+kin events)
  [643/2782] nano_678.root
         -> 273 vertices (811 trig, 249 trig+kin events)
  [644/2782] nano_679.root
         -> 449 vertices (1,204 trig, 425 trig+kin events)
  [645/2782] nano_68.root
         -> 405 vertices (1,212 trig, 391 trig+kin events)
  [646/2782] nano_680.root
         -> 339 vertices (946 trig, 331 trig+kin events)
  [647/2782] nano_681.root
         -> 538 vertices (1,428 trig, 492 trig+kin events)
  [648/2782] nano_682.root
         -> 79 vertices (226 trig, 70 trig+kin events)
  [649/2782] nano_683.root
         -> 407 vertices (1,287 trig, 376 trig+kin events)
  [650/2782] nano_684.root
         -> 583 vertices (1,495 trig, 491 trig+kin events)
  [651/2782] nano_685.root
         -> 359 vertices (1,064 trig, 337 trig+kin events)
  [652/2782] nano_686.root
         -> 356 vertices (857 trig, 301 trig+kin events)
  [653/2782] nano_687.root
         -> 319 vertices (902 trig, 286 trig+kin events)
  [654/2782] nano_688.root
         -> 451 vertices (1,235 trig, 412 trig+kin events)
  [655/2782] nano_689.root
         -> 319 vertices (781 trig, 283 trig+kin events)
  [656/2782] nano_69.root
         -> 326 vertices (973 trig, 321 trig+kin events)
  [657/2782] nano_690.root
         -> 331 vertices (926 trig, 313 trig+kin events)
  [658/2782] nano_691.root
         -> 556 vertices (1,520 trig, 505 trig+kin events)
  [659/2782] nano_692.root
         -> 386 vertices (916 trig, 323 trig+kin events)
  [660/2782] nano_693.root
         -> 518 vertices (1,317 trig, 469 trig+kin events)
  [661/2782] nano_694.root
         -> 421 vertices (1,044 trig, 378 trig+kin events)
  [662/2782] nano_695.root
         -> 574 vertices (1,541 trig, 534 trig+kin events)
  [663/2782] nano_696.root
         -> 321 vertices (923 trig, 310 trig+kin events)
  [664/2782] nano_697.root
         -> 278 vertices (767 trig, 255 trig+kin events)
  [665/2782] nano_698.root
         -> 43 vertices (123 trig, 45 trig+kin events)
  [666/2782] nano_699.root
         -> 296 vertices (718 trig, 255 trig+kin events)
  [667/2782] nano_7.root
         -> 315 vertices (788 trig, 271 trig+kin events)
  [668/2782] nano_70.root
         -> 545 vertices (1,388 trig, 481 trig+kin events)
  [669/2782] nano_700.root
         -> 270 vertices (745 trig, 254 trig+kin events)
  [670/2782] nano_701.root
         -> 299 vertices (879 trig, 290 trig+kin events)
  [671/2782] nano_702.root
         -> 532 vertices (1,415 trig, 484 trig+kin events)
  [672/2782] nano_703.root
         -> 565 vertices (1,442 trig, 503 trig+kin events)
  [673/2782] nano_704.root
         -> 278 vertices (796 trig, 250 trig+kin events)
  [674/2782] nano_705.root
         -> 289 vertices (793 trig, 265 trig+kin events)
  [675/2782] nano_706.root
         -> 265 vertices (791 trig, 267 trig+kin events)
  [676/2782] nano_707.root
         -> 565 vertices (1,505 trig, 519 trig+kin events)
  [677/2782] nano_708.root
         -> 247 vertices (583 trig, 204 trig+kin events)
  [678/2782] nano_709.root
         -> 287 vertices (796 trig, 270 trig+kin events)
  [679/2782] nano_71.root
         -> 244 vertices (760 trig, 233 trig+kin events)
  [680/2782] nano_710.root
         -> 547 vertices (1,513 trig, 487 trig+kin events)
  [681/2782] nano_711.root
         -> 497 vertices (1,336 trig, 454 trig+kin events)
  [682/2782] nano_712.root
         -> 526 vertices (1,471 trig, 492 trig+kin events)
  [683/2782] nano_713.root
         -> 289 vertices (789 trig, 280 trig+kin events)
  [684/2782] nano_714.root
         -> 276 vertices (754 trig, 256 trig+kin events)
  [685/2782] nano_715.root
         -> 320 vertices (838 trig, 283 trig+kin events)
  [686/2782] nano_716.root
         -> 270 vertices (721 trig, 238 trig+kin events)
  [687/2782] nano_717.root
         -> 346 vertices (874 trig, 315 trig+kin events)
  [688/2782] nano_718.root
         -> 323 vertices (881 trig, 295 trig+kin events)
  [689/2782] nano_719.root
         -> 283 vertices (778 trig, 263 trig+kin events)
  [690/2782] nano_72.root
         -> 303 vertices (807 trig, 280 trig+kin events)
  [691/2782] nano_720.root
         -> 373 vertices (924 trig, 328 trig+kin events)
  [692/2782] nano_721.root
         -> 310 vertices (818 trig, 266 trig+kin events)
  [693/2782] nano_722.root
         -> 425 vertices (1,103 trig, 383 trig+kin events)
  [694/2782] nano_723.root
         -> 269 vertices (824 trig, 272 trig+kin events)
  [695/2782] nano_724.root
         -> 440 vertices (1,120 trig, 387 trig+kin events)
  [696/2782] nano_725.root
         -> 345 vertices (912 trig, 314 trig+kin events)
  [697/2782] nano_726.root
         -> 290 vertices (804 trig, 263 trig+kin events)
  [698/2782] nano_727.root
         -> 531 vertices (1,541 trig, 517 trig+kin events)
  [699/2782] nano_728.root
         -> 282 vertices (801 trig, 282 trig+kin events)
  [700/2782] nano_729.root
         -> 559 vertices (1,546 trig, 520 trig+kin events)
  [701/2782] nano_73.root
         -> 581 vertices (1,503 trig, 515 trig+kin events)
  [702/2782] nano_730.root
         -> 374 vertices (940 trig, 333 trig+kin events)
  [703/2782] nano_731.root
         -> 353 vertices (938 trig, 317 trig+kin events)
  [704/2782] nano_732.root
         -> 380 vertices (1,092 trig, 357 trig+kin events)
  [705/2782] nano_733.root
         -> 417 vertices (1,036 trig, 356 trig+kin events)
  [706/2782] nano_734.root
         -> 565 vertices (1,475 trig, 495 trig+kin events)
  [707/2782] nano_735.root
         -> 362 vertices (1,058 trig, 344 trig+kin events)
  [708/2782] nano_736.root
         -> 275 vertices (798 trig, 269 trig+kin events)
  [709/2782] nano_737.root
         -> 380 vertices (1,019 trig, 344 trig+kin events)
  [710/2782] nano_738.root
         -> 320 vertices (839 trig, 287 trig+kin events)
  [711/2782] nano_739.root
         -> 525 vertices (1,462 trig, 490 trig+kin events)
  [712/2782] nano_74.root
         -> 445 vertices (1,189 trig, 397 trig+kin events)
  [713/2782] nano_740.root
         -> 304 vertices (797 trig, 276 trig+kin events)
  [714/2782] nano_741.root
         -> 381 vertices (982 trig, 335 trig+kin events)
  [715/2782] nano_742.root
         -> 583 vertices (1,514 trig, 531 trig+kin events)
  [716/2782] nano_743.root
         -> 411 vertices (1,075 trig, 366 trig+kin events)
  [717/2782] nano_744.root
         -> 294 vertices (823 trig, 282 trig+kin events)
  [718/2782] nano_745.root
         -> 416 vertices (1,100 trig, 381 trig+kin events)
  [719/2782] nano_746.root
         -> 291 vertices (766 trig, 257 trig+kin events)
  [720/2782] nano_747.root
         -> 268 vertices (758 trig, 250 trig+kin events)
  [721/2782] nano_748.root
         -> 304 vertices (807 trig, 291 trig+kin events)
  [722/2782] nano_749.root
         -> 109 vertices (274 trig, 95 trig+kin events)
  [723/2782] nano_75.root
         -> 547 vertices (1,447 trig, 498 trig+kin events)
  [724/2782] nano_750.root
         -> 530 vertices (1,488 trig, 485 trig+kin events)
  [725/2782] nano_751.root
         -> 346 vertices (980 trig, 318 trig+kin events)
  [726/2782] nano_752.root
         -> 305 vertices (869 trig, 286 trig+kin events)
  [727/2782] nano_753.root
         -> 610 vertices (1,531 trig, 537 trig+kin events)
  [728/2782] nano_754.root
         -> 281 vertices (741 trig, 240 trig+kin events)
  [729/2782] nano_755.root
         -> 268 vertices (813 trig, 256 trig+kin events)
  [730/2782] nano_756.root
         -> 507 vertices (1,418 trig, 456 trig+kin events)
  [731/2782] nano_757.root
         -> 281 vertices (722 trig, 237 trig+kin events)
  [732/2782] nano_758.root
         -> 585 vertices (1,494 trig, 515 trig+kin events)
  [733/2782] nano_759.root
         -> 373 vertices (940 trig, 330 trig+kin events)
  [734/2782] nano_76.root
         -> 543 vertices (1,470 trig, 494 trig+kin events)
  [735/2782] nano_760.root
         -> 534 vertices (1,493 trig, 507 trig+kin events)
  [736/2782] nano_761.root
         -> 220 vertices (685 trig, 215 trig+kin events)
  [737/2782] nano_762.root
         -> 301 vertices (737 trig, 269 trig+kin events)
  [738/2782] nano_763.root
         -> 279 vertices (737 trig, 251 trig+kin events)
  [739/2782] nano_764.root
         -> 530 vertices (1,454 trig, 476 trig+kin events)
  [740/2782] nano_765.root
         -> 287 vertices (727 trig, 265 trig+kin events)
  [741/2782] nano_766.root
         -> 539 vertices (1,469 trig, 459 trig+kin events)
  [742/2782] nano_767.root
         -> 384 vertices (1,010 trig, 347 trig+kin events)
  [743/2782] nano_768.root
         -> 354 vertices (942 trig, 318 trig+kin events)
  [744/2782] nano_769.root
         -> 301 vertices (794 trig, 281 trig+kin events)
  [745/2782] nano_77.root
         -> 15 vertices (61 trig, 13 trig+kin events)
  [746/2782] nano_770.root
         -> 549 vertices (1,499 trig, 513 trig+kin events)
  [747/2782] nano_771.root
         -> 264 vertices (727 trig, 238 trig+kin events)
  [748/2782] nano_772.root
         -> 47 vertices (97 trig, 41 trig+kin events)
  [749/2782] nano_773.root
         -> 371 vertices (929 trig, 322 trig+kin events)
  [750/2782] nano_774.root
         -> 472 vertices (1,281 trig, 424 trig+kin events)
  [751/2782] nano_775.root
         -> 332 vertices (837 trig, 298 trig+kin events)
  [752/2782] nano_776.root
         -> 362 vertices (960 trig, 337 trig+kin events)
  [753/2782] nano_777.root
         -> 504 vertices (1,234 trig, 452 trig+kin events)
  [754/2782] nano_778.root
         -> 532 vertices (1,462 trig, 478 trig+kin events)
  [755/2782] nano_779.root
         -> 537 vertices (1,455 trig, 482 trig+kin events)
  [756/2782] nano_78.root
         -> 335 vertices (857 trig, 304 trig+kin events)
  [757/2782] nano_780.root
         -> 526 vertices (1,463 trig, 508 trig+kin events)
  [758/2782] nano_781.root
         -> 539 vertices (1,498 trig, 492 trig+kin events)
  [759/2782] nano_782.root
         -> 381 vertices (1,018 trig, 352 trig+kin events)
  [760/2782] nano_783.root
         -> 335 vertices (974 trig, 318 trig+kin events)
  [761/2782] nano_784.root
         -> 347 vertices (892 trig, 302 trig+kin events)
  [762/2782] nano_785.root
         -> 254 vertices (761 trig, 240 trig+kin events)
  [763/2782] nano_786.root
         -> 562 vertices (1,462 trig, 500 trig+kin events)
  [764/2782] nano_787.root
         -> 327 vertices (860 trig, 297 trig+kin events)
  [765/2782] nano_788.root
         -> 285 vertices (783 trig, 269 trig+kin events)
  [766/2782] nano_789.root
         -> 391 vertices (1,052 trig, 357 trig+kin events)
  [767/2782] nano_79.root
         -> 290 vertices (767 trig, 261 trig+kin events)
  [768/2782] nano_790.root
         -> 313 vertices (873 trig, 296 trig+kin events)
  [769/2782] nano_791.root
         -> 500 vertices (1,197 trig, 434 trig+kin events)
  [770/2782] nano_792.root
         -> 292 vertices (746 trig, 257 trig+kin events)
  [771/2782] nano_793.root
         -> 279 vertices (809 trig, 253 trig+kin events)
  [772/2782] nano_794.root
         -> 343 vertices (909 trig, 311 trig+kin events)
  [773/2782] nano_795.root
         -> 304 vertices (771 trig, 265 trig+kin events)
  [774/2782] nano_796.root
         -> 554 vertices (1,472 trig, 523 trig+kin events)
  [775/2782] nano_797.root
         -> 316 vertices (820 trig, 289 trig+kin events)
  [776/2782] nano_798.root
         -> 317 vertices (776 trig, 268 trig+kin events)
  [777/2782] nano_799.root
         -> 329 vertices (830 trig, 274 trig+kin events)
  [778/2782] nano_8.root
         -> 7 vertices (16 trig, 7 trig+kin events)
  [779/2782] nano_80.root
         -> 330 vertices (832 trig, 275 trig+kin events)
  [780/2782] nano_800.root
         -> 341 vertices (958 trig, 293 trig+kin events)
  [781/2782] nano_801.root
         -> 358 vertices (871 trig, 321 trig+kin events)
  [782/2782] nano_802.root
         -> 324 vertices (851 trig, 279 trig+kin events)
  [783/2782] nano_803.root
         -> 336 vertices (884 trig, 319 trig+kin events)
  [784/2782] nano_804.root
         -> 356 vertices (892 trig, 306 trig+kin events)
  [785/2782] nano_805.root
         -> 401 vertices (1,157 trig, 373 trig+kin events)
  [786/2782] nano_806.root
         -> 531 vertices (1,462 trig, 502 trig+kin events)
  [787/2782] nano_807.root
         -> 289 vertices (779 trig, 259 trig+kin events)
  [788/2782] nano_808.root
         -> 328 vertices (931 trig, 301 trig+kin events)
  [789/2782] nano_809.root
         -> 309 vertices (855 trig, 281 trig+kin events)
  [790/2782] nano_81.root
         -> 441 vertices (1,170 trig, 405 trig+kin events)
  [791/2782] nano_810.root
         -> 526 vertices (1,402 trig, 465 trig+kin events)
  [792/2782] nano_811.root
         -> 597 vertices (1,488 trig, 515 trig+kin events)
  [793/2782] nano_812.root
         -> 498 vertices (1,408 trig, 471 trig+kin events)
  [794/2782] nano_813.root
         -> 295 vertices (826 trig, 267 trig+kin events)
  [795/2782] nano_814.root
         -> 556 vertices (1,515 trig, 517 trig+kin events)
  [796/2782] nano_815.root
         -> 524 vertices (1,488 trig, 483 trig+kin events)
  [797/2782] nano_816.root
         -> 331 vertices (877 trig, 312 trig+kin events)
  [798/2782] nano_817.root
         -> 97 vertices (258 trig, 85 trig+kin events)
  [799/2782] nano_818.root
         -> 57 vertices (200 trig, 65 trig+kin events)
  [800/2782] nano_819.root
         -> 305 vertices (829 trig, 269 trig+kin events)
  [801/2782] nano_82.root
         -> 476 vertices (1,209 trig, 424 trig+kin events)
  [802/2782] nano_820.root
         -> 510 vertices (1,517 trig, 503 trig+kin events)
  [803/2782] nano_821.root
         -> 237 vertices (784 trig, 222 trig+kin events)
  [804/2782] nano_822.root
         -> 601 vertices (1,512 trig, 548 trig+kin events)
  [805/2782] nano_823.root
         -> 316 vertices (833 trig, 282 trig+kin events)
  [806/2782] nano_824.root
         -> 445 vertices (1,178 trig, 401 trig+kin events)
  [807/2782] nano_825.root
         -> 320 vertices (846 trig, 288 trig+kin events)
  [808/2782] nano_826.root
         -> 387 vertices (1,070 trig, 351 trig+kin events)
  [809/2782] nano_827.root
         -> 544 vertices (1,465 trig, 498 trig+kin events)
  [810/2782] nano_828.root
         -> 590 vertices (1,484 trig, 524 trig+kin events)
  [811/2782] nano_829.root
         -> 466 vertices (1,286 trig, 427 trig+kin events)
  [812/2782] nano_83.root
         -> 336 vertices (749 trig, 272 trig+kin events)
  [813/2782] nano_830.root
         -> 322 vertices (817 trig, 278 trig+kin events)
  [814/2782] nano_831.root
         -> 333 vertices (911 trig, 309 trig+kin events)
  [815/2782] nano_832.root
         -> 267 vertices (706 trig, 238 trig+kin events)
  [816/2782] nano_833.root
         -> 436 vertices (1,069 trig, 370 trig+kin events)
  [817/2782] nano_834.root
         -> 326 vertices (848 trig, 313 trig+kin events)
  [818/2782] nano_835.root
         -> 422 vertices (1,175 trig, 394 trig+kin events)
  [819/2782] nano_836.root
         -> 390 vertices (961 trig, 330 trig+kin events)
  [820/2782] nano_837.root
         -> 604 vertices (1,455 trig, 510 trig+kin events)
  [821/2782] nano_838.root
         -> 301 vertices (776 trig, 266 trig+kin events)
  [822/2782] nano_839.root
         -> 596 vertices (1,519 trig, 533 trig+kin events)
  [823/2782] nano_84.root
         -> 312 vertices (827 trig, 276 trig+kin events)
  [824/2782] nano_840.root
         -> 395 vertices (1,174 trig, 375 trig+kin events)
  [825/2782] nano_841.root
         -> 586 vertices (1,490 trig, 542 trig+kin events)
  [826/2782] nano_842.root
         -> 424 vertices (1,152 trig, 376 trig+kin events)
  [827/2782] nano_843.root
         -> 330 vertices (859 trig, 294 trig+kin events)
  [828/2782] nano_844.root
         -> 537 vertices (1,473 trig, 493 trig+kin events)
  [829/2782] nano_845.root
         -> 385 vertices (1,070 trig, 351 trig+kin events)
  [830/2782] nano_846.root
         -> 438 vertices (1,184 trig, 397 trig+kin events)
  [831/2782] nano_847.root
         -> 558 vertices (1,496 trig, 491 trig+kin events)
  [832/2782] nano_848.root
         -> 304 vertices (864 trig, 277 trig+kin events)
  [833/2782] nano_849.root
         -> 334 vertices (901 trig, 308 trig+kin events)
  [834/2782] nano_85.root
         -> 296 vertices (775 trig, 279 trig+kin events)
  [835/2782] nano_850.root
         -> 27 vertices (58 trig, 22 trig+kin events)
  [836/2782] nano_851.root
         -> 294 vertices (848 trig, 279 trig+kin events)
  [837/2782] nano_852.root
         -> 155 vertices (371 trig, 132 trig+kin events)
  [838/2782] nano_853.root
         -> 524 vertices (1,474 trig, 491 trig+kin events)
  [839/2782] nano_854.root
         -> 348 vertices (878 trig, 301 trig+kin events)
  [840/2782] nano_855.root
         -> 134 vertices (364 trig, 124 trig+kin events)
  [841/2782] nano_856.root
         -> 568 vertices (1,466 trig, 484 trig+kin events)
  [842/2782] nano_857.root
         -> 298 vertices (843 trig, 267 trig+kin events)
  [843/2782] nano_858.root
         -> 528 vertices (1,457 trig, 484 trig+kin events)
  [844/2782] nano_859.root
         -> 274 vertices (843 trig, 267 trig+kin events)
  [845/2782] nano_86.root
         -> 405 vertices (964 trig, 347 trig+kin events)
  [846/2782] nano_860.root
         -> 363 vertices (965 trig, 322 trig+kin events)
  [847/2782] nano_861.root
         -> 397 vertices (1,068 trig, 347 trig+kin events)
  [848/2782] nano_862.root
         -> 341 vertices (957 trig, 317 trig+kin events)
  [849/2782] nano_863.root
         -> 568 vertices (1,490 trig, 518 trig+kin events)
  [850/2782] nano_864.root
         -> 327 vertices (896 trig, 293 trig+kin events)
  [851/2782] nano_865.root
         -> 540 vertices (1,509 trig, 484 trig+kin events)
  [852/2782] nano_866.root
         -> 411 vertices (1,138 trig, 391 trig+kin events)
  [853/2782] nano_867.root
         -> 276 vertices (784 trig, 239 trig+kin events)
  [854/2782] nano_868.root
         -> 305 vertices (761 trig, 264 trig+kin events)
  [855/2782] nano_869.root
         -> 541 vertices (1,504 trig, 500 trig+kin events)
  [856/2782] nano_87.root
         -> 337 vertices (1,014 trig, 317 trig+kin events)
  [857/2782] nano_870.root
         -> 597 vertices (1,512 trig, 524 trig+kin events)
  [858/2782] nano_871.root
         -> 256 vertices (741 trig, 241 trig+kin events)
  [859/2782] nano_872.root
         -> 280 vertices (777 trig, 258 trig+kin events)
  [860/2782] nano_873.root
         -> 266 vertices (717 trig, 258 trig+kin events)
  [861/2782] nano_874.root
         -> 113 vertices (304 trig, 97 trig+kin events)
  [862/2782] nano_875.root
         -> 316 vertices (868 trig, 273 trig+kin events)
  [863/2782] nano_876.root
         -> 305 vertices (785 trig, 258 trig+kin events)
  [864/2782] nano_877.root
         -> 563 vertices (1,493 trig, 516 trig+kin events)
  [865/2782] nano_878.root
         -> 370 vertices (942 trig, 328 trig+kin events)
  [866/2782] nano_879.root
         -> 523 vertices (1,521 trig, 514 trig+kin events)
  [867/2782] nano_88.root
         -> 577 vertices (1,522 trig, 529 trig+kin events)
  [868/2782] nano_880.root
         -> 594 vertices (1,528 trig, 535 trig+kin events)
  [869/2782] nano_881.root
         -> 525 vertices (1,343 trig, 471 trig+kin events)
  [870/2782] nano_882.root
         -> 572 vertices (1,455 trig, 483 trig+kin events)
  [871/2782] nano_883.root
         -> 576 vertices (1,496 trig, 499 trig+kin events)
  [872/2782] nano_884.root
         -> 511 vertices (1,400 trig, 494 trig+kin events)
  [873/2782] nano_885.root
         -> 620 vertices (1,483 trig, 520 trig+kin events)
  [874/2782] nano_886.root
         -> 299 vertices (908 trig, 286 trig+kin events)
  [875/2782] nano_887.root
         -> 383 vertices (995 trig, 337 trig+kin events)
  [876/2782] nano_888.root
         -> 314 vertices (826 trig, 279 trig+kin events)
  [877/2782] nano_889.root
         -> 532 vertices (1,445 trig, 486 trig+kin events)
  [878/2782] nano_89.root
         -> 345 vertices (967 trig, 309 trig+kin events)
  [879/2782] nano_890.root
         -> 327 vertices (819 trig, 292 trig+kin events)
  [880/2782] nano_891.root
         -> 562 vertices (1,535 trig, 520 trig+kin events)
  [881/2782] nano_892.root
         -> 291 vertices (800 trig, 259 trig+kin events)
  [882/2782] nano_893.root
         -> 535 vertices (1,470 trig, 505 trig+kin events)
  [883/2782] nano_894.root
         -> 501 vertices (1,470 trig, 476 trig+kin events)
  [884/2782] nano_895.root
         -> 312 vertices (829 trig, 271 trig+kin events)
  [885/2782] nano_896.root
         -> 314 vertices (901 trig, 299 trig+kin events)
  [886/2782] nano_897.root
         -> 345 vertices (845 trig, 299 trig+kin events)
  [887/2782] nano_898.root
         -> 530 vertices (1,464 trig, 514 trig+kin events)
  [888/2782] nano_899.root
         -> 600 vertices (1,475 trig, 520 trig+kin events)
  [889/2782] nano_9.root
         -> 252 vertices (690 trig, 225 trig+kin events)
  [890/2782] nano_90.root
         -> 504 vertices (1,468 trig, 475 trig+kin events)
  [891/2782] nano_900.root
         -> 554 vertices (1,538 trig, 499 trig+kin events)
  [892/2782] nano_901.root
         -> 414 vertices (1,118 trig, 369 trig+kin events)
  [893/2782] nano_902.root
         -> 367 vertices (873 trig, 327 trig+kin events)
  [894/2782] nano_903.root
         -> 124 vertices (270 trig, 100 trig+kin events)
  [895/2782] nano_904.root
         -> 510 vertices (1,454 trig, 486 trig+kin events)
  [896/2782] nano_905.root
         -> 238 vertices (602 trig, 219 trig+kin events)
  [897/2782] nano_906.root
         -> 320 vertices (932 trig, 315 trig+kin events)
  [898/2782] nano_907.root
         -> 262 vertices (804 trig, 221 trig+kin events)
  [899/2782] nano_908.root
         -> 289 vertices (773 trig, 274 trig+kin events)
  [900/2782] nano_909.root
         -> 510 vertices (1,502 trig, 482 trig+kin events)
  [901/2782] nano_91.root
         -> 516 vertices (1,497 trig, 486 trig+kin events)
  [902/2782] nano_910.root
         -> 557 vertices (1,410 trig, 484 trig+kin events)
  [903/2782] nano_911.root
         -> 582 vertices (1,467 trig, 511 trig+kin events)
  [904/2782] nano_912.root
         -> 525 vertices (1,437 trig, 470 trig+kin events)
  [905/2782] nano_913.root
         -> 538 vertices (1,444 trig, 484 trig+kin events)
  [906/2782] nano_914.root
         -> 319 vertices (896 trig, 299 trig+kin events)
  [907/2782] nano_915.root
         -> 317 vertices (858 trig, 279 trig+kin events)
  [908/2782] nano_916.root
         -> 366 vertices (991 trig, 334 trig+kin events)
  [909/2782] nano_917.root
         -> 321 vertices (788 trig, 294 trig+kin events)
  [910/2782] nano_918.root
         -> 269 vertices (778 trig, 262 trig+kin events)
  [911/2782] nano_919.root
         -> 566 vertices (1,426 trig, 494 trig+kin events)
  [912/2782] nano_92.root
         -> 351 vertices (907 trig, 286 trig+kin events)
  [913/2782] nano_920.root
         -> 286 vertices (687 trig, 263 trig+kin events)
  [914/2782] nano_921.root
         -> 553 vertices (1,400 trig, 493 trig+kin events)
  [915/2782] nano_922.root
         -> 246 vertices (675 trig, 215 trig+kin events)
  [916/2782] nano_923.root
         -> 564 vertices (1,482 trig, 532 trig+kin events)
  [917/2782] nano_924.root
         -> 147 vertices (399 trig, 131 trig+kin events)
  [918/2782] nano_925.root
         -> 273 vertices (779 trig, 256 trig+kin events)
  [919/2782] nano_926.root
         -> 577 vertices (1,479 trig, 513 trig+kin events)
  [920/2782] nano_927.root
         -> 566 vertices (1,483 trig, 508 trig+kin events)
  [921/2782] nano_928.root
         -> 298 vertices (765 trig, 262 trig+kin events)
  [922/2782] nano_929.root
         -> 363 vertices (880 trig, 322 trig+kin events)
  [923/2782] nano_93.root
         -> 297 vertices (822 trig, 267 trig+kin events)
  [924/2782] nano_930.root
         -> 338 vertices (820 trig, 281 trig+kin events)
  [925/2782] nano_931.root
         -> 587 vertices (1,472 trig, 514 trig+kin events)
  [926/2782] nano_932.root
         -> 581 vertices (1,524 trig, 504 trig+kin events)
  [927/2782] nano_933.root
         -> 486 vertices (1,450 trig, 475 trig+kin events)
  [928/2782] nano_934.root
         -> 425 vertices (1,054 trig, 374 trig+kin events)
  [929/2782] nano_935.root
         -> 529 vertices (1,482 trig, 489 trig+kin events)
  [930/2782] nano_936.root
         -> 524 vertices (1,453 trig, 481 trig+kin events)
  [931/2782] nano_937.root
         -> 314 vertices (959 trig, 317 trig+kin events)
  [932/2782] nano_938.root
         -> 339 vertices (864 trig, 290 trig+kin events)
  [933/2782] nano_939.root
         -> 297 vertices (724 trig, 263 trig+kin events)
  [934/2782] nano_94.root
         -> 310 vertices (794 trig, 277 trig+kin events)
  [935/2782] nano_940.root
         -> 346 vertices (846 trig, 289 trig+kin events)
  [936/2782] nano_941.root
         -> 570 vertices (1,473 trig, 503 trig+kin events)
  [937/2782] nano_942.root
         -> 280 vertices (706 trig, 248 trig+kin events)
  [938/2782] nano_943.root
         -> 279 vertices (782 trig, 256 trig+kin events)
  [939/2782] nano_944.root
         -> 332 vertices (835 trig, 289 trig+kin events)
  [940/2782] nano_945.root
         -> 291 vertices (761 trig, 267 trig+kin events)
  [941/2782] nano_946.root
         -> 619 vertices (1,566 trig, 546 trig+kin events)
  [942/2782] nano_947.root
         -> 431 vertices (1,205 trig, 393 trig+kin events)
  [943/2782] nano_948.root
         -> 613 vertices (1,533 trig, 539 trig+kin events)
  [944/2782] nano_949.root
         -> 324 vertices (948 trig, 329 trig+kin events)
  [945/2782] nano_95.root
         -> 473 vertices (1,102 trig, 379 trig+kin events)
  [946/2782] nano_950.root
         -> 271 vertices (805 trig, 260 trig+kin events)
  [947/2782] nano_951.root
         -> 317 vertices (785 trig, 278 trig+kin events)
  [948/2782] nano_952.root
         -> 271 vertices (805 trig, 258 trig+kin events)
  [949/2782] nano_953.root
         -> 309 vertices (796 trig, 267 trig+kin events)
  [950/2782] nano_954.root
         -> 294 vertices (771 trig, 274 trig+kin events)
  [951/2782] nano_955.root
         -> 541 vertices (1,452 trig, 488 trig+kin events)
  [952/2782] nano_956.root
         -> 160 vertices (450 trig, 148 trig+kin events)
  [953/2782] nano_957.root
         -> 284 vertices (747 trig, 255 trig+kin events)
  [954/2782] nano_958.root
         -> 581 vertices (1,525 trig, 529 trig+kin events)
  [955/2782] nano_959.root
         -> 542 vertices (1,439 trig, 495 trig+kin events)
  [956/2782] nano_96.root
         -> 515 vertices (1,494 trig, 479 trig+kin events)
  [957/2782] nano_960.root
         -> 328 vertices (920 trig, 295 trig+kin events)
  [958/2782] nano_961.root
         -> 531 vertices (1,422 trig, 494 trig+kin events)
  [959/2782] nano_962.root
         -> 623 vertices (1,495 trig, 530 trig+kin events)
  [960/2782] nano_963.root
         -> 327 vertices (893 trig, 295 trig+kin events)
  [961/2782] nano_964.root
         -> 65 vertices (201 trig, 69 trig+kin events)
  [962/2782] nano_965.root
         -> 333 vertices (902 trig, 323 trig+kin events)
  [963/2782] nano_966.root
         -> 285 vertices (756 trig, 256 trig+kin events)
  [964/2782] nano_967.root
         -> 502 vertices (1,407 trig, 465 trig+kin events)
  [965/2782] nano_968.root
         -> 444 vertices (1,189 trig, 405 trig+kin events)
  [966/2782] nano_969.root
         -> 346 vertices (883 trig, 309 trig+kin events)
  [967/2782] nano_97.root
         -> 306 vertices (755 trig, 279 trig+kin events)
  [968/2782] nano_970.root
         -> 603 vertices (1,527 trig, 508 trig+kin events)
  [969/2782] nano_971.root
         -> 593 vertices (1,524 trig, 535 trig+kin events)
  [970/2782] nano_972.root
         -> 266 vertices (802 trig, 282 trig+kin events)
  [971/2782] nano_973.root
         -> 516 vertices (1,427 trig, 454 trig+kin events)
  [972/2782] nano_974.root
         -> 522 vertices (1,505 trig, 489 trig+kin events)
  [973/2782] nano_975.root
         -> 60 vertices (208 trig, 63 trig+kin events)
  [974/2782] nano_976.root
         -> 432 vertices (1,192 trig, 412 trig+kin events)
  [975/2782] nano_977.root
         -> 436 vertices (1,191 trig, 432 trig+kin events)
  [976/2782] nano_978.root
         -> 486 vertices (1,314 trig, 432 trig+kin events)
  [977/2782] nano_979.root
         -> 195 vertices (637 trig, 200 trig+kin events)
  [978/2782] nano_98.root
         -> 318 vertices (877 trig, 300 trig+kin events)
  [979/2782] nano_980.root
         -> 537 vertices (1,408 trig, 495 trig+kin events)
  [980/2782] nano_981.root
         -> 590 vertices (1,500 trig, 525 trig+kin events)
  [981/2782] nano_982.root
         -> 543 vertices (1,475 trig, 505 trig+kin events)
  [982/2782] nano_983.root
         -> 304 vertices (905 trig, 307 trig+kin events)
  [983/2782] nano_984.root
         -> 539 vertices (1,471 trig, 476 trig+kin events)
  [984/2782] nano_985.root
         -> 303 vertices (767 trig, 257 trig+kin events)
  [985/2782] nano_986.root
         -> 636 vertices (1,520 trig, 557 trig+kin events)
  [986/2782] nano_987.root
         -> 267 vertices (759 trig, 250 trig+kin events)
  [987/2782] nano_988.root
         -> 263 vertices (734 trig, 245 trig+kin events)
  [988/2782] nano_989.root
         -> 580 vertices (1,514 trig, 517 trig+kin events)
  [989/2782] nano_99.root
         -> 485 vertices (1,343 trig, 444 trig+kin events)
  [990/2782] nano_990.root
         -> 356 vertices (870 trig, 315 trig+kin events)
  [991/2782] nano_991.root
         -> 331 vertices (863 trig, 294 trig+kin events)
  [992/2782] nano_992.root
         -> 294 vertices (806 trig, 259 trig+kin events)
  [993/2782] nano_993.root
         -> 543 vertices (1,522 trig, 509 trig+kin events)
  [994/2782] nano_994.root
         -> 334 vertices (897 trig, 311 trig+kin events)
  [995/2782] nano_995.root
         -> 279 vertices (780 trig, 265 trig+kin events)
  [996/2782] nano_996.root
         -> 407 vertices (1,118 trig, 365 trig+kin events)
  [997/2782] nano_997.root
         -> 289 vertices (749 trig, 252 trig+kin events)
  [998/2782] nano_998.root
         -> 541 vertices (1,469 trig, 468 trig+kin events)
  [999/2782] nano_999.root
         -> 538 vertices (1,448 trig, 473 trig+kin events)
  [1000/2782] nano_1000.root
         -> 299 vertices (743 trig, 254 trig+kin events)
  [1001/2782] nano_1001.root
         -> 363 vertices (1,013 trig, 332 trig+kin events)
  [1002/2782] nano_1002.root
         -> 274 vertices (748 trig, 244 trig+kin events)
  [1003/2782] nano_1003.root
         -> 266 vertices (737 trig, 247 trig+kin events)
  [1004/2782] nano_1004.root
         -> 290 vertices (783 trig, 261 trig+kin events)
  [1005/2782] nano_1005.root
         -> 484 vertices (1,235 trig, 414 trig+kin events)
  [1006/2782] nano_1006.root
         -> 597 vertices (1,489 trig, 537 trig+kin events)
  [1007/2782] nano_1007.root
         -> 326 vertices (837 trig, 270 trig+kin events)
  [1008/2782] nano_1008.root
         -> 497 vertices (1,417 trig, 474 trig+kin events)
  [1009/2782] nano_1009.root
         -> 278 vertices (734 trig, 249 trig+kin events)
  [1010/2782] nano_1010.root
         -> 550 vertices (1,457 trig, 506 trig+kin events)
  [1011/2782] nano_1011.root
         -> 530 vertices (1,458 trig, 487 trig+kin events)
  [1012/2782] nano_1012.root
         -> 533 vertices (1,403 trig, 474 trig+kin events)
  [1013/2782] nano_1013.root
         -> 205 vertices (634 trig, 185 trig+kin events)
  [1014/2782] nano_1014.root
         -> 256 vertices (677 trig, 228 trig+kin events)
  [1015/2782] nano_1015.root
         -> 323 vertices (816 trig, 273 trig+kin events)
  [1016/2782] nano_1016.root
         -> 292 vertices (805 trig, 267 trig+kin events)
  [1017/2782] nano_1017.root
         -> 368 vertices (925 trig, 314 trig+kin events)
  [1018/2782] nano_1018.root
         -> 504 vertices (1,343 trig, 447 trig+kin events)
  [1019/2782] nano_1019.root
         -> 553 vertices (1,509 trig, 496 trig+kin events)
  [1020/2782] nano_1020.root
         -> 400 vertices (1,086 trig, 373 trig+kin events)
  [1021/2782] nano_1021.root
         -> 309 vertices (838 trig, 267 trig+kin events)
  [1022/2782] nano_1022.root
         -> 440 vertices (1,121 trig, 398 trig+kin events)
  [1023/2782] nano_1023.root
         -> 490 vertices (1,470 trig, 461 trig+kin events)
  [1024/2782] nano_1024.root
         -> 526 vertices (1,471 trig, 483 trig+kin events)
  [1025/2782] nano_1025.root
         -> 296 vertices (781 trig, 259 trig+kin events)
  [1026/2782] nano_1026.root
         -> 436 vertices (1,137 trig, 381 trig+kin events)
  [1027/2782] nano_1027.root
         -> 312 vertices (884 trig, 279 trig+kin events)
  [1028/2782] nano_1028.root
         -> 336 vertices (815 trig, 287 trig+kin events)
  [1029/2782] nano_1029.root
         -> 280 vertices (756 trig, 276 trig+kin events)
  [1030/2782] nano_1030.root
         -> 506 vertices (1,452 trig, 467 trig+kin events)
  [1031/2782] nano_1031.root
         -> 292 vertices (730 trig, 245 trig+kin events)
  [1032/2782] nano_1032.root
         -> 561 vertices (1,463 trig, 498 trig+kin events)
  [1033/2782] nano_1033.root
         -> 110 vertices (299 trig, 103 trig+kin events)
  [1034/2782] nano_1034.root
         -> 390 vertices (1,041 trig, 349 trig+kin events)
  [1035/2782] nano_1035.root
         -> 292 vertices (795 trig, 280 trig+kin events)
  [1036/2782] nano_1036.root
         -> 548 vertices (1,432 trig, 497 trig+kin events)
  [1037/2782] nano_1037.root
         -> 613 vertices (1,554 trig, 545 trig+kin events)
  [1038/2782] nano_1038.root
         -> 281 vertices (779 trig, 264 trig+kin events)
  [1039/2782] nano_1039.root
         -> 273 vertices (700 trig, 245 trig+kin events)
  [1040/2782] nano_1040.root
         -> 506 vertices (1,412 trig, 476 trig+kin events)
  [1041/2782] nano_1041.root
         -> 546 vertices (1,481 trig, 467 trig+kin events)
  [1042/2782] nano_1042.root
         -> 311 vertices (769 trig, 256 trig+kin events)
  [1043/2782] nano_1043.root
         -> 570 vertices (1,545 trig, 542 trig+kin events)
  [1044/2782] nano_1044.root
         -> 517 vertices (1,426 trig, 482 trig+kin events)
  [1045/2782] nano_1045.root
         -> 435 vertices (1,189 trig, 385 trig+kin events)
  [1046/2782] nano_1046.root
         -> 299 vertices (849 trig, 274 trig+kin events)
  [1047/2782] nano_1047.root
         -> 357 vertices (917 trig, 318 trig+kin events)
  [1048/2782] nano_1048.root
         -> 424 vertices (1,080 trig, 376 trig+kin events)
  [1049/2782] nano_1049.root
         -> 535 vertices (1,397 trig, 469 trig+kin events)
  [1050/2782] nano_1050.root
         -> 294 vertices (817 trig, 286 trig+kin events)
  [1051/2782] nano_1051.root
         -> 587 vertices (1,496 trig, 518 trig+kin events)
  [1052/2782] nano_1052.root
         -> 280 vertices (787 trig, 252 trig+kin events)
  [1053/2782] nano_1053.root
         -> 318 vertices (884 trig, 323 trig+kin events)
  [1054/2782] nano_1054.root
         -> 283 vertices (816 trig, 257 trig+kin events)
  [1055/2782] nano_1055.root
         -> 293 vertices (784 trig, 266 trig+kin events)
  [1056/2782] nano_1056.root
         -> 528 vertices (1,491 trig, 469 trig+kin events)
  [1057/2782] nano_1057.root
         -> 264 vertices (791 trig, 252 trig+kin events)
  [1058/2782] nano_1058.root
         -> 331 vertices (788 trig, 296 trig+kin events)
  [1059/2782] nano_1059.root
         -> 505 vertices (1,487 trig, 478 trig+kin events)
  [1060/2782] nano_1060.root
         -> 275 vertices (775 trig, 251 trig+kin events)
  [1061/2782] nano_1061.root
         -> 329 vertices (770 trig, 293 trig+kin events)
  [1062/2782] nano_1062.root
         -> 545 vertices (1,466 trig, 497 trig+kin events)
  [1063/2782] nano_1063.root
         -> 560 vertices (1,497 trig, 492 trig+kin events)
  [1064/2782] nano_1064.root
         -> 300 vertices (755 trig, 271 trig+kin events)
  [1065/2782] nano_1065.root
         -> 323 vertices (910 trig, 290 trig+kin events)
  [1066/2782] nano_1066.root
         -> 397 vertices (997 trig, 359 trig+kin events)
  [1067/2782] nano_1067.root
         -> 536 vertices (1,388 trig, 457 trig+kin events)
  [1068/2782] nano_1068.root
         -> 313 vertices (838 trig, 287 trig+kin events)
  [1069/2782] nano_1069.root
         -> 284 vertices (730 trig, 252 trig+kin events)
  [1070/2782] nano_1070.root
         -> 297 vertices (750 trig, 250 trig+kin events)
  [1071/2782] nano_1071.root
         -> 265 vertices (704 trig, 231 trig+kin events)
  [1072/2782] nano_1072.root
         -> 289 vertices (838 trig, 267 trig+kin events)
  [1073/2782] nano_1073.root
         -> 522 vertices (1,450 trig, 477 trig+kin events)
  [1074/2782] nano_1074.root
         -> 265 vertices (759 trig, 243 trig+kin events)
  [1075/2782] nano_1075.root
         -> 311 vertices (818 trig, 281 trig+kin events)
  [1076/2782] nano_1076.root
         -> 565 vertices (1,489 trig, 494 trig+kin events)
  [1077/2782] nano_1077.root
         -> 301 vertices (762 trig, 275 trig+kin events)
  [1078/2782] nano_1078.root
         -> 323 vertices (856 trig, 286 trig+kin events)
  [1079/2782] nano_1079.root
         -> 519 vertices (1,435 trig, 471 trig+kin events)
  [1080/2782] nano_1080.root
         -> 309 vertices (780 trig, 270 trig+kin events)
  [1081/2782] nano_1081.root
         -> 538 vertices (1,457 trig, 494 trig+kin events)
  [1082/2782] nano_1082.root
         -> 297 vertices (828 trig, 271 trig+kin events)
  [1083/2782] nano_1083.root
         -> 289 vertices (796 trig, 263 trig+kin events)
  [1084/2782] nano_1084.root
         -> 353 vertices (850 trig, 319 trig+kin events)
  [1085/2782] nano_1085.root
         -> 295 vertices (708 trig, 257 trig+kin events)
  [1086/2782] nano_1086.root
         -> 291 vertices (780 trig, 271 trig+kin events)
  [1087/2782] nano_1087.root
         -> 302 vertices (808 trig, 265 trig+kin events)
  [1088/2782] nano_1088.root
         -> 529 vertices (1,450 trig, 473 trig+kin events)
  [1089/2782] nano_1089.root
         -> 534 vertices (1,460 trig, 485 trig+kin events)
  [1090/2782] nano_1090.root
         -> 609 vertices (1,552 trig, 540 trig+kin events)
  [1091/2782] nano_1091.root
         -> 533 vertices (1,461 trig, 472 trig+kin events)
  [1092/2782] nano_1092.root
         -> 541 vertices (1,451 trig, 477 trig+kin events)
  [1093/2782] nano_1093.root
         -> 513 vertices (1,479 trig, 480 trig+kin events)
  [1094/2782] nano_1094.root
         -> 313 vertices (853 trig, 299 trig+kin events)
  [1095/2782] nano_1095.root
         -> 292 vertices (811 trig, 264 trig+kin events)
  [1096/2782] nano_1096.root
         -> 356 vertices (955 trig, 316 trig+kin events)
  [1097/2782] nano_1097.root
         -> 544 vertices (1,396 trig, 488 trig+kin events)
  [1098/2782] nano_1098.root
         -> 529 vertices (1,485 trig, 486 trig+kin events)
  [1099/2782] nano_1099.root
         -> 256 vertices (785 trig, 255 trig+kin events)
  [1100/2782] nano_1100.root
         -> 307 vertices (810 trig, 295 trig+kin events)
  [1101/2782] nano_1101.root
         -> 374 vertices (879 trig, 330 trig+kin events)
  [1102/2782] nano_1102.root
         -> 285 vertices (830 trig, 272 trig+kin events)
  [1103/2782] nano_1103.root
         -> 560 vertices (1,443 trig, 495 trig+kin events)
  [1104/2782] nano_1104.root
         -> 390 vertices (964 trig, 345 trig+kin events)
  [1105/2782] nano_1105.root
         -> 318 vertices (835 trig, 291 trig+kin events)
  [1106/2782] nano_1106.root
         -> 386 vertices (1,061 trig, 365 trig+kin events)
  [1107/2782] nano_1107.root
         -> 289 vertices (732 trig, 249 trig+kin events)
  [1108/2782] nano_1108.root
         -> 553 vertices (1,485 trig, 516 trig+kin events)
  [1109/2782] nano_1109.root
         -> 348 vertices (871 trig, 304 trig+kin events)
  [1110/2782] nano_1110.root
         -> 547 vertices (1,339 trig, 461 trig+kin events)
  [1111/2782] nano_1111.root
         -> 308 vertices (777 trig, 263 trig+kin events)
  [1112/2782] nano_1112.root
         -> 476 vertices (1,345 trig, 449 trig+kin events)
  [1113/2782] nano_1113.root
         -> 398 vertices (1,008 trig, 371 trig+kin events)
  [1114/2782] nano_1114.root
         -> 567 vertices (1,430 trig, 500 trig+kin events)
  [1115/2782] nano_1115.root
         -> 280 vertices (799 trig, 268 trig+kin events)
  [1116/2782] nano_1116.root
         -> 357 vertices (894 trig, 309 trig+kin events)
  [1117/2782] nano_1117.root
         -> 239 vertices (741 trig, 231 trig+kin events)
  [1118/2782] nano_1118.root
         -> 411 vertices (1,095 trig, 371 trig+kin events)
  [1119/2782] nano_1119.root
         -> 9 vertices (15 trig, 7 trig+kin events)
  [1120/2782] nano_1120.root
         -> 457 vertices (1,254 trig, 428 trig+kin events)
  [1121/2782] nano_1121.root
         -> 509 vertices (1,267 trig, 436 trig+kin events)
  [1122/2782] nano_1122.root
         -> 315 vertices (791 trig, 278 trig+kin events)
  [1123/2782] nano_1123.root
         -> 322 vertices (867 trig, 293 trig+kin events)
  [1124/2782] nano_1124.root
         -> 541 vertices (1,463 trig, 498 trig+kin events)
  [1125/2782] nano_1125.root
         -> 280 vertices (753 trig, 242 trig+kin events)
  [1126/2782] nano_1126.root
         -> 153 vertices (422 trig, 140 trig+kin events)
  [1127/2782] nano_1127.root
         -> 288 vertices (716 trig, 255 trig+kin events)
  [1128/2782] nano_1128.root
         -> 535 vertices (1,397 trig, 478 trig+kin events)
  [1129/2782] nano_1129.root
         -> 234 vertices (702 trig, 235 trig+kin events)
  [1130/2782] nano_1130.root
         -> 516 vertices (1,460 trig, 459 trig+kin events)
  [1131/2782] nano_1131.root
         -> 361 vertices (960 trig, 333 trig+kin events)
  [1132/2782] nano_1132.root
         -> 528 vertices (1,427 trig, 475 trig+kin events)
  [1133/2782] nano_1133.root
         -> 350 vertices (853 trig, 298 trig+kin events)
  [1134/2782] nano_1134.root
         -> 319 vertices (796 trig, 281 trig+kin events)
  [1135/2782] nano_1135.root
         -> 305 vertices (837 trig, 272 trig+kin events)
  [1136/2782] nano_1136.root
         -> 348 vertices (881 trig, 310 trig+kin events)
  [1137/2782] nano_1137.root
         -> 372 vertices (993 trig, 328 trig+kin events)
  [1138/2782] nano_1138.root
         -> 287 vertices (753 trig, 236 trig+kin events)
  [1139/2782] nano_1139.root
         -> 573 vertices (1,516 trig, 521 trig+kin events)
  [1140/2782] nano_1140.root
         -> 287 vertices (791 trig, 274 trig+kin events)
  [1141/2782] nano_1141.root
         -> 368 vertices (956 trig, 319 trig+kin events)
  [1142/2782] nano_1142.root
         -> 264 vertices (741 trig, 250 trig+kin events)
  [1143/2782] nano_1143.root
         -> 414 vertices (1,057 trig, 380 trig+kin events)
  [1144/2782] nano_1144.root
         -> 336 vertices (899 trig, 321 trig+kin events)
  [1145/2782] nano_1145.root
         -> 470 vertices (1,364 trig, 454 trig+kin events)
  [1146/2782] nano_1146.root
         -> 339 vertices (924 trig, 301 trig+kin events)
  [1147/2782] nano_1147.root
         -> 302 vertices (792 trig, 266 trig+kin events)
  [1148/2782] nano_1148.root
         -> 536 vertices (1,439 trig, 488 trig+kin events)
  [1149/2782] nano_1149.root
         -> 355 vertices (871 trig, 319 trig+kin events)
  [1150/2782] nano_1150.root
         -> 339 vertices (848 trig, 291 trig+kin events)
  [1151/2782] nano_1151.root
         -> 146 vertices (508 trig, 149 trig+kin events)
  [1152/2782] nano_1152.root
         -> 257 vertices (617 trig, 221 trig+kin events)
  [1153/2782] nano_1153.root
         -> 240 vertices (670 trig, 233 trig+kin events)
  [1154/2782] nano_1154.root
         -> 576 vertices (1,463 trig, 534 trig+kin events)
  [1155/2782] nano_1155.root
         -> 516 vertices (1,482 trig, 480 trig+kin events)
  [1156/2782] nano_1156.root
         -> 463 vertices (1,258 trig, 435 trig+kin events)
  [1157/2782] nano_1157.root
         -> 435 vertices (1,232 trig, 405 trig+kin events)
  [1158/2782] nano_1158.root
         -> 515 vertices (1,463 trig, 494 trig+kin events)
  [1159/2782] nano_1159.root
         -> 325 vertices (912 trig, 299 trig+kin events)
  [1160/2782] nano_1160.root
         -> 541 vertices (1,493 trig, 509 trig+kin events)
  [1161/2782] nano_1161.root
         -> 276 vertices (727 trig, 238 trig+kin events)
  [1162/2782] nano_1162.root
         -> 340 vertices (830 trig, 295 trig+kin events)
  [1163/2782] nano_1163.root
         -> 253 vertices (707 trig, 238 trig+kin events)
  [1164/2782] nano_1164.root
         -> 574 vertices (1,472 trig, 511 trig+kin events)
  [1165/2782] nano_1165.root
         -> 297 vertices (819 trig, 306 trig+kin events)
  [1166/2782] nano_1166.root
         -> 544 vertices (1,424 trig, 503 trig+kin events)
  [1167/2782] nano_1167.root
         -> 307 vertices (852 trig, 285 trig+kin events)
  [1168/2782] nano_1168.root
         -> 302 vertices (848 trig, 286 trig+kin events)
  [1169/2782] nano_1169.root
         -> 549 vertices (1,453 trig, 491 trig+kin events)
  [1170/2782] nano_1170.root
         -> 289 vertices (738 trig, 276 trig+kin events)
  [1171/2782] nano_1171.root
         -> 556 vertices (1,465 trig, 499 trig+kin events)
  [1172/2782] nano_1172.root
         -> 310 vertices (854 trig, 287 trig+kin events)
  [1173/2782] nano_1173.root
         -> 289 vertices (785 trig, 255 trig+kin events)
  [1174/2782] nano_1174.root
         -> 230 vertices (574 trig, 198 trig+kin events)
  [1175/2782] nano_1175.root
         -> 330 vertices (787 trig, 280 trig+kin events)
  [1176/2782] nano_1176.root
         -> 532 vertices (1,524 trig, 501 trig+kin events)
  [1177/2782] nano_1177.root
         -> 293 vertices (807 trig, 276 trig+kin events)
  [1178/2782] nano_1178.root
         -> 456 vertices (1,283 trig, 434 trig+kin events)
  [1179/2782] nano_1179.root
         -> 280 vertices (780 trig, 247 trig+kin events)
  [1180/2782] nano_1180.root
         -> 270 vertices (721 trig, 243 trig+kin events)
  [1181/2782] nano_1181.root
         -> 440 vertices (1,247 trig, 405 trig+kin events)
  [1182/2782] nano_1182.root
         -> 320 vertices (848 trig, 282 trig+kin events)
  [1183/2782] nano_1183.root
         -> 291 vertices (807 trig, 282 trig+kin events)
  [1184/2782] nano_1184.root
         -> 609 vertices (1,540 trig, 550 trig+kin events)
  [1185/2782] nano_1185.root
         -> 314 vertices (819 trig, 273 trig+kin events)
  [1186/2782] nano_1186.root
         -> 354 vertices (823 trig, 301 trig+kin events)
  [1187/2782] nano_1187.root
         -> 107 vertices (242 trig, 96 trig+kin events)
  [1188/2782] nano_1188.root
         -> 539 vertices (1,510 trig, 498 trig+kin events)
  [1189/2782] nano_1189.root
         -> 511 vertices (1,365 trig, 475 trig+kin events)
  [1190/2782] nano_1190.root
         -> 235 vertices (617 trig, 205 trig+kin events)
  [1191/2782] nano_1191.root
         -> 287 vertices (765 trig, 257 trig+kin events)
  [1192/2782] nano_1192.root
         -> 257 vertices (803 trig, 236 trig+kin events)
  [1193/2782] nano_1193.root
         -> 307 vertices (848 trig, 304 trig+kin events)
  [1194/2782] nano_1194.root
         -> 247 vertices (809 trig, 244 trig+kin events)
  [1195/2782] nano_1195.root
         -> 311 vertices (783 trig, 270 trig+kin events)
  [1196/2782] nano_1196.root
         -> 588 vertices (1,552 trig, 529 trig+kin events)
  [1197/2782] nano_1197.root
         -> 305 vertices (904 trig, 298 trig+kin events)
  [1198/2782] nano_1198.root
         -> 279 vertices (755 trig, 276 trig+kin events)
  [1199/2782] nano_1199.root
         -> 344 vertices (888 trig, 311 trig+kin events)
  [1200/2782] nano_1200.root
         -> 392 vertices (978 trig, 336 trig+kin events)
  [1201/2782] nano_1201.root
         -> 259 vertices (744 trig, 234 trig+kin events)
  [1202/2782] nano_1202.root
         -> 287 vertices (800 trig, 267 trig+kin events)
  [1203/2782] nano_1203.root
         -> 542 vertices (1,432 trig, 500 trig+kin events)
  [1204/2782] nano_1204.root
         -> 316 vertices (870 trig, 284 trig+kin events)
  [1205/2782] nano_1205.root
         -> 336 vertices (871 trig, 304 trig+kin events)
  [1206/2782] nano_1206.root
         -> 311 vertices (905 trig, 292 trig+kin events)
  [1207/2782] nano_1207.root
         -> 324 vertices (826 trig, 301 trig+kin events)
  [1208/2782] nano_1208.root
         -> 330 vertices (875 trig, 307 trig+kin events)
  [1209/2782] nano_1209.root
         -> 286 vertices (779 trig, 257 trig+kin events)
  [1210/2782] nano_1210.root
         -> 533 vertices (1,433 trig, 470 trig+kin events)
  [1211/2782] nano_1211.root
         -> 475 vertices (1,203 trig, 411 trig+kin events)
  [1212/2782] nano_1212.root
         -> 338 vertices (829 trig, 296 trig+kin events)
  [1213/2782] nano_1213.root
         -> 414 vertices (1,107 trig, 369 trig+kin events)
  [1214/2782] nano_1214.root
         -> 292 vertices (820 trig, 269 trig+kin events)
  [1215/2782] nano_1215.root
         -> 449 vertices (1,129 trig, 379 trig+kin events)
  [1216/2782] nano_1216.root
         -> 535 vertices (1,486 trig, 508 trig+kin events)
  [1217/2782] nano_1217.root
         -> 269 vertices (705 trig, 244 trig+kin events)
  [1218/2782] nano_1218.root
         -> 60 vertices (178 trig, 57 trig+kin events)
  [1219/2782] nano_1219.root
         -> 349 vertices (919 trig, 331 trig+kin events)
  [1220/2782] nano_1220.root
         -> 526 vertices (1,488 trig, 484 trig+kin events)
  [1221/2782] nano_1221.root
         -> 529 vertices (1,491 trig, 486 trig+kin events)
  [1222/2782] nano_1222.root
         -> 315 vertices (773 trig, 281 trig+kin events)
  [1223/2782] nano_1223.root
         -> 572 vertices (1,428 trig, 494 trig+kin events)
  [1224/2782] nano_1224.root
         -> 544 vertices (1,446 trig, 504 trig+kin events)
  [1225/2782] nano_1225.root
         -> 356 vertices (977 trig, 325 trig+kin events)
  [1226/2782] nano_1226.root
         -> 542 vertices (1,477 trig, 509 trig+kin events)
  [1227/2782] nano_1227.root
         -> 600 vertices (1,452 trig, 552 trig+kin events)
  [1228/2782] nano_1228.root
         -> 473 vertices (1,253 trig, 399 trig+kin events)
  [1229/2782] nano_1229.root
         -> 561 vertices (1,487 trig, 495 trig+kin events)
  [1230/2782] nano_1230.root
         -> 256 vertices (798 trig, 256 trig+kin events)
  [1231/2782] nano_1231.root
         -> 540 vertices (1,469 trig, 481 trig+kin events)
  [1232/2782] nano_1232.root
         -> 437 vertices (1,212 trig, 393 trig+kin events)
  [1233/2782] nano_1233.root
         -> 543 vertices (1,503 trig, 520 trig+kin events)
  [1234/2782] nano_1234.root
         -> 564 vertices (1,463 trig, 497 trig+kin events)
  [1235/2782] nano_1235.root
         -> 330 vertices (784 trig, 284 trig+kin events)
  [1236/2782] nano_1236.root
         -> 492 vertices (1,481 trig, 468 trig+kin events)
  [1237/2782] nano_1237.root
         -> 314 vertices (827 trig, 281 trig+kin events)
  [1238/2782] nano_1238.root
         -> 311 vertices (896 trig, 297 trig+kin events)
  [1239/2782] nano_1239.root
         -> 559 vertices (1,494 trig, 514 trig+kin events)
  [1240/2782] nano_1240.root
         -> 232 vertices (684 trig, 231 trig+kin events)
  [1241/2782] nano_1241.root
         -> 519 vertices (1,420 trig, 454 trig+kin events)
  [1242/2782] nano_1242.root
         -> 585 vertices (1,459 trig, 517 trig+kin events)
  [1243/2782] nano_1243.root
         -> 559 vertices (1,395 trig, 487 trig+kin events)
  [1244/2782] nano_1244.root
         -> 37 vertices (86 trig, 30 trig+kin events)
  [1245/2782] nano_1245.root
         -> 84 vertices (194 trig, 71 trig+kin events)
  [1246/2782] nano_1246.root
         -> 133 vertices (305 trig, 113 trig+kin events)
  [1247/2782] nano_1247.root
         -> 578 vertices (1,420 trig, 517 trig+kin events)
  [1248/2782] nano_1248.root
         -> 514 vertices (1,460 trig, 474 trig+kin events)
  [1249/2782] nano_1249.root
         -> 598 vertices (1,516 trig, 525 trig+kin events)
  [1250/2782] nano_1250.root
         -> 5 vertices (19 trig, 5 trig+kin events)
  [1251/2782] nano_1251.root
         -> 552 vertices (1,491 trig, 501 trig+kin events)
  [1252/2782] nano_1252.root
         -> 51 vertices (139 trig, 49 trig+kin events)
  [1253/2782] nano_1253.root
         -> 11 vertices (34 trig, 7 trig+kin events)
  [1254/2782] nano_1254.root
         -> 16 vertices (37 trig, 13 trig+kin events)
  [1255/2782] nano_1255.root
         -> 481 vertices (1,410 trig, 455 trig+kin events)
  [1256/2782] nano_1256.root
         -> 43 vertices (116 trig, 34 trig+kin events)
  [1257/2782] nano_1257.root
         -> 2 vertices (16 trig, 3 trig+kin events)
  [1258/2782] nano_1258.root
         -> 56 vertices (150 trig, 57 trig+kin events)
  [1259/2782] nano_1259.root
         -> 619 vertices (1,495 trig, 531 trig+kin events)
  [1260/2782] nano_1260.root
         -> 302 vertices (726 trig, 275 trig+kin events)
  [1261/2782] nano_1261.root
         -> 361 vertices (942 trig, 322 trig+kin events)
  [1262/2782] nano_1262.root
         -> 341 vertices (898 trig, 304 trig+kin events)
  [1263/2782] nano_1263.root
         -> 6 vertices (17 trig, 6 trig+kin events)
  [1264/2782] nano_1264.root
         -> 19 vertices (34 trig, 13 trig+kin events)
  [1265/2782] nano_1265.root
         -> 511 vertices (1,330 trig, 476 trig+kin events)
  [1266/2782] nano_1266.root
         -> 243 vertices (722 trig, 236 trig+kin events)
  [1267/2782] nano_1267.root
         -> 489 vertices (1,409 trig, 446 trig+kin events)
  [1268/2782] nano_1268.root
         -> 20 vertices (53 trig, 15 trig+kin events)
  [1269/2782] nano_1269.root
         -> 153 vertices (368 trig, 138 trig+kin events)
  [1270/2782] nano_1270.root
         -> 9 vertices (37 trig, 9 trig+kin events)
  [1271/2782] nano_1271.root
         -> 38 vertices (92 trig, 37 trig+kin events)
  [1272/2782] nano_1272.root
         -> 538 vertices (1,510 trig, 501 trig+kin events)
  [1273/2782] nano_1273.root
         -> 355 vertices (1,067 trig, 344 trig+kin events)
  [1274/2782] nano_1274.root
         -> 383 vertices (968 trig, 336 trig+kin events)
  [1275/2782] nano_1275.root
         -> 409 vertices (1,080 trig, 362 trig+kin events)
  [1276/2782] nano_1276.root
         -> 65 vertices (193 trig, 65 trig+kin events)
  [1277/2782] nano_1277.root
         -> 580 vertices (1,482 trig, 497 trig+kin events)
  [1278/2782] nano_1278.root
         -> 333 vertices (820 trig, 293 trig+kin events)
  [1279/2782] nano_1279.root
         -> 488 vertices (1,360 trig, 448 trig+kin events)
  [1280/2782] nano_1280.root
         -> 508 vertices (1,422 trig, 477 trig+kin events)
  [1281/2782] nano_1281.root
         -> 471 vertices (1,267 trig, 422 trig+kin events)
  [1282/2782] nano_1282.root
         -> 263 vertices (640 trig, 218 trig+kin events)
  [1283/2782] nano_1283.root
         -> 561 vertices (1,513 trig, 493 trig+kin events)
  [1284/2782] nano_1284.root
         -> 620 vertices (1,551 trig, 547 trig+kin events)
  [1285/2782] nano_1285.root
         -> 389 vertices (1,039 trig, 334 trig+kin events)
  [1286/2782] nano_1286.root
         -> 265 vertices (761 trig, 247 trig+kin events)
  [1287/2782] nano_1287.root
         -> 414 vertices (1,073 trig, 389 trig+kin events)
  [1288/2782] nano_1288.root
         -> 310 vertices (770 trig, 279 trig+kin events)
  [1289/2782] nano_1289.root
         -> 289 vertices (783 trig, 260 trig+kin events)
  [1290/2782] nano_1290.root
         -> 572 vertices (1,383 trig, 499 trig+kin events)
  [1291/2782] nano_1291.root
         -> 559 vertices (1,452 trig, 497 trig+kin events)
  [1292/2782] nano_1292.root
         -> 77 vertices (236 trig, 73 trig+kin events)
  [1293/2782] nano_1293.root
         -> 560 vertices (1,551 trig, 525 trig+kin events)
  [1294/2782] nano_1294.root
         -> 88 vertices (238 trig, 76 trig+kin events)
  [1295/2782] nano_1295.root
         -> 559 vertices (1,506 trig, 512 trig+kin events)
  [1296/2782] nano_1296.root
         -> 265 vertices (761 trig, 256 trig+kin events)
  [1297/2782] nano_1297.root
         -> 438 vertices (1,185 trig, 390 trig+kin events)
  [1298/2782] nano_1298.root
         -> 611 vertices (1,506 trig, 532 trig+kin events)
  [1299/2782] nano_1299.root
         -> 477 vertices (1,410 trig, 457 trig+kin events)
  [1300/2782] nano_1300.root
         -> 294 vertices (822 trig, 276 trig+kin events)
  [1301/2782] nano_1301.root
         -> 61 vertices (154 trig, 49 trig+kin events)
  [1302/2782] nano_1302.root
         -> 280 vertices (755 trig, 252 trig+kin events)
  [1303/2782] nano_1303.root
         -> 344 vertices (942 trig, 310 trig+kin events)
  [1304/2782] nano_1304.root
         -> 374 vertices (1,002 trig, 334 trig+kin events)
  [1305/2782] nano_1305.root
         -> 372 vertices (1,010 trig, 338 trig+kin events)
  [1306/2782] nano_1306.root
         -> 520 vertices (1,461 trig, 484 trig+kin events)
  [1307/2782] nano_1307.root
         -> 187 vertices (469 trig, 156 trig+kin events)
  [1308/2782] nano_1308.root
         -> 324 vertices (837 trig, 284 trig+kin events)
  [1309/2782] nano_1309.root
         -> 510 vertices (1,396 trig, 481 trig+kin events)
  [1310/2782] nano_1310.root
         -> 261 vertices (748 trig, 271 trig+kin events)
  [1311/2782] nano_1311.root
         -> 45 vertices (159 trig, 49 trig+kin events)
  [1312/2782] nano_1312.root
         -> 454 vertices (1,228 trig, 395 trig+kin events)
  [1313/2782] nano_1313.root
         -> 291 vertices (766 trig, 261 trig+kin events)
  [1314/2782] nano_1314.root
         -> 414 vertices (1,071 trig, 367 trig+kin events)
  [1315/2782] nano_1315.root
         -> 554 vertices (1,437 trig, 475 trig+kin events)
  [1316/2782] nano_1316.root
         -> 348 vertices (911 trig, 328 trig+kin events)
  [1317/2782] nano_1317.root
         -> 268 vertices (812 trig, 254 trig+kin events)
  [1318/2782] nano_1318.root
         -> 240 vertices (676 trig, 220 trig+kin events)
  [1319/2782] nano_1319.root
         -> 452 vertices (1,115 trig, 393 trig+kin events)
  [1320/2782] nano_1320.root
         -> 352 vertices (834 trig, 298 trig+kin events)
  [1321/2782] nano_1321.root
         -> 545 vertices (1,471 trig, 491 trig+kin events)
  [1322/2782] nano_1322.root
         -> 318 vertices (780 trig, 271 trig+kin events)
  [1323/2782] nano_1323.root
         -> 345 vertices (975 trig, 319 trig+kin events)
  [1324/2782] nano_1324.root
         -> 466 vertices (1,387 trig, 454 trig+kin events)
  [1325/2782] nano_1325.root
         -> 360 vertices (865 trig, 319 trig+kin events)
  [1326/2782] nano_1326.root
         -> 533 vertices (1,410 trig, 472 trig+kin events)
  [1327/2782] nano_1327.root
         -> 513 vertices (1,451 trig, 483 trig+kin events)
  [1328/2782] nano_1328.root
         -> 606 vertices (1,519 trig, 555 trig+kin events)
  [1329/2782] nano_1329.root
         -> 335 vertices (831 trig, 304 trig+kin events)
  [1330/2782] nano_1330.root
         -> 9 vertices (11 trig, 8 trig+kin events)
  [1331/2782] nano_1331.root
         -> 552 vertices (1,477 trig, 485 trig+kin events)
  [1332/2782] nano_1332.root
         -> 308 vertices (779 trig, 283 trig+kin events)
  [1333/2782] nano_1333.root
         -> 550 vertices (1,497 trig, 505 trig+kin events)
  [1334/2782] nano_1334.root
         -> 493 vertices (1,460 trig, 456 trig+kin events)
  [1335/2782] nano_1335.root
         -> 524 vertices (1,470 trig, 473 trig+kin events)
  [1336/2782] nano_1336.root
         -> 536 vertices (1,444 trig, 482 trig+kin events)
  [1337/2782] nano_1337.root
         -> 321 vertices (805 trig, 265 trig+kin events)
  [1338/2782] nano_1338.root
         -> 287 vertices (779 trig, 247 trig+kin events)
  [1339/2782] nano_1339.root
         -> 421 vertices (1,110 trig, 384 trig+kin events)
  [1340/2782] nano_1340.root
         -> 351 vertices (926 trig, 312 trig+kin events)
  [1341/2782] nano_1341.root
         -> 487 vertices (1,299 trig, 442 trig+kin events)
  [1342/2782] nano_1342.root
         -> 330 vertices (928 trig, 294 trig+kin events)
  [1343/2782] nano_1343.root
         -> 312 vertices (813 trig, 270 trig+kin events)
  [1344/2782] nano_1344.root
         -> 157 vertices (493 trig, 145 trig+kin events)
  [1345/2782] nano_1345.root
         -> 536 vertices (1,423 trig, 482 trig+kin events)
  [1346/2782] nano_1346.root
         -> 307 vertices (829 trig, 300 trig+kin events)
  [1347/2782] nano_1347.root
         -> 533 vertices (1,441 trig, 479 trig+kin events)
  [1348/2782] nano_1348.root
         -> 316 vertices (927 trig, 294 trig+kin events)
  [1349/2782] nano_1349.root
         -> 347 vertices (977 trig, 326 trig+kin events)
  [1350/2782] nano_1350.root
         -> 399 vertices (1,055 trig, 365 trig+kin events)
  [1351/2782] nano_1351.root
         -> 563 vertices (1,477 trig, 518 trig+kin events)
  [1352/2782] nano_1352.root
         -> 581 vertices (1,511 trig, 539 trig+kin events)
  [1353/2782] nano_1353.root
         -> 589 vertices (1,498 trig, 506 trig+kin events)
  [1354/2782] nano_1354.root
         -> 297 vertices (791 trig, 282 trig+kin events)
  [1355/2782] nano_1355.root
         -> 324 vertices (807 trig, 297 trig+kin events)
  [1356/2782] nano_1356.root
         -> 586 vertices (1,481 trig, 529 trig+kin events)
  [1357/2782] nano_1357.root
         -> 581 vertices (1,444 trig, 510 trig+kin events)
  [1358/2782] nano_1358.root
         -> 309 vertices (796 trig, 285 trig+kin events)
  [1359/2782] nano_1359.root
         -> 525 vertices (1,430 trig, 495 trig+kin events)
  [1360/2782] nano_1360.root
         -> 340 vertices (906 trig, 304 trig+kin events)
  [1361/2782] nano_1361.root
         -> 311 vertices (826 trig, 277 trig+kin events)
  [1362/2782] nano_1362.root
         -> 272 vertices (765 trig, 272 trig+kin events)
  [1363/2782] nano_1363.root
         -> 565 vertices (1,440 trig, 499 trig+kin events)
  [1364/2782] nano_1364.root
         -> 583 vertices (1,532 trig, 518 trig+kin events)
  [1365/2782] nano_1365.root
         -> 602 vertices (1,510 trig, 543 trig+kin events)
  [1366/2782] nano_1366.root
         -> 592 vertices (1,498 trig, 539 trig+kin events)
  [1367/2782] nano_1367.root
         -> 496 vertices (1,500 trig, 502 trig+kin events)
  [1368/2782] nano_1368.root
         -> 573 vertices (1,484 trig, 517 trig+kin events)
  [1369/2782] nano_1369.root
         -> 322 vertices (833 trig, 300 trig+kin events)
  [1370/2782] nano_1370.root
         -> 306 vertices (838 trig, 280 trig+kin events)
  [1371/2782] nano_1371.root
         -> 586 vertices (1,547 trig, 517 trig+kin events)
  [1372/2782] nano_1372.root
         -> 336 vertices (865 trig, 309 trig+kin events)
  [1373/2782] nano_1373.root
         -> 246 vertices (589 trig, 208 trig+kin events)
  [1374/2782] nano_1374.root
         -> 317 vertices (799 trig, 276 trig+kin events)
  [1375/2782] nano_1375.root
         -> 284 vertices (742 trig, 263 trig+kin events)
  [1376/2782] nano_1376.root
         -> 542 vertices (1,452 trig, 487 trig+kin events)
  [1377/2782] nano_1377.root
         -> 298 vertices (781 trig, 298 trig+kin events)
  [1378/2782] nano_1378.root
         -> 292 vertices (800 trig, 270 trig+kin events)
  [1379/2782] nano_1379.root
         -> 491 vertices (1,388 trig, 461 trig+kin events)
  [1380/2782] nano_1380.root
         -> 517 vertices (1,475 trig, 487 trig+kin events)
  [1381/2782] nano_1381.root
         -> 273 vertices (782 trig, 244 trig+kin events)
  [1382/2782] nano_1382.root
         -> 527 vertices (1,450 trig, 498 trig+kin events)
  [1383/2782] nano_1383.root
         -> 551 vertices (1,478 trig, 487 trig+kin events)
  [1384/2782] nano_1384.root
         -> 529 vertices (1,470 trig, 486 trig+kin events)
  [1385/2782] nano_1385.root
         -> 360 vertices (964 trig, 346 trig+kin events)
  [1386/2782] nano_1386.root
         -> 272 vertices (762 trig, 264 trig+kin events)
  [1387/2782] nano_1387.root
         -> 552 vertices (1,490 trig, 507 trig+kin events)
  [1388/2782] nano_1388.root
         -> 555 vertices (1,466 trig, 494 trig+kin events)
  [1389/2782] nano_1389.root
         -> 281 vertices (731 trig, 245 trig+kin events)
  [1390/2782] nano_1390.root
         -> 564 vertices (1,505 trig, 507 trig+kin events)
  [1391/2782] nano_1391.root
         -> 281 vertices (755 trig, 248 trig+kin events)
  [1392/2782] nano_1392.root
         -> 521 vertices (1,363 trig, 441 trig+kin events)
  [1393/2782] nano_1393.root
         -> 374 vertices (919 trig, 327 trig+kin events)
  [1394/2782] nano_1394.root
         -> 536 vertices (1,444 trig, 480 trig+kin events)
  [1395/2782] nano_1395.root
         -> 320 vertices (838 trig, 279 trig+kin events)
  [1396/2782] nano_1396.root
         -> 588 vertices (1,529 trig, 554 trig+kin events)
  [1397/2782] nano_1397.root
         -> 74 vertices (180 trig, 61 trig+kin events)
  [1398/2782] nano_1398.root
         -> 512 vertices (1,373 trig, 467 trig+kin events)
  [1399/2782] nano_1399.root
         -> 320 vertices (823 trig, 295 trig+kin events)
  [1400/2782] nano_1400.root
         -> 299 vertices (862 trig, 281 trig+kin events)
  [1401/2782] nano_1401.root
         -> 286 vertices (785 trig, 255 trig+kin events)
  [1402/2782] nano_1402.root
         -> 304 vertices (853 trig, 293 trig+kin events)
  [1403/2782] nano_1403.root
         -> 292 vertices (795 trig, 261 trig+kin events)
  [1404/2782] nano_1404.root
         -> 361 vertices (949 trig, 346 trig+kin events)
  [1405/2782] nano_1405.root
         -> 573 vertices (1,510 trig, 497 trig+kin events)
  [1406/2782] nano_1406.root
         -> 353 vertices (869 trig, 325 trig+kin events)
  [1407/2782] nano_1407.root
         -> 294 vertices (788 trig, 262 trig+kin events)
  [1408/2782] nano_1408.root
         -> 281 vertices (786 trig, 267 trig+kin events)
  [1409/2782] nano_1409.root
         -> 325 vertices (847 trig, 297 trig+kin events)
  [1410/2782] nano_1410.root
         -> 283 vertices (744 trig, 257 trig+kin events)
  [1411/2782] nano_1411.root
         -> 564 vertices (1,535 trig, 537 trig+kin events)
  [1412/2782] nano_1412.root
         -> 368 vertices (1,014 trig, 348 trig+kin events)
  [1413/2782] nano_1413.root
         -> 568 vertices (1,571 trig, 508 trig+kin events)
  [1414/2782] nano_1414.root
         -> 17 vertices (39 trig, 15 trig+kin events)
  [1415/2782] nano_1415.root
         -> 465 vertices (1,169 trig, 411 trig+kin events)
  [1416/2782] nano_1416.root
         -> 550 vertices (1,403 trig, 488 trig+kin events)
  [1417/2782] nano_1417.root
         -> 505 vertices (1,477 trig, 494 trig+kin events)
  [1418/2782] nano_1418.root
         -> 356 vertices (936 trig, 310 trig+kin events)
  [1419/2782] nano_1419.root
         -> 529 vertices (1,462 trig, 470 trig+kin events)
  [1420/2782] nano_1420.root
         -> 347 vertices (929 trig, 313 trig+kin events)
  [1421/2782] nano_1421.root
         -> 356 vertices (970 trig, 336 trig+kin events)
  [1422/2782] nano_1422.root
         -> 557 vertices (1,525 trig, 496 trig+kin events)
  [1423/2782] nano_1423.root
         -> 379 vertices (1,014 trig, 366 trig+kin events)
  [1424/2782] nano_1424.root
         -> 357 vertices (965 trig, 329 trig+kin events)
  [1425/2782] nano_1425.root
         -> 282 vertices (768 trig, 255 trig+kin events)
  [1426/2782] nano_1426.root
         -> 344 vertices (803 trig, 278 trig+kin events)
  [1427/2782] nano_1427.root
         -> 293 vertices (803 trig, 282 trig+kin events)
  [1428/2782] nano_1428.root
         -> 287 vertices (764 trig, 255 trig+kin events)
  [1429/2782] nano_1429.root
         -> 345 vertices (901 trig, 313 trig+kin events)
  [1430/2782] nano_1430.root
         -> 188 vertices (488 trig, 154 trig+kin events)
  [1431/2782] nano_1431.root
         -> 396 vertices (1,105 trig, 397 trig+kin events)
  [1432/2782] nano_1432.root
         -> 319 vertices (778 trig, 281 trig+kin events)
  [1433/2782] nano_1433.root
         -> 299 vertices (756 trig, 266 trig+kin events)
  [1434/2782] nano_1434.root
         -> 588 vertices (1,503 trig, 520 trig+kin events)
  [1435/2782] nano_1435.root
         -> 276 vertices (768 trig, 258 trig+kin events)
  [1436/2782] nano_1436.root
         -> 314 vertices (878 trig, 286 trig+kin events)
  [1437/2782] nano_1437.root
         -> 281 vertices (768 trig, 258 trig+kin events)
  [1438/2782] nano_1438.root
         -> 433 vertices (1,166 trig, 365 trig+kin events)
  [1439/2782] nano_1439.root
         -> 590 vertices (1,417 trig, 506 trig+kin events)
  [1440/2782] nano_1440.root
         -> 307 vertices (817 trig, 281 trig+kin events)
  [1441/2782] nano_1441.root
         -> 318 vertices (958 trig, 297 trig+kin events)
  [1442/2782] nano_1442.root
         -> 581 vertices (1,495 trig, 520 trig+kin events)
  [1443/2782] nano_1443.root
         -> 320 vertices (759 trig, 277 trig+kin events)
  [1444/2782] nano_1444.root
         -> 348 vertices (910 trig, 322 trig+kin events)
  [1445/2782] nano_1445.root
         -> 335 vertices (827 trig, 308 trig+kin events)
  [1446/2782] nano_1446.root
         -> 562 vertices (1,464 trig, 489 trig+kin events)
  [1447/2782] nano_1447.root
         -> 516 vertices (1,436 trig, 474 trig+kin events)
  [1448/2782] nano_1448.root
         -> 377 vertices (1,081 trig, 346 trig+kin events)
  [1449/2782] nano_1449.root
         -> 557 vertices (1,438 trig, 531 trig+kin events)
  [1450/2782] nano_1450.root
         -> 36 vertices (109 trig, 30 trig+kin events)
  [1451/2782] nano_1451.root
         -> 501 vertices (1,336 trig, 465 trig+kin events)
  [1452/2782] nano_1452.root
         -> 341 vertices (803 trig, 294 trig+kin events)
  [1453/2782] nano_1453.root
         -> 294 vertices (705 trig, 245 trig+kin events)
  [1454/2782] nano_1454.root
         -> 532 vertices (1,453 trig, 487 trig+kin events)
  [1455/2782] nano_1455.root
         -> 549 vertices (1,424 trig, 505 trig+kin events)
  [1456/2782] nano_1456.root
         -> 552 vertices (1,476 trig, 490 trig+kin events)
  [1457/2782] nano_1457.root
         -> 599 vertices (1,563 trig, 551 trig+kin events)
  [1458/2782] nano_1458.root
         -> 266 vertices (749 trig, 248 trig+kin events)
  [1459/2782] nano_1459.root
         -> 355 vertices (950 trig, 324 trig+kin events)
  [1460/2782] nano_1460.root
         -> 378 vertices (926 trig, 317 trig+kin events)
  [1461/2782] nano_1461.root
         -> 559 vertices (1,496 trig, 497 trig+kin events)
  [1462/2782] nano_1462.root
         -> 292 vertices (774 trig, 261 trig+kin events)
  [1463/2782] nano_1463.root
         -> 560 vertices (1,488 trig, 514 trig+kin events)
  [1464/2782] nano_1464.root
         -> 489 vertices (1,277 trig, 458 trig+kin events)
  [1465/2782] nano_1465.root
         -> 367 vertices (958 trig, 327 trig+kin events)
  [1466/2782] nano_1466.root
         -> 463 vertices (1,233 trig, 408 trig+kin events)
  [1467/2782] nano_1467.root
         -> 432 vertices (1,051 trig, 384 trig+kin events)
  [1468/2782] nano_1468.root
         -> 554 vertices (1,527 trig, 487 trig+kin events)
  [1469/2782] nano_1469.root
         -> 257 vertices (729 trig, 229 trig+kin events)
  [1470/2782] nano_1470.root
         -> 332 vertices (878 trig, 298 trig+kin events)
  [1471/2782] nano_1471.root
         -> 268 vertices (757 trig, 243 trig+kin events)
  [1472/2782] nano_1472.root
         -> 593 vertices (1,484 trig, 502 trig+kin events)
  [1473/2782] nano_1473.root
         -> 348 vertices (915 trig, 295 trig+kin events)
  [1474/2782] nano_1474.root
         -> 419 vertices (1,196 trig, 401 trig+kin events)
  [1475/2782] nano_1475.root
         -> 330 vertices (895 trig, 290 trig+kin events)
  [1476/2782] nano_1476.root
         -> 508 vertices (1,240 trig, 439 trig+kin events)
  [1477/2782] nano_1477.root
         -> 492 vertices (1,414 trig, 469 trig+kin events)
  [1478/2782] nano_1478.root
         -> 507 vertices (1,373 trig, 443 trig+kin events)
  [1479/2782] nano_1479.root
         -> 436 vertices (1,210 trig, 397 trig+kin events)
  [1480/2782] nano_1480.root
         -> 300 vertices (824 trig, 280 trig+kin events)
  [1481/2782] nano_1481.root
         -> 328 vertices (780 trig, 284 trig+kin events)
  [1482/2782] nano_1482.root
         -> 522 vertices (1,425 trig, 473 trig+kin events)
  [1483/2782] nano_1483.root
         -> 325 vertices (872 trig, 313 trig+kin events)
  [1484/2782] nano_1484.root
         -> 302 vertices (734 trig, 262 trig+kin events)
  [1485/2782] nano_1485.root
         -> 508 vertices (1,434 trig, 461 trig+kin events)
  [1486/2782] nano_1486.root
         -> 345 vertices (944 trig, 310 trig+kin events)
  [1487/2782] nano_1487.root
         -> 257 vertices (699 trig, 242 trig+kin events)
  [1488/2782] nano_1488.root
         -> 559 vertices (1,531 trig, 519 trig+kin events)
  [1489/2782] nano_1489.root
         -> 567 vertices (1,471 trig, 503 trig+kin events)
  [1490/2782] nano_1490.root
         -> 565 vertices (1,464 trig, 509 trig+kin events)
  [1491/2782] nano_1491.root
         -> 348 vertices (873 trig, 313 trig+kin events)
  [1492/2782] nano_1492.root
         -> 545 vertices (1,424 trig, 503 trig+kin events)
  [1493/2782] nano_1493.root
         -> 355 vertices (1,011 trig, 318 trig+kin events)
  [1494/2782] nano_1494.root
         -> 500 vertices (1,449 trig, 483 trig+kin events)
  [1495/2782] nano_1495.root
         -> 535 vertices (1,436 trig, 494 trig+kin events)
  [1496/2782] nano_1496.root
         -> 348 vertices (961 trig, 318 trig+kin events)
  [1497/2782] nano_1497.root
         -> 366 vertices (985 trig, 335 trig+kin events)
  [1498/2782] nano_1498.root
         -> 204 vertices (529 trig, 185 trig+kin events)
  [1499/2782] nano_1499.root
         -> 504 vertices (1,465 trig, 450 trig+kin events)
  [1500/2782] nano_1500.root
         -> 290 vertices (799 trig, 281 trig+kin events)
  [1501/2782] nano_1501.root
         -> 580 vertices (1,425 trig, 509 trig+kin events)
  [1502/2782] nano_1502.root
         -> 286 vertices (762 trig, 251 trig+kin events)
  [1503/2782] nano_1503.root
         -> 531 vertices (1,418 trig, 476 trig+kin events)
  [1504/2782] nano_1504.root
         -> 298 vertices (859 trig, 278 trig+kin events)
  [1505/2782] nano_1505.root
         -> 356 vertices (1,017 trig, 334 trig+kin events)
  [1506/2782] nano_1506.root
         -> 451 vertices (1,156 trig, 402 trig+kin events)
  [1507/2782] nano_1507.root
         -> 523 vertices (1,459 trig, 483 trig+kin events)
  [1508/2782] nano_1508.root
         -> 301 vertices (958 trig, 302 trig+kin events)
  [1509/2782] nano_1509.root
         -> 6 vertices (23 trig, 7 trig+kin events)
  [1510/2782] nano_1510.root
         -> 471 vertices (1,174 trig, 415 trig+kin events)
  [1511/2782] nano_1511.root
         -> 271 vertices (745 trig, 257 trig+kin events)
  [1512/2782] nano_1512.root
         -> 525 vertices (1,425 trig, 466 trig+kin events)
  [1513/2782] nano_1513.root
         -> 468 vertices (1,323 trig, 445 trig+kin events)
  [1514/2782] nano_1514.root
         -> 549 vertices (1,526 trig, 495 trig+kin events)
  [1515/2782] nano_1515.root
         -> 410 vertices (1,123 trig, 385 trig+kin events)
  [1516/2782] nano_1516.root
         -> 281 vertices (741 trig, 253 trig+kin events)
  [1517/2782] nano_1517.root
         -> 544 vertices (1,438 trig, 474 trig+kin events)
  [1518/2782] nano_1518.root
         -> 293 vertices (793 trig, 285 trig+kin events)
  [1519/2782] nano_1519.root
         -> 569 vertices (1,494 trig, 497 trig+kin events)
  [1520/2782] nano_1520.root
         -> 383 vertices (1,032 trig, 348 trig+kin events)
  [1521/2782] nano_1521.root
         -> 432 vertices (1,068 trig, 384 trig+kin events)
  [1522/2782] nano_1522.root
         -> 322 vertices (854 trig, 302 trig+kin events)
  [1523/2782] nano_1523.root
         -> 612 vertices (1,469 trig, 527 trig+kin events)
  [1524/2782] nano_1524.root
         -> 540 vertices (1,391 trig, 508 trig+kin events)
  [1525/2782] nano_1525.root
         -> 377 vertices (1,067 trig, 354 trig+kin events)
  [1526/2782] nano_1526.root
         -> 300 vertices (788 trig, 275 trig+kin events)
  [1527/2782] nano_1527.root
         -> 571 vertices (1,452 trig, 508 trig+kin events)
  [1528/2782] nano_1528.root
         -> 314 vertices (867 trig, 281 trig+kin events)
  [1529/2782] nano_1529.root
         -> 558 vertices (1,508 trig, 505 trig+kin events)
  [1530/2782] nano_1530.root
         -> 430 vertices (1,142 trig, 374 trig+kin events)
  [1531/2782] nano_1531.root
         -> 331 vertices (960 trig, 309 trig+kin events)
  [1532/2782] nano_1532.root
         -> 361 vertices (972 trig, 333 trig+kin events)
  [1533/2782] nano_1533.root
         -> 558 vertices (1,457 trig, 501 trig+kin events)
  [1534/2782] nano_1534.root
         -> 542 vertices (1,459 trig, 485 trig+kin events)
  [1535/2782] nano_1535.root
         -> 174 vertices (430 trig, 142 trig+kin events)
  [1536/2782] nano_1536.root
         -> 579 vertices (1,522 trig, 530 trig+kin events)
  [1537/2782] nano_1537.root
         -> 399 vertices (987 trig, 344 trig+kin events)
  [1538/2782] nano_1538.root
         -> 375 vertices (1,017 trig, 335 trig+kin events)
  [1539/2782] nano_1539.root
         -> 276 vertices (729 trig, 250 trig+kin events)
  [1540/2782] nano_1540.root
         -> 501 vertices (1,469 trig, 457 trig+kin events)
  [1541/2782] nano_1541.root
         -> 378 vertices (916 trig, 323 trig+kin events)
  [1542/2782] nano_1542.root
         -> 407 vertices (1,064 trig, 371 trig+kin events)
  [1543/2782] nano_1543.root
         -> 343 vertices (949 trig, 317 trig+kin events)
  [1544/2782] nano_1544.root
         -> 534 vertices (1,499 trig, 500 trig+kin events)
  [1545/2782] nano_1545.root
         -> 260 vertices (702 trig, 233 trig+kin events)
  [1546/2782] nano_1546.root
         -> 384 vertices (1,010 trig, 347 trig+kin events)
  [1547/2782] nano_1547.root
         -> 482 vertices (1,297 trig, 439 trig+kin events)
  [1548/2782] nano_1548.root
         -> 534 vertices (1,472 trig, 500 trig+kin events)
  [1549/2782] nano_1549.root
         -> 260 vertices (752 trig, 255 trig+kin events)
  [1550/2782] nano_1550.root
         -> 555 vertices (1,522 trig, 522 trig+kin events)
  [1551/2782] nano_1551.root
         -> 332 vertices (937 trig, 317 trig+kin events)
  [1552/2782] nano_1552.root
         -> 420 vertices (1,121 trig, 368 trig+kin events)
  [1553/2782] nano_1553.root
         -> 89 vertices (252 trig, 88 trig+kin events)
  [1554/2782] nano_1554.root
         -> 265 vertices (747 trig, 259 trig+kin events)
  [1555/2782] nano_1555.root
         -> 328 vertices (835 trig, 297 trig+kin events)
  [1556/2782] nano_1556.root
         -> 265 vertices (755 trig, 237 trig+kin events)
  [1557/2782] nano_1557.root
         -> 509 vertices (1,484 trig, 472 trig+kin events)
  [1558/2782] nano_1558.root
         -> 541 vertices (1,283 trig, 488 trig+kin events)
  [1559/2782] nano_1559.root
         -> 326 vertices (867 trig, 290 trig+kin events)
  [1560/2782] nano_1560.root
         -> 47 vertices (94 trig, 36 trig+kin events)
  [1561/2782] nano_1561.root
         -> 372 vertices (990 trig, 312 trig+kin events)
  [1562/2782] nano_1562.root
         -> 580 vertices (1,465 trig, 510 trig+kin events)
  [1563/2782] nano_1563.root
         -> 144 vertices (359 trig, 130 trig+kin events)
  [1564/2782] nano_1564.root
         -> 296 vertices (751 trig, 276 trig+kin events)
  [1565/2782] nano_1565.root
         -> 299 vertices (809 trig, 284 trig+kin events)
  [1566/2782] nano_1566.root
         -> 237 vertices (691 trig, 230 trig+kin events)
  [1567/2782] nano_1567.root
         -> 331 vertices (912 trig, 314 trig+kin events)
  [1568/2782] nano_1568.root
         -> 599 vertices (1,494 trig, 506 trig+kin events)
  [1569/2782] nano_1569.root
         -> 492 vertices (1,236 trig, 436 trig+kin events)
  [1570/2782] nano_1570.root
         -> 386 vertices (1,169 trig, 370 trig+kin events)
  [1571/2782] nano_1571.root
         -> 348 vertices (1,055 trig, 318 trig+kin events)
  [1572/2782] nano_1572.root
         -> 529 vertices (1,430 trig, 486 trig+kin events)
  [1573/2782] nano_1573.root
         -> 317 vertices (884 trig, 298 trig+kin events)
  [1574/2782] nano_1574.root
         -> 567 vertices (1,411 trig, 485 trig+kin events)
  [1575/2782] nano_1575.root
         -> 356 vertices (946 trig, 316 trig+kin events)
  [1576/2782] nano_1576.root
         -> 305 vertices (864 trig, 286 trig+kin events)
  [1577/2782] nano_1577.root
         -> 329 vertices (830 trig, 293 trig+kin events)
  [1578/2782] nano_1578.root
         -> 296 vertices (762 trig, 270 trig+kin events)
  [1579/2782] nano_1579.root
         -> 567 vertices (1,485 trig, 504 trig+kin events)
  [1580/2782] nano_1580.root
         -> 357 vertices (1,070 trig, 337 trig+kin events)
  [1581/2782] nano_1581.root
         -> 415 vertices (1,059 trig, 356 trig+kin events)
  [1582/2782] nano_1582.root
         -> 357 vertices (950 trig, 332 trig+kin events)
  [1583/2782] nano_1583.root
         -> 295 vertices (850 trig, 268 trig+kin events)
  [1584/2782] nano_1584.root
         -> 453 vertices (1,255 trig, 422 trig+kin events)
  [1585/2782] nano_1585.root
         -> 547 vertices (1,376 trig, 480 trig+kin events)
  [1586/2782] nano_1586.root
         -> 532 vertices (1,440 trig, 497 trig+kin events)
  [1587/2782] nano_1587.root
         -> 495 vertices (1,398 trig, 451 trig+kin events)
  [1588/2782] nano_1588.root
         -> 357 vertices (911 trig, 327 trig+kin events)
  [1589/2782] nano_1589.root
         -> 329 vertices (917 trig, 298 trig+kin events)
  [1590/2782] nano_1590.root
         -> 455 vertices (1,251 trig, 431 trig+kin events)
  [1591/2782] nano_1591.root
         -> 538 vertices (1,498 trig, 492 trig+kin events)
  [1592/2782] nano_1592.root
         -> 240 vertices (750 trig, 226 trig+kin events)
  [1593/2782] nano_1593.root
         -> 535 vertices (1,450 trig, 499 trig+kin events)
  [1594/2782] nano_1594.root
         -> 550 vertices (1,488 trig, 507 trig+kin events)
  [1595/2782] nano_1595.root
         -> 525 vertices (1,503 trig, 485 trig+kin events)
  [1596/2782] nano_1596.root
         -> 515 vertices (1,389 trig, 462 trig+kin events)
  [1597/2782] nano_1597.root
         -> 525 vertices (1,452 trig, 488 trig+kin events)
  [1598/2782] nano_1598.root
         -> 582 vertices (1,523 trig, 529 trig+kin events)
  [1599/2782] nano_1599.root
         -> 492 vertices (1,466 trig, 476 trig+kin events)
  [1600/2782] nano_1600.root
         -> 369 vertices (985 trig, 347 trig+kin events)
  [1601/2782] nano_1601.root
         -> 278 vertices (763 trig, 248 trig+kin events)
  [1602/2782] nano_1602.root
         -> 297 vertices (783 trig, 273 trig+kin events)
  [1603/2782] nano_1603.root
         -> 545 vertices (1,453 trig, 488 trig+kin events)
  [1604/2782] nano_1604.root
         -> 533 vertices (1,437 trig, 475 trig+kin events)
  [1605/2782] nano_1605.root
         -> 526 vertices (1,423 trig, 501 trig+kin events)
  [1606/2782] nano_1606.root
         -> 493 vertices (1,478 trig, 475 trig+kin events)
  [1607/2782] nano_1607.root
         -> 381 vertices (921 trig, 329 trig+kin events)
  [1608/2782] nano_1608.root
         -> 362 vertices (915 trig, 320 trig+kin events)
  [1609/2782] nano_1609.root
         -> 300 vertices (793 trig, 270 trig+kin events)
  [1610/2782] nano_1610.root
         -> 229 vertices (615 trig, 188 trig+kin events)
  [1611/2782] nano_1611.root
         -> 284 vertices (851 trig, 257 trig+kin events)
  [1612/2782] nano_1612.root
         -> 401 vertices (960 trig, 362 trig+kin events)
  [1613/2782] nano_1613.root
         -> 366 vertices (988 trig, 345 trig+kin events)
  [1614/2782] nano_1614.root
         -> 496 vertices (1,406 trig, 461 trig+kin events)
  [1615/2782] nano_1615.root
         -> 262 vertices (749 trig, 247 trig+kin events)
  [1616/2782] nano_1616.root
         -> 421 vertices (1,105 trig, 377 trig+kin events)
  [1617/2782] nano_1617.root
         -> 285 vertices (789 trig, 244 trig+kin events)
  [1618/2782] nano_1618.root
         -> 513 vertices (1,273 trig, 458 trig+kin events)
  [1619/2782] nano_1619.root
         -> 241 vertices (712 trig, 237 trig+kin events)
  [1620/2782] nano_1620.root
         -> 434 vertices (1,210 trig, 396 trig+kin events)
  [1621/2782] nano_1621.root
         -> 561 vertices (1,485 trig, 524 trig+kin events)
  [1622/2782] nano_1622.root
         -> 288 vertices (755 trig, 255 trig+kin events)
  [1623/2782] nano_1623.root
         -> 309 vertices (823 trig, 280 trig+kin events)
  [1624/2782] nano_1624.root
         -> 475 vertices (1,365 trig, 456 trig+kin events)
  [1625/2782] nano_1625.root
         -> 564 vertices (1,422 trig, 514 trig+kin events)
  [1626/2782] nano_1626.root
         -> 256 vertices (760 trig, 259 trig+kin events)
  [1627/2782] nano_1627.root
         -> 522 vertices (1,487 trig, 510 trig+kin events)
  [1628/2782] nano_1628.root
         -> 409 vertices (1,080 trig, 375 trig+kin events)
  [1629/2782] nano_1629.root
         -> 280 vertices (754 trig, 258 trig+kin events)
  [1630/2782] nano_1630.root
         -> 326 vertices (930 trig, 297 trig+kin events)
  [1631/2782] nano_1631.root
         -> 503 vertices (1,462 trig, 470 trig+kin events)
  [1632/2782] nano_1632.root
         -> 447 vertices (1,298 trig, 439 trig+kin events)
  [1633/2782] nano_1633.root
         -> 526 vertices (1,416 trig, 489 trig+kin events)
  [1634/2782] nano_1634.root
         -> 322 vertices (792 trig, 284 trig+kin events)
  [1635/2782] nano_1635.root
         -> 377 vertices (1,003 trig, 347 trig+kin events)
  [1636/2782] nano_1636.root
         -> 371 vertices (986 trig, 354 trig+kin events)
  [1637/2782] nano_1637.root
         -> 277 vertices (820 trig, 245 trig+kin events)
  [1638/2782] nano_1638.root
         -> 343 vertices (984 trig, 332 trig+kin events)
  [1639/2782] nano_1639.root
         -> 548 vertices (1,449 trig, 487 trig+kin events)
  [1640/2782] nano_1640.root
         -> 290 vertices (814 trig, 270 trig+kin events)
  [1641/2782] nano_1641.root
         -> 338 vertices (880 trig, 325 trig+kin events)
  [1642/2782] nano_1642.root
         -> 306 vertices (863 trig, 285 trig+kin events)
  [1643/2782] nano_1643.root
         -> 305 vertices (877 trig, 278 trig+kin events)
  [1644/2782] nano_1644.root
         -> 606 vertices (1,512 trig, 543 trig+kin events)
  [1645/2782] nano_1645.root
         -> 566 vertices (1,453 trig, 526 trig+kin events)
  [1646/2782] nano_1646.root
         -> 333 vertices (815 trig, 282 trig+kin events)
  [1647/2782] nano_1647.root
         -> 442 vertices (1,169 trig, 407 trig+kin events)
  [1648/2782] nano_1648.root
         -> 390 vertices (1,051 trig, 356 trig+kin events)
  [1649/2782] nano_1649.root
         -> 362 vertices (939 trig, 321 trig+kin events)
  [1650/2782] nano_1650.root
         -> 577 vertices (1,466 trig, 500 trig+kin events)
  [1651/2782] nano_1651.root
         -> 535 vertices (1,402 trig, 480 trig+kin events)
  [1652/2782] nano_1652.root
         -> 572 vertices (1,503 trig, 514 trig+kin events)
  [1653/2782] nano_1653.root
         -> 484 vertices (1,230 trig, 435 trig+kin events)
  [1654/2782] nano_1654.root
         -> 572 vertices (1,599 trig, 537 trig+kin events)
  [1655/2782] nano_1655.root
         -> 560 vertices (1,451 trig, 495 trig+kin events)
  [1656/2782] nano_1656.root
         -> 587 vertices (1,521 trig, 525 trig+kin events)
  [1657/2782] nano_1657.root
         -> 302 vertices (767 trig, 281 trig+kin events)
  [1658/2782] nano_1658.root
         -> 382 vertices (1,012 trig, 343 trig+kin events)
  [1659/2782] nano_1659.root
         -> 488 vertices (1,454 trig, 455 trig+kin events)
  [1660/2782] nano_1660.root
         -> 266 vertices (751 trig, 237 trig+kin events)
  [1661/2782] nano_1661.root
         -> 530 vertices (1,449 trig, 483 trig+kin events)
  [1662/2782] nano_1662.root
         -> 479 vertices (1,165 trig, 411 trig+kin events)
  [1663/2782] nano_1663.root
         -> 565 vertices (1,519 trig, 516 trig+kin events)
  [1664/2782] nano_1664.root
         -> 286 vertices (846 trig, 269 trig+kin events)
  [1665/2782] nano_1665.root
         -> 374 vertices (959 trig, 322 trig+kin events)
  [1666/2782] nano_1666.root
         -> 533 vertices (1,430 trig, 475 trig+kin events)
  [1667/2782] nano_1667.root
         -> 498 vertices (1,314 trig, 470 trig+kin events)
  [1668/2782] nano_1668.root
         -> 290 vertices (753 trig, 253 trig+kin events)
  [1669/2782] nano_1669.root
         -> 589 vertices (1,454 trig, 520 trig+kin events)
  [1670/2782] nano_1670.root
         -> 288 vertices (746 trig, 259 trig+kin events)
  [1671/2782] nano_1671.root
         -> 241 vertices (672 trig, 221 trig+kin events)
  [1672/2782] nano_1672.root
         -> 377 vertices (897 trig, 319 trig+kin events)
  [1673/2782] nano_1673.root
         -> 545 vertices (1,553 trig, 519 trig+kin events)
  [1674/2782] nano_1674.root
         -> 321 vertices (890 trig, 294 trig+kin events)
  [1675/2782] nano_1675.root
         -> 455 vertices (1,171 trig, 409 trig+kin events)
  [1676/2782] nano_1676.root
         -> 253 vertices (738 trig, 240 trig+kin events)
  [1677/2782] nano_1677.root
         -> 597 vertices (1,457 trig, 509 trig+kin events)
  [1678/2782] nano_1678.root
         -> 329 vertices (794 trig, 277 trig+kin events)
  [1679/2782] nano_1679.root
         -> 14 vertices (47 trig, 19 trig+kin events)
  [1680/2782] nano_1680.root
         -> 484 vertices (1,272 trig, 425 trig+kin events)
  [1681/2782] nano_1681.root
         -> 560 vertices (1,416 trig, 508 trig+kin events)
  [1682/2782] nano_1682.root
         -> 361 vertices (962 trig, 322 trig+kin events)
  [1683/2782] nano_1683.root
         -> 453 vertices (1,254 trig, 391 trig+kin events)
  [1684/2782] nano_1684.root
         -> 409 vertices (1,127 trig, 354 trig+kin events)
  [1685/2782] nano_1685.root
         -> 346 vertices (936 trig, 320 trig+kin events)
  [1686/2782] nano_1686.root
         -> 134 vertices (348 trig, 117 trig+kin events)
  [1687/2782] nano_1687.root
         -> 300 vertices (786 trig, 270 trig+kin events)
  [1688/2782] nano_1688.root
         -> 439 vertices (1,191 trig, 399 trig+kin events)
  [1689/2782] nano_1689.root
         -> 427 vertices (1,197 trig, 403 trig+kin events)
  [1690/2782] nano_1690.root
         -> 252 vertices (725 trig, 248 trig+kin events)
  [1691/2782] nano_1691.root
         -> 308 vertices (827 trig, 283 trig+kin events)
  [1692/2782] nano_1692.root
         -> 529 vertices (1,498 trig, 494 trig+kin events)
  [1693/2782] nano_1693.root
         -> 426 vertices (1,041 trig, 375 trig+kin events)
  [1694/2782] nano_1694.root
         -> 505 vertices (1,293 trig, 469 trig+kin events)
  [1695/2782] nano_1695.root
         -> 548 vertices (1,509 trig, 505 trig+kin events)
  [1696/2782] nano_1696.root
         -> 262 vertices (725 trig, 237 trig+kin events)
  [1697/2782] nano_1697.root
         -> 275 vertices (768 trig, 257 trig+kin events)
  [1698/2782] nano_1698.root
         -> 513 vertices (1,480 trig, 469 trig+kin events)
  [1699/2782] nano_1699.root
         -> 317 vertices (877 trig, 286 trig+kin events)
  [1700/2782] nano_1700.root
         -> 268 vertices (774 trig, 246 trig+kin events)
  [1701/2782] nano_1701.root
         -> 578 vertices (1,511 trig, 527 trig+kin events)
  [1702/2782] nano_1702.root
         -> 552 vertices (1,434 trig, 502 trig+kin events)
  [1703/2782] nano_1703.root
         -> 216 vertices (554 trig, 216 trig+kin events)
  [1704/2782] nano_1704.root
         -> 584 vertices (1,480 trig, 518 trig+kin events)
  [1705/2782] nano_1705.root
         -> 321 vertices (838 trig, 290 trig+kin events)
  [1706/2782] nano_1706.root
         -> 151 vertices (360 trig, 122 trig+kin events)
  [1707/2782] nano_1707.root
         -> 290 vertices (766 trig, 255 trig+kin events)
  [1708/2782] nano_1708.root
         -> 494 vertices (1,364 trig, 452 trig+kin events)
  [1709/2782] nano_1709.root
         -> 306 vertices (809 trig, 291 trig+kin events)
  [1710/2782] nano_1710.root
         -> 317 vertices (795 trig, 279 trig+kin events)
  [1711/2782] nano_1711.root
         -> 298 vertices (841 trig, 273 trig+kin events)
  [1712/2782] nano_1712.root
         -> 472 vertices (1,227 trig, 416 trig+kin events)
  [1713/2782] nano_1713.root
         -> 439 vertices (1,126 trig, 403 trig+kin events)
  [1714/2782] nano_1714.root
         -> 529 vertices (1,432 trig, 486 trig+kin events)
  [1715/2782] nano_1715.root
         -> 317 vertices (816 trig, 273 trig+kin events)
  [1716/2782] nano_1716.root
         -> 191 vertices (451 trig, 173 trig+kin events)
  [1717/2782] nano_1717.root
         -> 304 vertices (804 trig, 268 trig+kin events)
  [1718/2782] nano_1718.root
         -> 383 vertices (1,006 trig, 356 trig+kin events)
  [1719/2782] nano_1719.root
         -> 316 vertices (850 trig, 290 trig+kin events)
  [1720/2782] nano_1720.root
         -> 517 vertices (1,442 trig, 464 trig+kin events)
  [1721/2782] nano_1721.root
         -> 566 vertices (1,418 trig, 480 trig+kin events)
  [1722/2782] nano_1722.root
         -> 325 vertices (783 trig, 280 trig+kin events)
  [1723/2782] nano_1723.root
         -> 280 vertices (848 trig, 271 trig+kin events)
  [1724/2782] nano_1724.root
         -> 559 vertices (1,418 trig, 491 trig+kin events)
  [1725/2782] nano_1725.root
         -> 540 vertices (1,517 trig, 492 trig+kin events)
  [1726/2782] nano_1726.root
         -> 540 vertices (1,452 trig, 493 trig+kin events)
  [1727/2782] nano_1727.root
         -> 274 vertices (764 trig, 254 trig+kin events)
  [1728/2782] nano_1728.root
         -> 280 vertices (725 trig, 250 trig+kin events)
  [1729/2782] nano_1729.root
         -> 539 vertices (1,475 trig, 495 trig+kin events)
  [1730/2782] nano_1730.root
         -> 559 vertices (1,485 trig, 499 trig+kin events)
  [1731/2782] nano_1731.root
         -> 383 vertices (944 trig, 344 trig+kin events)
  [1732/2782] nano_1732.root
         -> 485 vertices (1,324 trig, 447 trig+kin events)
  [1733/2782] nano_1733.root
         -> 536 vertices (1,389 trig, 491 trig+kin events)
  [1734/2782] nano_1734.root
         -> 312 vertices (825 trig, 271 trig+kin events)
  [1735/2782] nano_1735.root
         -> 267 vertices (734 trig, 248 trig+kin events)
  [1736/2782] nano_1736.root
         -> 585 vertices (1,516 trig, 519 trig+kin events)
  [1737/2782] nano_1737.root
         -> 527 vertices (1,330 trig, 484 trig+kin events)
  [1738/2782] nano_1738.root
         -> 387 vertices (1,074 trig, 343 trig+kin events)
  [1739/2782] nano_1739.root
         -> 350 vertices (851 trig, 284 trig+kin events)
  [1740/2782] nano_1740.root
         -> 517 vertices (1,429 trig, 443 trig+kin events)
  [1741/2782] nano_1741.root
         -> 526 vertices (1,411 trig, 485 trig+kin events)
  [1742/2782] nano_1742.root
         -> 389 vertices (1,010 trig, 337 trig+kin events)
  [1743/2782] nano_1743.root
         -> 515 vertices (1,398 trig, 451 trig+kin events)
  [1744/2782] nano_1744.root
         -> 550 vertices (1,450 trig, 502 trig+kin events)
  [1745/2782] nano_1745.root
         -> 292 vertices (790 trig, 271 trig+kin events)
  [1746/2782] nano_1746.root
         -> 285 vertices (748 trig, 272 trig+kin events)
  [1747/2782] nano_1747.root
         -> 579 vertices (1,563 trig, 532 trig+kin events)
  [1748/2782] nano_1748.root
         -> 406 vertices (1,093 trig, 386 trig+kin events)
  [1749/2782] nano_1749.root
         -> 319 vertices (882 trig, 308 trig+kin events)
  [1750/2782] nano_1750.root
         -> 343 vertices (848 trig, 290 trig+kin events)
  [1751/2782] nano_1751.root
         -> 583 vertices (1,490 trig, 517 trig+kin events)
  [1752/2782] nano_1752.root
         -> 359 vertices (968 trig, 338 trig+kin events)
  [1753/2782] nano_1753.root
         -> 299 vertices (767 trig, 253 trig+kin events)
  [1754/2782] nano_1754.root
         -> 311 vertices (902 trig, 292 trig+kin events)
  [1755/2782] nano_1755.root
         -> 377 vertices (930 trig, 334 trig+kin events)
  [1756/2782] nano_1756.root
         -> 315 vertices (872 trig, 286 trig+kin events)
  [1757/2782] nano_1757.root
         -> 443 vertices (1,109 trig, 380 trig+kin events)
  [1758/2782] nano_1758.root
         -> 625 vertices (1,518 trig, 548 trig+kin events)
  [1759/2782] nano_1759.root
         -> 528 vertices (1,495 trig, 495 trig+kin events)
  [1760/2782] nano_1760.root
         -> 593 vertices (1,556 trig, 533 trig+kin events)
  [1761/2782] nano_1761.root
         -> 494 vertices (1,335 trig, 464 trig+kin events)
  [1762/2782] nano_1762.root
         -> 537 vertices (1,414 trig, 506 trig+kin events)
  [1763/2782] nano_1763.root
         -> 517 vertices (1,330 trig, 451 trig+kin events)
  [1764/2782] nano_1764.root
         -> 281 vertices (766 trig, 259 trig+kin events)
  [1765/2782] nano_1765.root
         -> 535 vertices (1,420 trig, 498 trig+kin events)
  [1766/2782] nano_1766.root
         -> 332 vertices (810 trig, 297 trig+kin events)
  [1767/2782] nano_1767.root
         -> 332 vertices (856 trig, 301 trig+kin events)
  [1768/2782] nano_1768.root
         -> 342 vertices (940 trig, 324 trig+kin events)
  [1769/2782] nano_1769.root
         -> 599 vertices (1,486 trig, 528 trig+kin events)
  [1770/2782] nano_1770.root
         -> 303 vertices (838 trig, 278 trig+kin events)
  [1771/2782] nano_1771.root
         -> 309 vertices (805 trig, 265 trig+kin events)
  [1772/2782] nano_1772.root
         -> 350 vertices (904 trig, 299 trig+kin events)
  [1773/2782] nano_1773.root
         -> 522 vertices (1,429 trig, 484 trig+kin events)
  [1774/2782] nano_1774.root
         -> 568 vertices (1,459 trig, 518 trig+kin events)
  [1775/2782] nano_1775.root
         -> 315 vertices (871 trig, 287 trig+kin events)
  [1776/2782] nano_1776.root
         -> 295 vertices (778 trig, 269 trig+kin events)
  [1777/2782] nano_1777.root
         -> 316 vertices (850 trig, 305 trig+kin events)
  [1778/2782] nano_1778.root
         -> 567 vertices (1,487 trig, 502 trig+kin events)
  [1779/2782] nano_1779.root
         -> 285 vertices (784 trig, 273 trig+kin events)
  [1780/2782] nano_1780.root
         -> 292 vertices (750 trig, 273 trig+kin events)
  [1781/2782] nano_1781.root
         -> 275 vertices (784 trig, 261 trig+kin events)
  [1782/2782] nano_1782.root
         -> 553 vertices (1,444 trig, 483 trig+kin events)
  [1783/2782] nano_1783.root
         -> 280 vertices (828 trig, 264 trig+kin events)
  [1784/2782] nano_1784.root
         -> 362 vertices (904 trig, 308 trig+kin events)
  [1785/2782] nano_1785.root
         -> 438 vertices (1,032 trig, 378 trig+kin events)
  [1786/2782] nano_1786.root
         -> 262 vertices (719 trig, 226 trig+kin events)
  [1787/2782] nano_1787.root
         -> 283 vertices (727 trig, 239 trig+kin events)
  [1788/2782] nano_1788.root
         -> 549 vertices (1,442 trig, 474 trig+kin events)
  [1789/2782] nano_1789.root
         -> 290 vertices (726 trig, 243 trig+kin events)
  [1790/2782] nano_1790.root
         -> 591 vertices (1,512 trig, 547 trig+kin events)
  [1791/2782] nano_1791.root
         -> 46 vertices (132 trig, 39 trig+kin events)
  [1792/2782] nano_1792.root
         -> 561 vertices (1,462 trig, 514 trig+kin events)
  [1793/2782] nano_1793.root
         -> 561 vertices (1,518 trig, 505 trig+kin events)
  [1794/2782] nano_1794.root
         -> 35 vertices (52 trig, 24 trig+kin events)
  [1795/2782] nano_1795.root
         -> 301 vertices (872 trig, 291 trig+kin events)
  [1796/2782] nano_1796.root
         -> 520 vertices (1,468 trig, 472 trig+kin events)
  [1797/2782] nano_1797.root
         -> 456 vertices (1,152 trig, 400 trig+kin events)
  [1798/2782] nano_1798.root
         -> 334 vertices (952 trig, 316 trig+kin events)
  [1799/2782] nano_1799.root
         -> 487 vertices (1,459 trig, 463 trig+kin events)
  [1800/2782] nano_1800.root
         -> 368 vertices (833 trig, 319 trig+kin events)
  [1801/2782] nano_1801.root
         -> 338 vertices (904 trig, 315 trig+kin events)
  [1802/2782] nano_1802.root
         -> 74 vertices (165 trig, 64 trig+kin events)
  [1803/2782] nano_1803.root
         -> 281 vertices (746 trig, 253 trig+kin events)
  [1804/2782] nano_1804.root
         -> 277 vertices (764 trig, 241 trig+kin events)
  [1805/2782] nano_1805.root
         -> 576 vertices (1,511 trig, 527 trig+kin events)
  [1806/2782] nano_1806.root
         -> 425 vertices (1,153 trig, 385 trig+kin events)
  [1807/2782] nano_1807.root
         -> 545 vertices (1,486 trig, 515 trig+kin events)
  [1808/2782] nano_1808.root
         -> 535 vertices (1,456 trig, 488 trig+kin events)
  [1809/2782] nano_1809.root
         -> 356 vertices (891 trig, 322 trig+kin events)
  [1810/2782] nano_1810.root
         -> 315 vertices (870 trig, 288 trig+kin events)
  [1811/2782] nano_1811.root
         -> 544 vertices (1,468 trig, 482 trig+kin events)
  [1812/2782] nano_1812.root
         -> 317 vertices (813 trig, 268 trig+kin events)
  [1813/2782] nano_1813.root
         -> 559 vertices (1,547 trig, 503 trig+kin events)
  [1814/2782] nano_1814.root
         -> 336 vertices (919 trig, 298 trig+kin events)
  [1815/2782] nano_1815.root
         -> 542 vertices (1,378 trig, 480 trig+kin events)
  [1816/2782] nano_1816.root
         -> 350 vertices (907 trig, 301 trig+kin events)
  [1817/2782] nano_1817.root
         -> 348 vertices (896 trig, 292 trig+kin events)
  [1818/2782] nano_1818.root
         -> 561 vertices (1,494 trig, 512 trig+kin events)
  [1819/2782] nano_1819.root
         -> 110 vertices (343 trig, 107 trig+kin events)
  [1820/2782] nano_1820.root
         -> 286 vertices (731 trig, 234 trig+kin events)
  [1821/2782] nano_1821.root
         -> 469 vertices (1,386 trig, 446 trig+kin events)
  [1822/2782] nano_1822.root
         -> 306 vertices (829 trig, 251 trig+kin events)
  [1823/2782] nano_1823.root
         -> 542 vertices (1,441 trig, 482 trig+kin events)
  [1824/2782] nano_1824.root
         -> 292 vertices (799 trig, 249 trig+kin events)
  [1825/2782] nano_1825.root
         -> 354 vertices (833 trig, 285 trig+kin events)
  [1826/2782] nano_1826.root
         -> 565 vertices (1,449 trig, 501 trig+kin events)
  [1827/2782] nano_1827.root
         -> 577 vertices (1,485 trig, 504 trig+kin events)
  [1828/2782] nano_1828.root
         -> 569 vertices (1,511 trig, 521 trig+kin events)
  [1829/2782] nano_1829.root
         -> 266 vertices (746 trig, 243 trig+kin events)
  [1830/2782] nano_1830.root
         -> 481 vertices (1,260 trig, 429 trig+kin events)
  [1831/2782] nano_1831.root
         -> 497 vertices (1,383 trig, 455 trig+kin events)
  [1832/2782] nano_1832.root
         -> 529 vertices (1,331 trig, 457 trig+kin events)
  [1833/2782] nano_1833.root
         -> 285 vertices (812 trig, 270 trig+kin events)
  [1834/2782] nano_1834.root
         -> 359 vertices (1,032 trig, 328 trig+kin events)
  [1835/2782] nano_1835.root
         -> 326 vertices (814 trig, 276 trig+kin events)
  [1836/2782] nano_1836.root
         -> 393 vertices (1,076 trig, 351 trig+kin events)
  [1837/2782] nano_1837.root
         -> 291 vertices (783 trig, 270 trig+kin events)
  [1838/2782] nano_1838.root
         -> 327 vertices (934 trig, 319 trig+kin events)
  [1839/2782] nano_1839.root
         -> 275 vertices (819 trig, 257 trig+kin events)
  [1840/2782] nano_1840.root
         -> 436 vertices (1,166 trig, 385 trig+kin events)
  [1841/2782] nano_1841.root
         -> 524 vertices (1,451 trig, 476 trig+kin events)
  [1842/2782] nano_1842.root
         -> 470 vertices (1,241 trig, 424 trig+kin events)
  [1843/2782] nano_1843.root
         -> 438 vertices (1,095 trig, 394 trig+kin events)
  [1844/2782] nano_1844.root
         -> 279 vertices (901 trig, 285 trig+kin events)
  [1845/2782] nano_1845.root
         -> 512 vertices (1,481 trig, 497 trig+kin events)
  [1846/2782] nano_1846.root
         -> 287 vertices (782 trig, 264 trig+kin events)
  [1847/2782] nano_1847.root
         -> 456 vertices (1,277 trig, 416 trig+kin events)
  [1848/2782] nano_1848.root
         -> 314 vertices (917 trig, 290 trig+kin events)
  [1849/2782] nano_1849.root
         -> 301 vertices (784 trig, 275 trig+kin events)
  [1850/2782] nano_1850.root
         -> 306 vertices (832 trig, 278 trig+kin events)
  [1851/2782] nano_1851.root
         -> 355 vertices (970 trig, 323 trig+kin events)
  [1852/2782] nano_1852.root
         -> 575 vertices (1,437 trig, 493 trig+kin events)
  [1853/2782] nano_1853.root
         -> 520 vertices (1,417 trig, 487 trig+kin events)
  [1854/2782] nano_1854.root
         -> 293 vertices (804 trig, 266 trig+kin events)
  [1855/2782] nano_1855.root
         -> 295 vertices (842 trig, 281 trig+kin events)
  [1856/2782] nano_1856.root
         -> 290 vertices (776 trig, 252 trig+kin events)
  [1857/2782] nano_1857.root
         -> 501 vertices (1,332 trig, 457 trig+kin events)
  [1858/2782] nano_1858.root
         -> 383 vertices (1,050 trig, 361 trig+kin events)
  [1859/2782] nano_1859.root
         -> 482 vertices (1,353 trig, 443 trig+kin events)
  [1860/2782] nano_1860.root
         -> 338 vertices (873 trig, 296 trig+kin events)
  [1861/2782] nano_1861.root
         -> 506 vertices (1,264 trig, 460 trig+kin events)
  [1862/2782] nano_1862.root
         -> 339 vertices (990 trig, 317 trig+kin events)
  [1863/2782] nano_1863.root
         -> 411 vertices (1,136 trig, 383 trig+kin events)
  [1864/2782] nano_1864.root
         -> 250 vertices (715 trig, 236 trig+kin events)
  [1865/2782] nano_1865.root
         -> 379 vertices (950 trig, 323 trig+kin events)
  [1866/2782] nano_1866.root
         -> 280 vertices (763 trig, 261 trig+kin events)
  [1867/2782] nano_1867.root
         -> 298 vertices (752 trig, 275 trig+kin events)
  [1868/2782] nano_1868.root
         -> 506 vertices (1,460 trig, 492 trig+kin events)
  [1869/2782] nano_1869.root
         -> 553 vertices (1,534 trig, 505 trig+kin events)
  [1870/2782] nano_1870.root
         -> 266 vertices (721 trig, 222 trig+kin events)
  [1871/2782] nano_1871.root
         -> 530 vertices (1,450 trig, 485 trig+kin events)
  [1872/2782] nano_1872.root
         -> 272 vertices (776 trig, 240 trig+kin events)
  [1873/2782] nano_1873.root
         -> 327 vertices (917 trig, 287 trig+kin events)
  [1874/2782] nano_1874.root
         -> 390 vertices (1,035 trig, 355 trig+kin events)
  [1875/2782] nano_1875.root
         -> 288 vertices (817 trig, 262 trig+kin events)
  [1876/2782] nano_1876.root
         -> 211 vertices (598 trig, 205 trig+kin events)
  [1877/2782] nano_1877.root
         -> 417 vertices (1,015 trig, 352 trig+kin events)
  [1878/2782] nano_1878.root
         -> 585 vertices (1,513 trig, 498 trig+kin events)
  [1879/2782] nano_1879.root
         -> 52 vertices (123 trig, 45 trig+kin events)
  [1880/2782] nano_1880.root
         -> 353 vertices (931 trig, 329 trig+kin events)
  [1881/2782] nano_1881.root
         -> 327 vertices (869 trig, 294 trig+kin events)
  [1882/2782] nano_1882.root
         -> 373 vertices (988 trig, 359 trig+kin events)
  [1883/2782] nano_1883.root
         -> 507 vertices (1,379 trig, 490 trig+kin events)
  [1884/2782] nano_1884.root
         -> 558 vertices (1,499 trig, 478 trig+kin events)
  [1885/2782] nano_1885.root
         -> 582 vertices (1,520 trig, 499 trig+kin events)
  [1886/2782] nano_1886.root
         -> 533 vertices (1,471 trig, 489 trig+kin events)
  [1887/2782] nano_1887.root
         -> 580 vertices (1,537 trig, 518 trig+kin events)
  [1888/2782] nano_1888.root
         -> 428 vertices (1,176 trig, 377 trig+kin events)
  [1889/2782] nano_1889.root
         -> 513 vertices (1,485 trig, 490 trig+kin events)
  [1890/2782] nano_1890.root
         -> 288 vertices (714 trig, 269 trig+kin events)
  [1891/2782] nano_1891.root
         -> 438 vertices (1,074 trig, 380 trig+kin events)
  [1892/2782] nano_1892.root
         -> 517 vertices (1,310 trig, 452 trig+kin events)
  [1893/2782] nano_1893.root
         -> 32 vertices (69 trig, 29 trig+kin events)
  [1894/2782] nano_1894.root
         -> 306 vertices (847 trig, 274 trig+kin events)
  [1895/2782] nano_1895.root
         -> 473 vertices (1,258 trig, 426 trig+kin events)
  [1896/2782] nano_1896.root
         -> 484 vertices (1,219 trig, 427 trig+kin events)
  [1897/2782] nano_1897.root
         -> 405 vertices (1,045 trig, 372 trig+kin events)
  [1898/2782] nano_1898.root
         -> 549 vertices (1,328 trig, 463 trig+kin events)
  [1899/2782] nano_1899.root
         -> 553 vertices (1,480 trig, 518 trig+kin events)
  [1900/2782] nano_1900.root
         -> 558 vertices (1,502 trig, 497 trig+kin events)
  [1901/2782] nano_1901.root
         -> 558 vertices (1,442 trig, 508 trig+kin events)
  [1902/2782] nano_1902.root
         -> 270 vertices (760 trig, 243 trig+kin events)
  [1903/2782] nano_1903.root
         -> 349 vertices (873 trig, 302 trig+kin events)
  [1904/2782] nano_1904.root
         -> 320 vertices (842 trig, 298 trig+kin events)
  [1905/2782] nano_1905.root
         -> 467 vertices (1,279 trig, 412 trig+kin events)
  [1906/2782] nano_1906.root
         -> 522 vertices (1,445 trig, 475 trig+kin events)
  [1907/2782] nano_1907.root
         -> 325 vertices (885 trig, 304 trig+kin events)
  [1908/2782] nano_1908.root
         -> 289 vertices (772 trig, 264 trig+kin events)
  [1909/2782] nano_1909.root
         -> 325 vertices (847 trig, 277 trig+kin events)
  [1910/2782] nano_1910.root
         -> 490 vertices (1,241 trig, 436 trig+kin events)
  [1911/2782] nano_1911.root
         -> 545 vertices (1,479 trig, 512 trig+kin events)
  [1912/2782] nano_1912.root
         -> 521 vertices (1,510 trig, 482 trig+kin events)
  [1913/2782] nano_1913.root
         -> 440 vertices (1,254 trig, 417 trig+kin events)
  [1914/2782] nano_1914.root
         -> 573 vertices (1,497 trig, 526 trig+kin events)
  [1915/2782] nano_1915.root
         -> 432 vertices (1,104 trig, 382 trig+kin events)
  [1916/2782] nano_1916.root
         -> 520 vertices (1,437 trig, 483 trig+kin events)
  [1917/2782] nano_1917.root
         -> 297 vertices (792 trig, 264 trig+kin events)
  [1918/2782] nano_1918.root
         -> 348 vertices (964 trig, 314 trig+kin events)
  [1919/2782] nano_1919.root
         -> 326 vertices (934 trig, 310 trig+kin events)
  [1920/2782] nano_1920.root
         -> 503 vertices (1,440 trig, 449 trig+kin events)
  [1921/2782] nano_1921.root
         -> 532 vertices (1,449 trig, 500 trig+kin events)
  [1922/2782] nano_1922.root
         -> 343 vertices (851 trig, 300 trig+kin events)
  [1923/2782] nano_1923.root
         -> 451 vertices (1,219 trig, 405 trig+kin events)
  [1924/2782] nano_1924.root
         -> 569 vertices (1,487 trig, 508 trig+kin events)
  [1925/2782] nano_1925.root
         -> 571 vertices (1,505 trig, 507 trig+kin events)
  [1926/2782] nano_1926.root
         -> 292 vertices (822 trig, 286 trig+kin events)
  [1927/2782] nano_1927.root
         -> 557 vertices (1,533 trig, 519 trig+kin events)
  [1928/2782] nano_1928.root
         -> 521 vertices (1,455 trig, 481 trig+kin events)
  [1929/2782] nano_1929.root
         -> 414 vertices (1,192 trig, 388 trig+kin events)
  [1930/2782] nano_1930.root
         -> 416 vertices (1,109 trig, 390 trig+kin events)
  [1931/2782] nano_1931.root
         -> 360 vertices (1,017 trig, 346 trig+kin events)
  [1932/2782] nano_1932.root
         -> 545 vertices (1,498 trig, 481 trig+kin events)
  [1933/2782] nano_1933.root
         -> 386 vertices (1,078 trig, 367 trig+kin events)
  [1934/2782] nano_1934.root
         -> 271 vertices (803 trig, 277 trig+kin events)
  [1935/2782] nano_1935.root
         -> 535 vertices (1,500 trig, 492 trig+kin events)
  [1936/2782] nano_1936.root
         -> 49 vertices (99 trig, 40 trig+kin events)
  [1937/2782] nano_1937.root
         -> 550 vertices (1,503 trig, 499 trig+kin events)
  [1938/2782] nano_1938.root
         -> 280 vertices (815 trig, 262 trig+kin events)
  [1939/2782] nano_1939.root
         -> 578 vertices (1,497 trig, 517 trig+kin events)
  [1940/2782] nano_1940.root
         -> 467 vertices (1,269 trig, 434 trig+kin events)
  [1941/2782] nano_1941.root
         -> 518 vertices (1,456 trig, 483 trig+kin events)
  [1942/2782] nano_1942.root
         -> 526 vertices (1,467 trig, 496 trig+kin events)
  [1943/2782] nano_1943.root
         -> 459 vertices (1,240 trig, 397 trig+kin events)
  [1944/2782] nano_1944.root
         -> 476 vertices (1,201 trig, 413 trig+kin events)
  [1945/2782] nano_1945.root
         -> 537 vertices (1,459 trig, 488 trig+kin events)
  [1946/2782] nano_1946.root
         -> 515 vertices (1,367 trig, 472 trig+kin events)
  [1947/2782] nano_1947.root
         -> 550 vertices (1,382 trig, 496 trig+kin events)
  [1948/2782] nano_1948.root
         -> 326 vertices (802 trig, 283 trig+kin events)
  [1949/2782] nano_1949.root
         -> 429 vertices (1,090 trig, 373 trig+kin events)
  [1950/2782] nano_1950.root
         -> 329 vertices (962 trig, 307 trig+kin events)
  [1951/2782] nano_1951.root
         -> 574 vertices (1,478 trig, 519 trig+kin events)
  [1952/2782] nano_1952.root
         -> 272 vertices (777 trig, 256 trig+kin events)
  [1953/2782] nano_1953.root
         -> 293 vertices (749 trig, 247 trig+kin events)
  [1954/2782] nano_1954.root
         -> 280 vertices (762 trig, 241 trig+kin events)
  [1955/2782] nano_1955.root
         -> 295 vertices (793 trig, 267 trig+kin events)
  [1956/2782] nano_1956.root
         -> 566 vertices (1,536 trig, 514 trig+kin events)
  [1957/2782] nano_1957.root
         -> 280 vertices (792 trig, 269 trig+kin events)
  [1958/2782] nano_1958.root
         -> 578 vertices (1,490 trig, 529 trig+kin events)
  [1959/2782] nano_1959.root
         -> 356 vertices (922 trig, 312 trig+kin events)
  [1960/2782] nano_1960.root
         -> 282 vertices (779 trig, 258 trig+kin events)
  [1961/2782] nano_1961.root
         -> 589 vertices (1,453 trig, 536 trig+kin events)
  [1962/2782] nano_1962.root
         -> 292 vertices (775 trig, 266 trig+kin events)
  [1963/2782] nano_1963.root
         -> 574 vertices (1,483 trig, 510 trig+kin events)
  [1964/2782] nano_1964.root
         -> 335 vertices (845 trig, 295 trig+kin events)
  [1965/2782] nano_1965.root
         -> 499 vertices (1,305 trig, 437 trig+kin events)
  [1966/2782] nano_1966.root
         -> 593 vertices (1,489 trig, 522 trig+kin events)
  [1967/2782] nano_1967.root
         -> 276 vertices (801 trig, 261 trig+kin events)
  [1968/2782] nano_1968.root
         -> 243 vertices (701 trig, 229 trig+kin events)
  [1969/2782] nano_1969.root
         -> 322 vertices (868 trig, 295 trig+kin events)
  [1970/2782] nano_1970.root
         -> 359 vertices (910 trig, 307 trig+kin events)
  [1971/2782] nano_1971.root
         -> 406 vertices (1,001 trig, 336 trig+kin events)
  [1972/2782] nano_1972.root
         -> 340 vertices (944 trig, 296 trig+kin events)
  [1973/2782] nano_1973.root
         -> 452 vertices (1,245 trig, 423 trig+kin events)
  [1974/2782] nano_1974.root
         -> 399 vertices (1,092 trig, 360 trig+kin events)
  [1975/2782] nano_1975.root
         -> 303 vertices (796 trig, 274 trig+kin events)
  [1976/2782] nano_1976.root
         -> 293 vertices (789 trig, 281 trig+kin events)
  [1977/2782] nano_1977.root
         -> 568 vertices (1,464 trig, 517 trig+kin events)
  [1978/2782] nano_1978.root
         -> 575 vertices (1,479 trig, 502 trig+kin events)
  [1979/2782] nano_1979.root
         -> 438 vertices (1,135 trig, 386 trig+kin events)
  [1980/2782] nano_1980.root
         -> 538 vertices (1,519 trig, 490 trig+kin events)
  [1981/2782] nano_1981.root
         -> 313 vertices (842 trig, 285 trig+kin events)
  [1982/2782] nano_1982.root
         -> 549 vertices (1,485 trig, 490 trig+kin events)
  [1983/2782] nano_1983.root
         -> 527 vertices (1,485 trig, 509 trig+kin events)
  [1984/2782] nano_1984.root
         -> 505 vertices (1,437 trig, 479 trig+kin events)
  [1985/2782] nano_1985.root
         -> 501 vertices (1,346 trig, 452 trig+kin events)
  [1986/2782] nano_1986.root
         -> 416 vertices (1,163 trig, 400 trig+kin events)
  [1987/2782] nano_1987.root
         -> 622 vertices (1,542 trig, 558 trig+kin events)
  [1988/2782] nano_1988.root
         -> 552 vertices (1,452 trig, 506 trig+kin events)
  [1989/2782] nano_1989.root
         -> 487 vertices (1,345 trig, 426 trig+kin events)
  [1990/2782] nano_1990.root
         -> 412 vertices (991 trig, 385 trig+kin events)
  [1991/2782] nano_1991.root
         -> 288 vertices (814 trig, 269 trig+kin events)
  [1992/2782] nano_1992.root
         -> 569 vertices (1,467 trig, 507 trig+kin events)
  [1993/2782] nano_1993.root
         -> 527 vertices (1,308 trig, 463 trig+kin events)
  [1994/2782] nano_1994.root
         -> 319 vertices (801 trig, 271 trig+kin events)
  [1995/2782] nano_1995.root
         -> 408 vertices (1,149 trig, 393 trig+kin events)
  [1996/2782] nano_1996.root
         -> 527 vertices (1,416 trig, 489 trig+kin events)
  [1997/2782] nano_1997.root
         -> 254 vertices (718 trig, 254 trig+kin events)
  [1998/2782] nano_1998.root
         -> 323 vertices (837 trig, 297 trig+kin events)
  [1999/2782] nano_1999.root
         -> 456 vertices (1,144 trig, 413 trig+kin events)
  [2000/2782] nano_2000.root
         -> 563 vertices (1,522 trig, 496 trig+kin events)
  [2001/2782] nano_2001.root
         -> 329 vertices (904 trig, 284 trig+kin events)
  [2002/2782] nano_2002.root
         -> 428 vertices (1,085 trig, 381 trig+kin events)
  [2003/2782] nano_2003.root
         -> 530 vertices (1,406 trig, 480 trig+kin events)
  [2004/2782] nano_2004.root
         -> 453 vertices (1,113 trig, 387 trig+kin events)
  [2005/2782] nano_2005.root
         -> 561 vertices (1,451 trig, 503 trig+kin events)
  [2006/2782] nano_2006.root
         -> 293 vertices (799 trig, 280 trig+kin events)
  [2007/2782] nano_2007.root
         -> 529 vertices (1,420 trig, 485 trig+kin events)
  [2008/2782] nano_2008.root
         -> 529 vertices (1,442 trig, 480 trig+kin events)
  [2009/2782] nano_2009.root
         -> 587 vertices (1,515 trig, 516 trig+kin events)
  [2010/2782] nano_2010.root
         -> 275 vertices (801 trig, 256 trig+kin events)
  [2011/2782] nano_2011.root
         -> 452 vertices (1,200 trig, 410 trig+kin events)
  [2012/2782] nano_2012.root
         -> 499 vertices (1,377 trig, 474 trig+kin events)
  [2013/2782] nano_2013.root
         -> 325 vertices (891 trig, 294 trig+kin events)
  [2014/2782] nano_2014.root
         -> 331 vertices (817 trig, 293 trig+kin events)
  [2015/2782] nano_2015.root
         -> 388 vertices (1,006 trig, 347 trig+kin events)
  [2016/2782] nano_2016.root
         -> 289 vertices (805 trig, 267 trig+kin events)
  [2017/2782] nano_2017.root
         -> 332 vertices (875 trig, 291 trig+kin events)
  [2018/2782] nano_2018.root
         -> 272 vertices (767 trig, 260 trig+kin events)
  [2019/2782] nano_2019.root
         -> 259 vertices (745 trig, 246 trig+kin events)
  [2020/2782] nano_2020.root
         -> 356 vertices (941 trig, 315 trig+kin events)
  [2021/2782] nano_2021.root
         -> 266 vertices (720 trig, 235 trig+kin events)
  [2022/2782] nano_2022.root
         -> 325 vertices (777 trig, 281 trig+kin events)
  [2023/2782] nano_2023.root
         -> 278 vertices (751 trig, 266 trig+kin events)
  [2024/2782] nano_2024.root
         -> 301 vertices (851 trig, 280 trig+kin events)
  [2025/2782] nano_2025.root
         -> 403 vertices (1,084 trig, 359 trig+kin events)
  [2026/2782] nano_2026.root
         -> 537 vertices (1,365 trig, 478 trig+kin events)
  [2027/2782] nano_2027.root
         -> 515 vertices (1,416 trig, 493 trig+kin events)
  [2028/2782] nano_2028.root
         -> 398 vertices (1,100 trig, 367 trig+kin events)
  [2029/2782] nano_2029.root
         -> 457 vertices (1,201 trig, 407 trig+kin events)
  [2030/2782] nano_2030.root
         -> 498 vertices (1,414 trig, 478 trig+kin events)
  [2031/2782] nano_2031.root
         -> 560 vertices (1,433 trig, 499 trig+kin events)
  [2032/2782] nano_2032.root
         -> 567 vertices (1,429 trig, 495 trig+kin events)
  [2033/2782] nano_2033.root
         -> 309 vertices (760 trig, 263 trig+kin events)
  [2034/2782] nano_2034.root
         -> 190 vertices (457 trig, 161 trig+kin events)
  [2035/2782] nano_2035.root
         -> 348 vertices (910 trig, 300 trig+kin events)
  [2036/2782] nano_2036.root
         -> 332 vertices (821 trig, 283 trig+kin events)
  [2037/2782] nano_2037.root
         -> 579 vertices (1,440 trig, 515 trig+kin events)
  [2038/2782] nano_2038.root
         -> 310 vertices (861 trig, 298 trig+kin events)
  [2039/2782] nano_2039.root
         -> 332 vertices (929 trig, 292 trig+kin events)
  [2040/2782] nano_2040.root
         -> 572 vertices (1,521 trig, 539 trig+kin events)
  [2041/2782] nano_2041.root
         -> 387 vertices (1,110 trig, 351 trig+kin events)
  [2042/2782] nano_2042.root
         -> 264 vertices (721 trig, 253 trig+kin events)
  [2043/2782] nano_2043.root
         -> 434 vertices (1,129 trig, 397 trig+kin events)
  [2044/2782] nano_2044.root
         -> 307 vertices (869 trig, 280 trig+kin events)
  [2045/2782] nano_2045.root
         -> 559 vertices (1,483 trig, 510 trig+kin events)
  [2046/2782] nano_2046.root
         -> 380 vertices (953 trig, 329 trig+kin events)
  [2047/2782] nano_2047.root
         -> 566 vertices (1,549 trig, 511 trig+kin events)
  [2048/2782] nano_2048.root
         -> 583 vertices (1,445 trig, 503 trig+kin events)
  [2049/2782] nano_2049.root
         -> 552 vertices (1,497 trig, 510 trig+kin events)
  [2050/2782] nano_2050.root
         -> 324 vertices (816 trig, 287 trig+kin events)
  [2051/2782] nano_2051.root
         -> 421 vertices (1,138 trig, 394 trig+kin events)
  [2052/2782] nano_2052.root
         -> 333 vertices (834 trig, 306 trig+kin events)
  [2053/2782] nano_2053.root
         -> 517 vertices (1,264 trig, 448 trig+kin events)
  [2054/2782] nano_2054.root
         -> 519 vertices (1,320 trig, 473 trig+kin events)
  [2055/2782] nano_2055.root
         -> 607 vertices (1,420 trig, 534 trig+kin events)
  [2056/2782] nano_2056.root
         -> 81 vertices (193 trig, 71 trig+kin events)
  [2057/2782] nano_2057.root
         -> 274 vertices (754 trig, 252 trig+kin events)
  [2058/2782] nano_2058.root
         -> 565 vertices (1,432 trig, 491 trig+kin events)
  [2059/2782] nano_2059.root
         -> 608 vertices (1,488 trig, 523 trig+kin events)
  [2060/2782] nano_2060.root
         -> 383 vertices (1,068 trig, 366 trig+kin events)
  [2061/2782] nano_2061.root
         -> 301 vertices (836 trig, 281 trig+kin events)
  [2062/2782] nano_2062.root
         -> 335 vertices (750 trig, 268 trig+kin events)
  [2063/2782] nano_2063.root
         -> 64 vertices (161 trig, 64 trig+kin events)
  [2064/2782] nano_2064.root
         -> 369 vertices (1,066 trig, 336 trig+kin events)
  [2065/2782] nano_2065.root
         -> 534 vertices (1,472 trig, 494 trig+kin events)
  [2066/2782] nano_2066.root
         -> 338 vertices (767 trig, 293 trig+kin events)
  [2067/2782] nano_2067.root
         -> 499 vertices (1,358 trig, 459 trig+kin events)
  [2068/2782] nano_2068.root
         -> 393 vertices (961 trig, 347 trig+kin events)
  [2069/2782] nano_2069.root
         -> 328 vertices (877 trig, 281 trig+kin events)
  [2070/2782] nano_2070.root
         -> 426 vertices (1,122 trig, 392 trig+kin events)
  [2071/2782] nano_2071.root
         -> 514 vertices (1,433 trig, 484 trig+kin events)
  [2072/2782] nano_2072.root
         -> 411 vertices (1,114 trig, 370 trig+kin events)
  [2073/2782] nano_2073.root
         -> 385 vertices (1,024 trig, 339 trig+kin events)
  [2074/2782] nano_2074.root
         -> 541 vertices (1,484 trig, 491 trig+kin events)
  [2075/2782] nano_2075.root
         -> 356 vertices (1,049 trig, 338 trig+kin events)
  [2076/2782] nano_2076.root
         -> 507 vertices (1,473 trig, 488 trig+kin events)
  [2077/2782] nano_2077.root
         -> 294 vertices (817 trig, 277 trig+kin events)
  [2078/2782] nano_2078.root
         -> 328 vertices (834 trig, 297 trig+kin events)
  [2079/2782] nano_2079.root
         -> 435 vertices (1,070 trig, 371 trig+kin events)
  [2080/2782] nano_2080.root
         -> 522 vertices (1,429 trig, 484 trig+kin events)
  [2081/2782] nano_2081.root
         -> 583 vertices (1,558 trig, 510 trig+kin events)
  [2082/2782] nano_2082.root
         -> 348 vertices (825 trig, 297 trig+kin events)
  [2083/2782] nano_2083.root
         -> 47 vertices (112 trig, 37 trig+kin events)
  [2084/2782] nano_2084.root
         -> 442 vertices (1,118 trig, 378 trig+kin events)
  [2085/2782] nano_2085.root
         -> 342 vertices (915 trig, 306 trig+kin events)
  [2086/2782] nano_2086.root
         -> 468 vertices (1,163 trig, 415 trig+kin events)
  [2087/2782] nano_2087.root
         -> 513 vertices (1,386 trig, 464 trig+kin events)
  [2088/2782] nano_2088.root
         -> 333 vertices (898 trig, 312 trig+kin events)
  [2089/2782] nano_2089.root
         -> 316 vertices (818 trig, 268 trig+kin events)
  [2090/2782] nano_2090.root
         -> 479 vertices (1,272 trig, 424 trig+kin events)
  [2091/2782] nano_2091.root
         -> 531 vertices (1,436 trig, 483 trig+kin events)
  [2092/2782] nano_2092.root
         -> 583 vertices (1,480 trig, 491 trig+kin events)
  [2093/2782] nano_2093.root
         -> 462 vertices (1,295 trig, 426 trig+kin events)
  [2094/2782] nano_2094.root
         -> 278 vertices (814 trig, 264 trig+kin events)
  [2095/2782] nano_2095.root
         -> 290 vertices (792 trig, 265 trig+kin events)
  [2096/2782] nano_2096.root
         -> 528 vertices (1,498 trig, 498 trig+kin events)
  [2097/2782] nano_2097.root
         -> 605 vertices (1,526 trig, 529 trig+kin events)
  [2098/2782] nano_2098.root
         -> 286 vertices (838 trig, 254 trig+kin events)
  [2099/2782] nano_2099.root
         -> 334 vertices (828 trig, 289 trig+kin events)
  [2100/2782] nano_2100.root
         -> 411 vertices (1,147 trig, 389 trig+kin events)
  [2101/2782] nano_2101.root
         -> 435 vertices (1,280 trig, 388 trig+kin events)
  [2102/2782] nano_2102.root
         -> 108 vertices (316 trig, 107 trig+kin events)
  [2103/2782] nano_2103.root
         -> 520 vertices (1,488 trig, 469 trig+kin events)
  [2104/2782] nano_2104.root
         -> 355 vertices (1,002 trig, 335 trig+kin events)
  [2105/2782] nano_2105.root
         -> 335 vertices (803 trig, 300 trig+kin events)
  [2106/2782] nano_2106.root
         -> 471 vertices (1,173 trig, 427 trig+kin events)
  [2107/2782] nano_2107.root
         -> 562 vertices (1,468 trig, 508 trig+kin events)
  [2108/2782] nano_2108.root
         -> 279 vertices (799 trig, 264 trig+kin events)
  [2109/2782] nano_2109.root
         -> 301 vertices (811 trig, 268 trig+kin events)
  [2110/2782] nano_2110.root
         -> 268 vertices (784 trig, 253 trig+kin events)
  [2111/2782] nano_2111.root
         -> 325 vertices (836 trig, 291 trig+kin events)
  [2112/2782] nano_2112.root
         -> 544 vertices (1,475 trig, 513 trig+kin events)
  [2113/2782] nano_2113.root
         -> 332 vertices (854 trig, 303 trig+kin events)
  [2114/2782] nano_2114.root
         -> 309 vertices (880 trig, 298 trig+kin events)
  [2115/2782] nano_2115.root
         -> 313 vertices (839 trig, 280 trig+kin events)
  [2116/2782] nano_2116.root
         -> 347 vertices (929 trig, 301 trig+kin events)
  [2117/2782] nano_2117.root
         -> 300 vertices (934 trig, 297 trig+kin events)
  [2118/2782] nano_2118.root
         -> 515 vertices (1,456 trig, 459 trig+kin events)
  [2119/2782] nano_2119.root
         -> 514 vertices (1,405 trig, 483 trig+kin events)
  [2120/2782] nano_2120.root
         -> 538 vertices (1,481 trig, 504 trig+kin events)
  [2121/2782] nano_2121.root
         -> 398 vertices (992 trig, 345 trig+kin events)
  [2122/2782] nano_2122.root
         -> 546 vertices (1,466 trig, 494 trig+kin events)
  [2123/2782] nano_2123.root
         -> 432 vertices (1,147 trig, 384 trig+kin events)
  [2124/2782] nano_2124.root
         -> 419 vertices (1,124 trig, 378 trig+kin events)
  [2125/2782] nano_2125.root
         -> 529 vertices (1,440 trig, 513 trig+kin events)
  [2126/2782] nano_2126.root
         -> 568 vertices (1,517 trig, 534 trig+kin events)
  [2127/2782] nano_2127.root
         -> 403 vertices (1,005 trig, 331 trig+kin events)
  [2128/2782] nano_2128.root
         -> 350 vertices (875 trig, 295 trig+kin events)
  [2129/2782] nano_2129.root
         -> 569 vertices (1,512 trig, 497 trig+kin events)
  [2130/2782] nano_2130.root
         -> 511 vertices (1,368 trig, 456 trig+kin events)
  [2131/2782] nano_2131.root
         -> 398 vertices (956 trig, 335 trig+kin events)
  [2132/2782] nano_2132.root
         -> 579 vertices (1,505 trig, 529 trig+kin events)
  [2133/2782] nano_2133.root
         -> 325 vertices (951 trig, 298 trig+kin events)
  [2134/2782] nano_2134.root
         -> 340 vertices (888 trig, 305 trig+kin events)
  [2135/2782] nano_2135.root
         -> 357 vertices (969 trig, 337 trig+kin events)
  [2136/2782] nano_2136.root
         -> 448 vertices (1,433 trig, 454 trig+kin events)
  [2137/2782] nano_2137.root
         -> 325 vertices (1,033 trig, 332 trig+kin events)
  [2138/2782] nano_2138.root
         -> 5 vertices (14 trig, 6 trig+kin events)
  [2139/2782] nano_2139.root
         -> 588 vertices (1,570 trig, 524 trig+kin events)
  [2140/2782] nano_2140.root
         -> 478 vertices (1,189 trig, 428 trig+kin events)
  [2141/2782] nano_2141.root
         -> 565 vertices (1,443 trig, 518 trig+kin events)
  [2142/2782] nano_2142.root
         -> 401 vertices (1,030 trig, 365 trig+kin events)
  [2143/2782] nano_2143.root
         -> 464 vertices (1,244 trig, 424 trig+kin events)
  [2144/2782] nano_2144.root
         -> 506 vertices (1,432 trig, 478 trig+kin events)
  [2145/2782] nano_2145.root
         -> 351 vertices (870 trig, 310 trig+kin events)
  [2146/2782] nano_2146.root
         -> 316 vertices (884 trig, 295 trig+kin events)
  [2147/2782] nano_2147.root
         -> 550 vertices (1,475 trig, 486 trig+kin events)
  [2148/2782] nano_2148.root
         -> 305 vertices (838 trig, 281 trig+kin events)
  [2149/2782] nano_2149.root
         -> 355 vertices (955 trig, 322 trig+kin events)
  [2150/2782] nano_2150.root
         -> 313 vertices (827 trig, 300 trig+kin events)
  [2151/2782] nano_2151.root
         -> 518 vertices (1,464 trig, 505 trig+kin events)
  [2152/2782] nano_2152.root
         -> 168 vertices (460 trig, 162 trig+kin events)
  [2153/2782] nano_2153.root
         -> 513 vertices (1,448 trig, 443 trig+kin events)
  [2154/2782] nano_2154.root
         -> 536 vertices (1,481 trig, 500 trig+kin events)
  [2155/2782] nano_2155.root
         -> 607 vertices (1,458 trig, 521 trig+kin events)
  [2156/2782] nano_2156.root
         -> 355 vertices (932 trig, 301 trig+kin events)
  [2157/2782] nano_2157.root
         -> 292 vertices (806 trig, 262 trig+kin events)
  [2158/2782] nano_2158.root
         -> 202 vertices (563 trig, 190 trig+kin events)
  [2159/2782] nano_2159.root
         -> 311 vertices (846 trig, 286 trig+kin events)
  [2160/2782] nano_2160.root
         -> 281 vertices (780 trig, 253 trig+kin events)
  [2161/2782] nano_2161.root
         -> 519 vertices (1,406 trig, 460 trig+kin events)
  [2162/2782] nano_2162.root
         -> 303 vertices (852 trig, 269 trig+kin events)
  [2163/2782] nano_2163.root
         -> 311 vertices (855 trig, 269 trig+kin events)
  [2164/2782] nano_2164.root
         -> 367 vertices (1,016 trig, 342 trig+kin events)
  [2165/2782] nano_2165.root
         -> 513 vertices (1,496 trig, 482 trig+kin events)
  [2166/2782] nano_2166.root
         -> 345 vertices (826 trig, 309 trig+kin events)
  [2167/2782] nano_2167.root
         -> 570 vertices (1,503 trig, 480 trig+kin events)
  [2168/2782] nano_2168.root
         -> 395 vertices (1,113 trig, 366 trig+kin events)
  [2169/2782] nano_2169.root
         -> 373 vertices (922 trig, 324 trig+kin events)
  [2170/2782] nano_2170.root
         -> 321 vertices (876 trig, 312 trig+kin events)
  [2171/2782] nano_2171.root
         -> 486 vertices (1,246 trig, 429 trig+kin events)
  [2172/2782] nano_2172.root
         -> 297 vertices (763 trig, 267 trig+kin events)
  [2173/2782] nano_2173.root
         -> 362 vertices (856 trig, 297 trig+kin events)
  [2174/2782] nano_2174.root
         -> 549 vertices (1,390 trig, 464 trig+kin events)
  [2175/2782] nano_2175.root
         -> 83 vertices (196 trig, 73 trig+kin events)
  [2176/2782] nano_2176.root
         -> 553 vertices (1,473 trig, 491 trig+kin events)
  [2177/2782] nano_2177.root
         -> 495 vertices (1,415 trig, 457 trig+kin events)
  [2178/2782] nano_2178.root
         -> 361 vertices (967 trig, 322 trig+kin events)
  [2179/2782] nano_2179.root
         -> 266 vertices (782 trig, 248 trig+kin events)
  [2180/2782] nano_2180.root
         -> 310 vertices (870 trig, 295 trig+kin events)
  [2181/2782] nano_2181.root
         -> 504 vertices (1,493 trig, 478 trig+kin events)
  [2182/2782] nano_2182.root
         -> 311 vertices (742 trig, 257 trig+kin events)
  [2183/2782] nano_2183.root
         -> 294 vertices (785 trig, 252 trig+kin events)
  [2184/2782] nano_2184.root
         -> 338 vertices (920 trig, 306 trig+kin events)
  [2185/2782] nano_2185.root
         -> 375 vertices (985 trig, 347 trig+kin events)
  [2186/2782] nano_2186.root
         -> 418 vertices (1,112 trig, 390 trig+kin events)
  [2187/2782] nano_2187.root
         -> 320 vertices (839 trig, 294 trig+kin events)
  [2188/2782] nano_2188.root
         -> 555 vertices (1,478 trig, 500 trig+kin events)
  [2189/2782] nano_2189.root
         -> 540 vertices (1,435 trig, 504 trig+kin events)
  [2190/2782] nano_2190.root
         -> 263 vertices (801 trig, 242 trig+kin events)
  [2191/2782] nano_2191.root
         -> 425 vertices (1,213 trig, 405 trig+kin events)
  [2192/2782] nano_2192.root
         -> 436 vertices (1,082 trig, 359 trig+kin events)
  [2193/2782] nano_2193.root
         -> 360 vertices (912 trig, 330 trig+kin events)
  [2194/2782] nano_2194.root
         -> 370 vertices (997 trig, 319 trig+kin events)
  [2195/2782] nano_2195.root
         -> 554 vertices (1,534 trig, 522 trig+kin events)
  [2196/2782] nano_2196.root
         -> 323 vertices (758 trig, 284 trig+kin events)
  [2197/2782] nano_2197.root
         -> 394 vertices (1,081 trig, 372 trig+kin events)
  [2198/2782] nano_2198.root
         -> 280 vertices (787 trig, 264 trig+kin events)
  [2199/2782] nano_2199.root
         -> 464 vertices (1,176 trig, 427 trig+kin events)
  [2200/2782] nano_2200.root
         -> 315 vertices (831 trig, 283 trig+kin events)
  [2201/2782] nano_2201.root
         -> 367 vertices (1,012 trig, 343 trig+kin events)
  [2202/2782] nano_2202.root
         -> 466 vertices (1,162 trig, 395 trig+kin events)
  [2203/2782] nano_2203.root
         -> 571 vertices (1,480 trig, 509 trig+kin events)
  [2204/2782] nano_2204.root
         -> 317 vertices (844 trig, 278 trig+kin events)
  [2205/2782] nano_2205.root
         -> 516 vertices (1,321 trig, 463 trig+kin events)
  [2206/2782] nano_2206.root
         -> 273 vertices (753 trig, 248 trig+kin events)
  [2207/2782] nano_2207.root
         -> 319 vertices (869 trig, 288 trig+kin events)
  [2208/2782] nano_2208.root
         -> 542 vertices (1,430 trig, 524 trig+kin events)
  [2209/2782] nano_2209.root
         -> 576 vertices (1,494 trig, 529 trig+kin events)
  [2210/2782] nano_2210.root
         -> 385 vertices (1,043 trig, 365 trig+kin events)
  [2211/2782] nano_2211.root
         -> 542 vertices (1,467 trig, 499 trig+kin events)
  [2212/2782] nano_2212.root
         -> 79 vertices (192 trig, 61 trig+kin events)
  [2213/2782] nano_2213.root
         -> 518 vertices (1,489 trig, 498 trig+kin events)
  [2214/2782] nano_2214.root
         -> 318 vertices (817 trig, 290 trig+kin events)
  [2215/2782] nano_2215.root
         -> 545 vertices (1,469 trig, 484 trig+kin events)
  [2216/2782] nano_2216.root
         -> 387 vertices (963 trig, 331 trig+kin events)
  [2217/2782] nano_2217.root
         -> 303 vertices (810 trig, 273 trig+kin events)
  [2218/2782] nano_2218.root
         -> 275 vertices (759 trig, 244 trig+kin events)
  [2219/2782] nano_2219.root
         -> 366 vertices (934 trig, 323 trig+kin events)
  [2220/2782] nano_2220.root
         -> 571 vertices (1,528 trig, 527 trig+kin events)
  [2221/2782] nano_2221.root
         -> 325 vertices (813 trig, 293 trig+kin events)
  [2222/2782] nano_2222.root
         -> 354 vertices (1,083 trig, 338 trig+kin events)
  [2223/2782] nano_2223.root
         -> 499 vertices (1,474 trig, 466 trig+kin events)
  [2224/2782] nano_2224.root
         -> 611 vertices (1,554 trig, 556 trig+kin events)
  [2225/2782] nano_2225.root
         -> 553 vertices (1,436 trig, 488 trig+kin events)
  [2226/2782] nano_2226.root
         -> 419 vertices (1,055 trig, 372 trig+kin events)
  [2227/2782] nano_2227.root
         -> 309 vertices (792 trig, 274 trig+kin events)
  [2228/2782] nano_2228.root
         -> 297 vertices (768 trig, 271 trig+kin events)
  [2229/2782] nano_2229.root
         -> 320 vertices (842 trig, 282 trig+kin events)
  [2230/2782] nano_2230.root
         -> 292 vertices (775 trig, 259 trig+kin events)
  [2231/2782] nano_2231.root
         -> 308 vertices (775 trig, 273 trig+kin events)
  [2232/2782] nano_2232.root
         -> 398 vertices (969 trig, 333 trig+kin events)
  [2233/2782] nano_2233.root
         -> 494 vertices (1,474 trig, 460 trig+kin events)
  [2234/2782] nano_2234.root
         -> 378 vertices (1,024 trig, 346 trig+kin events)
  [2235/2782] nano_2235.root
         -> 233 vertices (633 trig, 205 trig+kin events)
  [2236/2782] nano_2236.root
         -> 322 vertices (909 trig, 291 trig+kin events)
  [2237/2782] nano_2237.root
         -> 294 vertices (727 trig, 256 trig+kin events)
  [2238/2782] nano_2238.root
         -> 564 vertices (1,433 trig, 487 trig+kin events)
  [2239/2782] nano_2239.root
         -> 531 vertices (1,459 trig, 475 trig+kin events)
  [2240/2782] nano_2240.root
         -> 555 vertices (1,493 trig, 502 trig+kin events)
  [2241/2782] nano_2241.root
         -> 310 vertices (808 trig, 277 trig+kin events)
  [2242/2782] nano_2242.root
         -> 389 vertices (1,028 trig, 359 trig+kin events)
  [2243/2782] nano_2243.root
         -> 325 vertices (785 trig, 290 trig+kin events)
  [2244/2782] nano_2244.root
         -> 306 vertices (785 trig, 275 trig+kin events)
  [2245/2782] nano_2245.root
         -> 306 vertices (814 trig, 258 trig+kin events)
  [2246/2782] nano_2246.root
         -> 563 vertices (1,501 trig, 502 trig+kin events)
  [2247/2782] nano_2247.root
         -> 308 vertices (820 trig, 276 trig+kin events)
  [2248/2782] nano_2248.root
         -> 543 vertices (1,497 trig, 506 trig+kin events)
  [2249/2782] nano_2249.root
         -> 283 vertices (705 trig, 263 trig+kin events)
  [2250/2782] nano_2250.root
         -> 281 vertices (743 trig, 263 trig+kin events)
  [2251/2782] nano_2251.root
         -> 284 vertices (744 trig, 260 trig+kin events)
  [2252/2782] nano_2252.root
         -> 310 vertices (828 trig, 298 trig+kin events)
  [2253/2782] nano_2253.root
         -> 336 vertices (904 trig, 289 trig+kin events)
  [2254/2782] nano_2254.root
         -> 276 vertices (700 trig, 250 trig+kin events)
  [2255/2782] nano_2255.root
         -> 363 vertices (912 trig, 318 trig+kin events)
  [2256/2782] nano_2256.root
         -> 556 vertices (1,420 trig, 499 trig+kin events)
  [2257/2782] nano_2257.root
         -> 539 vertices (1,510 trig, 516 trig+kin events)
  [2258/2782] nano_2258.root
         -> 309 vertices (893 trig, 284 trig+kin events)
  [2259/2782] nano_2259.root
         -> 422 vertices (1,033 trig, 378 trig+kin events)
  [2260/2782] nano_2260.root
         -> 528 vertices (1,440 trig, 475 trig+kin events)
  [2261/2782] nano_2261.root
         -> 519 vertices (1,482 trig, 482 trig+kin events)
  [2262/2782] nano_2262.root
         -> 403 vertices (1,100 trig, 392 trig+kin events)
  [2263/2782] nano_2263.root
         -> 614 vertices (1,501 trig, 535 trig+kin events)
  [2264/2782] nano_2264.root
         -> 494 vertices (1,455 trig, 455 trig+kin events)
  [2265/2782] nano_2265.root
         -> 550 vertices (1,434 trig, 527 trig+kin events)
  [2266/2782] nano_2266.root
         -> 304 vertices (747 trig, 270 trig+kin events)
  [2267/2782] nano_2267.root
         -> 302 vertices (800 trig, 271 trig+kin events)
  [2268/2782] nano_2268.root
         -> 445 vertices (1,182 trig, 401 trig+kin events)
  [2269/2782] nano_2269.root
         -> 545 vertices (1,524 trig, 514 trig+kin events)
  [2270/2782] nano_2270.root
         -> 282 vertices (769 trig, 247 trig+kin events)
  [2271/2782] nano_2271.root
         -> 305 vertices (854 trig, 290 trig+kin events)
  [2272/2782] nano_2272.root
         -> 618 vertices (1,544 trig, 515 trig+kin events)
  [2273/2782] nano_2273.root
         -> 385 vertices (1,033 trig, 350 trig+kin events)
  [2274/2782] nano_2274.root
         -> 502 vertices (1,467 trig, 469 trig+kin events)
  [2275/2782] nano_2275.root
         -> 324 vertices (975 trig, 322 trig+kin events)
  [2276/2782] nano_2276.root
         -> 439 vertices (1,193 trig, 393 trig+kin events)
  [2277/2782] nano_2277.root
         -> 302 vertices (824 trig, 284 trig+kin events)
  [2278/2782] nano_2278.root
         -> 514 vertices (1,436 trig, 475 trig+kin events)
  [2279/2782] nano_2279.root
         -> 406 vertices (989 trig, 364 trig+kin events)
  [2280/2782] nano_2280.root
         -> 329 vertices (925 trig, 311 trig+kin events)
  [2281/2782] nano_2281.root
         -> 307 vertices (809 trig, 265 trig+kin events)
  [2282/2782] nano_2282.root
         -> 400 vertices (1,033 trig, 356 trig+kin events)
  [2283/2782] nano_2283.root
         -> 465 vertices (1,223 trig, 437 trig+kin events)
  [2284/2782] nano_2284.root
         -> 407 vertices (1,120 trig, 380 trig+kin events)
  [2285/2782] nano_2285.root
         -> 548 vertices (1,422 trig, 490 trig+kin events)
  [2286/2782] nano_2286.root
         -> 442 vertices (1,104 trig, 418 trig+kin events)
  [2287/2782] nano_2287.root
         -> 467 vertices (1,258 trig, 422 trig+kin events)
  [2288/2782] nano_2288.root
         -> 355 vertices (875 trig, 313 trig+kin events)
  [2289/2782] nano_2289.root
         -> 520 vertices (1,373 trig, 484 trig+kin events)
  [2290/2782] nano_2290.root
         -> 550 vertices (1,454 trig, 482 trig+kin events)
  [2291/2782] nano_2291.root
         -> 546 vertices (1,484 trig, 504 trig+kin events)
  [2292/2782] nano_2292.root
         -> 229 vertices (625 trig, 217 trig+kin events)
  [2293/2782] nano_2293.root
         -> 449 vertices (1,250 trig, 422 trig+kin events)
  [2294/2782] nano_2294.root
         -> 294 vertices (796 trig, 280 trig+kin events)
  [2295/2782] nano_2295.root
         -> 316 vertices (819 trig, 275 trig+kin events)
  [2296/2782] nano_2296.root
         -> 548 vertices (1,468 trig, 481 trig+kin events)
  [2297/2782] nano_2297.root
         -> 558 vertices (1,460 trig, 503 trig+kin events)
  [2298/2782] nano_2298.root
         -> 581 vertices (1,513 trig, 525 trig+kin events)
  [2299/2782] nano_2299.root
         -> 364 vertices (934 trig, 327 trig+kin events)
  [2300/2782] nano_2300.root
         -> 331 vertices (826 trig, 298 trig+kin events)
  [2301/2782] nano_2301.root
         -> 427 vertices (1,195 trig, 393 trig+kin events)
  [2302/2782] nano_2302.root
         -> 542 vertices (1,406 trig, 496 trig+kin events)
  [2303/2782] nano_2303.root
         -> 292 vertices (823 trig, 267 trig+kin events)
  [2304/2782] nano_2304.root
         -> 401 vertices (1,017 trig, 373 trig+kin events)
  [2305/2782] nano_2305.root
         -> 291 vertices (753 trig, 264 trig+kin events)
  [2306/2782] nano_2306.root
         -> 586 vertices (1,496 trig, 504 trig+kin events)
  [2307/2782] nano_2307.root
         -> 288 vertices (875 trig, 281 trig+kin events)
  [2308/2782] nano_2308.root
         -> 262 vertices (735 trig, 242 trig+kin events)
  [2309/2782] nano_2309.root
         -> 556 vertices (1,472 trig, 512 trig+kin events)
  [2310/2782] nano_2310.root
         -> 468 vertices (1,249 trig, 428 trig+kin events)
  [2311/2782] nano_2311.root
         -> 334 vertices (787 trig, 292 trig+kin events)
  [2312/2782] nano_2312.root
         -> 519 vertices (1,466 trig, 475 trig+kin events)
  [2313/2782] nano_2313.root
         -> 525 vertices (1,431 trig, 485 trig+kin events)
  [2314/2782] nano_2314.root
         -> 497 vertices (1,260 trig, 444 trig+kin events)
  [2315/2782] nano_2315.root
         -> 340 vertices (749 trig, 265 trig+kin events)
  [2316/2782] nano_2316.root
         -> 346 vertices (879 trig, 313 trig+kin events)
  [2317/2782] nano_2317.root
         -> 387 vertices (1,016 trig, 353 trig+kin events)
  [2318/2782] nano_2318.root
         -> 556 vertices (1,458 trig, 501 trig+kin events)
  [2319/2782] nano_2319.root
         -> 553 vertices (1,469 trig, 502 trig+kin events)
  [2320/2782] nano_2320.root
         -> 320 vertices (841 trig, 281 trig+kin events)
  [2321/2782] nano_2321.root
         -> 312 vertices (771 trig, 255 trig+kin events)
  [2322/2782] nano_2322.root
         -> 507 vertices (1,467 trig, 457 trig+kin events)
  [2323/2782] nano_2323.root
         -> 317 vertices (845 trig, 294 trig+kin events)
  [2324/2782] nano_2324.root
         -> 559 vertices (1,431 trig, 508 trig+kin events)
  [2325/2782] nano_2325.root
         -> 285 vertices (782 trig, 267 trig+kin events)
  [2326/2782] nano_2326.root
         -> 318 vertices (807 trig, 277 trig+kin events)
  [2327/2782] nano_2327.root
         -> 560 vertices (1,556 trig, 505 trig+kin events)
  [2328/2782] nano_2328.root
         -> 317 vertices (866 trig, 270 trig+kin events)
  [2329/2782] nano_2329.root
         -> 352 vertices (951 trig, 312 trig+kin events)
  [2330/2782] nano_2330.root
         -> 275 vertices (829 trig, 272 trig+kin events)
  [2331/2782] nano_2331.root
         -> 378 vertices (1,024 trig, 354 trig+kin events)
  [2332/2782] nano_2332.root
         -> 418 vertices (1,099 trig, 395 trig+kin events)
  [2333/2782] nano_2333.root
         -> 542 vertices (1,452 trig, 497 trig+kin events)
  [2334/2782] nano_2334.root
         -> 281 vertices (791 trig, 251 trig+kin events)
  [2335/2782] nano_2335.root
         -> 585 vertices (1,509 trig, 542 trig+kin events)
  [2336/2782] nano_2336.root
         -> 552 vertices (1,454 trig, 500 trig+kin events)
  [2337/2782] nano_2337.root
         -> 559 vertices (1,492 trig, 490 trig+kin events)
  [2338/2782] nano_2338.root
         -> 579 vertices (1,508 trig, 517 trig+kin events)
  [2339/2782] nano_2339.root
         -> 543 vertices (1,462 trig, 482 trig+kin events)
  [2340/2782] nano_2340.root
         -> 455 vertices (1,123 trig, 403 trig+kin events)
  [2341/2782] nano_2341.root
         -> 324 vertices (877 trig, 287 trig+kin events)
  [2342/2782] nano_2342.root
         -> 440 vertices (1,221 trig, 405 trig+kin events)
  [2343/2782] nano_2343.root
         -> 531 vertices (1,415 trig, 467 trig+kin events)
  [2344/2782] nano_2344.root
         -> 310 vertices (863 trig, 292 trig+kin events)
  [2345/2782] nano_2345.root
         -> 258 vertices (668 trig, 239 trig+kin events)
  [2346/2782] nano_2346.root
         -> 283 vertices (788 trig, 255 trig+kin events)
  [2347/2782] nano_2347.root
         -> 281 vertices (751 trig, 253 trig+kin events)
  [2348/2782] nano_2348.root
         -> 498 vertices (1,345 trig, 463 trig+kin events)
  [2349/2782] nano_2349.root
         -> 342 vertices (923 trig, 302 trig+kin events)
  [2350/2782] nano_2350.root
         -> 325 vertices (823 trig, 295 trig+kin events)
  [2351/2782] nano_2351.root
         -> 424 vertices (1,026 trig, 385 trig+kin events)
  [2352/2782] nano_2352.root
         -> 326 vertices (850 trig, 285 trig+kin events)
  [2353/2782] nano_2353.root
         -> 274 vertices (837 trig, 274 trig+kin events)
  [2354/2782] nano_2354.root
         -> 376 vertices (1,030 trig, 361 trig+kin events)
  [2355/2782] nano_2355.root
         -> 324 vertices (886 trig, 287 trig+kin events)
  [2356/2782] nano_2356.root
         -> 314 vertices (786 trig, 261 trig+kin events)
  [2357/2782] nano_2357.root
         -> 371 vertices (884 trig, 317 trig+kin events)
  [2358/2782] nano_2358.root
         -> 394 vertices (1,053 trig, 348 trig+kin events)
  [2359/2782] nano_2359.root
         -> 280 vertices (712 trig, 247 trig+kin events)
  [2360/2782] nano_2360.root
         -> 484 vertices (1,200 trig, 404 trig+kin events)
  [2361/2782] nano_2361.root
         -> 537 vertices (1,422 trig, 475 trig+kin events)
  [2362/2782] nano_2362.root
         -> 149 vertices (328 trig, 125 trig+kin events)
  [2363/2782] nano_2363.root
         -> 494 vertices (1,244 trig, 438 trig+kin events)
  [2364/2782] nano_2364.root
         -> 311 vertices (827 trig, 274 trig+kin events)
  [2365/2782] nano_2365.root
         -> 333 vertices (914 trig, 301 trig+kin events)
  [2366/2782] nano_2366.root
         -> 396 vertices (935 trig, 323 trig+kin events)
  [2367/2782] nano_2367.root
         -> 587 vertices (1,550 trig, 527 trig+kin events)
  [2368/2782] nano_2368.root
         -> 332 vertices (967 trig, 308 trig+kin events)
  [2369/2782] nano_2369.root
         -> 298 vertices (836 trig, 270 trig+kin events)
  [2370/2782] nano_2370.root
         -> 292 vertices (756 trig, 270 trig+kin events)
  [2371/2782] nano_2371.root
         -> 574 vertices (1,498 trig, 527 trig+kin events)
  [2372/2782] nano_2372.root
         -> 305 vertices (760 trig, 256 trig+kin events)
  [2373/2782] nano_2373.root
         -> 308 vertices (867 trig, 273 trig+kin events)
  [2374/2782] nano_2374.root
         -> 295 vertices (792 trig, 268 trig+kin events)
  [2375/2782] nano_2375.root
         -> 273 vertices (719 trig, 247 trig+kin events)
  [2376/2782] nano_2376.root
         -> 314 vertices (862 trig, 291 trig+kin events)
  [2377/2782] nano_2377.root
         -> 315 vertices (842 trig, 288 trig+kin events)
  [2378/2782] nano_2378.root
         -> 77 vertices (218 trig, 69 trig+kin events)
  [2379/2782] nano_2379.root
         -> 284 vertices (773 trig, 257 trig+kin events)
  [2380/2782] nano_2380.root
         -> 317 vertices (821 trig, 274 trig+kin events)
  [2381/2782] nano_2381.root
         -> 370 vertices (1,035 trig, 348 trig+kin events)
  [2382/2782] nano_2382.root
         -> 378 vertices (957 trig, 319 trig+kin events)
  [2383/2782] nano_2383.root
         -> 354 vertices (858 trig, 299 trig+kin events)
  [2384/2782] nano_2384.root
         -> 267 vertices (772 trig, 235 trig+kin events)
  [2385/2782] nano_2385.root
         -> 350 vertices (877 trig, 279 trig+kin events)
  [2386/2782] nano_2386.root
         -> 349 vertices (933 trig, 316 trig+kin events)
  [2387/2782] nano_2387.root
         -> 292 vertices (806 trig, 266 trig+kin events)
  [2388/2782] nano_2388.root
         -> 279 vertices (816 trig, 270 trig+kin events)
  [2389/2782] nano_2389.root
         -> 286 vertices (776 trig, 282 trig+kin events)
  [2390/2782] nano_2390.root
         -> 306 vertices (856 trig, 289 trig+kin events)
  [2391/2782] nano_2391.root
         -> 308 vertices (830 trig, 281 trig+kin events)
  [2392/2782] nano_2392.root
         -> 273 vertices (756 trig, 241 trig+kin events)
  [2393/2782] nano_2393.root
         -> 414 vertices (1,055 trig, 349 trig+kin events)
  [2394/2782] nano_2394.root
         -> 292 vertices (734 trig, 268 trig+kin events)
  [2395/2782] nano_2395.root
         -> 357 vertices (821 trig, 297 trig+kin events)
  [2396/2782] nano_2396.root
         -> 221 vertices (663 trig, 214 trig+kin events)
  [2397/2782] nano_2397.root
         -> 291 vertices (733 trig, 251 trig+kin events)
  [2398/2782] nano_2398.root
         -> 294 vertices (859 trig, 278 trig+kin events)
  [2399/2782] nano_2399.root
         -> 15 vertices (30 trig, 11 trig+kin events)
  [2400/2782] nano_2400.root
         -> 300 vertices (772 trig, 270 trig+kin events)
  [2401/2782] nano_2401.root
         -> 263 vertices (755 trig, 239 trig+kin events)
  [2402/2782] nano_2402.root
         -> 363 vertices (839 trig, 315 trig+kin events)
  [2403/2782] nano_2403.root
         -> 294 vertices (777 trig, 269 trig+kin events)
  [2404/2782] nano_2404.root
         -> 294 vertices (736 trig, 247 trig+kin events)
  [2405/2782] nano_2405.root
         -> 276 vertices (757 trig, 250 trig+kin events)
  [2406/2782] nano_2406.root
         -> 268 vertices (843 trig, 253 trig+kin events)
  [2407/2782] nano_2407.root
         -> 304 vertices (758 trig, 269 trig+kin events)
  [2408/2782] nano_2408.root
         -> 342 vertices (861 trig, 296 trig+kin events)
  [2409/2782] nano_2409.root
         -> 321 vertices (891 trig, 314 trig+kin events)
  [2410/2782] nano_2410.root
         -> 16 vertices (34 trig, 11 trig+kin events)
  [2411/2782] nano_2411.root
         -> 328 vertices (902 trig, 309 trig+kin events)
  [2412/2782] nano_2412.root
         -> 301 vertices (770 trig, 257 trig+kin events)
  [2413/2782] nano_2413.root
         -> 313 vertices (812 trig, 277 trig+kin events)
  [2414/2782] nano_2414.root
         -> 255 vertices (678 trig, 224 trig+kin events)
  [2415/2782] nano_2415.root
         -> 319 vertices (783 trig, 289 trig+kin events)
  [2416/2782] nano_2416.root
         -> 340 vertices (797 trig, 296 trig+kin events)
  [2417/2782] nano_2417.root
         -> 282 vertices (760 trig, 262 trig+kin events)
  [2418/2782] nano_2418.root
         -> 21 vertices (47 trig, 19 trig+kin events)
  [2419/2782] nano_2419.root
         -> 132 vertices (354 trig, 115 trig+kin events)
  [2420/2782] nano_2420.root
         -> 270 vertices (821 trig, 267 trig+kin events)
  [2421/2782] nano_2421.root
         -> 331 vertices (846 trig, 302 trig+kin events)
  [2422/2782] nano_2422.root
         -> 265 vertices (791 trig, 252 trig+kin events)
  [2423/2782] nano_2423.root
         -> 248 vertices (746 trig, 235 trig+kin events)
  [2424/2782] nano_2424.root
         -> 346 vertices (794 trig, 301 trig+kin events)
  [2425/2782] nano_2425.root
         -> 277 vertices (758 trig, 254 trig+kin events)
  [2426/2782] nano_2426.root
         -> 328 vertices (791 trig, 278 trig+kin events)
  [2427/2782] nano_2427.root
         -> 328 vertices (834 trig, 316 trig+kin events)
  [2428/2782] nano_2428.root
         -> 299 vertices (812 trig, 269 trig+kin events)
  [2429/2782] nano_2429.root
         -> 330 vertices (825 trig, 300 trig+kin events)
  [2430/2782] nano_2430.root
         -> 353 vertices (846 trig, 306 trig+kin events)
  [2431/2782] nano_2431.root
         -> 290 vertices (760 trig, 253 trig+kin events)
  [2432/2782] nano_2432.root
         -> 318 vertices (840 trig, 294 trig+kin events)
  [2433/2782] nano_2433.root
         -> 371 vertices (849 trig, 315 trig+kin events)
  [2434/2782] nano_2434.root
         -> 279 vertices (735 trig, 260 trig+kin events)
  [2435/2782] nano_2435.root
         -> 267 vertices (778 trig, 242 trig+kin events)
  [2436/2782] nano_2436.root
         -> 319 vertices (788 trig, 267 trig+kin events)
  [2437/2782] nano_2437.root
         -> 288 vertices (837 trig, 292 trig+kin events)
  [2438/2782] nano_2438.root
         -> 362 vertices (979 trig, 325 trig+kin events)
  [2439/2782] nano_2439.root
         -> 302 vertices (812 trig, 284 trig+kin events)
  [2440/2782] nano_2440.root
         -> 303 vertices (819 trig, 273 trig+kin events)
  [2441/2782] nano_2441.root
         -> 264 vertices (743 trig, 261 trig+kin events)
  [2442/2782] nano_2442.root
         -> 136 vertices (384 trig, 125 trig+kin events)
  [2443/2782] nano_2443.root
         -> 3 vertices (21 trig, 3 trig+kin events)
  [2444/2782] nano_2444.root
         -> 194 vertices (473 trig, 174 trig+kin events)
  [2445/2782] nano_2445.root
         -> 18 vertices (55 trig, 20 trig+kin events)
  [2446/2782] nano_2446.root
         -> 44 vertices (136 trig, 44 trig+kin events)
  [2447/2782] nano_2447.root
         -> 35 vertices (100 trig, 37 trig+kin events)
  [2448/2782] nano_2448.root
         -> 267 vertices (726 trig, 248 trig+kin events)
  [2449/2782] nano_2449.root
         -> 74 vertices (233 trig, 83 trig+kin events)
  [2450/2782] nano_2450.root
         -> 44 vertices (143 trig, 42 trig+kin events)
  [2451/2782] nano_2451.root
         -> 152 vertices (381 trig, 144 trig+kin events)
  [2452/2782] nano_2452.root
         -> 7 vertices (24 trig, 6 trig+kin events)
  [2453/2782] nano_2453.root
         -> 72 vertices (211 trig, 70 trig+kin events)
  [2454/2782] nano_2454.root
         -> 9 vertices (37 trig, 9 trig+kin events)
  [2455/2782] nano_2455.root
         -> 65 vertices (160 trig, 55 trig+kin events)
  [2456/2782] nano_2456.root
         -> 567 vertices (1,529 trig, 518 trig+kin events)
  [2457/2782] nano_2457.root
         -> 274 vertices (736 trig, 249 trig+kin events)
  [2458/2782] nano_2458.root
         -> 341 vertices (935 trig, 316 trig+kin events)
  [2459/2782] nano_2459.root
         -> 543 vertices (1,412 trig, 495 trig+kin events)
  [2460/2782] nano_2460.root
         -> 276 vertices (762 trig, 266 trig+kin events)
  [2461/2782] nano_2461.root
         -> 384 vertices (1,005 trig, 328 trig+kin events)
  [2462/2782] nano_2462.root
         -> 529 vertices (1,451 trig, 481 trig+kin events)
  [2463/2782] nano_2463.root
         -> 392 vertices (1,003 trig, 349 trig+kin events)
  [2464/2782] nano_2464.root
         -> 453 vertices (1,243 trig, 442 trig+kin events)
  [2465/2782] nano_2465.root
         -> 389 vertices (1,042 trig, 365 trig+kin events)
  [2466/2782] nano_2466.root
         -> 564 vertices (1,493 trig, 500 trig+kin events)
  [2467/2782] nano_2467.root
         -> 357 vertices (946 trig, 311 trig+kin events)
  [2468/2782] nano_2468.root
         -> 552 vertices (1,479 trig, 479 trig+kin events)
  [2469/2782] nano_2469.root
         -> 563 vertices (1,445 trig, 491 trig+kin events)
  [2470/2782] nano_2470.root
         -> 92 vertices (274 trig, 85 trig+kin events)
  [2471/2782] nano_2471.root
         -> 578 vertices (1,477 trig, 502 trig+kin events)
  [2472/2782] nano_2472.root
         -> 313 vertices (904 trig, 304 trig+kin events)
  [2473/2782] nano_2473.root
         -> 606 vertices (1,542 trig, 535 trig+kin events)
  [2474/2782] nano_2474.root
         -> 440 vertices (1,311 trig, 421 trig+kin events)
  [2475/2782] nano_2475.root
         -> 542 vertices (1,482 trig, 490 trig+kin events)
  [2476/2782] nano_2476.root
         -> 338 vertices (819 trig, 288 trig+kin events)
  [2477/2782] nano_2477.root
         -> 495 vertices (1,288 trig, 444 trig+kin events)
  [2478/2782] nano_2478.root
         -> 502 vertices (1,448 trig, 456 trig+kin events)
  [2479/2782] nano_2479.root
         -> 299 vertices (853 trig, 285 trig+kin events)
  [2480/2782] nano_2480.root
         -> 310 vertices (919 trig, 280 trig+kin events)
  [2481/2782] nano_2481.root
         -> 519 vertices (1,445 trig, 464 trig+kin events)
  [2482/2782] nano_2482.root
         -> 415 vertices (951 trig, 351 trig+kin events)
  [2483/2782] nano_2483.root
         -> 411 vertices (1,061 trig, 350 trig+kin events)
  [2484/2782] nano_2484.root
         -> 357 vertices (940 trig, 322 trig+kin events)
  [2485/2782] nano_2485.root
         -> 406 vertices (1,074 trig, 373 trig+kin events)
  [2486/2782] nano_2486.root
         -> 304 vertices (815 trig, 282 trig+kin events)
  [2487/2782] nano_2487.root
         -> 553 vertices (1,459 trig, 492 trig+kin events)
  [2488/2782] nano_2488.root
         -> 286 vertices (776 trig, 262 trig+kin events)
  [2489/2782] nano_2489.root
         -> 440 vertices (1,089 trig, 395 trig+kin events)
  [2490/2782] nano_2490.root
         -> 582 vertices (1,513 trig, 524 trig+kin events)
  [2491/2782] nano_2491.root
         -> 392 vertices (956 trig, 338 trig+kin events)
  [2492/2782] nano_2492.root
         -> 356 vertices (915 trig, 307 trig+kin events)
  [2493/2782] nano_2493.root
         -> 542 vertices (1,455 trig, 485 trig+kin events)
  [2494/2782] nano_2494.root
         -> 403 vertices (1,075 trig, 368 trig+kin events)
  [2495/2782] nano_2495.root
         -> 546 vertices (1,451 trig, 497 trig+kin events)
  [2496/2782] nano_2496.root
         -> 622 vertices (1,497 trig, 537 trig+kin events)
  [2497/2782] nano_2497.root
         -> 344 vertices (807 trig, 291 trig+kin events)
  [2498/2782] nano_2498.root
         -> 272 vertices (755 trig, 254 trig+kin events)
  [2499/2782] nano_2499.root
         -> 562 vertices (1,465 trig, 506 trig+kin events)
  [2500/2782] nano_2500.root
         -> 525 vertices (1,531 trig, 483 trig+kin events)
  [2501/2782] nano_2501.root
         -> 552 vertices (1,492 trig, 502 trig+kin events)
  [2502/2782] nano_2502.root
         -> 590 vertices (1,565 trig, 571 trig+kin events)
  [2503/2782] nano_2503.root
         -> 290 vertices (833 trig, 266 trig+kin events)
  [2504/2782] nano_2504.root
         -> 279 vertices (716 trig, 239 trig+kin events)
  [2505/2782] nano_2505.root
         -> 291 vertices (787 trig, 247 trig+kin events)
  [2506/2782] nano_2506.root
         -> 358 vertices (949 trig, 329 trig+kin events)
  [2507/2782] nano_2507.root
         -> 481 vertices (1,244 trig, 421 trig+kin events)
  [2508/2782] nano_2508.root
         -> 470 vertices (1,161 trig, 413 trig+kin events)
  [2509/2782] nano_2509.root
         -> 316 vertices (843 trig, 278 trig+kin events)
  [2510/2782] nano_2510.root
         -> 503 vertices (1,471 trig, 466 trig+kin events)
  [2511/2782] nano_2511.root
         -> 543 vertices (1,455 trig, 480 trig+kin events)
  [2512/2782] nano_2512.root
         -> 344 vertices (980 trig, 312 trig+kin events)
  [2513/2782] nano_2513.root
         -> 361 vertices (846 trig, 324 trig+kin events)
  [2514/2782] nano_2514.root
         -> 465 vertices (1,347 trig, 442 trig+kin events)
  [2515/2782] nano_2515.root
         -> 298 vertices (808 trig, 273 trig+kin events)
  [2516/2782] nano_2516.root
         -> 520 vertices (1,389 trig, 476 trig+kin events)
  [2517/2782] nano_2517.root
         -> 326 vertices (888 trig, 301 trig+kin events)
  [2518/2782] nano_2518.root
         -> 576 vertices (1,412 trig, 481 trig+kin events)
  [2519/2782] nano_2519.root
         -> 379 vertices (953 trig, 348 trig+kin events)
  [2520/2782] nano_2520.root
         -> 503 vertices (1,381 trig, 450 trig+kin events)
  [2521/2782] nano_2521.root
         -> 486 vertices (1,312 trig, 448 trig+kin events)
  [2522/2782] nano_2522.root
         -> 304 vertices (844 trig, 279 trig+kin events)
  [2523/2782] nano_2523.root
         -> 525 vertices (1,306 trig, 461 trig+kin events)
  [2524/2782] nano_2524.root
         -> 555 vertices (1,434 trig, 495 trig+kin events)
  [2525/2782] nano_2525.root
         -> 564 vertices (1,495 trig, 505 trig+kin events)
  [2526/2782] nano_2526.root
         -> 318 vertices (746 trig, 275 trig+kin events)
  [2527/2782] nano_2527.root
         -> 487 vertices (1,286 trig, 449 trig+kin events)
  [2528/2782] nano_2528.root
         -> 584 vertices (1,593 trig, 526 trig+kin events)
  [2529/2782] nano_2529.root
         -> 578 vertices (1,459 trig, 532 trig+kin events)
  [2530/2782] nano_2530.root
         -> 390 vertices (1,080 trig, 368 trig+kin events)
  [2531/2782] nano_2531.root
         -> 332 vertices (865 trig, 318 trig+kin events)
  [2532/2782] nano_2532.root
         -> 583 vertices (1,545 trig, 517 trig+kin events)
  [2533/2782] nano_2533.root
         -> 362 vertices (1,073 trig, 347 trig+kin events)
  [2534/2782] nano_2534.root
         -> 324 vertices (876 trig, 282 trig+kin events)
  [2535/2782] nano_2535.root
         -> 534 vertices (1,447 trig, 491 trig+kin events)
  [2536/2782] nano_2536.root
         -> 580 vertices (1,516 trig, 534 trig+kin events)
  [2537/2782] nano_2537.root
         -> 315 vertices (983 trig, 303 trig+kin events)
  [2538/2782] nano_2538.root
         -> 546 vertices (1,474 trig, 496 trig+kin events)
  [2539/2782] nano_2539.root
         -> 333 vertices (822 trig, 286 trig+kin events)
  [2540/2782] nano_2540.root
         -> 543 vertices (1,476 trig, 503 trig+kin events)
  [2541/2782] nano_2541.root
         -> 296 vertices (782 trig, 257 trig+kin events)
  [2542/2782] nano_2542.root
         -> 503 vertices (1,385 trig, 470 trig+kin events)
  [2543/2782] nano_2543.root
         -> 532 vertices (1,489 trig, 493 trig+kin events)
  [2544/2782] nano_2544.root
         -> 513 vertices (1,378 trig, 473 trig+kin events)
  [2545/2782] nano_2545.root
         -> 568 vertices (1,466 trig, 509 trig+kin events)
  [2546/2782] nano_2546.root
         -> 564 vertices (1,400 trig, 490 trig+kin events)
  [2547/2782] nano_2547.root
         -> 356 vertices (893 trig, 322 trig+kin events)
  [2548/2782] nano_2548.root
         -> 549 vertices (1,464 trig, 499 trig+kin events)
  [2549/2782] nano_2549.root
         -> 341 vertices (914 trig, 312 trig+kin events)
  [2550/2782] nano_2550.root
         -> 298 vertices (805 trig, 284 trig+kin events)
  [2551/2782] nano_2551.root
         -> 348 vertices (849 trig, 299 trig+kin events)
  [2552/2782] nano_2552.root
         -> 541 vertices (1,464 trig, 499 trig+kin events)
  [2553/2782] nano_2553.root
         -> 358 vertices (1,026 trig, 347 trig+kin events)
  [2554/2782] nano_2554.root
         -> 334 vertices (864 trig, 280 trig+kin events)
  [2555/2782] nano_2555.root
         -> 354 vertices (956 trig, 314 trig+kin events)
  [2556/2782] nano_2556.root
         -> 571 vertices (1,417 trig, 486 trig+kin events)
  [2557/2782] nano_2557.root
         -> 614 vertices (1,480 trig, 515 trig+kin events)
  [2558/2782] nano_2558.root
         -> 402 vertices (1,055 trig, 367 trig+kin events)
  [2559/2782] nano_2559.root
         -> 297 vertices (829 trig, 275 trig+kin events)
  [2560/2782] nano_2560.root
         -> 573 vertices (1,356 trig, 503 trig+kin events)
  [2561/2782] nano_2561.root
         -> 508 vertices (1,435 trig, 486 trig+kin events)
  [2562/2782] nano_2562.root
         -> 276 vertices (736 trig, 249 trig+kin events)
  [2563/2782] nano_2563.root
         -> 509 vertices (1,477 trig, 498 trig+kin events)
  [2564/2782] nano_2564.root
         -> 314 vertices (860 trig, 275 trig+kin events)
  [2565/2782] nano_2565.root
         -> 347 vertices (845 trig, 299 trig+kin events)
  [2566/2782] nano_2566.root
         -> 315 vertices (855 trig, 285 trig+kin events)
  [2567/2782] nano_2567.root
         -> 278 vertices (694 trig, 250 trig+kin events)
  [2568/2782] nano_2568.root
         -> 355 vertices (984 trig, 332 trig+kin events)
  [2569/2782] nano_2569.root
         -> 407 vertices (1,152 trig, 403 trig+kin events)
  [2570/2782] nano_2570.root
         -> 411 vertices (1,023 trig, 362 trig+kin events)
  [2571/2782] nano_2571.root
         -> 527 vertices (1,334 trig, 463 trig+kin events)
  [2572/2782] nano_2572.root
         -> 397 vertices (1,024 trig, 364 trig+kin events)
  [2573/2782] nano_2573.root
         -> 360 vertices (930 trig, 311 trig+kin events)
  [2574/2782] nano_2574.root
         -> 260 vertices (768 trig, 259 trig+kin events)
  [2575/2782] nano_2575.root
         -> 291 vertices (754 trig, 287 trig+kin events)
  [2576/2782] nano_2576.root
         -> 332 vertices (853 trig, 288 trig+kin events)
  [2577/2782] nano_2577.root
         -> 322 vertices (903 trig, 312 trig+kin events)
  [2578/2782] nano_2578.root
         -> 298 vertices (767 trig, 254 trig+kin events)
  [2579/2782] nano_2579.root
         -> 267 vertices (754 trig, 252 trig+kin events)
  [2580/2782] nano_2580.root
         -> 470 vertices (1,233 trig, 420 trig+kin events)
  [2581/2782] nano_2581.root
         -> 242 vertices (741 trig, 242 trig+kin events)
  [2582/2782] nano_2582.root
         -> 323 vertices (970 trig, 309 trig+kin events)
  [2583/2782] nano_2583.root
         -> 88 vertices (261 trig, 88 trig+kin events)
  [2584/2782] nano_2584.root
         -> 274 vertices (779 trig, 247 trig+kin events)
  [2585/2782] nano_2585.root
         -> 325 vertices (932 trig, 323 trig+kin events)
  [2586/2782] nano_2586.root
         -> 378 vertices (933 trig, 330 trig+kin events)
  [2587/2782] nano_2587.root
         -> 486 vertices (1,336 trig, 457 trig+kin events)
  [2588/2782] nano_2588.root
         -> 277 vertices (737 trig, 250 trig+kin events)
  [2589/2782] nano_2589.root
         -> 270 vertices (782 trig, 255 trig+kin events)
  [2590/2782] nano_2590.root
         -> 328 vertices (841 trig, 285 trig+kin events)
  [2591/2782] nano_2591.root
         -> 323 vertices (876 trig, 279 trig+kin events)
  [2592/2782] nano_2592.root
         -> 529 vertices (1,420 trig, 491 trig+kin events)
  [2593/2782] nano_2593.root
         -> 16 vertices (48 trig, 14 trig+kin events)
  [2594/2782] nano_2594.root
         -> 333 vertices (739 trig, 261 trig+kin events)
  [2595/2782] nano_2595.root
         -> 552 vertices (1,524 trig, 471 trig+kin events)
  [2596/2782] nano_2596.root
         -> 433 vertices (1,111 trig, 384 trig+kin events)
  [2597/2782] nano_2597.root
         -> 546 vertices (1,471 trig, 499 trig+kin events)
  [2598/2782] nano_2598.root
         -> 306 vertices (929 trig, 302 trig+kin events)
  [2599/2782] nano_2599.root
         -> 519 vertices (1,468 trig, 496 trig+kin events)
  [2600/2782] nano_2600.root
         -> 421 vertices (1,193 trig, 409 trig+kin events)
  [2601/2782] nano_2601.root
         -> 508 vertices (1,413 trig, 460 trig+kin events)
  [2602/2782] nano_2602.root
         -> 476 vertices (1,286 trig, 450 trig+kin events)
  [2603/2782] nano_2603.root
         -> 565 vertices (1,440 trig, 518 trig+kin events)
  [2604/2782] nano_2604.root
         -> 521 vertices (1,549 trig, 502 trig+kin events)
  [2605/2782] nano_2605.root
         -> 586 vertices (1,490 trig, 519 trig+kin events)
  [2606/2782] nano_2606.root
         -> 353 vertices (912 trig, 302 trig+kin events)
  [2607/2782] nano_2607.root
         -> 544 vertices (1,499 trig, 523 trig+kin events)
  [2608/2782] nano_2608.root
         -> 484 vertices (1,490 trig, 480 trig+kin events)
  [2609/2782] nano_2609.root
         -> 555 vertices (1,435 trig, 492 trig+kin events)
  [2610/2782] nano_2610.root
         -> 320 vertices (901 trig, 305 trig+kin events)
  [2611/2782] nano_2611.root
         -> 281 vertices (768 trig, 263 trig+kin events)
  [2612/2782] nano_2612.root
         -> 524 vertices (1,457 trig, 464 trig+kin events)
  [2613/2782] nano_2613.root
         -> 395 vertices (1,088 trig, 346 trig+kin events)
  [2614/2782] nano_2614.root
         -> 320 vertices (869 trig, 290 trig+kin events)
  [2615/2782] nano_2615.root
         -> 299 vertices (798 trig, 258 trig+kin events)
  [2616/2782] nano_2616.root
         -> 270 vertices (670 trig, 243 trig+kin events)
  [2617/2782] nano_2617.root
         -> 412 vertices (1,101 trig, 372 trig+kin events)
  [2618/2782] nano_2618.root
         -> 547 vertices (1,430 trig, 457 trig+kin events)
  [2619/2782] nano_2619.root
         -> 412 vertices (980 trig, 358 trig+kin events)
  [2620/2782] nano_2620.root
         -> 492 vertices (1,416 trig, 450 trig+kin events)
  [2621/2782] nano_2621.root
         -> 544 vertices (1,475 trig, 492 trig+kin events)
  [2622/2782] nano_2622.root
         -> 570 vertices (1,452 trig, 501 trig+kin events)
  [2623/2782] nano_2623.root
         -> 608 vertices (1,521 trig, 539 trig+kin events)
  [2624/2782] nano_2624.root
         -> 581 vertices (1,453 trig, 509 trig+kin events)
  [2625/2782] nano_2625.root
         -> 516 vertices (1,430 trig, 474 trig+kin events)
  [2626/2782] nano_2626.root
         -> 294 vertices (787 trig, 274 trig+kin events)
  [2627/2782] nano_2627.root
         -> 328 vertices (925 trig, 316 trig+kin events)
  [2628/2782] nano_2628.root
         -> 567 vertices (1,522 trig, 519 trig+kin events)
  [2629/2782] nano_2629.root
         -> 398 vertices (1,036 trig, 366 trig+kin events)
  [2630/2782] nano_2630.root
         -> 461 vertices (1,324 trig, 420 trig+kin events)
  [2631/2782] nano_2631.root
         -> 539 vertices (1,516 trig, 505 trig+kin events)
  [2632/2782] nano_2632.root
         -> 351 vertices (966 trig, 333 trig+kin events)
  [2633/2782] nano_2633.root
         -> 574 vertices (1,518 trig, 527 trig+kin events)
  [2634/2782] nano_2634.root
         -> 551 vertices (1,458 trig, 497 trig+kin events)
  [2635/2782] nano_2635.root
         -> 455 vertices (1,194 trig, 405 trig+kin events)
  [2636/2782] nano_2636.root
         -> 425 vertices (1,149 trig, 406 trig+kin events)
  [2637/2782] nano_2637.root
         -> 590 vertices (1,511 trig, 519 trig+kin events)
  [2638/2782] nano_2638.root
         -> 471 vertices (1,175 trig, 414 trig+kin events)
  [2639/2782] nano_2639.root
         -> 300 vertices (824 trig, 280 trig+kin events)
  [2640/2782] nano_2640.root
         -> 500 vertices (1,328 trig, 448 trig+kin events)
  [2641/2782] nano_2641.root
         -> 369 vertices (911 trig, 301 trig+kin events)
  [2642/2782] nano_2642.root
         -> 371 vertices (911 trig, 335 trig+kin events)
  [2643/2782] nano_2643.root
         -> 357 vertices (876 trig, 322 trig+kin events)
  [2644/2782] nano_2644.root
         -> 295 vertices (865 trig, 272 trig+kin events)
  [2645/2782] nano_2645.root
         -> 524 vertices (1,428 trig, 466 trig+kin events)
  [2646/2782] nano_2646.root
         -> 580 vertices (1,504 trig, 511 trig+kin events)
  [2647/2782] nano_2647.root
         -> 504 vertices (1,292 trig, 452 trig+kin events)
  [2648/2782] nano_2648.root
         -> 542 vertices (1,460 trig, 515 trig+kin events)
  [2649/2782] nano_2649.root
         -> 556 vertices (1,460 trig, 498 trig+kin events)
  [2650/2782] nano_2650.root
         -> 382 vertices (942 trig, 328 trig+kin events)
  [2651/2782] nano_2651.root
         -> 521 vertices (1,467 trig, 481 trig+kin events)
  [2652/2782] nano_2652.root
         -> 525 vertices (1,405 trig, 490 trig+kin events)
  [2653/2782] nano_2653.root
         -> 445 vertices (1,110 trig, 397 trig+kin events)
  [2654/2782] nano_2654.root
         -> 495 vertices (1,405 trig, 477 trig+kin events)
  [2655/2782] nano_2655.root
         -> 411 vertices (1,130 trig, 370 trig+kin events)
  [2656/2782] nano_2656.root
         -> 561 vertices (1,438 trig, 512 trig+kin events)
  [2657/2782] nano_2657.root
         -> 319 vertices (903 trig, 297 trig+kin events)
  [2658/2782] nano_2658.root
         -> 550 vertices (1,547 trig, 502 trig+kin events)
  [2659/2782] nano_2659.root
         -> 466 vertices (1,193 trig, 416 trig+kin events)
  [2660/2782] nano_2660.root
         -> 550 vertices (1,447 trig, 489 trig+kin events)
  [2661/2782] nano_2661.root
         -> 285 vertices (807 trig, 277 trig+kin events)
  [2662/2782] nano_2662.root
         -> 432 vertices (1,166 trig, 395 trig+kin events)
  [2663/2782] nano_2663.root
         -> 590 vertices (1,494 trig, 534 trig+kin events)
  [2664/2782] nano_2664.root
         -> 333 vertices (875 trig, 299 trig+kin events)
  [2665/2782] nano_2665.root
         -> 548 vertices (1,479 trig, 505 trig+kin events)
  [2666/2782] nano_2666.root
         -> 115 vertices (309 trig, 109 trig+kin events)
  [2667/2782] nano_2667.root
         -> 373 vertices (1,048 trig, 347 trig+kin events)
  [2668/2782] nano_2668.root
         -> 363 vertices (868 trig, 299 trig+kin events)
  [2669/2782] nano_2669.root
         -> 463 vertices (1,056 trig, 393 trig+kin events)
  [2670/2782] nano_2670.root
         -> 552 vertices (1,505 trig, 481 trig+kin events)
  [2671/2782] nano_2671.root
         -> 522 vertices (1,436 trig, 484 trig+kin events)
  [2672/2782] nano_2672.root
         -> 318 vertices (875 trig, 294 trig+kin events)
  [2673/2782] nano_2673.root
         -> 635 vertices (1,523 trig, 525 trig+kin events)
  [2674/2782] nano_2674.root
         -> 540 vertices (1,337 trig, 446 trig+kin events)
  [2675/2782] nano_2675.root
         -> 438 vertices (1,082 trig, 378 trig+kin events)
  [2676/2782] nano_2676.root
         -> 570 vertices (1,426 trig, 499 trig+kin events)
  [2677/2782] nano_2677.root
         -> 320 vertices (896 trig, 296 trig+kin events)
  [2678/2782] nano_2678.root
         -> 499 vertices (1,419 trig, 462 trig+kin events)
  [2679/2782] nano_2679.root
         -> 522 vertices (1,482 trig, 497 trig+kin events)
  [2680/2782] nano_2680.root
         -> 532 vertices (1,447 trig, 463 trig+kin events)
  [2681/2782] nano_2681.root
         -> 540 vertices (1,432 trig, 491 trig+kin events)
  [2682/2782] nano_2682.root
         -> 496 vertices (1,275 trig, 424 trig+kin events)
  [2683/2782] nano_2683.root
         -> 603 vertices (1,469 trig, 539 trig+kin events)
  [2684/2782] nano_2684.root
         -> 520 vertices (1,509 trig, 486 trig+kin events)
  [2685/2782] nano_2685.root
         -> 515 vertices (1,483 trig, 494 trig+kin events)
  [2686/2782] nano_2686.root
         -> 582 vertices (1,466 trig, 518 trig+kin events)
  [2687/2782] nano_2687.root
         -> 343 vertices (930 trig, 326 trig+kin events)
  [2688/2782] nano_2688.root
         -> 8 vertices (39 trig, 8 trig+kin events)
  [2689/2782] nano_2689.root
         -> 37 vertices (70 trig, 30 trig+kin events)
  [2690/2782] nano_2690.root
         -> 16 vertices (44 trig, 15 trig+kin events)
  [2691/2782] nano_2691.root
         -> 12 vertices (37 trig, 15 trig+kin events)
  [2692/2782] nano_2692.root
         -> 37 vertices (88 trig, 33 trig+kin events)
  [2693/2782] nano_2693.root
         -> 8 vertices (18 trig, 8 trig+kin events)
  [2694/2782] nano_2694.root
         -> 360 vertices (964 trig, 320 trig+kin events)
  [2695/2782] nano_2695.root
         -> 297 vertices (766 trig, 271 trig+kin events)
  [2696/2782] nano_2696.root
         -> 363 vertices (999 trig, 338 trig+kin events)
  [2697/2782] nano_2697.root
         -> 369 vertices (898 trig, 325 trig+kin events)
  [2698/2782] nano_2698.root
         -> 257 vertices (762 trig, 231 trig+kin events)
  [2699/2782] nano_2699.root
         -> 327 vertices (871 trig, 317 trig+kin events)
  [2700/2782] nano_2700.root
         -> 300 vertices (781 trig, 251 trig+kin events)
  [2701/2782] nano_2701.root
         -> 341 vertices (980 trig, 319 trig+kin events)
  [2702/2782] nano_2702.root
         -> 268 vertices (701 trig, 229 trig+kin events)
  [2703/2782] nano_2703.root
         -> 306 vertices (893 trig, 274 trig+kin events)
  [2704/2782] nano_2704.root
         -> 349 vertices (922 trig, 307 trig+kin events)
  [2705/2782] nano_2705.root
         -> 7 vertices (25 trig, 7 trig+kin events)
  [2706/2782] nano_2706.root
         -> 302 vertices (837 trig, 272 trig+kin events)
  [2707/2782] nano_2707.root
         -> 301 vertices (838 trig, 282 trig+kin events)
  [2708/2782] nano_2708.root
         -> 353 vertices (888 trig, 305 trig+kin events)
  [2709/2782] nano_2709.root
         -> 413 vertices (1,037 trig, 380 trig+kin events)
  [2710/2782] nano_2710.root
         -> 302 vertices (838 trig, 258 trig+kin events)
  [2711/2782] nano_2711.root
         -> 334 vertices (924 trig, 291 trig+kin events)
  [2712/2782] nano_2712.root
         -> 377 vertices (1,008 trig, 344 trig+kin events)
  [2713/2782] nano_2713.root
         -> 273 vertices (773 trig, 265 trig+kin events)
  [2714/2782] nano_2714.root
         -> 226 vertices (617 trig, 218 trig+kin events)
  [2715/2782] nano_2715.root
         -> 327 vertices (872 trig, 282 trig+kin events)
  [2716/2782] nano_2716.root
         -> 356 vertices (840 trig, 305 trig+kin events)
  [2717/2782] nano_2717.root
         -> 335 vertices (820 trig, 300 trig+kin events)
  [2718/2782] nano_2718.root
         -> 298 vertices (860 trig, 279 trig+kin events)
  [2719/2782] nano_2719.root
         -> 405 vertices (1,030 trig, 359 trig+kin events)
  [2720/2782] nano_2720.root
         -> 172 vertices (492 trig, 161 trig+kin events)
  [2721/2782] nano_2721.root
         -> 292 vertices (804 trig, 279 trig+kin events)
  [2722/2782] nano_2722.root
         -> 272 vertices (768 trig, 244 trig+kin events)
  [2723/2782] nano_2723.root
         -> 260 vertices (775 trig, 248 trig+kin events)
  [2724/2782] nano_2724.root
         -> 302 vertices (763 trig, 271 trig+kin events)
  [2725/2782] nano_2725.root
         -> 301 vertices (767 trig, 265 trig+kin events)
  [2726/2782] nano_2726.root
         -> 15 vertices (17 trig, 10 trig+kin events)
  [2727/2782] nano_2727.root
         -> 79 vertices (211 trig, 72 trig+kin events)
  [2728/2782] nano_2728.root
         -> 273 vertices (742 trig, 251 trig+kin events)
  [2729/2782] nano_2729.root
         -> 281 vertices (795 trig, 270 trig+kin events)
  [2730/2782] nano_2730.root
         -> 283 vertices (716 trig, 244 trig+kin events)
  [2731/2782] nano_2731.root
         -> 306 vertices (742 trig, 265 trig+kin events)
  [2732/2782] nano_2732.root
         -> 281 vertices (727 trig, 253 trig+kin events)
  [2733/2782] nano_2733.root
         -> 335 vertices (837 trig, 298 trig+kin events)
  [2734/2782] nano_2734.root
         -> 111 vertices (259 trig, 91 trig+kin events)
  [2735/2782] nano_2735.root
         -> 340 vertices (925 trig, 311 trig+kin events)
  [2736/2782] nano_2736.root
         -> 364 vertices (977 trig, 344 trig+kin events)
  [2737/2782] nano_2737.root
         -> 302 vertices (785 trig, 268 trig+kin events)
  [2738/2782] nano_2738.root
         -> 349 vertices (911 trig, 323 trig+kin events)
  [2739/2782] nano_2739.root
         -> 458 vertices (1,179 trig, 406 trig+kin events)
  [2740/2782] nano_2740.root
         -> 270 vertices (741 trig, 244 trig+kin events)
  [2741/2782] nano_2741.root
         -> 383 vertices (1,102 trig, 358 trig+kin events)
  [2742/2782] nano_2742.root
         -> 390 vertices (1,075 trig, 362 trig+kin events)
  [2743/2782] nano_2743.root
         -> 470 vertices (1,210 trig, 409 trig+kin events)
  [2744/2782] nano_2744.root
         -> 292 vertices (784 trig, 270 trig+kin events)
  [2745/2782] nano_2745.root
         -> 380 vertices (1,046 trig, 349 trig+kin events)
  [2746/2782] nano_2746.root
         -> 277 vertices (807 trig, 259 trig+kin events)
  [2747/2782] nano_2747.root
         -> 394 vertices (1,089 trig, 357 trig+kin events)
  [2748/2782] nano_2748.root
         -> 138 vertices (379 trig, 133 trig+kin events)
  [2749/2782] nano_2749.root
         -> 301 vertices (860 trig, 266 trig+kin events)
  [2750/2782] nano_2750.root
         -> 341 vertices (904 trig, 306 trig+kin events)
  [2751/2782] nano_2751.root
         -> 305 vertices (949 trig, 303 trig+kin events)
  [2752/2782] nano_2752.root
         -> 288 vertices (699 trig, 251 trig+kin events)
  [2753/2782] nano_2753.root
         -> 299 vertices (780 trig, 268 trig+kin events)
  [2754/2782] nano_2754.root
         -> 271 vertices (778 trig, 256 trig+kin events)
  [2755/2782] nano_2755.root
         -> 318 vertices (914 trig, 302 trig+kin events)
  [2756/2782] nano_2756.root
         -> 293 vertices (948 trig, 295 trig+kin events)
  [2757/2782] nano_2757.root
         -> 398 vertices (966 trig, 350 trig+kin events)
  [2758/2782] nano_2758.root
         -> 129 vertices (292 trig, 110 trig+kin events)
  [2759/2782] nano_2759.root
         -> 295 vertices (756 trig, 276 trig+kin events)
  [2760/2782] nano_2760.root
         -> 331 vertices (881 trig, 318 trig+kin events)
  [2761/2782] nano_2761.root
         -> 300 vertices (727 trig, 253 trig+kin events)
  [2762/2782] nano_2762.root
         -> 375 vertices (1,079 trig, 358 trig+kin events)
  [2763/2782] nano_2763.root
         -> 331 vertices (878 trig, 300 trig+kin events)
  [2764/2782] nano_2764.root
         -> 321 vertices (907 trig, 303 trig+kin events)
  [2765/2782] nano_2765.root
         -> 263 vertices (771 trig, 245 trig+kin events)
  [2766/2782] nano_2766.root
         -> 297 vertices (887 trig, 285 trig+kin events)
  [2767/2782] nano_2767.root
         -> 110 vertices (329 trig, 101 trig+kin events)
  [2768/2782] nano_2768.root
         -> 335 vertices (866 trig, 306 trig+kin events)
  [2769/2782] nano_2769.root
         -> 35 vertices (75 trig, 30 trig+kin events)
  [2770/2782] nano_2770.root
         -> 351 vertices (903 trig, 303 trig+kin events)
  [2771/2782] nano_2771.root
         -> 339 vertices (760 trig, 303 trig+kin events)
  [2772/2782] nano_2772.root
         -> 289 vertices (727 trig, 255 trig+kin events)
  [2773/2782] nano_2773.root
         -> 67 vertices (156 trig, 54 trig+kin events)
  [2774/2782] nano_2774.root
         -> 280 vertices (810 trig, 265 trig+kin events)
  [2775/2782] nano_2775.root
         -> 233 vertices (592 trig, 206 trig+kin events)
  [2776/2782] nano_2776.root
         -> 318 vertices (811 trig, 267 trig+kin events)
  [2777/2782] nano_2777.root
         -> 330 vertices (818 trig, 282 trig+kin events)
  [2778/2782] nano_2778.root
         -> 348 vertices (860 trig, 313 trig+kin events)
  [2779/2782] nano_2779.root
         -> 327 vertices (841 trig, 300 trig+kin events)
  [2780/2782] nano_2780.root
         -> 312 vertices (846 trig, 283 trig+kin events)
  [2781/2782] nano_2781.root
         -> 288 vertices (734 trig, 267 trig+kin events)
  [2782/2782] nano_2782.root
         -> 283 vertices (794 trig, 267 trig+kin events)

Saved QCD shard: /vols/cms/jtafoyav/parking/nanoaod_base_analysis_13/dqcd/_tools/shards_local/.tmp_1300340_qcd_QCD_Bin-PT-30to50_Fil-MuEnriched_TuneCP5_13p6TeV_pythia8.npz  (QCD_Bin-PT-30to50_Fil-MuEnriched_TuneCP5_13p6TeV_pythia8, 1,075,570 vertices)
