
=== QCD ===

[QCD] listing /pnfs/hep.ph.ic.ac.uk/data/cms/store/user/tafoyava/samples/bParking/2024
  1 PT-bin directories; taking ALL file(s) each
  -> 250923_140117/
    -> 0000/
         999 .root files collected under 0000
    -> 0001/
         1000 .root files collected under 0001
    -> 0002/
         1000 .root files collected under 0002
    -> 0003/
         802 .root files collected under 0003
       3801 .root files collected under 250923_140117
     3801 .root files collected under QCD_Bin-PT-1000_Fil-MuEnriched_TuneCP5_13p6TeV_pythia8
  => 3801 QCD files over 1 bins

[QCD bin] QCD_Bin-PT-1000_Fil-MuEnriched_TuneCP5_13p6TeV_pythia8  (xs = 1.323 pb, 3801 of 3801 files)
/vols/cms/jtafoyav/parking/nanoaod_base_analysis_13/dqcd/nanoaod_base_analysis/data/software/lib/python3.9/site-packages/_distutils_hack/__init__.py:11: UserWarning: Distutils was imported before Setuptools, but importing Setuptools also replaces the `distutils` module in `sys.modules`. This may lead to undesirable behaviors or errors. To avoid these issues, avoid using distutils directly, ensure that setuptools is installed in the traditional way (e.g. not an editable install), and/or make sure that setuptools is always imported before distutils.
  warnings.warn(
/vols/cms/jtafoyav/parking/nanoaod_base_analysis_13/dqcd/nanoaod_base_analysis/data/software/lib/python3.9/site-packages/_distutils_hack/__init__.py:26: UserWarning: Setuptools is replacing distutils.
  warnings.warn("Setuptools is replacing distutils.")
  [1/3801] nano_1.root
         -> 11,557 vertices (2,225 trig, 1,746 trig+kin events)
  [2/3801] nano_10.root
         -> 14,244 vertices (2,537 trig, 1,994 trig+kin events)
  [3/3801] nano_100.root
         -> 16,231 vertices (2,923 trig, 2,288 trig+kin events)
  [4/3801] nano_101.root
         -> 9,837 vertices (1,795 trig, 1,421 trig+kin events)
  [5/3801] nano_102.root
         -> 10,204 vertices (1,911 trig, 1,492 trig+kin events)
  [6/3801] nano_103.root
         -> 10,001 vertices (1,908 trig, 1,505 trig+kin events)
  [7/3801] nano_104.root
         -> 9,380 vertices (1,788 trig, 1,402 trig+kin events)
  [8/3801] nano_105.root
         -> 13,080 vertices (2,478 trig, 1,971 trig+kin events)
  [9/3801] nano_106.root
         -> 9,832 vertices (1,780 trig, 1,398 trig+kin events)
  [10/3801] nano_107.root
         -> 9,249 vertices (1,678 trig, 1,352 trig+kin events)
  [11/3801] nano_108.root
         -> 8,390 vertices (1,709 trig, 1,340 trig+kin events)
  [12/3801] nano_109.root
         -> 428 vertices (99 trig, 85 trig+kin events)
  [13/3801] nano_11.root
         -> 10,438 vertices (1,955 trig, 1,559 trig+kin events)
  [14/3801] nano_110.root
         -> 9,406 vertices (1,768 trig, 1,413 trig+kin events)
  [15/3801] nano_111.root
         -> 9,850 vertices (1,811 trig, 1,438 trig+kin events)
  [16/3801] nano_112.root
         -> 8,553 vertices (1,650 trig, 1,300 trig+kin events)
  [17/3801] nano_113.root
         -> 9,141 vertices (1,783 trig, 1,420 trig+kin events)
  [18/3801] nano_114.root
         -> 9,935 vertices (1,859 trig, 1,472 trig+kin events)
  [19/3801] nano_115.root
         -> 9,242 vertices (1,737 trig, 1,376 trig+kin events)
  [20/3801] nano_116.root
         -> 10,098 vertices (1,904 trig, 1,501 trig+kin events)
  [21/3801] nano_117.root
         -> 9,243 vertices (1,795 trig, 1,395 trig+kin events)
  [22/3801] nano_118.root
         -> 8,836 vertices (1,705 trig, 1,314 trig+kin events)
  [23/3801] nano_119.root
         -> 10,282 vertices (1,925 trig, 1,526 trig+kin events)
  [24/3801] nano_12.root
         -> 14,493 vertices (2,716 trig, 2,173 trig+kin events)
  [25/3801] nano_120.root
         -> 9,825 vertices (1,836 trig, 1,448 trig+kin events)
  [26/3801] nano_121.root
         -> 8,589 vertices (1,666 trig, 1,322 trig+kin events)
  [27/3801] nano_122.root
         -> 10,144 vertices (1,973 trig, 1,606 trig+kin events)
  [28/3801] nano_123.root
         -> 9,398 vertices (1,846 trig, 1,436 trig+kin events)
  [29/3801] nano_124.root
         -> 8,276 vertices (1,729 trig, 1,348 trig+kin events)
  [30/3801] nano_125.root
         -> 9,890 vertices (1,779 trig, 1,412 trig+kin events)
  [31/3801] nano_126.root
         -> 7,966 vertices (1,647 trig, 1,292 trig+kin events)
  [32/3801] nano_127.root
         -> 2,928 vertices (571 trig, 471 trig+kin events)
  [33/3801] nano_128.root
         -> 9,255 vertices (1,747 trig, 1,394 trig+kin events)
  [34/3801] nano_129.root
         -> 9,382 vertices (1,690 trig, 1,333 trig+kin events)
  [35/3801] nano_13.root
         -> 9,394 vertices (1,705 trig, 1,346 trig+kin events)
  [36/3801] nano_130.root
         -> 12,706 vertices (2,305 trig, 1,794 trig+kin events)
  [37/3801] nano_131.root
         -> 13,242 vertices (2,485 trig, 1,968 trig+kin events)
  [38/3801] nano_132.root
         -> 9,646 vertices (1,827 trig, 1,444 trig+kin events)
  [39/3801] nano_133.root
         -> 13,753 vertices (2,633 trig, 2,078 trig+kin events)
  [40/3801] nano_134.root
         -> 12,405 vertices (2,307 trig, 1,826 trig+kin events)
  [41/3801] nano_135.root
         -> 10,910 vertices (2,183 trig, 1,736 trig+kin events)
  [42/3801] nano_136.root
         -> 12,494 vertices (2,358 trig, 1,876 trig+kin events)
  [43/3801] nano_137.root
         -> 9,065 vertices (1,770 trig, 1,387 trig+kin events)
  [44/3801] nano_138.root
         -> 10,868 vertices (2,127 trig, 1,650 trig+kin events)
  [45/3801] nano_139.root
         -> 12,728 vertices (2,285 trig, 1,796 trig+kin events)
  [46/3801] nano_14.root
         -> 10,476 vertices (2,105 trig, 1,656 trig+kin events)
  [47/3801] nano_140.root
         -> 9,171 vertices (1,702 trig, 1,362 trig+kin events)
  [48/3801] nano_141.root
         -> 9,798 vertices (1,879 trig, 1,493 trig+kin events)
  [49/3801] nano_142.root
         -> 17,295 vertices (3,213 trig, 2,539 trig+kin events)
  [50/3801] nano_143.root
         -> 13,573 vertices (2,513 trig, 1,979 trig+kin events)
  [51/3801] nano_144.root
         -> 12,162 vertices (2,226 trig, 1,753 trig+kin events)
  [52/3801] nano_145.root
         -> 485 vertices (93 trig, 73 trig+kin events)
  [53/3801] nano_146.root
         -> 11,118 vertices (2,216 trig, 1,743 trig+kin events)
  [54/3801] nano_147.root
         -> 7,789 vertices (1,428 trig, 1,135 trig+kin events)
  [55/3801] nano_148.root
         -> 14,240 vertices (2,735 trig, 2,158 trig+kin events)
  [56/3801] nano_149.root
         -> 11,118 vertices (2,154 trig, 1,697 trig+kin events)
  [57/3801] nano_15.root
         -> 12,165 vertices (2,252 trig, 1,805 trig+kin events)
  [58/3801] nano_150.root
         -> 14,594 vertices (2,561 trig, 2,071 trig+kin events)
  [59/3801] nano_151.root
         -> 14,036 vertices (2,603 trig, 2,069 trig+kin events)
  [60/3801] nano_152.root
         -> 13,664 vertices (2,592 trig, 2,044 trig+kin events)
  [61/3801] nano_153.root
         -> 16,296 vertices (3,100 trig, 2,449 trig+kin events)
  [62/3801] nano_154.root
         -> 13,913 vertices (2,452 trig, 1,945 trig+kin events)
  [63/3801] nano_155.root
         -> 16,030 vertices (2,975 trig, 2,397 trig+kin events)
  [64/3801] nano_156.root
         -> 11,472 vertices (2,159 trig, 1,683 trig+kin events)
  [65/3801] nano_157.root
         -> 11,442 vertices (2,331 trig, 1,847 trig+kin events)
  [66/3801] nano_158.root
         -> 4,475 vertices (938 trig, 708 trig+kin events)
  [67/3801] nano_159.root
         -> 13,634 vertices (2,522 trig, 2,009 trig+kin events)
  [68/3801] nano_16.root
         -> 10,375 vertices (1,872 trig, 1,496 trig+kin events)
  [69/3801] nano_160.root
         -> 9,327 vertices (1,778 trig, 1,393 trig+kin events)
  [70/3801] nano_161.root
         -> 11,203 vertices (2,105 trig, 1,637 trig+kin events)
  [71/3801] nano_162.root
         -> 13,101 vertices (2,479 trig, 1,963 trig+kin events)
  [72/3801] nano_163.root
         -> 13,970 vertices (2,682 trig, 2,108 trig+kin events)
  [73/3801] nano_164.root
         -> 11,638 vertices (2,173 trig, 1,729 trig+kin events)
  [74/3801] nano_165.root
         -> 9,673 vertices (1,790 trig, 1,405 trig+kin events)
  [75/3801] nano_166.root
         -> 17,009 vertices (3,281 trig, 2,572 trig+kin events)
  [76/3801] nano_167.root
         -> 12,505 vertices (2,387 trig, 1,874 trig+kin events)
  [77/3801] nano_168.root
         -> 15,311 vertices (2,768 trig, 2,200 trig+kin events)
  [78/3801] nano_169.root
         -> 15,136 vertices (3,003 trig, 2,348 trig+kin events)
  [79/3801] nano_17.root
         -> 9,710 vertices (1,888 trig, 1,509 trig+kin events)
  [80/3801] nano_170.root
         -> 10,011 vertices (1,849 trig, 1,475 trig+kin events)
  [81/3801] nano_171.root
         -> 10,709 vertices (1,992 trig, 1,571 trig+kin events)
  [82/3801] nano_172.root
         -> 9,697 vertices (1,777 trig, 1,427 trig+kin events)
  [83/3801] nano_173.root
         -> 8,439 vertices (1,545 trig, 1,204 trig+kin events)
  [84/3801] nano_174.root
         -> 7,351 vertices (1,289 trig, 1,010 trig+kin events)
  [85/3801] nano_175.root
         -> 4,285 vertices (808 trig, 630 trig+kin events)
  [86/3801] nano_176.root
         -> 5,466 vertices (1,066 trig, 847 trig+kin events)
  [87/3801] nano_177.root
         -> 14,639 vertices (2,777 trig, 2,206 trig+kin events)
  [88/3801] nano_178.root
         -> 16,672 vertices (3,236 trig, 2,561 trig+kin events)
  [89/3801] nano_179.root
         -> 17,659 vertices (3,285 trig, 2,653 trig+kin events)
  [90/3801] nano_18.root
         -> 10,057 vertices (1,799 trig, 1,451 trig+kin events)
  [91/3801] nano_180.root
         -> 18,023 vertices (3,259 trig, 2,629 trig+kin events)
  [92/3801] nano_181.root
         -> 10,849 vertices (2,019 trig, 1,612 trig+kin events)
  [93/3801] nano_182.root
         -> 16,532 vertices (3,181 trig, 2,533 trig+kin events)
  [94/3801] nano_183.root
         -> 10,767 vertices (1,945 trig, 1,542 trig+kin events)
  [95/3801] nano_184.root
         -> 12,390 vertices (2,179 trig, 1,723 trig+kin events)
  [96/3801] nano_185.root
         -> 18,315 vertices (3,331 trig, 2,685 trig+kin events)
  [97/3801] nano_186.root
         -> 17,160 vertices (3,268 trig, 2,608 trig+kin events)
  [98/3801] nano_187.root
         -> 17,190 vertices (3,070 trig, 2,473 trig+kin events)
  [99/3801] nano_188.root
         -> 17,061 vertices (3,346 trig, 2,653 trig+kin events)
  [100/3801] nano_189.root
         -> 18,148 vertices (3,334 trig, 2,633 trig+kin events)
  [101/3801] nano_19.root
         -> 9,391 vertices (1,733 trig, 1,358 trig+kin events)
  [102/3801] nano_190.root
         -> 9,526 vertices (1,697 trig, 1,364 trig+kin events)
  [103/3801] nano_191.root
         -> 13,969 vertices (2,658 trig, 2,131 trig+kin events)
  [104/3801] nano_192.root
         -> 9,142 vertices (1,645 trig, 1,300 trig+kin events)
  [105/3801] nano_193.root
         -> 18,169 vertices (3,284 trig, 2,621 trig+kin events)
  [106/3801] nano_194.root
         -> 18,060 vertices (3,400 trig, 2,706 trig+kin events)
  [107/3801] nano_195.root
         -> 17,741 vertices (3,309 trig, 2,609 trig+kin events)
  [108/3801] nano_196.root
         -> 16,695 vertices (3,293 trig, 2,623 trig+kin events)
  [109/3801] nano_197.root
         -> 9,715 vertices (1,784 trig, 1,397 trig+kin events)
  [110/3801] nano_198.root
         -> 16,565 vertices (3,219 trig, 2,515 trig+kin events)
  [111/3801] nano_199.root
         -> 15,646 vertices (2,915 trig, 2,316 trig+kin events)
  [112/3801] nano_2.root
         -> 17,535 vertices (3,350 trig, 2,632 trig+kin events)
  [113/3801] nano_20.root
         -> 17,399 vertices (3,138 trig, 2,440 trig+kin events)
  [114/3801] nano_200.root
         -> 14,952 vertices (3,072 trig, 2,392 trig+kin events)
  [115/3801] nano_201.root
         -> 12,048 vertices (2,165 trig, 1,715 trig+kin events)
  [116/3801] nano_202.root
         -> 16,757 vertices (3,291 trig, 2,601 trig+kin events)
  [117/3801] nano_203.root
         -> 15,762 vertices (2,756 trig, 2,187 trig+kin events)
  [118/3801] nano_204.root
         -> 17,512 vertices (3,317 trig, 2,608 trig+kin events)
  [119/3801] nano_205.root
         -> 17,499 vertices (3,333 trig, 2,631 trig+kin events)
  [120/3801] nano_206.root
         -> 18,041 vertices (3,261 trig, 2,598 trig+kin events)
  [121/3801] nano_207.root
         -> 13,679 vertices (2,737 trig, 2,144 trig+kin events)
  [122/3801] nano_208.root
         -> 14,993 vertices (2,722 trig, 2,179 trig+kin events)
  [123/3801] nano_209.root
         -> 17,275 vertices (3,123 trig, 2,449 trig+kin events)
  [124/3801] nano_21.root
         -> 12,058 vertices (2,199 trig, 1,749 trig+kin events)
  [125/3801] nano_210.root
         -> 13,518 vertices (2,536 trig, 1,970 trig+kin events)
  [126/3801] nano_211.root
         -> 16,842 vertices (3,350 trig, 2,638 trig+kin events)
  [127/3801] nano_212.root
         -> 14,282 vertices (2,764 trig, 2,171 trig+kin events)
  [128/3801] nano_213.root
         -> 10,630 vertices (1,873 trig, 1,471 trig+kin events)
  [129/3801] nano_214.root
         -> 14,585 vertices (2,596 trig, 2,040 trig+kin events)
  [130/3801] nano_215.root
         -> 15,612 vertices (2,944 trig, 2,285 trig+kin events)
  [131/3801] nano_216.root
         -> 18,502 vertices (3,397 trig, 2,670 trig+kin events)
  [132/3801] nano_217.root
         -> 16,916 vertices (3,150 trig, 2,475 trig+kin events)
  [133/3801] nano_218.root
         -> 17,319 vertices (3,351 trig, 2,641 trig+kin events)
  [134/3801] nano_219.root
         -> 17,689 vertices (3,231 trig, 2,572 trig+kin events)
  [135/3801] nano_22.root
         -> 11,871 vertices (2,259 trig, 1,763 trig+kin events)
  [136/3801] nano_220.root
         -> 17,959 vertices (3,364 trig, 2,669 trig+kin events)
  [137/3801] nano_221.root
         -> 9,290 vertices (1,749 trig, 1,357 trig+kin events)
  [138/3801] nano_222.root
         -> 16,818 vertices (3,255 trig, 2,592 trig+kin events)
  [139/3801] nano_223.root
         -> 17,642 vertices (3,294 trig, 2,639 trig+kin events)
  [140/3801] nano_224.root
         -> 15,064 vertices (2,758 trig, 2,164 trig+kin events)
  [141/3801] nano_225.root
         -> 17,701 vertices (3,289 trig, 2,610 trig+kin events)
  [142/3801] nano_226.root
         -> 16,168 vertices (3,249 trig, 2,566 trig+kin events)
  [143/3801] nano_227.root
         -> 11,623 vertices (2,196 trig, 1,739 trig+kin events)
  [144/3801] nano_228.root
         -> 17,693 vertices (3,341 trig, 2,590 trig+kin events)
  [145/3801] nano_229.root
         -> 9,100 vertices (1,696 trig, 1,333 trig+kin events)
  [146/3801] nano_23.root
         -> 8,891 vertices (1,568 trig, 1,233 trig+kin events)
  [147/3801] nano_230.root
         -> 17,987 vertices (3,356 trig, 2,698 trig+kin events)
  [148/3801] nano_231.root
         -> 11,707 vertices (2,251 trig, 1,751 trig+kin events)
  [149/3801] nano_232.root
         -> 15,000 vertices (2,901 trig, 2,299 trig+kin events)
  [150/3801] nano_233.root
         -> 17,180 vertices (3,301 trig, 2,630 trig+kin events)
  [151/3801] nano_234.root
         -> 19,010 vertices (3,307 trig, 2,627 trig+kin events)
  [152/3801] nano_235.root
         -> 9,761 vertices (1,727 trig, 1,361 trig+kin events)
  [153/3801] nano_236.root
         -> 13,682 vertices (2,504 trig, 2,001 trig+kin events)
  [154/3801] nano_237.root
         -> 3,507 vertices (696 trig, 542 trig+kin events)
  [155/3801] nano_238.root
         -> 11,226 vertices (2,152 trig, 1,706 trig+kin events)
  [156/3801] nano_239.root
         -> 10,873 vertices (2,071 trig, 1,659 trig+kin events)
  [157/3801] nano_24.root
         -> 11,543 vertices (2,059 trig, 1,619 trig+kin events)
  [158/3801] nano_240.root
         -> 10,609 vertices (1,881 trig, 1,478 trig+kin events)
  [159/3801] nano_241.root
         -> 13,341 vertices (2,361 trig, 1,877 trig+kin events)
  [160/3801] nano_242.root
         -> 10,213 vertices (1,909 trig, 1,511 trig+kin events)
  [161/3801] nano_243.root
         -> 9,167 vertices (1,779 trig, 1,408 trig+kin events)
  [162/3801] nano_244.root
         -> 15,854 vertices (2,790 trig, 2,202 trig+kin events)
  [163/3801] nano_245.root
         -> 13,135 vertices (2,376 trig, 1,876 trig+kin events)
  [164/3801] nano_246.root
         -> 17,101 vertices (3,236 trig, 2,564 trig+kin events)
  [165/3801] nano_247.root
         -> 10,169 vertices (1,893 trig, 1,495 trig+kin events)
  [166/3801] nano_248.root
         -> 15,426 vertices (2,908 trig, 2,263 trig+kin events)
  [167/3801] nano_249.root
         -> 13,368 vertices (2,520 trig, 1,995 trig+kin events)
  [168/3801] nano_25.root
         -> 11,888 vertices (2,204 trig, 1,750 trig+kin events)
  [169/3801] nano_250.root
         -> 13,911 vertices (2,522 trig, 1,985 trig+kin events)
  [170/3801] nano_251.root
         -> 8,923 vertices (1,722 trig, 1,380 trig+kin events)
  [171/3801] nano_252.root
         -> 10,141 vertices (1,857 trig, 1,469 trig+kin events)
  [172/3801] nano_253.root
         -> 16,948 vertices (3,261 trig, 2,548 trig+kin events)
  [173/3801] nano_254.root
         -> 9,512 vertices (1,736 trig, 1,351 trig+kin events)
  [174/3801] nano_255.root
         -> 12,103 vertices (2,198 trig, 1,750 trig+kin events)
  [175/3801] nano_256.root
         -> 12,834 vertices (2,304 trig, 1,843 trig+kin events)
  [176/3801] nano_257.root
         -> 11,961 vertices (2,156 trig, 1,684 trig+kin events)
  [177/3801] nano_258.root
         -> 11,380 vertices (1,951 trig, 1,553 trig+kin events)
  [178/3801] nano_259.root
         -> 10,424 vertices (1,991 trig, 1,550 trig+kin events)
  [179/3801] nano_26.root
         -> 5,730 vertices (1,219 trig, 937 trig+kin events)
  [180/3801] nano_260.root
         -> 9,190 vertices (1,679 trig, 1,323 trig+kin events)
  [181/3801] nano_261.root
         -> 8,270 vertices (1,646 trig, 1,292 trig+kin events)
  [182/3801] nano_262.root
         -> 16,912 vertices (2,998 trig, 2,354 trig+kin events)
  [183/3801] nano_263.root
         -> 9,970 vertices (1,869 trig, 1,518 trig+kin events)
  [184/3801] nano_264.root
         -> 14,090 vertices (2,763 trig, 2,179 trig+kin events)
  [185/3801] nano_265.root
         -> 11,781 vertices (2,260 trig, 1,790 trig+kin events)
  [186/3801] nano_266.root
         -> 15,555 vertices (2,996 trig, 2,338 trig+kin events)
  [187/3801] nano_267.root
         -> 11,524 vertices (2,140 trig, 1,686 trig+kin events)
  [188/3801] nano_268.root
         -> 11,868 vertices (2,282 trig, 1,796 trig+kin events)
  [189/3801] nano_269.root
         -> 12,901 vertices (2,402 trig, 1,887 trig+kin events)
  [190/3801] nano_27.root
         -> 11,229 vertices (2,161 trig, 1,697 trig+kin events)
  [191/3801] nano_270.root
         -> 11,052 vertices (2,012 trig, 1,604 trig+kin events)
  [192/3801] nano_271.root
         -> 12,766 vertices (2,351 trig, 1,825 trig+kin events)
  [193/3801] nano_272.root
         -> 10,035 vertices (1,896 trig, 1,481 trig+kin events)
  [194/3801] nano_273.root
         -> 11,913 vertices (2,237 trig, 1,746 trig+kin events)
  [195/3801] nano_274.root
         -> 16,198 vertices (3,234 trig, 2,551 trig+kin events)
  [196/3801] nano_275.root
         -> 17,558 vertices (3,329 trig, 2,631 trig+kin events)
  [197/3801] nano_276.root
         -> 10,192 vertices (1,886 trig, 1,498 trig+kin events)
  [198/3801] nano_277.root
         -> 11,497 vertices (2,163 trig, 1,705 trig+kin events)
  [199/3801] nano_278.root
         -> 10,204 vertices (1,839 trig, 1,467 trig+kin events)
  [200/3801] nano_279.root
         -> 12,511 vertices (2,262 trig, 1,796 trig+kin events)
  [201/3801] nano_28.root
         -> 9,160 vertices (1,830 trig, 1,456 trig+kin events)
  [202/3801] nano_280.root
         -> 12,279 vertices (2,370 trig, 1,882 trig+kin events)
  [203/3801] nano_281.root
         -> 12,559 vertices (2,403 trig, 1,892 trig+kin events)
  [204/3801] nano_282.root
         -> 11,821 vertices (2,273 trig, 1,802 trig+kin events)
  [205/3801] nano_283.root
         -> 9,242 vertices (1,863 trig, 1,456 trig+kin events)
  [206/3801] nano_284.root
         -> 8,659 vertices (1,649 trig, 1,280 trig+kin events)
  [207/3801] nano_285.root
         -> 15,005 vertices (2,884 trig, 2,341 trig+kin events)
  [208/3801] nano_286.root
         -> 10,153 vertices (1,876 trig, 1,486 trig+kin events)
  [209/3801] nano_287.root
         -> 11,420 vertices (2,105 trig, 1,691 trig+kin events)
  [210/3801] nano_288.root
         -> 8,452 vertices (1,603 trig, 1,293 trig+kin events)
  [211/3801] nano_289.root
         -> 9,548 vertices (1,779 trig, 1,416 trig+kin events)
  [212/3801] nano_29.root
         -> 9,579 vertices (1,758 trig, 1,359 trig+kin events)
  [213/3801] nano_290.root
         -> 15,548 vertices (2,958 trig, 2,318 trig+kin events)
  [214/3801] nano_291.root
         -> 13,695 vertices (2,553 trig, 2,033 trig+kin events)
  [215/3801] nano_292.root
         -> 16,238 vertices (3,111 trig, 2,470 trig+kin events)
  [216/3801] nano_293.root
         -> 8,732 vertices (1,639 trig, 1,326 trig+kin events)
  [217/3801] nano_294.root
         -> 16,696 vertices (3,150 trig, 2,486 trig+kin events)
  [218/3801] nano_295.root
         -> 10,031 vertices (1,957 trig, 1,548 trig+kin events)
  [219/3801] nano_296.root
         -> 15,363 vertices (2,837 trig, 2,231 trig+kin events)
  [220/3801] nano_297.root
         -> 9,638 vertices (1,831 trig, 1,474 trig+kin events)
  [221/3801] nano_298.root
         -> 15,099 vertices (2,884 trig, 2,289 trig+kin events)
  [222/3801] nano_299.root
         -> 11,425 vertices (2,087 trig, 1,626 trig+kin events)
  [223/3801] nano_3.root
         -> 8,992 vertices (1,695 trig, 1,342 trig+kin events)
  [224/3801] nano_30.root
         -> 9,141 vertices (1,689 trig, 1,366 trig+kin events)
  [225/3801] nano_300.root
         -> 16,505 vertices (2,907 trig, 2,319 trig+kin events)
  [226/3801] nano_301.root
         -> 15,896 vertices (3,003 trig, 2,391 trig+kin events)
  [227/3801] nano_302.root
         -> 8,875 vertices (1,745 trig, 1,379 trig+kin events)
  [228/3801] nano_303.root
         -> 16,540 vertices (3,291 trig, 2,615 trig+kin events)
  [229/3801] nano_304.root
         -> 10,723 vertices (2,135 trig, 1,691 trig+kin events)
  [230/3801] nano_305.root
         -> 12,105 vertices (2,361 trig, 1,843 trig+kin events)
  [231/3801] nano_306.root
         -> 17,746 vertices (3,342 trig, 2,668 trig+kin events)
  [232/3801] nano_307.root
         -> 13,109 vertices (2,314 trig, 1,849 trig+kin events)
  [233/3801] nano_308.root
         -> 10,756 vertices (2,141 trig, 1,670 trig+kin events)
  [234/3801] nano_309.root
         -> 18,062 vertices (3,298 trig, 2,638 trig+kin events)
  [235/3801] nano_31.root
         -> 10,074 vertices (1,935 trig, 1,514 trig+kin events)
  [236/3801] nano_310.root
         -> 12,847 vertices (2,420 trig, 1,921 trig+kin events)
  [237/3801] nano_311.root
         -> 17,560 vertices (3,290 trig, 2,604 trig+kin events)
  [238/3801] nano_312.root
         -> 13,008 vertices (2,346 trig, 1,878 trig+kin events)
  [239/3801] nano_313.root
         -> 10,727 vertices (2,064 trig, 1,630 trig+kin events)
  [240/3801] nano_314.root
         -> 13,532 vertices (2,615 trig, 2,061 trig+kin events)
  [241/3801] nano_315.root
         -> 8,728 vertices (1,633 trig, 1,308 trig+kin events)
  [242/3801] nano_316.root
         -> 13,768 vertices (2,649 trig, 2,095 trig+kin events)
  [243/3801] nano_317.root
         -> 10,049 vertices (1,820 trig, 1,446 trig+kin events)
  [244/3801] nano_318.root
         -> 12,014 vertices (2,215 trig, 1,763 trig+kin events)
  [245/3801] nano_319.root
         -> 11,133 vertices (2,135 trig, 1,667 trig+kin events)
  [246/3801] nano_32.root
         -> 8,934 vertices (1,792 trig, 1,403 trig+kin events)
  [247/3801] nano_320.root
         -> 8,531 vertices (1,675 trig, 1,311 trig+kin events)
  [248/3801] nano_321.root
         -> 14,143 vertices (2,630 trig, 2,106 trig+kin events)
  [249/3801] nano_322.root
         -> 11,661 vertices (2,223 trig, 1,755 trig+kin events)
  [250/3801] nano_323.root
         -> 4,021 vertices (801 trig, 633 trig+kin events)
  [251/3801] nano_324.root
         -> 17,051 vertices (3,297 trig, 2,575 trig+kin events)
  [252/3801] nano_325.root
         -> 17,746 vertices (3,312 trig, 2,609 trig+kin events)
  [253/3801] nano_326.root
         -> 17,617 vertices (3,357 trig, 2,660 trig+kin events)
  [254/3801] nano_327.root
         -> 18,499 vertices (3,388 trig, 2,688 trig+kin events)
  [255/3801] nano_328.root
         -> 9,196 vertices (1,742 trig, 1,389 trig+kin events)
  [256/3801] nano_329.root
         -> 16,821 vertices (3,329 trig, 2,625 trig+kin events)
  [257/3801] nano_33.root
         -> 9,948 vertices (1,705 trig, 1,337 trig+kin events)
  [258/3801] nano_330.root
         -> 17,792 vertices (3,303 trig, 2,607 trig+kin events)
  [259/3801] nano_331.root
         -> 10,962 vertices (1,989 trig, 1,552 trig+kin events)
  [260/3801] nano_332.root
         -> 12,279 vertices (2,163 trig, 1,724 trig+kin events)
  [261/3801] nano_333.root
         -> 16,436 vertices (3,296 trig, 2,592 trig+kin events)
  [262/3801] nano_334.root
         -> 16,824 vertices (3,222 trig, 2,527 trig+kin events)
  [263/3801] nano_335.root
         -> 14,640 vertices (2,656 trig, 2,126 trig+kin events)
  [264/3801] nano_336.root
         -> 9,888 vertices (1,665 trig, 1,340 trig+kin events)
  [265/3801] nano_337.root
         -> 17,974 vertices (3,392 trig, 2,701 trig+kin events)
  [266/3801] nano_338.root
         -> 12,193 vertices (2,114 trig, 1,686 trig+kin events)
  [267/3801] nano_339.root
         -> 14,902 vertices (2,774 trig, 2,186 trig+kin events)
  [268/3801] nano_34.root
         -> 10,633 vertices (1,949 trig, 1,551 trig+kin events)
  [269/3801] nano_340.root
         -> 17,024 vertices (3,223 trig, 2,559 trig+kin events)
  [270/3801] nano_341.root
         -> 13,217 vertices (2,389 trig, 1,853 trig+kin events)
  [271/3801] nano_342.root
         -> 9,684 vertices (1,685 trig, 1,360 trig+kin events)
  [272/3801] nano_343.root
         -> 18,148 vertices (3,442 trig, 2,689 trig+kin events)
  [273/3801] nano_344.root
         -> 13,602 vertices (2,376 trig, 1,877 trig+kin events)
  [274/3801] nano_345.root
         -> 14,307 vertices (2,688 trig, 2,103 trig+kin events)
  [275/3801] nano_346.root
         -> 10,170 vertices (1,746 trig, 1,398 trig+kin events)
  [276/3801] nano_347.root
         -> 16,425 vertices (3,306 trig, 2,599 trig+kin events)
  [277/3801] nano_348.root
         -> 14,829 vertices (2,630 trig, 2,081 trig+kin events)
  [278/3801] nano_349.root
         -> 17,844 vertices (3,226 trig, 2,574 trig+kin events)
  [279/3801] nano_35.root
         -> 10,347 vertices (1,906 trig, 1,502 trig+kin events)
  [280/3801] nano_350.root
         -> 10,149 vertices (1,941 trig, 1,529 trig+kin events)
  [281/3801] nano_351.root
         -> 15,940 vertices (3,234 trig, 2,547 trig+kin events)
  [282/3801] nano_352.root
         -> 10,496 vertices (1,841 trig, 1,460 trig+kin events)
  [283/3801] nano_353.root
         -> 16,922 vertices (3,283 trig, 2,575 trig+kin events)
  [284/3801] nano_354.root
         -> 18,564 vertices (3,303 trig, 2,630 trig+kin events)
  [285/3801] nano_355.root
         -> 12,010 vertices (2,364 trig, 1,905 trig+kin events)
  [286/3801] nano_356.root
         -> 18,744 vertices (3,342 trig, 2,672 trig+kin events)
  [287/3801] nano_357.root
         -> 16,692 vertices (3,033 trig, 2,395 trig+kin events)
  [288/3801] nano_358.root
         -> 18,413 vertices (3,307 trig, 2,620 trig+kin events)
  [289/3801] nano_359.root
         -> 18,473 vertices (3,387 trig, 2,664 trig+kin events)
  [290/3801] nano_36.root
         -> 10,694 vertices (1,759 trig, 1,423 trig+kin events)
  [291/3801] nano_360.root
         -> 17,735 vertices (3,367 trig, 2,668 trig+kin events)
  [292/3801] nano_361.root
         -> 17,907 vertices (3,319 trig, 2,630 trig+kin events)
  [293/3801] nano_362.root
         -> 17,834 vertices (3,241 trig, 2,561 trig+kin events)
  [294/3801] nano_363.root
         -> 18,254 vertices (3,293 trig, 2,632 trig+kin events)
  [295/3801] nano_364.root
         -> 8,998 vertices (1,754 trig, 1,375 trig+kin events)
  [296/3801] nano_365.root
         -> 17,737 vertices (3,439 trig, 2,691 trig+kin events)
  [297/3801] nano_366.root
         -> 17,507 vertices (3,261 trig, 2,583 trig+kin events)
  [298/3801] nano_367.root
         -> 18,567 vertices (3,273 trig, 2,605 trig+kin events)
  [299/3801] nano_368.root
         -> 11,069 vertices (2,114 trig, 1,668 trig+kin events)
  [300/3801] nano_369.root
         -> 18,010 vertices (3,271 trig, 2,626 trig+kin events)
  [301/3801] nano_37.root
         -> 8,689 vertices (1,769 trig, 1,372 trig+kin events)
  [302/3801] nano_370.root
         -> 17,703 vertices (3,282 trig, 2,614 trig+kin events)
  [303/3801] nano_371.root
         -> 17,957 vertices (3,319 trig, 2,626 trig+kin events)
  [304/3801] nano_372.root
         -> 17,943 vertices (3,224 trig, 2,542 trig+kin events)
  [305/3801] nano_373.root
         -> 16,912 vertices (3,190 trig, 2,525 trig+kin events)
  [306/3801] nano_374.root
         -> 17,186 vertices (3,318 trig, 2,628 trig+kin events)
  [307/3801] nano_375.root
         -> 13,885 vertices (2,600 trig, 2,037 trig+kin events)
  [308/3801] nano_376.root
         -> 8,796 vertices (1,710 trig, 1,356 trig+kin events)
  [309/3801] nano_377.root
         -> 9,848 vertices (1,907 trig, 1,501 trig+kin events)
  [310/3801] nano_378.root
         -> 9,323 vertices (1,849 trig, 1,426 trig+kin events)
  [311/3801] nano_379.root
         -> 17,583 vertices (3,265 trig, 2,608 trig+kin events)
  [312/3801] nano_38.root
         -> 9,238 vertices (1,832 trig, 1,423 trig+kin events)
  [313/3801] nano_380.root
         -> 17,993 vertices (3,339 trig, 2,639 trig+kin events)
  [314/3801] nano_381.root
         -> 1,594 vertices (336 trig, 248 trig+kin events)
  [315/3801] nano_382.root
         -> 12,071 vertices (2,292 trig, 1,819 trig+kin events)
  [316/3801] nano_383.root
         -> 17,784 vertices (3,309 trig, 2,592 trig+kin events)
  [317/3801] nano_384.root
         -> 12,862 vertices (2,452 trig, 1,884 trig+kin events)
  [318/3801] nano_385.root
         -> 15,647 vertices (2,726 trig, 2,134 trig+kin events)
  [319/3801] nano_386.root
         -> 14,082 vertices (2,541 trig, 2,044 trig+kin events)
  [320/3801] nano_387.root
         -> 14,108 vertices (2,625 trig, 2,066 trig+kin events)
  [321/3801] nano_388.root
         -> 10,332 vertices (1,991 trig, 1,578 trig+kin events)
  [322/3801] nano_389.root
         -> 17,956 vertices (3,318 trig, 2,644 trig+kin events)
  [323/3801] nano_39.root
         -> 9,816 vertices (1,897 trig, 1,477 trig+kin events)
  [324/3801] nano_390.root
         -> 9,622 vertices (1,819 trig, 1,462 trig+kin events)
  [325/3801] nano_391.root
         -> 14,866 vertices (2,726 trig, 2,148 trig+kin events)
  [326/3801] nano_392.root
         -> 15,311 vertices (2,760 trig, 2,196 trig+kin events)
  [327/3801] nano_393.root
         -> 10,006 vertices (1,719 trig, 1,377 trig+kin events)
  [328/3801] nano_394.root
         -> 17,804 vertices (3,323 trig, 2,633 trig+kin events)
  [329/3801] nano_395.root
         -> 17,236 vertices (3,233 trig, 2,533 trig+kin events)
  [330/3801] nano_396.root
         -> 11,751 vertices (2,236 trig, 1,763 trig+kin events)
  [331/3801] nano_397.root
         -> 493 vertices (85 trig, 68 trig+kin events)
  [332/3801] nano_398.root
         -> 4,257 vertices (774 trig, 610 trig+kin events)
  [333/3801] nano_399.root
         -> 4,844 vertices (897 trig, 718 trig+kin events)
  [334/3801] nano_4.root
         -> 8,845 vertices (1,650 trig, 1,296 trig+kin events)
  [335/3801] nano_40.root
         -> 10,068 vertices (1,797 trig, 1,440 trig+kin events)
  [336/3801] nano_400.root
         -> 3,807 vertices (659 trig, 537 trig+kin events)
  [337/3801] nano_401.root
         -> 17,675 vertices (3,254 trig, 2,622 trig+kin events)
  [338/3801] nano_402.root
         -> 11,118 vertices (1,986 trig, 1,578 trig+kin events)
  [339/3801] nano_403.root
         -> 14,276 vertices (2,665 trig, 2,090 trig+kin events)
  [340/3801] nano_404.root
         -> 10,468 vertices (2,052 trig, 1,613 trig+kin events)
  [341/3801] nano_405.root
         -> 17,592 vertices (3,379 trig, 2,660 trig+kin events)
  [342/3801] nano_406.root
         -> 17,550 vertices (3,247 trig, 2,569 trig+kin events)
  [343/3801] nano_407.root
         -> 15,457 vertices (3,062 trig, 2,431 trig+kin events)
  [344/3801] nano_408.root
         -> 17,650 vertices (3,223 trig, 2,545 trig+kin events)
  [345/3801] nano_409.root
         -> 10,147 vertices (1,864 trig, 1,473 trig+kin events)
  [346/3801] nano_41.root
         -> 9,692 vertices (1,779 trig, 1,438 trig+kin events)
  [347/3801] nano_410.root
         -> 17,810 vertices (3,284 trig, 2,599 trig+kin events)
  [348/3801] nano_411.root
         -> 10,966 vertices (2,021 trig, 1,592 trig+kin events)
  [349/3801] nano_412.root
         -> 17,039 vertices (3,225 trig, 2,567 trig+kin events)
  [350/3801] nano_413.root
         -> 17,708 vertices (3,329 trig, 2,640 trig+kin events)
  [351/3801] nano_414.root
         -> 11,262 vertices (2,077 trig, 1,658 trig+kin events)
  [352/3801] nano_415.root
         -> 17,953 vertices (3,309 trig, 2,637 trig+kin events)
  [353/3801] nano_416.root
         -> 19,486 vertices (3,395 trig, 2,722 trig+kin events)
  [354/3801] nano_417.root
         -> 9,462 vertices (1,775 trig, 1,407 trig+kin events)
  [355/3801] nano_418.root
         -> 18,005 vertices (3,223 trig, 2,566 trig+kin events)
  [356/3801] nano_419.root
         -> 16,674 vertices (3,261 trig, 2,581 trig+kin events)
  [357/3801] nano_42.root
         -> 9,098 vertices (1,769 trig, 1,424 trig+kin events)
  [358/3801] nano_420.root
         -> 18,380 vertices (3,350 trig, 2,689 trig+kin events)
  [359/3801] nano_421.root
         -> 9,316 vertices (1,688 trig, 1,373 trig+kin events)
  [360/3801] nano_422.root
         -> 11,823 vertices (2,184 trig, 1,713 trig+kin events)
  [361/3801] nano_423.root
         -> 13,673 vertices (2,557 trig, 2,041 trig+kin events)
  [362/3801] nano_424.root
         -> 10,408 vertices (1,938 trig, 1,486 trig+kin events)
  [363/3801] nano_425.root
         -> 17,551 vertices (3,268 trig, 2,560 trig+kin events)
  [364/3801] nano_426.root
         -> 17,486 vertices (3,226 trig, 2,542 trig+kin events)
  [365/3801] nano_427.root
         -> 9,657 vertices (1,779 trig, 1,404 trig+kin events)
  [366/3801] nano_428.root
         -> 9,983 vertices (1,803 trig, 1,466 trig+kin events)
  [367/3801] nano_429.root
         -> 8,325 vertices (1,669 trig, 1,339 trig+kin events)
  [368/3801] nano_43.root
         -> 10,564 vertices (1,970 trig, 1,566 trig+kin events)
  [369/3801] nano_430.root
         -> 17,980 vertices (3,323 trig, 2,628 trig+kin events)
  [370/3801] nano_431.root
         -> 18,286 vertices (3,320 trig, 2,628 trig+kin events)
  [371/3801] nano_432.root
         -> 8,867 vertices (1,718 trig, 1,374 trig+kin events)
  [372/3801] nano_433.root
         -> 17,232 vertices (3,336 trig, 2,629 trig+kin events)
  [373/3801] nano_434.root
         -> 8,910 vertices (1,655 trig, 1,302 trig+kin events)
  [374/3801] nano_435.root
         -> 17,853 vertices (3,448 trig, 2,717 trig+kin events)
  [375/3801] nano_436.root
         -> 17,459 vertices (3,258 trig, 2,571 trig+kin events)
  [376/3801] nano_437.root
         -> 15,324 vertices (2,853 trig, 2,267 trig+kin events)
  [377/3801] nano_438.root
         -> 18,055 vertices (3,315 trig, 2,627 trig+kin events)
  [378/3801] nano_439.root
         -> 17,003 vertices (3,329 trig, 2,613 trig+kin events)
  [379/3801] nano_44.root
         -> 9,946 vertices (1,822 trig, 1,474 trig+kin events)
  [380/3801] nano_440.root
         -> 12,192 vertices (2,345 trig, 1,836 trig+kin events)
  [381/3801] nano_441.root
         -> 15,284 vertices (2,912 trig, 2,331 trig+kin events)
  [382/3801] nano_442.root
         -> 18,056 vertices (3,333 trig, 2,649 trig+kin events)
  [383/3801] nano_443.root
         -> 14,708 vertices (2,781 trig, 2,171 trig+kin events)
  [384/3801] nano_444.root
         -> 17,279 vertices (3,264 trig, 2,570 trig+kin events)
  [385/3801] nano_445.root
         -> 18,458 vertices (3,366 trig, 2,669 trig+kin events)
  [386/3801] nano_446.root
         -> 17,513 vertices (3,190 trig, 2,548 trig+kin events)
  [387/3801] nano_447.root
         -> 8,194 vertices (1,640 trig, 1,284 trig+kin events)
  [388/3801] nano_448.root
         -> 15,151 vertices (2,922 trig, 2,320 trig+kin events)
  [389/3801] nano_449.root
         -> 14,724 vertices (2,708 trig, 2,162 trig+kin events)
  [390/3801] nano_45.root
         -> 10,167 vertices (1,950 trig, 1,488 trig+kin events)
  [391/3801] nano_450.root
         -> 17,990 vertices (3,369 trig, 2,686 trig+kin events)
  [392/3801] nano_451.root
         -> 18,537 vertices (3,370 trig, 2,627 trig+kin events)
  [393/3801] nano_452.root
         -> 17,432 vertices (3,275 trig, 2,591 trig+kin events)
  [394/3801] nano_453.root
         -> 15,912 vertices (3,177 trig, 2,460 trig+kin events)
  [395/3801] nano_454.root
         -> 18,103 vertices (3,340 trig, 2,653 trig+kin events)
  [396/3801] nano_455.root
         -> 16,881 vertices (3,275 trig, 2,551 trig+kin events)
  [397/3801] nano_456.root
         -> 12,143 vertices (2,338 trig, 1,823 trig+kin events)
  [398/3801] nano_457.root
         -> 17,998 vertices (3,327 trig, 2,629 trig+kin events)
  [399/3801] nano_458.root
         -> 18,025 vertices (3,281 trig, 2,625 trig+kin events)
  [400/3801] nano_459.root
         -> 16,484 vertices (3,237 trig, 2,580 trig+kin events)
  [401/3801] nano_46.root
         -> 11,892 vertices (2,271 trig, 1,776 trig+kin events)
  [402/3801] nano_460.root
         -> 10,838 vertices (1,869 trig, 1,485 trig+kin events)
  [403/3801] nano_461.root
         -> 17,119 vertices (3,277 trig, 2,555 trig+kin events)
  [404/3801] nano_462.root
         -> 16,496 vertices (3,204 trig, 2,506 trig+kin events)
  [405/3801] nano_463.root
         -> 13,085 vertices (2,468 trig, 1,942 trig+kin events)
  [406/3801] nano_464.root
         -> 8,622 vertices (1,803 trig, 1,433 trig+kin events)
  [407/3801] nano_465.root
         -> 17,319 vertices (3,227 trig, 2,550 trig+kin events)
  [408/3801] nano_466.root
         -> 18,175 vertices (3,301 trig, 2,631 trig+kin events)
  [409/3801] nano_467.root
         -> 12,563 vertices (2,264 trig, 1,797 trig+kin events)
  [410/3801] nano_468.root
         -> 14,822 vertices (2,765 trig, 2,189 trig+kin events)
  [411/3801] nano_469.root
         -> 16,393 vertices (3,307 trig, 2,605 trig+kin events)
  [412/3801] nano_47.root
         -> 10,677 vertices (1,888 trig, 1,516 trig+kin events)
  [413/3801] nano_470.root
         -> 17,395 vertices (3,240 trig, 2,534 trig+kin events)
  [414/3801] nano_471.root
         -> 18,449 vertices (3,298 trig, 2,572 trig+kin events)
  [415/3801] nano_472.root
         -> 17,373 vertices (3,200 trig, 2,547 trig+kin events)
  [416/3801] nano_473.root
         -> 16,731 vertices (3,201 trig, 2,529 trig+kin events)
  [417/3801] nano_474.root
         -> 18,472 vertices (3,234 trig, 2,578 trig+kin events)
  [418/3801] nano_475.root
         -> 17,083 vertices (3,262 trig, 2,580 trig+kin events)
  [419/3801] nano_476.root
         -> 18,122 vertices (3,292 trig, 2,605 trig+kin events)
  [420/3801] nano_477.root
         -> 12,974 vertices (2,388 trig, 1,898 trig+kin events)
  [421/3801] nano_478.root
         -> 17,542 vertices (3,287 trig, 2,611 trig+kin events)
  [422/3801] nano_479.root
         -> 17,630 vertices (3,350 trig, 2,651 trig+kin events)
  [423/3801] nano_48.root
         -> 8,863 vertices (1,659 trig, 1,319 trig+kin events)
  [424/3801] nano_480.root
         -> 9,963 vertices (1,872 trig, 1,469 trig+kin events)
  [425/3801] nano_481.root
         -> 18,219 vertices (3,298 trig, 2,629 trig+kin events)
  [426/3801] nano_482.root
         -> 16,621 vertices (3,234 trig, 2,540 trig+kin events)
  [427/3801] nano_483.root
         -> 10,195 vertices (1,837 trig, 1,463 trig+kin events)
  [428/3801] nano_484.root
         -> 18,095 vertices (3,284 trig, 2,602 trig+kin events)
  [429/3801] nano_485.root
         -> 9,138 vertices (1,669 trig, 1,335 trig+kin events)
  [430/3801] nano_486.root
         -> 17,741 vertices (3,292 trig, 2,641 trig+kin events)
  [431/3801] nano_487.root
         -> 17,176 vertices (3,312 trig, 2,609 trig+kin events)
  [432/3801] nano_488.root
         -> 18,383 vertices (3,347 trig, 2,636 trig+kin events)
  [433/3801] nano_489.root
         -> 17,652 vertices (3,392 trig, 2,637 trig+kin events)
  [434/3801] nano_49.root
         -> 1,551 vertices (344 trig, 281 trig+kin events)
  [435/3801] nano_490.root
         -> 16,573 vertices (3,267 trig, 2,533 trig+kin events)
  [436/3801] nano_491.root
         -> 11,060 vertices (1,977 trig, 1,572 trig+kin events)
  [437/3801] nano_492.root
         -> 11,153 vertices (2,140 trig, 1,688 trig+kin events)
  [438/3801] nano_493.root
         -> 17,003 vertices (3,175 trig, 2,501 trig+kin events)
  [439/3801] nano_494.root
         -> 9,809 vertices (1,934 trig, 1,529 trig+kin events)
  [440/3801] nano_495.root
         -> 18,459 vertices (3,286 trig, 2,612 trig+kin events)
  [441/3801] nano_496.root
         -> 13,123 vertices (2,483 trig, 1,959 trig+kin events)
  [442/3801] nano_497.root
         -> 18,100 vertices (3,342 trig, 2,646 trig+kin events)
  [443/3801] nano_498.root
         -> 16,940 vertices (3,353 trig, 2,633 trig+kin events)
  [444/3801] nano_499.root
         -> 17,530 vertices (3,327 trig, 2,597 trig+kin events)
  [445/3801] nano_5.root
         -> 14,422 vertices (2,598 trig, 2,060 trig+kin events)
  [446/3801] nano_50.root
         -> 11,642 vertices (2,127 trig, 1,691 trig+kin events)
  [447/3801] nano_500.root
         -> 17,925 vertices (3,309 trig, 2,608 trig+kin events)
  [448/3801] nano_501.root
         -> 17,078 vertices (3,277 trig, 2,573 trig+kin events)
  [449/3801] nano_502.root
         -> 13,458 vertices (2,426 trig, 1,921 trig+kin events)
  [450/3801] nano_503.root
         -> 18,359 vertices (3,303 trig, 2,656 trig+kin events)
  [451/3801] nano_504.root
         -> 13,747 vertices (2,667 trig, 2,083 trig+kin events)
  [452/3801] nano_505.root
         -> 13,613 vertices (2,516 trig, 2,013 trig+kin events)
  [453/3801] nano_506.root
         -> 9,655 vertices (1,650 trig, 1,297 trig+kin events)
  [454/3801] nano_507.root
         -> 17,498 vertices (3,269 trig, 2,575 trig+kin events)
  [455/3801] nano_508.root
         -> 17,412 vertices (3,337 trig, 2,605 trig+kin events)
  [456/3801] nano_509.root
         -> 17,911 vertices (3,276 trig, 2,629 trig+kin events)
  [457/3801] nano_51.root
         -> 9,992 vertices (1,914 trig, 1,509 trig+kin events)
  [458/3801] nano_510.root
         -> 18,080 vertices (3,206 trig, 2,522 trig+kin events)
  [459/3801] nano_511.root
         -> 15,687 vertices (2,997 trig, 2,377 trig+kin events)
  [460/3801] nano_512.root
         -> 16,879 vertices (3,272 trig, 2,567 trig+kin events)
  [461/3801] nano_513.root
         -> 17,411 vertices (3,234 trig, 2,550 trig+kin events)
  [462/3801] nano_514.root
         -> 18,559 vertices (3,337 trig, 2,607 trig+kin events)
  [463/3801] nano_515.root
         -> 16,791 vertices (3,198 trig, 2,536 trig+kin events)
  [464/3801] nano_516.root
         -> 11,803 vertices (2,098 trig, 1,663 trig+kin events)
  [465/3801] nano_517.root
         -> 9,881 vertices (1,879 trig, 1,474 trig+kin events)
  [466/3801] nano_518.root
         -> 18,127 vertices (3,306 trig, 2,613 trig+kin events)
  [467/3801] nano_519.root
         -> 17,140 vertices (3,242 trig, 2,529 trig+kin events)
  [468/3801] nano_52.root
         -> 10,418 vertices (1,829 trig, 1,436 trig+kin events)
  [469/3801] nano_520.root
         -> 17,718 vertices (3,220 trig, 2,531 trig+kin events)
  [470/3801] nano_521.root
         -> 17,974 vertices (3,371 trig, 2,659 trig+kin events)
  [471/3801] nano_522.root
         -> 18,522 vertices (3,285 trig, 2,628 trig+kin events)
  [472/3801] nano_523.root
         -> 8,484 vertices (1,642 trig, 1,305 trig+kin events)
  [473/3801] nano_524.root
         -> 14,221 vertices (2,760 trig, 2,187 trig+kin events)
  [474/3801] nano_525.root
         -> 17,030 vertices (3,254 trig, 2,563 trig+kin events)
  [475/3801] nano_526.root
         -> 8,964 vertices (1,649 trig, 1,275 trig+kin events)
  [476/3801] nano_527.root
         -> 17,111 vertices (3,297 trig, 2,633 trig+kin events)
  [477/3801] nano_528.root
         -> 18,447 vertices (3,315 trig, 2,622 trig+kin events)
  [478/3801] nano_529.root
         -> 17,982 vertices (3,299 trig, 2,608 trig+kin events)
  [479/3801] nano_53.root
         -> 12,008 vertices (2,388 trig, 1,877 trig+kin events)
  [480/3801] nano_530.root
         -> 16,709 vertices (3,302 trig, 2,598 trig+kin events)
  [481/3801] nano_531.root
         -> 18,253 vertices (3,301 trig, 2,601 trig+kin events)
  [482/3801] nano_532.root
         -> 17,133 vertices (3,286 trig, 2,563 trig+kin events)
  [483/3801] nano_533.root
         -> 17,146 vertices (3,163 trig, 2,504 trig+kin events)
  [484/3801] nano_534.root
         -> 10,995 vertices (2,024 trig, 1,622 trig+kin events)
  [485/3801] nano_535.root
         -> 17,380 vertices (3,205 trig, 2,512 trig+kin events)
  [486/3801] nano_536.root
         -> 10,959 vertices (2,068 trig, 1,637 trig+kin events)
  [487/3801] nano_537.root
         -> 9,324 vertices (1,707 trig, 1,352 trig+kin events)
  [488/3801] nano_538.root
         -> 18,144 vertices (3,360 trig, 2,639 trig+kin events)
  [489/3801] nano_539.root
         -> 18,186 vertices (3,304 trig, 2,600 trig+kin events)
  [490/3801] nano_54.root
         -> 16,131 vertices (2,997 trig, 2,386 trig+kin events)
  [491/3801] nano_540.root
         -> 14,513 vertices (2,680 trig, 2,109 trig+kin events)
  [492/3801] nano_541.root
         -> 5,322 vertices (1,056 trig, 843 trig+kin events)
  [493/3801] nano_542.root
         -> 17,249 vertices (3,189 trig, 2,518 trig+kin events)
  [494/3801] nano_543.root
         -> 17,857 vertices (3,285 trig, 2,627 trig+kin events)
  [495/3801] nano_544.root
         -> 9,531 vertices (1,810 trig, 1,443 trig+kin events)
  [496/3801] nano_545.root
         -> 13,697 vertices (2,662 trig, 2,088 trig+kin events)
  [497/3801] nano_546.root
         -> 17,383 vertices (3,238 trig, 2,524 trig+kin events)
  [498/3801] nano_547.root
         -> 11,372 vertices (2,180 trig, 1,713 trig+kin events)
  [499/3801] nano_548.root
         -> 17,984 vertices (3,310 trig, 2,625 trig+kin events)
  [500/3801] nano_549.root
         -> 18,353 vertices (3,214 trig, 2,550 trig+kin events)
  [501/3801] nano_55.root
         -> 15,770 vertices (2,811 trig, 2,238 trig+kin events)
  [502/3801] nano_550.root
         -> 17,818 vertices (3,292 trig, 2,625 trig+kin events)
  [503/3801] nano_551.root
         -> 15,894 vertices (2,972 trig, 2,350 trig+kin events)
  [504/3801] nano_552.root
         -> 17,827 vertices (3,277 trig, 2,583 trig+kin events)
  [505/3801] nano_553.root
         -> 15,206 vertices (2,900 trig, 2,287 trig+kin events)
  [506/3801] nano_554.root
         -> 11,215 vertices (2,185 trig, 1,671 trig+kin events)
  [507/3801] nano_555.root
         -> 17,475 vertices (3,232 trig, 2,568 trig+kin events)
  [508/3801] nano_556.root
         -> 17,979 vertices (3,375 trig, 2,668 trig+kin events)
  [509/3801] nano_557.root
         -> 18,118 vertices (3,338 trig, 2,611 trig+kin events)
  [510/3801] nano_558.root
         -> 17,840 vertices (3,247 trig, 2,608 trig+kin events)
  [511/3801] nano_559.root
         -> 18,272 vertices (3,222 trig, 2,576 trig+kin events)
  [512/3801] nano_56.root
         -> 13,231 vertices (2,273 trig, 1,836 trig+kin events)
  [513/3801] nano_560.root
         -> 18,150 vertices (3,224 trig, 2,571 trig+kin events)
  [514/3801] nano_561.root
         -> 17,695 vertices (3,267 trig, 2,623 trig+kin events)
  [515/3801] nano_562.root
         -> 18,512 vertices (3,363 trig, 2,658 trig+kin events)
  [516/3801] nano_563.root
         -> 17,859 vertices (3,284 trig, 2,582 trig+kin events)
  [517/3801] nano_564.root
         -> 19,092 vertices (3,389 trig, 2,719 trig+kin events)
  [518/3801] nano_565.root
         -> 13,554 vertices (2,530 trig, 2,021 trig+kin events)
  [519/3801] nano_566.root
         -> 18,502 vertices (3,376 trig, 2,663 trig+kin events)
  [520/3801] nano_567.root
         -> 9,487 vertices (1,703 trig, 1,351 trig+kin events)
  [521/3801] nano_568.root
         -> 16,568 vertices (3,194 trig, 2,527 trig+kin events)
  [522/3801] nano_569.root
         -> 13,973 vertices (2,584 trig, 2,021 trig+kin events)
  [523/3801] nano_57.root
         -> 9,417 vertices (1,814 trig, 1,435 trig+kin events)
  [524/3801] nano_570.root
         -> 9,211 vertices (1,820 trig, 1,442 trig+kin events)
  [525/3801] nano_571.root
         -> 17,692 vertices (3,301 trig, 2,623 trig+kin events)
  [526/3801] nano_572.root
         -> 8,777 vertices (1,680 trig, 1,349 trig+kin events)
  [527/3801] nano_573.root
         -> 18,340 vertices (3,147 trig, 2,532 trig+kin events)
  [528/3801] nano_574.root
         -> 18,114 vertices (3,279 trig, 2,602 trig+kin events)
  [529/3801] nano_575.root
         -> 16,691 vertices (3,198 trig, 2,490 trig+kin events)
  [530/3801] nano_576.root
         -> 14,506 vertices (2,652 trig, 2,145 trig+kin events)
  [531/3801] nano_577.root
         -> 17,177 vertices (3,319 trig, 2,645 trig+kin events)
  [532/3801] nano_578.root
         -> 18,270 vertices (3,356 trig, 2,686 trig+kin events)
  [533/3801] nano_579.root
         -> 18,761 vertices (3,276 trig, 2,594 trig+kin events)
  [534/3801] nano_58.root
         -> 9,642 vertices (1,803 trig, 1,399 trig+kin events)
  [535/3801] nano_580.root
         -> 12,916 vertices (2,469 trig, 1,961 trig+kin events)
  [536/3801] nano_581.root
         -> 13,888 vertices (2,599 trig, 2,049 trig+kin events)
  [537/3801] nano_582.root
         -> 9,687 vertices (1,751 trig, 1,410 trig+kin events)
  [538/3801] nano_583.root
         -> 17,707 vertices (3,285 trig, 2,566 trig+kin events)
  [539/3801] nano_584.root
         -> 17,502 vertices (3,289 trig, 2,625 trig+kin events)
  [540/3801] nano_585.root
         -> 18,055 vertices (3,331 trig, 2,607 trig+kin events)
  [541/3801] nano_586.root
         -> 10,011 vertices (1,799 trig, 1,419 trig+kin events)
  [542/3801] nano_587.root
         -> 16,899 vertices (3,052 trig, 2,401 trig+kin events)
  [543/3801] nano_588.root
         -> 17,548 vertices (3,279 trig, 2,560 trig+kin events)
  [544/3801] nano_589.root
         -> 17,383 vertices (3,316 trig, 2,627 trig+kin events)
  [545/3801] nano_59.root
         -> 12,165 vertices (2,355 trig, 1,858 trig+kin events)
  [546/3801] nano_590.root
         -> 17,741 vertices (3,286 trig, 2,603 trig+kin events)
  [547/3801] nano_591.root
         -> 11,730 vertices (2,327 trig, 1,814 trig+kin events)
  [548/3801] nano_592.root
         -> 9,594 vertices (1,772 trig, 1,376 trig+kin events)
  [549/3801] nano_593.root
         -> 11,466 vertices (2,024 trig, 1,619 trig+kin events)
  [550/3801] nano_594.root
         -> 17,428 vertices (3,341 trig, 2,648 trig+kin events)
  [551/3801] nano_595.root
         -> 9,108 vertices (1,693 trig, 1,341 trig+kin events)
  [552/3801] nano_596.root
         -> 16,337 vertices (3,133 trig, 2,436 trig+kin events)
  [553/3801] nano_597.root
         -> 17,906 vertices (3,243 trig, 2,620 trig+kin events)
  [554/3801] nano_598.root
         -> 17,980 vertices (3,281 trig, 2,620 trig+kin events)
  [555/3801] nano_599.root
         -> 18,365 vertices (3,313 trig, 2,637 trig+kin events)
  [556/3801] nano_6.root
         -> 13,886 vertices (2,518 trig, 1,986 trig+kin events)
  [557/3801] nano_60.root
         -> 11,491 vertices (2,175 trig, 1,738 trig+kin events)
  [558/3801] nano_600.root
         -> 16,247 vertices (3,236 trig, 2,525 trig+kin events)
  [559/3801] nano_601.root
         -> 8,827 vertices (1,680 trig, 1,330 trig+kin events)
  [560/3801] nano_602.root
         -> 12,598 vertices (2,352 trig, 1,835 trig+kin events)
  [561/3801] nano_603.root
         -> 17,591 vertices (3,192 trig, 2,531 trig+kin events)
  [562/3801] nano_604.root
         -> 18,996 vertices (3,377 trig, 2,704 trig+kin events)
  [563/3801] nano_605.root
         -> 17,951 vertices (3,286 trig, 2,579 trig+kin events)
  [564/3801] nano_606.root
         -> 17,288 vertices (3,297 trig, 2,614 trig+kin events)
  [565/3801] nano_607.root
         -> 17,696 vertices (3,337 trig, 2,643 trig+kin events)
  [566/3801] nano_608.root
         -> 9,359 vertices (1,732 trig, 1,368 trig+kin events)
  [567/3801] nano_609.root
         -> 18,080 vertices (3,198 trig, 2,538 trig+kin events)
  [568/3801] nano_61.root
         -> 10,547 vertices (2,014 trig, 1,568 trig+kin events)
  [569/3801] nano_610.root
         -> 18,225 vertices (3,372 trig, 2,680 trig+kin events)
  [570/3801] nano_611.root
         -> 17,103 vertices (3,370 trig, 2,657 trig+kin events)
  [571/3801] nano_612.root
         -> 16,313 vertices (3,193 trig, 2,521 trig+kin events)
  [572/3801] nano_613.root
         -> 17,549 vertices (3,397 trig, 2,664 trig+kin events)
  [573/3801] nano_614.root
         -> 16,786 vertices (3,223 trig, 2,499 trig+kin events)
  [574/3801] nano_615.root
         -> 9,205 vertices (1,827 trig, 1,443 trig+kin events)
  [575/3801] nano_616.root
         -> 17,097 vertices (3,318 trig, 2,618 trig+kin events)
  [576/3801] nano_617.root
         -> 17,411 vertices (3,280 trig, 2,580 trig+kin events)
  [577/3801] nano_618.root
         -> 17,453 vertices (3,329 trig, 2,623 trig+kin events)
  [578/3801] nano_619.root
         -> 16,940 vertices (3,286 trig, 2,595 trig+kin events)
  [579/3801] nano_62.root
         -> 12,195 vertices (2,388 trig, 1,879 trig+kin events)
  [580/3801] nano_620.root
         -> 15,955 vertices (3,209 trig, 2,487 trig+kin events)
  [581/3801] nano_621.root
         -> 14,502 vertices (2,796 trig, 2,193 trig+kin events)
  [582/3801] nano_622.root
         -> 17,129 vertices (3,377 trig, 2,644 trig+kin events)
  [583/3801] nano_623.root
         -> 17,353 vertices (3,224 trig, 2,566 trig+kin events)
  [584/3801] nano_624.root
         -> 9,515 vertices (1,710 trig, 1,338 trig+kin events)
  [585/3801] nano_625.root
         -> 18,283 vertices (3,306 trig, 2,581 trig+kin events)
  [586/3801] nano_626.root
         -> 15,259 vertices (2,960 trig, 2,357 trig+kin events)
  [587/3801] nano_627.root
         -> 17,529 vertices (3,284 trig, 2,609 trig+kin events)
  [588/3801] nano_628.root
         -> 17,426 vertices (3,318 trig, 2,600 trig+kin events)
  [589/3801] nano_629.root
         -> 18,260 vertices (3,252 trig, 2,612 trig+kin events)
  [590/3801] nano_63.root
         -> 13,835 vertices (2,430 trig, 1,948 trig+kin events)
  [591/3801] nano_630.root
         -> 9,912 vertices (1,860 trig, 1,473 trig+kin events)
  [592/3801] nano_631.root
         -> 17,344 vertices (3,272 trig, 2,606 trig+kin events)
  [593/3801] nano_632.root
         -> 18,292 vertices (3,308 trig, 2,622 trig+kin events)
  [594/3801] nano_633.root
         -> 17,449 vertices (3,280 trig, 2,593 trig+kin events)
  [595/3801] nano_634.root
         -> 17,699 vertices (3,260 trig, 2,577 trig+kin events)
  [596/3801] nano_635.root
         -> 18,054 vertices (3,294 trig, 2,590 trig+kin events)
  [597/3801] nano_636.root
         -> 18,343 vertices (3,345 trig, 2,621 trig+kin events)
  [598/3801] nano_637.root
         -> 9,719 vertices (1,822 trig, 1,443 trig+kin events)
  [599/3801] nano_638.root
         -> 17,968 vertices (3,339 trig, 2,625 trig+kin events)
  [600/3801] nano_639.root
         -> 10,452 vertices (2,062 trig, 1,625 trig+kin events)
  [601/3801] nano_64.root
         -> 11,772 vertices (2,268 trig, 1,781 trig+kin events)
  [602/3801] nano_640.root
         -> 8,056 vertices (1,634 trig, 1,286 trig+kin events)
  [603/3801] nano_641.root
         -> 8,694 vertices (1,651 trig, 1,309 trig+kin events)
  [604/3801] nano_642.root
         -> 17,740 vertices (3,288 trig, 2,599 trig+kin events)
  [605/3801] nano_643.root
         -> 11,767 vertices (2,355 trig, 1,867 trig+kin events)
  [606/3801] nano_644.root
         -> 16,410 vertices (3,139 trig, 2,500 trig+kin events)
  [607/3801] nano_645.root
         -> 11,679 vertices (2,048 trig, 1,624 trig+kin events)
  [608/3801] nano_646.root
         -> 18,363 vertices (3,343 trig, 2,661 trig+kin events)
  [609/3801] nano_647.root
         -> 18,711 vertices (3,349 trig, 2,646 trig+kin events)
  [610/3801] nano_648.root
         -> 9,813 vertices (1,889 trig, 1,494 trig+kin events)
  [611/3801] nano_649.root
         -> 17,244 vertices (3,349 trig, 2,650 trig+kin events)
  [612/3801] nano_65.root
         -> 9,703 vertices (1,835 trig, 1,483 trig+kin events)
  [613/3801] nano_650.root
         -> 12,985 vertices (2,469 trig, 1,941 trig+kin events)
  [614/3801] nano_651.root
         -> 18,217 vertices (3,348 trig, 2,658 trig+kin events)
  [615/3801] nano_652.root
         -> 11,881 vertices (2,266 trig, 1,814 trig+kin events)
  [616/3801] nano_653.root
         -> 14,320 vertices (2,708 trig, 2,144 trig+kin events)
  [617/3801] nano_654.root
         -> 17,941 vertices (3,310 trig, 2,611 trig+kin events)
  [618/3801] nano_655.root
         -> 16,627 vertices (3,248 trig, 2,573 trig+kin events)
  [619/3801] nano_656.root
         -> 18,839 vertices (3,376 trig, 2,654 trig+kin events)
  [620/3801] nano_657.root
         -> 10,177 vertices (1,891 trig, 1,458 trig+kin events)
  [621/3801] nano_658.root
         -> 17,670 vertices (3,221 trig, 2,572 trig+kin events)
  [622/3801] nano_659.root
         -> 9,667 vertices (1,822 trig, 1,442 trig+kin events)
  [623/3801] nano_66.root
         -> 10,613 vertices (1,967 trig, 1,523 trig+kin events)
  [624/3801] nano_660.root
         -> 17,383 vertices (3,273 trig, 2,567 trig+kin events)
  [625/3801] nano_661.root
         -> 17,670 vertices (3,242 trig, 2,577 trig+kin events)
  [626/3801] nano_662.root
         -> 18,332 vertices (3,373 trig, 2,683 trig+kin events)
  [627/3801] nano_663.root
         -> 11,724 vertices (1,987 trig, 1,569 trig+kin events)
  [628/3801] nano_664.root
         -> 17,331 vertices (3,342 trig, 2,681 trig+kin events)
  [629/3801] nano_665.root
         -> 12,340 vertices (2,317 trig, 1,847 trig+kin events)
  [630/3801] nano_666.root
         -> 18,510 vertices (3,381 trig, 2,649 trig+kin events)
  [631/3801] nano_667.root
         -> 10,978 vertices (2,092 trig, 1,616 trig+kin events)
  [632/3801] nano_668.root
         -> 17,240 vertices (3,269 trig, 2,602 trig+kin events)
  [633/3801] nano_669.root
         -> 13,967 vertices (2,581 trig, 2,041 trig+kin events)
  [634/3801] nano_67.root
         -> 12,329 vertices (2,291 trig, 1,817 trig+kin events)
  [635/3801] nano_670.root
         -> 11,655 vertices (2,241 trig, 1,783 trig+kin events)
  [636/3801] nano_671.root
         -> 17,535 vertices (3,355 trig, 2,653 trig+kin events)
  [637/3801] nano_672.root
         -> 17,710 vertices (3,313 trig, 2,662 trig+kin events)
  [638/3801] nano_673.root
         -> 16,728 vertices (3,324 trig, 2,560 trig+kin events)
  [639/3801] nano_674.root
         -> 10,091 vertices (1,938 trig, 1,492 trig+kin events)
  [640/3801] nano_675.root
         -> 16,542 vertices (3,332 trig, 2,614 trig+kin events)
  [641/3801] nano_676.root
         -> 11,313 vertices (2,167 trig, 1,715 trig+kin events)
  [642/3801] nano_677.root
         -> 17,990 vertices (3,252 trig, 2,581 trig+kin events)
  [643/3801] nano_678.root
         -> 17,742 vertices (3,295 trig, 2,589 trig+kin events)
  [644/3801] nano_679.root
         -> 17,645 vertices (3,312 trig, 2,563 trig+kin events)
  [645/3801] nano_68.root
         -> 17,986 vertices (3,362 trig, 2,631 trig+kin events)
  [646/3801] nano_680.root
         -> 18,673 vertices (3,429 trig, 2,710 trig+kin events)
  [647/3801] nano_681.root
         -> 17,700 vertices (3,262 trig, 2,604 trig+kin events)
  [648/3801] nano_682.root
         -> 17,866 vertices (3,256 trig, 2,579 trig+kin events)
  [649/3801] nano_683.root
         -> 8,663 vertices (1,620 trig, 1,289 trig+kin events)
  [650/3801] nano_684.root
         -> 16,557 vertices (3,176 trig, 2,499 trig+kin events)
  [651/3801] nano_685.root
         -> 16,669 vertices (3,240 trig, 2,514 trig+kin events)
  [652/3801] nano_686.root
         -> 17,636 vertices (3,266 trig, 2,567 trig+kin events)
  [653/3801] nano_687.root
         -> 9,221 vertices (1,800 trig, 1,408 trig+kin events)
  [654/3801] nano_688.root
         -> 16,648 vertices (3,156 trig, 2,471 trig+kin events)
  [655/3801] nano_689.root
         -> 8,992 vertices (1,718 trig, 1,342 trig+kin events)
  [656/3801] nano_69.root
         -> 9,148 vertices (1,769 trig, 1,401 trig+kin events)
  [657/3801] nano_690.root
         -> 17,013 vertices (3,158 trig, 2,480 trig+kin events)
  [658/3801] nano_691.root
         -> 18,249 vertices (3,390 trig, 2,690 trig+kin events)
  [659/3801] nano_692.root
         -> 17,259 vertices (3,239 trig, 2,564 trig+kin events)
  [660/3801] nano_693.root
         -> 18,134 vertices (3,273 trig, 2,603 trig+kin events)
  [661/3801] nano_694.root
         -> 17,242 vertices (3,266 trig, 2,571 trig+kin events)
  [662/3801] nano_695.root
         -> 17,065 vertices (3,278 trig, 2,581 trig+kin events)
  [663/3801] nano_696.root
         -> 17,604 vertices (3,449 trig, 2,732 trig+kin events)
  [664/3801] nano_697.root
         -> 18,011 vertices (3,333 trig, 2,626 trig+kin events)
  [665/3801] nano_698.root
         -> 18,422 vertices (3,281 trig, 2,652 trig+kin events)
  [666/3801] nano_699.root
         -> 18,048 vertices (3,270 trig, 2,591 trig+kin events)
  [667/3801] nano_7.root
         -> 8,266 vertices (1,707 trig, 1,342 trig+kin events)
  [668/3801] nano_70.root
         -> 14,109 vertices (2,805 trig, 2,182 trig+kin events)
  [669/3801] nano_700.root
         -> 17,386 vertices (2,927 trig, 2,329 trig+kin events)
  [670/3801] nano_701.root
         -> 17,475 vertices (3,390 trig, 2,718 trig+kin events)
  [671/3801] nano_702.root
         -> 8,884 vertices (1,716 trig, 1,332 trig+kin events)
  [672/3801] nano_703.root
         -> 11,832 vertices (2,261 trig, 1,779 trig+kin events)
  [673/3801] nano_704.root
         -> 17,084 vertices (3,234 trig, 2,540 trig+kin events)
  [674/3801] nano_705.root
         -> 17,458 vertices (3,340 trig, 2,636 trig+kin events)
  [675/3801] nano_706.root
         -> 9,925 vertices (1,926 trig, 1,516 trig+kin events)
  [676/3801] nano_707.root
         -> 16,142 vertices (3,189 trig, 2,500 trig+kin events)
  [677/3801] nano_708.root
         -> 18,099 vertices (3,425 trig, 2,677 trig+kin events)
  [678/3801] nano_709.root
         -> 16,879 vertices (3,271 trig, 2,567 trig+kin events)
  [679/3801] nano_71.root
         -> 8,546 vertices (1,670 trig, 1,326 trig+kin events)
  [680/3801] nano_710.root
         -> 19,007 vertices (3,458 trig, 2,729 trig+kin events)
  [681/3801] nano_711.root
         -> 12,304 vertices (2,272 trig, 1,800 trig+kin events)
  [682/3801] nano_712.root
         -> 17,867 vertices (3,262 trig, 2,587 trig+kin events)
  [683/3801] nano_713.root
         -> 17,989 vertices (3,354 trig, 2,668 trig+kin events)
  [684/3801] nano_714.root
         -> 18,183 vertices (3,349 trig, 2,641 trig+kin events)
  [685/3801] nano_715.root
         -> 10,397 vertices (1,904 trig, 1,528 trig+kin events)
  [686/3801] nano_716.root
         -> 17,406 vertices (3,236 trig, 2,562 trig+kin events)
  [687/3801] nano_717.root
         -> 14,409 vertices (2,822 trig, 2,244 trig+kin events)
  [688/3801] nano_718.root
         -> 16,987 vertices (3,251 trig, 2,527 trig+kin events)
  [689/3801] nano_719.root
         -> 17,321 vertices (3,310 trig, 2,562 trig+kin events)
  [690/3801] nano_72.root
         -> 11,521 vertices (2,085 trig, 1,661 trig+kin events)
  [691/3801] nano_720.root
         -> 17,879 vertices (3,304 trig, 2,617 trig+kin events)
  [692/3801] nano_721.root
         -> 16,950 vertices (3,241 trig, 2,550 trig+kin events)
  [693/3801] nano_722.root
         -> 16,619 vertices (3,205 trig, 2,527 trig+kin events)
  [694/3801] nano_723.root
         -> 18,457 vertices (3,285 trig, 2,634 trig+kin events)
  [695/3801] nano_724.root
         -> 15,596 vertices (2,827 trig, 2,232 trig+kin events)
  [696/3801] nano_725.root
         -> 17,374 vertices (3,310 trig, 2,673 trig+kin events)
  [697/3801] nano_726.root
         -> 12,266 vertices (2,339 trig, 1,845 trig+kin events)
  [698/3801] nano_727.root
         -> 16,966 vertices (3,279 trig, 2,539 trig+kin events)
  [699/3801] nano_728.root
         -> 17,021 vertices (3,348 trig, 2,633 trig+kin events)
  [700/3801] nano_729.root
         -> 18,016 vertices (3,355 trig, 2,680 trig+kin events)
  [701/3801] nano_73.root
         -> 12,566 vertices (2,182 trig, 1,724 trig+kin events)
  [702/3801] nano_730.root
         -> 17,888 vertices (3,341 trig, 2,638 trig+kin events)
  [703/3801] nano_731.root
         -> 9,523 vertices (1,678 trig, 1,342 trig+kin events)
  [704/3801] nano_732.root
         -> 17,213 vertices (3,299 trig, 2,572 trig+kin events)
  [705/3801] nano_733.root
         -> 17,439 vertices (3,370 trig, 2,651 trig+kin events)
  [706/3801] nano_734.root
         -> 17,321 vertices (3,313 trig, 2,594 trig+kin events)
  [707/3801] nano_735.root
         -> 18,599 vertices (3,282 trig, 2,619 trig+kin events)
  [708/3801] nano_736.root
         -> 12,746 vertices (2,295 trig, 1,818 trig+kin events)
  [709/3801] nano_737.root
         -> 8,606 vertices (1,754 trig, 1,362 trig+kin events)
  [710/3801] nano_738.root
         -> 14,615 vertices (2,644 trig, 2,116 trig+kin events)
  [711/3801] nano_739.root
         -> 17,771 vertices (3,296 trig, 2,589 trig+kin events)
  [712/3801] nano_74.root
         -> 12,996 vertices (2,493 trig, 1,977 trig+kin events)
  [713/3801] nano_740.root
         -> 17,851 vertices (3,227 trig, 2,565 trig+kin events)
  [714/3801] nano_741.root
         -> 17,462 vertices (3,336 trig, 2,633 trig+kin events)
  [715/3801] nano_742.root
         -> 9,359 vertices (1,753 trig, 1,381 trig+kin events)
  [716/3801] nano_743.root
         -> 10,860 vertices (2,124 trig, 1,651 trig+kin events)
  [717/3801] nano_744.root
         -> 18,648 vertices (3,329 trig, 2,683 trig+kin events)
  [718/3801] nano_745.root
         -> 17,434 vertices (3,186 trig, 2,492 trig+kin events)
  [719/3801] nano_746.root
         -> 18,483 vertices (3,365 trig, 2,684 trig+kin events)
  [720/3801] nano_747.root
         -> 17,613 vertices (3,309 trig, 2,647 trig+kin events)
  [721/3801] nano_748.root
         -> 17,823 vertices (3,232 trig, 2,529 trig+kin events)
  [722/3801] nano_749.root
         -> 11,849 vertices (2,104 trig, 1,658 trig+kin events)
  [723/3801] nano_75.root
         -> 3,111 vertices (596 trig, 456 trig+kin events)
  [724/3801] nano_750.root
         -> 17,117 vertices (3,347 trig, 2,596 trig+kin events)
  [725/3801] nano_751.root
         -> 17,573 vertices (3,336 trig, 2,648 trig+kin events)
  [726/3801] nano_752.root
         -> 10,040 vertices (1,892 trig, 1,526 trig+kin events)
  [727/3801] nano_753.root
         -> 14,981 vertices (2,912 trig, 2,292 trig+kin events)
  [728/3801] nano_754.root
         -> 10,742 vertices (1,937 trig, 1,548 trig+kin events)
  [729/3801] nano_755.root
         -> 12,265 vertices (2,276 trig, 1,813 trig+kin events)
  [730/3801] nano_756.root
         -> 17,355 vertices (3,204 trig, 2,509 trig+kin events)
  [731/3801] nano_757.root
         -> 18,317 vertices (3,288 trig, 2,601 trig+kin events)
  [732/3801] nano_758.root
         -> 17,951 vertices (3,286 trig, 2,573 trig+kin events)
  [733/3801] nano_759.root
         -> 17,555 vertices (3,288 trig, 2,587 trig+kin events)
  [734/3801] nano_76.root
         -> 16,415 vertices (3,176 trig, 2,526 trig+kin events)
  [735/3801] nano_760.root
         -> 17,749 vertices (3,366 trig, 2,667 trig+kin events)
  [736/3801] nano_761.root
         -> 9,410 vertices (1,701 trig, 1,346 trig+kin events)
  [737/3801] nano_762.root
         -> 12,339 vertices (2,221 trig, 1,746 trig+kin events)
  [738/3801] nano_763.root
         -> 18,774 vertices (3,349 trig, 2,670 trig+kin events)
  [739/3801] nano_764.root
         -> 17,020 vertices (3,211 trig, 2,544 trig+kin events)
  [740/3801] nano_765.root
         -> 17,905 vertices (3,396 trig, 2,703 trig+kin events)
  [741/3801] nano_766.root
         -> 16,254 vertices (3,118 trig, 2,451 trig+kin events)
  [742/3801] nano_767.root
         -> 13,690 vertices (2,484 trig, 1,965 trig+kin events)
  [743/3801] nano_768.root
         -> 17,789 vertices (3,343 trig, 2,659 trig+kin events)
  [744/3801] nano_769.root
         -> 17,904 vertices (3,310 trig, 2,619 trig+kin events)
  [745/3801] nano_77.root
         -> 10,835 vertices (2,060 trig, 1,639 trig+kin events)
  [746/3801] nano_770.root
         -> 18,018 vertices (3,357 trig, 2,624 trig+kin events)
  [747/3801] nano_771.root
         -> 17,629 vertices (3,303 trig, 2,579 trig+kin events)
  [748/3801] nano_772.root
         -> 15,402 vertices (2,928 trig, 2,362 trig+kin events)
  [749/3801] nano_773.root
         -> 9,193 vertices (1,763 trig, 1,392 trig+kin events)
  [750/3801] nano_774.root
         -> 9,248 vertices (1,776 trig, 1,398 trig+kin events)
  [751/3801] nano_775.root
         -> 17,713 vertices (3,293 trig, 2,585 trig+kin events)
  [752/3801] nano_776.root
         -> 18,532 vertices (3,430 trig, 2,704 trig+kin events)
  [753/3801] nano_777.root
         -> 17,605 vertices (3,304 trig, 2,622 trig+kin events)
  [754/3801] nano_778.root
         -> 17,326 vertices (3,269 trig, 2,577 trig+kin events)
  [755/3801] nano_779.root
         -> 18,287 vertices (3,263 trig, 2,595 trig+kin events)
  [756/3801] nano_78.root
         -> 9,850 vertices (1,704 trig, 1,354 trig+kin events)
  [757/3801] nano_780.root
         -> 9,176 vertices (1,850 trig, 1,401 trig+kin events)
  [758/3801] nano_781.root
         -> 12,916 vertices (2,514 trig, 1,998 trig+kin events)
  [759/3801] nano_782.root
         -> 9,390 vertices (1,795 trig, 1,410 trig+kin events)
  [760/3801] nano_783.root
         -> 16,717 vertices (3,236 trig, 2,545 trig+kin events)
  [761/3801] nano_784.root
         -> 9,782 vertices (1,775 trig, 1,384 trig+kin events)
  [762/3801] nano_785.root
         -> 14,810 vertices (2,732 trig, 2,157 trig+kin events)
  [763/3801] nano_786.root
         -> 12,625 vertices (2,361 trig, 1,895 trig+kin events)
  [764/3801] nano_787.root
         -> 18,207 vertices (3,398 trig, 2,706 trig+kin events)
  [765/3801] nano_788.root
         -> 17,872 vertices (3,263 trig, 2,575 trig+kin events)
  [766/3801] nano_789.root
         -> 8,663 vertices (1,696 trig, 1,354 trig+kin events)
  [767/3801] nano_79.root
         -> 13,669 vertices (2,398 trig, 1,904 trig+kin events)
  [768/3801] nano_790.root
         -> 10,078 vertices (1,818 trig, 1,432 trig+kin events)
  [769/3801] nano_791.root
         -> 17,851 vertices (3,315 trig, 2,638 trig+kin events)
  [770/3801] nano_792.root
         -> 16,960 vertices (3,158 trig, 2,498 trig+kin events)
  [771/3801] nano_793.root
         -> 10,253 vertices (1,932 trig, 1,559 trig+kin events)
  [772/3801] nano_794.root
         -> 16,679 vertices (3,310 trig, 2,632 trig+kin events)
  [773/3801] nano_795.root
         -> 17,707 vertices (3,381 trig, 2,677 trig+kin events)
  [774/3801] nano_796.root
         -> 16,311 vertices (3,156 trig, 2,499 trig+kin events)
  [775/3801] nano_797.root
         -> 18,215 vertices (3,410 trig, 2,695 trig+kin events)
  [776/3801] nano_798.root
         -> 18,260 vertices (3,318 trig, 2,634 trig+kin events)
  [777/3801] nano_799.root
         -> 14,681 vertices (2,834 trig, 2,204 trig+kin events)
  [778/3801] nano_8.root
         -> 14,406 vertices (2,591 trig, 2,012 trig+kin events)
  [779/3801] nano_80.root
         -> 11,084 vertices (2,129 trig, 1,684 trig+kin events)
  [780/3801] nano_800.root
         -> 17,307 vertices (3,265 trig, 2,620 trig+kin events)
  [781/3801] nano_801.root
         -> 17,053 vertices (3,169 trig, 2,553 trig+kin events)
  [782/3801] nano_802.root
         -> 17,313 vertices (3,303 trig, 2,617 trig+kin events)
  [783/3801] nano_803.root
         -> 18,693 vertices (3,318 trig, 2,635 trig+kin events)
  [784/3801] nano_804.root
         -> 17,827 vertices (3,288 trig, 2,585 trig+kin events)
  [785/3801] nano_805.root
         -> 17,060 vertices (3,240 trig, 2,579 trig+kin events)
  [786/3801] nano_806.root
         -> 14,736 vertices (2,838 trig, 2,239 trig+kin events)
  [787/3801] nano_807.root
         -> 18,487 vertices (3,313 trig, 2,631 trig+kin events)
  [788/3801] nano_808.root
         -> 13,239 vertices (2,386 trig, 1,912 trig+kin events)
  [789/3801] nano_809.root
         -> 12,348 vertices (2,235 trig, 1,784 trig+kin events)
  [790/3801] nano_81.root
         -> 12,637 vertices (2,332 trig, 1,850 trig+kin events)
  [791/3801] nano_810.root
         -> 18,337 vertices (3,408 trig, 2,652 trig+kin events)
  [792/3801] nano_811.root
         -> 16,396 vertices (3,249 trig, 2,566 trig+kin events)
  [793/3801] nano_812.root
         -> 9,520 vertices (1,683 trig, 1,337 trig+kin events)
  [794/3801] nano_813.root
         -> 18,316 vertices (3,353 trig, 2,631 trig+kin events)
  [795/3801] nano_814.root
         -> 9,035 vertices (1,597 trig, 1,265 trig+kin events)
  [796/3801] nano_815.root
         -> 17,644 vertices (3,288 trig, 2,642 trig+kin events)
  [797/3801] nano_816.root
         -> 17,658 vertices (3,255 trig, 2,602 trig+kin events)
  [798/3801] nano_817.root
         -> 17,911 vertices (3,356 trig, 2,649 trig+kin events)
  [799/3801] nano_818.root
         -> 16,292 vertices (2,940 trig, 2,309 trig+kin events)
  [800/3801] nano_819.root
         -> 17,303 vertices (3,262 trig, 2,612 trig+kin events)
  [801/3801] nano_82.root
         -> 15,582 vertices (2,971 trig, 2,372 trig+kin events)
  [802/3801] nano_820.root
         -> 17,998 vertices (3,382 trig, 2,667 trig+kin events)
  [803/3801] nano_821.root
         -> 16,847 vertices (3,291 trig, 2,544 trig+kin events)
  [804/3801] nano_822.root
         -> 17,312 vertices (3,252 trig, 2,578 trig+kin events)
  [805/3801] nano_823.root
         -> 18,099 vertices (3,372 trig, 2,713 trig+kin events)
  [806/3801] nano_824.root
         -> 18,050 vertices (3,352 trig, 2,606 trig+kin events)
  [807/3801] nano_825.root
         -> 16,644 vertices (3,220 trig, 2,532 trig+kin events)
  [808/3801] nano_826.root
         -> 17,248 vertices (3,264 trig, 2,574 trig+kin events)
  [809/3801] nano_827.root
         -> 17,018 vertices (3,217 trig, 2,507 trig+kin events)
  [810/3801] nano_828.root
         -> 17,535 vertices (3,292 trig, 2,575 trig+kin events)
  [811/3801] nano_829.root
         -> 16,750 vertices (3,198 trig, 2,569 trig+kin events)
  [812/3801] nano_83.root
         -> 10,978 vertices (2,062 trig, 1,626 trig+kin events)
  [813/3801] nano_830.root
         -> 18,075 vertices (3,307 trig, 2,639 trig+kin events)
  [814/3801] nano_831.root
         -> 9,997 vertices (1,810 trig, 1,446 trig+kin events)
  [815/3801] nano_832.root
         -> 17,341 vertices (3,289 trig, 2,631 trig+kin events)
  [816/3801] nano_833.root
         -> 10,990 vertices (2,192 trig, 1,708 trig+kin events)
  [817/3801] nano_834.root
         -> 14,740 vertices (2,659 trig, 2,140 trig+kin events)
  [818/3801] nano_835.root
         -> 17,469 vertices (3,249 trig, 2,516 trig+kin events)
  [819/3801] nano_836.root
         -> 18,247 vertices (3,411 trig, 2,658 trig+kin events)
  [820/3801] nano_837.root
         -> 18,047 vertices (3,304 trig, 2,584 trig+kin events)
  [821/3801] nano_838.root
         -> 18,221 vertices (3,271 trig, 2,552 trig+kin events)
  [822/3801] nano_839.root
         -> 16,780 vertices (3,297 trig, 2,604 trig+kin events)
  [823/3801] nano_84.root
         -> 9,666 vertices (1,852 trig, 1,461 trig+kin events)
  [824/3801] nano_840.root
         -> 9,620 vertices (1,859 trig, 1,447 trig+kin events)
  [825/3801] nano_841.root
         -> 9,665 vertices (1,777 trig, 1,416 trig+kin events)
  [826/3801] nano_842.root
         -> 8,978 vertices (1,795 trig, 1,422 trig+kin events)
  [827/3801] nano_843.root
         -> 18,047 vertices (3,256 trig, 2,557 trig+kin events)
  [828/3801] nano_844.root
         -> 11,041 vertices (2,056 trig, 1,629 trig+kin events)
  [829/3801] nano_845.root
         -> 17,958 vertices (3,325 trig, 2,624 trig+kin events)
  [830/3801] nano_846.root
         -> 16,541 vertices (3,239 trig, 2,550 trig+kin events)
  [831/3801] nano_847.root
         -> 11,818 vertices (2,331 trig, 1,828 trig+kin events)
  [832/3801] nano_848.root
         -> 10,237 vertices (1,993 trig, 1,558 trig+kin events)
  [833/3801] nano_849.root
         -> 18,105 vertices (3,335 trig, 2,623 trig+kin events)
  [834/3801] nano_85.root
         -> 13,921 vertices (2,561 trig, 2,018 trig+kin events)
  [835/3801] nano_850.root
         -> 17,244 vertices (3,227 trig, 2,539 trig+kin events)
  [836/3801] nano_851.root
         -> 16,928 vertices (3,181 trig, 2,527 trig+kin events)
  [837/3801] nano_852.root
         -> 17,384 vertices (3,358 trig, 2,667 trig+kin events)
  [838/3801] nano_853.root
         -> 15,493 vertices (2,858 trig, 2,256 trig+kin events)
  [839/3801] nano_854.root
         -> 15,496 vertices (2,786 trig, 2,201 trig+kin events)
  [840/3801] nano_855.root
         -> 10,684 vertices (2,096 trig, 1,645 trig+kin events)
  [841/3801] nano_856.root
         -> 18,328 vertices (3,317 trig, 2,633 trig+kin events)
  [842/3801] nano_857.root
         -> 17,593 vertices (3,272 trig, 2,618 trig+kin events)
  [843/3801] nano_858.root
         -> 17,602 vertices (3,309 trig, 2,606 trig+kin events)
  [844/3801] nano_859.root
         -> 12,063 vertices (2,233 trig, 1,776 trig+kin events)
  [845/3801] nano_86.root
         -> 14,226 vertices (2,670 trig, 2,103 trig+kin events)
  [846/3801] nano_860.root
         -> 17,007 vertices (3,204 trig, 2,510 trig+kin events)
  [847/3801] nano_861.root
         -> 15,344 vertices (2,966 trig, 2,367 trig+kin events)
  [848/3801] nano_862.root
         -> 8,852 vertices (1,785 trig, 1,386 trig+kin events)
  [849/3801] nano_863.root
         -> 10,101 vertices (1,769 trig, 1,358 trig+kin events)
  [850/3801] nano_864.root
         -> 16,229 vertices (3,018 trig, 2,384 trig+kin events)
  [851/3801] nano_865.root
         -> 17,409 vertices (3,211 trig, 2,565 trig+kin events)
  [852/3801] nano_866.root
         -> 18,331 vertices (3,317 trig, 2,637 trig+kin events)
  [853/3801] nano_867.root
         -> 8,648 vertices (1,674 trig, 1,302 trig+kin events)
  [854/3801] nano_868.root
         -> 12,239 vertices (2,376 trig, 1,860 trig+kin events)
  [855/3801] nano_869.root
         -> 14,076 vertices (2,783 trig, 2,186 trig+kin events)
  [856/3801] nano_87.root
         -> 17,145 vertices (3,213 trig, 2,543 trig+kin events)
  [857/3801] nano_870.root
         -> 17,685 vertices (3,320 trig, 2,641 trig+kin events)
  [858/3801] nano_871.root
         -> 17,532 vertices (3,364 trig, 2,638 trig+kin events)
  [859/3801] nano_872.root
         -> 18,731 vertices (3,288 trig, 2,641 trig+kin events)
  [860/3801] nano_873.root
         -> 16,791 vertices (3,297 trig, 2,578 trig+kin events)
  [861/3801] nano_874.root
         -> 17,297 vertices (3,275 trig, 2,652 trig+kin events)
  [862/3801] nano_875.root
         -> 8,969 vertices (1,656 trig, 1,306 trig+kin events)
  [863/3801] nano_876.root
         -> 16,194 vertices (2,904 trig, 2,298 trig+kin events)
  [864/3801] nano_877.root
         -> 18,148 vertices (3,320 trig, 2,622 trig+kin events)
  [865/3801] nano_878.root
         -> 17,394 vertices (3,228 trig, 2,542 trig+kin events)
  [866/3801] nano_879.root
         -> 8,975 vertices (1,667 trig, 1,306 trig+kin events)
  [867/3801] nano_88.root
         -> 18,380 vertices (3,363 trig, 2,637 trig+kin events)
  [868/3801] nano_880.root
         -> 18,119 vertices (3,357 trig, 2,659 trig+kin events)
  [869/3801] nano_881.root
         -> 17,502 vertices (3,352 trig, 2,665 trig+kin events)
  [870/3801] nano_882.root
         -> 9,525 vertices (1,710 trig, 1,364 trig+kin events)
  [871/3801] nano_883.root
         -> 18,751 vertices (3,335 trig, 2,669 trig+kin events)
  [872/3801] nano_884.root
         -> 17,699 vertices (3,291 trig, 2,591 trig+kin events)
  [873/3801] nano_885.root
         -> 17,792 vertices (3,320 trig, 2,624 trig+kin events)
  [874/3801] nano_886.root
         -> 17,465 vertices (3,250 trig, 2,576 trig+kin events)
  [875/3801] nano_887.root
         -> 19,162 vertices (3,320 trig, 2,595 trig+kin events)
  [876/3801] nano_888.root
         -> 17,025 vertices (3,240 trig, 2,545 trig+kin events)
  [877/3801] nano_889.root
         -> 10,110 vertices (1,940 trig, 1,563 trig+kin events)
  [878/3801] nano_89.root
         -> 11,009 vertices (2,138 trig, 1,686 trig+kin events)
  [879/3801] nano_890.root
         -> 17,541 vertices (3,251 trig, 2,522 trig+kin events)
  [880/3801] nano_891.root
         -> 9,720 vertices (1,832 trig, 1,467 trig+kin events)
  [881/3801] nano_892.root
         -> 18,179 vertices (3,272 trig, 2,626 trig+kin events)
  [882/3801] nano_893.root
         -> 17,789 vertices (3,341 trig, 2,644 trig+kin events)
  [883/3801] nano_894.root
         -> 16,678 vertices (3,173 trig, 2,472 trig+kin events)
  [884/3801] nano_895.root
         -> 17,786 vertices (3,248 trig, 2,565 trig+kin events)
  [885/3801] nano_896.root
         -> 18,585 vertices (3,245 trig, 2,546 trig+kin events)
  [886/3801] nano_897.root
         -> 13,370 vertices (2,408 trig, 1,898 trig+kin events)
  [887/3801] nano_898.root
         -> 17,979 vertices (3,288 trig, 2,608 trig+kin events)
  [888/3801] nano_899.root
         -> 8,633 vertices (1,779 trig, 1,375 trig+kin events)
  [889/3801] nano_9.root
         -> 13,291 vertices (2,556 trig, 2,058 trig+kin events)
  [890/3801] nano_90.root
         -> 15,710 vertices (3,052 trig, 2,377 trig+kin events)
  [891/3801] nano_900.root
         -> 8,813 vertices (1,720 trig, 1,343 trig+kin events)
  [892/3801] nano_901.root
         -> 9,911 vertices (1,805 trig, 1,401 trig+kin events)
  [893/3801] nano_902.root
         -> 18,927 vertices (3,304 trig, 2,540 trig+kin events)
  [894/3801] nano_903.root
         -> 17,673 vertices (3,341 trig, 2,633 trig+kin events)
  [895/3801] nano_904.root
         -> 16,452 vertices (3,251 trig, 2,619 trig+kin events)
  [896/3801] nano_905.root
         -> 16,915 vertices (3,274 trig, 2,565 trig+kin events)
  [897/3801] nano_906.root
         -> 17,533 vertices (3,285 trig, 2,641 trig+kin events)
  [898/3801] nano_907.root
         -> 18,574 vertices (3,379 trig, 2,698 trig+kin events)
  [899/3801] nano_908.root
         -> 17,761 vertices (3,262 trig, 2,555 trig+kin events)
  [900/3801] nano_909.root
         -> 18,309 vertices (3,308 trig, 2,614 trig+kin events)
  [901/3801] nano_91.root
         -> 17,235 vertices (3,262 trig, 2,538 trig+kin events)
  [902/3801] nano_910.root
         -> 9,067 vertices (1,686 trig, 1,348 trig+kin events)
  [903/3801] nano_911.root
         -> 17,956 vertices (3,310 trig, 2,602 trig+kin events)
  [904/3801] nano_912.root
         -> 18,018 vertices (3,342 trig, 2,628 trig+kin events)
  [905/3801] nano_913.root
         -> 17,575 vertices (3,253 trig, 2,589 trig+kin events)
  [906/3801] nano_914.root
         -> 17,460 vertices (3,273 trig, 2,606 trig+kin events)
  [907/3801] nano_915.root
         -> 10,133 vertices (1,824 trig, 1,435 trig+kin events)
  [908/3801] nano_916.root
         -> 17,457 vertices (3,269 trig, 2,597 trig+kin events)
  [909/3801] nano_917.root
         -> 16,895 vertices (3,256 trig, 2,567 trig+kin events)
  [910/3801] nano_918.root
         -> 10,378 vertices (1,937 trig, 1,537 trig+kin events)
  [911/3801] nano_919.root
         -> 10,117 vertices (1,852 trig, 1,485 trig+kin events)
  [912/3801] nano_92.root
         -> 14,839 vertices (2,880 trig, 2,309 trig+kin events)
  [913/3801] nano_920.root
         -> 17,230 vertices (3,213 trig, 2,505 trig+kin events)
  [914/3801] nano_921.root
         -> 18,678 vertices (3,360 trig, 2,665 trig+kin events)
  [915/3801] nano_922.root
         -> 9,898 vertices (1,748 trig, 1,379 trig+kin events)
  [916/3801] nano_923.root
         -> 9,298 vertices (1,900 trig, 1,517 trig+kin events)
  [917/3801] nano_924.root
         -> 11,464 vertices (2,198 trig, 1,735 trig+kin events)
  [918/3801] nano_925.root
         -> 16,877 vertices (3,226 trig, 2,525 trig+kin events)
  [919/3801] nano_926.root
         -> 9,935 vertices (1,733 trig, 1,382 trig+kin events)
  [920/3801] nano_927.root
         -> 17,682 vertices (3,314 trig, 2,637 trig+kin events)
  [921/3801] nano_928.root
         -> 11,170 vertices (2,183 trig, 1,704 trig+kin events)
  [922/3801] nano_929.root
         -> 17,231 vertices (3,347 trig, 2,645 trig+kin events)
  [923/3801] nano_93.root
         -> 16,087 vertices (2,998 trig, 2,383 trig+kin events)
  [924/3801] nano_930.root
         -> 16,996 vertices (3,180 trig, 2,509 trig+kin events)
  [925/3801] nano_931.root
         -> 11,761 vertices (2,224 trig, 1,749 trig+kin events)
  [926/3801] nano_932.root
         -> 17,555 vertices (3,317 trig, 2,601 trig+kin events)
  [927/3801] nano_933.root
         -> 18,018 vertices (3,221 trig, 2,543 trig+kin events)
  [928/3801] nano_934.root
         -> 18,219 vertices (3,317 trig, 2,597 trig+kin events)
  [929/3801] nano_935.root
         -> 17,936 vertices (3,278 trig, 2,582 trig+kin events)
  [930/3801] nano_936.root
         -> 16,771 vertices (3,320 trig, 2,605 trig+kin events)
  [931/3801] nano_937.root
         -> 11,007 vertices (2,012 trig, 1,621 trig+kin events)
  [932/3801] nano_938.root
         -> 18,662 vertices (3,282 trig, 2,581 trig+kin events)
  [933/3801] nano_939.root
         -> 17,891 vertices (3,297 trig, 2,618 trig+kin events)
  [934/3801] nano_94.root
         -> 11,048 vertices (2,042 trig, 1,631 trig+kin events)
  [935/3801] nano_940.root
         -> 17,256 vertices (3,243 trig, 2,543 trig+kin events)
  [936/3801] nano_941.root
         -> 14,814 vertices (3,012 trig, 2,362 trig+kin events)
  [937/3801] nano_942.root
         -> 17,114 vertices (3,221 trig, 2,582 trig+kin events)
  [938/3801] nano_943.root
         -> 8,838 vertices (1,694 trig, 1,302 trig+kin events)
  [939/3801] nano_944.root
         -> 13,128 vertices (2,340 trig, 1,845 trig+kin events)
  [940/3801] nano_945.root
         -> 16,670 vertices (3,286 trig, 2,605 trig+kin events)
  [941/3801] nano_946.root
         -> 11,399 vertices (2,163 trig, 1,697 trig+kin events)
  [942/3801] nano_947.root
         -> 18,355 vertices (3,348 trig, 2,635 trig+kin events)
  [943/3801] nano_948.root
         -> 17,337 vertices (3,268 trig, 2,536 trig+kin events)
  [944/3801] nano_949.root
         -> 3,970 vertices (692 trig, 556 trig+kin events)
  [945/3801] nano_95.root
         -> 18,523 vertices (3,303 trig, 2,616 trig+kin events)
  [946/3801] nano_950.root
         -> 16,051 vertices (3,065 trig, 2,403 trig+kin events)
  [947/3801] nano_951.root
         -> 17,589 vertices (3,204 trig, 2,551 trig+kin events)
  [948/3801] nano_952.root
         -> 9,460 vertices (1,836 trig, 1,431 trig+kin events)
  [949/3801] nano_953.root
         -> 16,741 vertices (3,370 trig, 2,626 trig+kin events)
  [950/3801] nano_954.root
         -> 17,450 vertices (3,294 trig, 2,616 trig+kin events)
  [951/3801] nano_955.root
         -> 17,262 vertices (3,361 trig, 2,613 trig+kin events)
  [952/3801] nano_956.root
         -> 11,251 vertices (2,224 trig, 1,756 trig+kin events)
  [953/3801] nano_957.root
         -> 18,173 vertices (3,341 trig, 2,618 trig+kin events)
  [954/3801] nano_958.root
         -> 17,727 vertices (3,361 trig, 2,641 trig+kin events)
  [955/3801] nano_959.root
         -> 17,099 vertices (3,216 trig, 2,544 trig+kin events)
  [956/3801] nano_96.root
         -> 12,279 vertices (2,294 trig, 1,810 trig+kin events)
  [957/3801] nano_960.root
         -> 11,840 vertices (2,163 trig, 1,727 trig+kin events)
  [958/3801] nano_961.root
         -> 18,534 vertices (3,367 trig, 2,693 trig+kin events)
  [959/3801] nano_962.root
         -> 10,012 vertices (1,954 trig, 1,543 trig+kin events)
  [960/3801] nano_963.root
         -> 10,209 vertices (1,895 trig, 1,484 trig+kin events)
  [961/3801] nano_964.root
         -> 9,069 vertices (1,761 trig, 1,413 trig+kin events)
  [962/3801] nano_965.root
         -> 9,838 vertices (1,869 trig, 1,478 trig+kin events)
  [963/3801] nano_966.root
         -> 17,231 vertices (3,198 trig, 2,546 trig+kin events)
  [964/3801] nano_967.root
         -> 11,002 vertices (2,077 trig, 1,611 trig+kin events)
  [965/3801] nano_968.root
         -> 17,392 vertices (3,212 trig, 2,559 trig+kin events)
  [966/3801] nano_969.root
         -> 17,633 vertices (3,284 trig, 2,587 trig+kin events)
  [967/3801] nano_97.root
         -> 13,899 vertices (2,596 trig, 2,045 trig+kin events)
  [968/3801] nano_970.root
         -> 17,657 vertices (3,183 trig, 2,527 trig+kin events)
  [969/3801] nano_971.root
         -> 18,029 vertices (3,379 trig, 2,657 trig+kin events)
  [970/3801] nano_972.root
         -> 11,414 vertices (2,182 trig, 1,751 trig+kin events)
  [971/3801] nano_973.root
         -> 10,647 vertices (1,997 trig, 1,606 trig+kin events)
  [972/3801] nano_974.root
         -> 17,512 vertices (3,269 trig, 2,587 trig+kin events)
  [973/3801] nano_975.root
         -> 18,283 vertices (3,311 trig, 2,613 trig+kin events)
  [974/3801] nano_976.root
         -> 13,803 vertices (2,674 trig, 2,122 trig+kin events)
  [975/3801] nano_977.root
         -> 9,853 vertices (1,693 trig, 1,354 trig+kin events)
  [976/3801] nano_978.root
         -> 10,694 vertices (1,929 trig, 1,525 trig+kin events)
  [977/3801] nano_979.root
         -> 17,315 vertices (3,328 trig, 2,590 trig+kin events)
  [978/3801] nano_98.root
         -> 15,161 vertices (2,812 trig, 2,243 trig+kin events)
  [979/3801] nano_980.root
         -> 18,864 vertices (3,258 trig, 2,617 trig+kin events)
  [980/3801] nano_981.root
         -> 17,883 vertices (3,263 trig, 2,589 trig+kin events)
  [981/3801] nano_982.root
         -> 17,656 vertices (3,351 trig, 2,633 trig+kin events)
  [982/3801] nano_983.root
         -> 10,925 vertices (1,947 trig, 1,560 trig+kin events)
  [983/3801] nano_984.root
         -> 15,539 vertices (2,835 trig, 2,238 trig+kin events)
  [984/3801] nano_985.root
         -> 18,302 vertices (3,329 trig, 2,612 trig+kin events)
  [985/3801] nano_986.root
         -> 18,469 vertices (3,274 trig, 2,604 trig+kin events)
  [986/3801] nano_987.root
         -> 9,739 vertices (1,734 trig, 1,368 trig+kin events)
  [987/3801] nano_988.root
         -> 18,124 vertices (3,296 trig, 2,605 trig+kin events)
  [988/3801] nano_989.root
         -> 9,869 vertices (1,802 trig, 1,397 trig+kin events)
  [989/3801] nano_99.root
         -> 13,554 vertices (2,411 trig, 1,912 trig+kin events)
  [990/3801] nano_990.root
         -> 17,012 vertices (3,321 trig, 2,603 trig+kin events)
  [991/3801] nano_991.root
         -> 16,895 vertices (3,222 trig, 2,575 trig+kin events)
  [992/3801] nano_992.root
         -> 18,287 vertices (3,287 trig, 2,595 trig+kin events)
  [993/3801] nano_993.root
         -> 10,034 vertices (1,834 trig, 1,454 trig+kin events)
  [994/3801] nano_994.root
         -> 17,625 vertices (3,335 trig, 2,635 trig+kin events)
  [995/3801] nano_995.root
         -> 18,234 vertices (3,292 trig, 2,600 trig+kin events)
  [996/3801] nano_996.root
         -> 9,870 vertices (1,954 trig, 1,543 trig+kin events)
  [997/3801] nano_997.root
         -> 16,517 vertices (3,247 trig, 2,566 trig+kin events)
  [998/3801] nano_998.root
         -> 18,013 vertices (3,231 trig, 2,534 trig+kin events)
  [999/3801] nano_999.root
         -> 17,674 vertices (3,322 trig, 2,644 trig+kin events)
  [1000/3801] nano_1000.root
         -> 18,054 vertices (3,318 trig, 2,572 trig+kin events)
  [1001/3801] nano_1001.root
         -> 12,931 vertices (2,510 trig, 2,005 trig+kin events)
  [1002/3801] nano_1002.root
         -> 16,900 vertices (3,234 trig, 2,534 trig+kin events)
  [1003/3801] nano_1003.root
         -> 17,999 vertices (3,472 trig, 2,718 trig+kin events)
  [1004/3801] nano_1004.root
         -> 17,761 vertices (3,273 trig, 2,524 trig+kin events)
  [1005/3801] nano_1005.root
         -> 17,314 vertices (3,224 trig, 2,567 trig+kin events)
  [1006/3801] nano_1006.root
         -> 17,042 vertices (3,057 trig, 2,390 trig+kin events)
  [1007/3801] nano_1007.root
         -> 11,923 vertices (2,209 trig, 1,765 trig+kin events)
  [1008/3801] nano_1008.root
         -> 9,757 vertices (1,730 trig, 1,390 trig+kin events)
  [1009/3801] nano_1009.root
         -> 9,752 vertices (1,807 trig, 1,432 trig+kin events)
  [1010/3801] nano_1010.root
         -> 17,873 vertices (3,326 trig, 2,670 trig+kin events)
  [1011/3801] nano_1011.root
         -> 15,792 vertices (3,184 trig, 2,504 trig+kin events)
  [1012/3801] nano_1012.root
         -> 17,339 vertices (3,321 trig, 2,633 trig+kin events)
  [1013/3801] nano_1013.root
         -> 11,643 vertices (2,154 trig, 1,749 trig+kin events)
  [1014/3801] nano_1014.root
         -> 18,062 vertices (3,346 trig, 2,642 trig+kin events)
  [1015/3801] nano_1015.root
         -> 17,699 vertices (3,258 trig, 2,580 trig+kin events)
  [1016/3801] nano_1016.root
         -> 4,489 vertices (835 trig, 656 trig+kin events)
  [1017/3801] nano_1017.root
         -> 9,491 vertices (1,808 trig, 1,420 trig+kin events)
  [1018/3801] nano_1018.root
         -> 17,880 vertices (3,264 trig, 2,543 trig+kin events)
  [1019/3801] nano_1019.root
         -> 17,208 vertices (3,248 trig, 2,512 trig+kin events)
  [1020/3801] nano_1020.root
         -> 15,896 vertices (2,951 trig, 2,349 trig+kin events)
  [1021/3801] nano_1021.root
         -> 17,632 vertices (3,336 trig, 2,642 trig+kin events)
  [1022/3801] nano_1022.root
         -> 17,760 vertices (3,308 trig, 2,618 trig+kin events)
  [1023/3801] nano_1023.root
         -> 18,738 vertices (3,338 trig, 2,627 trig+kin events)
  [1024/3801] nano_1024.root
         -> 15,038 vertices (2,760 trig, 2,176 trig+kin events)
  [1025/3801] nano_1025.root
         -> 18,288 vertices (3,281 trig, 2,597 trig+kin events)
  [1026/3801] nano_1026.root
         -> 18,007 vertices (3,364 trig, 2,685 trig+kin events)
  [1027/3801] nano_1027.root
         -> 18,079 vertices (3,280 trig, 2,597 trig+kin events)
  [1028/3801] nano_1028.root
         -> 16,567 vertices (3,358 trig, 2,630 trig+kin events)
  [1029/3801] nano_1029.root
         -> 9,162 vertices (1,724 trig, 1,348 trig+kin events)
  [1030/3801] nano_1030.root
         -> 18,374 vertices (3,308 trig, 2,652 trig+kin events)
  [1031/3801] nano_1031.root
         -> 17,567 vertices (3,328 trig, 2,627 trig+kin events)
  [1032/3801] nano_1032.root
         -> 17,587 vertices (3,296 trig, 2,586 trig+kin events)
  [1033/3801] nano_1033.root
         -> 10,023 vertices (1,926 trig, 1,526 trig+kin events)
  [1034/3801] nano_1034.root
         -> 15,689 vertices (2,963 trig, 2,346 trig+kin events)
  [1035/3801] nano_1035.root
         -> 16,774 vertices (3,147 trig, 2,504 trig+kin events)
  [1036/3801] nano_1036.root
         -> 16,434 vertices (3,210 trig, 2,508 trig+kin events)
  [1037/3801] nano_1037.root
         -> 16,961 vertices (3,080 trig, 2,466 trig+kin events)
  [1038/3801] nano_1038.root
         -> 15,359 vertices (2,870 trig, 2,303 trig+kin events)
  [1039/3801] nano_1039.root
         -> 9,776 vertices (1,805 trig, 1,401 trig+kin events)
  [1040/3801] nano_1040.root
         -> 16,624 vertices (3,263 trig, 2,539 trig+kin events)
  [1041/3801] nano_1041.root
         -> 18,202 vertices (3,298 trig, 2,634 trig+kin events)
  [1042/3801] nano_1042.root
         -> 9,341 vertices (1,664 trig, 1,321 trig+kin events)
  [1043/3801] nano_1043.root
         -> 17,769 vertices (3,263 trig, 2,543 trig+kin events)
  [1044/3801] nano_1044.root
         -> 17,918 vertices (3,263 trig, 2,575 trig+kin events)
  [1045/3801] nano_1045.root
         -> 17,755 vertices (3,308 trig, 2,661 trig+kin events)
  [1046/3801] nano_1046.root
         -> 14,817 vertices (2,674 trig, 2,103 trig+kin events)
  [1047/3801] nano_1047.root
         -> 18,883 vertices (3,360 trig, 2,682 trig+kin events)
  [1048/3801] nano_1048.root
         -> 18,202 vertices (3,387 trig, 2,657 trig+kin events)
  [1049/3801] nano_1049.root
         -> 17,247 vertices (3,231 trig, 2,538 trig+kin events)
  [1050/3801] nano_1050.root
         -> 14,859 vertices (2,677 trig, 2,123 trig+kin events)
  [1051/3801] nano_1051.root
         -> 17,938 vertices (3,280 trig, 2,575 trig+kin events)
  [1052/3801] nano_1052.root
         -> 17,013 vertices (3,216 trig, 2,577 trig+kin events)
  [1053/3801] nano_1053.root
         -> 17,060 vertices (3,284 trig, 2,594 trig+kin events)
  [1054/3801] nano_1054.root
         -> 11,368 vertices (2,191 trig, 1,752 trig+kin events)
  [1055/3801] nano_1055.root
         -> 17,642 vertices (3,346 trig, 2,642 trig+kin events)
  [1056/3801] nano_1056.root
         -> 14,422 vertices (2,834 trig, 2,256 trig+kin events)
  [1057/3801] nano_1057.root
         -> 13,306 vertices (2,412 trig, 1,942 trig+kin events)
  [1058/3801] nano_1058.root
         -> 17,722 vertices (3,328 trig, 2,630 trig+kin events)
  [1059/3801] nano_1059.root
         -> 17,872 vertices (3,362 trig, 2,635 trig+kin events)
  [1060/3801] nano_1060.root
         -> 8,949 vertices (1,710 trig, 1,355 trig+kin events)
  [1061/3801] nano_1061.root
         -> 17,412 vertices (3,290 trig, 2,584 trig+kin events)
  [1062/3801] nano_1062.root
         -> 11,180 vertices (2,171 trig, 1,720 trig+kin events)
  [1063/3801] nano_1063.root
         -> 14,567 vertices (2,733 trig, 2,143 trig+kin events)
  [1064/3801] nano_1064.root
         -> 10,319 vertices (1,909 trig, 1,503 trig+kin events)
  [1065/3801] nano_1065.root
         -> 17,655 vertices (3,226 trig, 2,533 trig+kin events)
  [1066/3801] nano_1066.root
         -> 9,290 vertices (1,679 trig, 1,329 trig+kin events)
  [1067/3801] nano_1067.root
         -> 13,162 vertices (2,540 trig, 1,992 trig+kin events)
  [1068/3801] nano_1068.root
         -> 17,090 vertices (3,273 trig, 2,548 trig+kin events)
  [1069/3801] nano_1069.root
         -> 9,613 vertices (1,813 trig, 1,418 trig+kin events)
  [1070/3801] nano_1070.root
         -> 14,329 vertices (2,859 trig, 2,250 trig+kin events)
  [1071/3801] nano_1071.root
         -> 17,441 vertices (3,267 trig, 2,559 trig+kin events)
  [1072/3801] nano_1072.root
         -> 18,097 vertices (3,284 trig, 2,571 trig+kin events)
  [1073/3801] nano_1073.root
         -> 9,260 vertices (1,693 trig, 1,338 trig+kin events)
  [1074/3801] nano_1074.root
         -> 17,719 vertices (3,277 trig, 2,611 trig+kin events)
  [1075/3801] nano_1075.root
         -> 12,499 vertices (2,185 trig, 1,713 trig+kin events)
  [1076/3801] nano_1076.root
         -> 16,578 vertices (3,168 trig, 2,496 trig+kin events)
  [1077/3801] nano_1077.root
         -> 18,591 vertices (3,286 trig, 2,612 trig+kin events)
  [1078/3801] nano_1078.root
         -> 17,781 vertices (3,337 trig, 2,662 trig+kin events)
  [1079/3801] nano_1079.root
         -> 9,764 vertices (1,835 trig, 1,424 trig+kin events)
  [1080/3801] nano_1080.root
         -> 17,897 vertices (3,227 trig, 2,531 trig+kin events)
  [1081/3801] nano_1081.root
         -> 17,478 vertices (3,231 trig, 2,589 trig+kin events)
  [1082/3801] nano_1082.root
         -> 11,466 vertices (2,167 trig, 1,712 trig+kin events)
  [1083/3801] nano_1083.root
         -> 17,314 vertices (3,228 trig, 2,545 trig+kin events)
  [1084/3801] nano_1084.root
         -> 17,495 vertices (3,268 trig, 2,563 trig+kin events)
  [1085/3801] nano_1085.root
         -> 14,203 vertices (2,722 trig, 2,156 trig+kin events)
  [1086/3801] nano_1086.root
         -> 16,213 vertices (3,233 trig, 2,543 trig+kin events)
  [1087/3801] nano_1087.root
         -> 12,789 vertices (2,464 trig, 1,938 trig+kin events)
  [1088/3801] nano_1088.root
         -> 17,627 vertices (3,235 trig, 2,532 trig+kin events)
  [1089/3801] nano_1089.root
         -> 17,314 vertices (3,331 trig, 2,645 trig+kin events)
  [1090/3801] nano_1090.root
         -> 16,923 vertices (3,256 trig, 2,527 trig+kin events)
  [1091/3801] nano_1091.root
         -> 18,322 vertices (3,363 trig, 2,607 trig+kin events)
  [1092/3801] nano_1092.root
         -> 17,920 vertices (3,308 trig, 2,612 trig+kin events)
  [1093/3801] nano_1093.root
         -> 17,301 vertices (3,218 trig, 2,537 trig+kin events)
  [1094/3801] nano_1094.root
         -> 17,873 vertices (3,193 trig, 2,515 trig+kin events)
  [1095/3801] nano_1095.root
         -> 9,291 vertices (1,698 trig, 1,355 trig+kin events)
  [1096/3801] nano_1096.root
         -> 17,233 vertices (3,242 trig, 2,578 trig+kin events)
  [1097/3801] nano_1097.root
         -> 17,711 vertices (3,338 trig, 2,623 trig+kin events)
  [1098/3801] nano_1098.root
         -> 17,615 vertices (3,261 trig, 2,615 trig+kin events)
  [1099/3801] nano_1099.root
         -> 16,679 vertices (3,259 trig, 2,556 trig+kin events)
  [1100/3801] nano_1100.root
         -> 12,126 vertices (2,418 trig, 1,882 trig+kin events)
  [1101/3801] nano_1101.root
         -> 19,136 vertices (3,275 trig, 2,600 trig+kin events)
  [1102/3801] nano_1102.root
         -> 17,773 vertices (3,308 trig, 2,590 trig+kin events)
  [1103/3801] nano_1103.root
         -> 9,604 vertices (1,865 trig, 1,497 trig+kin events)
  [1104/3801] nano_1104.root
         -> 13,985 vertices (2,413 trig, 1,931 trig+kin events)
  [1105/3801] nano_1105.root
         -> 16,349 vertices (3,264 trig, 2,542 trig+kin events)
  [1106/3801] nano_1106.root
         -> 17,161 vertices (3,205 trig, 2,543 trig+kin events)
  [1107/3801] nano_1107.root
         -> 16,746 vertices (3,222 trig, 2,542 trig+kin events)
  [1108/3801] nano_1108.root
         -> 17,177 vertices (3,240 trig, 2,526 trig+kin events)
  [1109/3801] nano_1109.root
         -> 9,599 vertices (1,830 trig, 1,420 trig+kin events)
  [1110/3801] nano_1110.root
         -> 17,991 vertices (3,251 trig, 2,501 trig+kin events)
  [1111/3801] nano_1111.root
         -> 17,101 vertices (3,243 trig, 2,540 trig+kin events)
  [1112/3801] nano_1112.root
         -> 12,230 vertices (2,366 trig, 1,880 trig+kin events)
  [1113/3801] nano_1113.root
         -> 17,384 vertices (3,204 trig, 2,527 trig+kin events)
  [1114/3801] nano_1114.root
         -> 17,574 vertices (3,260 trig, 2,590 trig+kin events)
  [1115/3801] nano_1115.root
         -> 17,343 vertices (3,315 trig, 2,643 trig+kin events)
  [1116/3801] nano_1116.root
         -> 17,797 vertices (3,300 trig, 2,630 trig+kin events)
  [1117/3801] nano_1117.root
         -> 18,099 vertices (3,326 trig, 2,666 trig+kin events)
  [1118/3801] nano_1118.root
         -> 19,428 vertices (3,337 trig, 2,659 trig+kin events)
  [1119/3801] nano_1119.root
         -> 10,503 vertices (1,877 trig, 1,488 trig+kin events)
  [1120/3801] nano_1120.root
         -> 9,832 vertices (1,773 trig, 1,416 trig+kin events)
  [1121/3801] nano_1121.root
         -> 14,026 vertices (2,534 trig, 2,004 trig+kin events)
  [1122/3801] nano_1122.root
         -> 16,992 vertices (3,083 trig, 2,461 trig+kin events)
  [1123/3801] nano_1123.root
         -> 18,298 vertices (3,352 trig, 2,632 trig+kin events)
  [1124/3801] nano_1124.root
         -> 16,527 vertices (3,243 trig, 2,575 trig+kin events)
  [1125/3801] nano_1125.root
         -> 17,248 vertices (3,297 trig, 2,579 trig+kin events)
  [1126/3801] nano_1126.root
         -> 17,293 vertices (3,334 trig, 2,615 trig+kin events)
  [1127/3801] nano_1127.root
         -> 18,874 vertices (3,297 trig, 2,628 trig+kin events)
  [1128/3801] nano_1128.root
         -> 17,727 vertices (3,241 trig, 2,552 trig+kin events)
  [1129/3801] nano_1129.root
         -> 10,472 vertices (2,003 trig, 1,572 trig+kin events)
  [1130/3801] nano_1130.root
         -> 15,068 vertices (2,890 trig, 2,293 trig+kin events)
  [1131/3801] nano_1131.root
         -> 16,377 vertices (3,230 trig, 2,534 trig+kin events)
  [1132/3801] nano_1132.root
         -> 17,707 vertices (3,422 trig, 2,663 trig+kin events)
  [1133/3801] nano_1133.root
         -> 18,238 vertices (3,349 trig, 2,613 trig+kin events)
  [1134/3801] nano_1134.root
         -> 19,002 vertices (3,368 trig, 2,694 trig+kin events)
  [1135/3801] nano_1135.root
         -> 17,682 vertices (3,395 trig, 2,674 trig+kin events)
  [1136/3801] nano_1136.root
         -> 10,949 vertices (2,086 trig, 1,662 trig+kin events)
  [1137/3801] nano_1137.root
         -> 17,102 vertices (3,255 trig, 2,554 trig+kin events)
  [1138/3801] nano_1138.root
         -> 16,881 vertices (3,336 trig, 2,645 trig+kin events)
  [1139/3801] nano_1139.root
         -> 15,889 vertices (3,211 trig, 2,521 trig+kin events)
  [1140/3801] nano_1140.root
         -> 10,417 vertices (1,877 trig, 1,487 trig+kin events)
  [1141/3801] nano_1141.root
         -> 10,552 vertices (2,098 trig, 1,654 trig+kin events)
  [1142/3801] nano_1142.root
         -> 17,826 vertices (3,323 trig, 2,642 trig+kin events)
  [1143/3801] nano_1143.root
         -> 17,784 vertices (3,243 trig, 2,540 trig+kin events)
  [1144/3801] nano_1144.root
         -> 19,258 vertices (3,523 trig, 2,823 trig+kin events)
  [1145/3801] nano_1145.root
         -> 18,229 vertices (3,361 trig, 2,653 trig+kin events)
  [1146/3801] nano_1146.root
         -> 18,696 vertices (3,314 trig, 2,652 trig+kin events)
  [1147/3801] nano_1147.root
         -> 16,138 vertices (3,137 trig, 2,476 trig+kin events)
  [1148/3801] nano_1148.root
         -> 17,071 vertices (3,225 trig, 2,536 trig+kin events)
  [1149/3801] nano_1149.root
         -> 17,235 vertices (3,254 trig, 2,569 trig+kin events)
  [1150/3801] nano_1150.root
         -> 18,159 vertices (3,349 trig, 2,644 trig+kin events)
  [1151/3801] nano_1151.root
         -> 13,814 vertices (2,418 trig, 1,923 trig+kin events)
  [1152/3801] nano_1152.root
         -> 12,693 vertices (2,377 trig, 1,878 trig+kin events)
  [1153/3801] nano_1153.root
         -> 17,635 vertices (3,149 trig, 2,520 trig+kin events)
  [1154/3801] nano_1154.root
         -> 18,098 vertices (3,341 trig, 2,658 trig+kin events)
  [1155/3801] nano_1155.root
         -> 17,804 vertices (3,260 trig, 2,600 trig+kin events)
  [1156/3801] nano_1156.root
         -> 16,728 vertices (3,241 trig, 2,517 trig+kin events)
  [1157/3801] nano_1157.root
         -> 17,171 vertices (3,226 trig, 2,534 trig+kin events)
  [1158/3801] nano_1158.root
         -> 9,255 vertices (1,827 trig, 1,460 trig+kin events)
  [1159/3801] nano_1159.root
         -> 17,973 vertices (3,333 trig, 2,633 trig+kin events)
  [1160/3801] nano_1160.root
         -> 17,804 vertices (3,328 trig, 2,662 trig+kin events)
  [1161/3801] nano_1161.root
         -> 16,122 vertices (3,291 trig, 2,591 trig+kin events)
  [1162/3801] nano_1162.root
         -> 17,804 vertices (3,297 trig, 2,632 trig+kin events)
  [1163/3801] nano_1163.root
         -> 16,505 vertices (3,302 trig, 2,595 trig+kin events)
  [1164/3801] nano_1164.root
         -> 14,575 vertices (2,620 trig, 2,112 trig+kin events)
  [1165/3801] nano_1165.root
         -> 17,696 vertices (3,222 trig, 2,567 trig+kin events)
  [1166/3801] nano_1166.root
         -> 14,632 vertices (2,788 trig, 2,169 trig+kin events)
  [1167/3801] nano_1167.root
         -> 8,839 vertices (1,686 trig, 1,309 trig+kin events)
  [1168/3801] nano_1168.root
         -> 18,209 vertices (3,449 trig, 2,743 trig+kin events)
  [1169/3801] nano_1169.root
         -> 12,007 vertices (2,273 trig, 1,767 trig+kin events)
  [1170/3801] nano_1170.root
         -> 17,985 vertices (3,287 trig, 2,647 trig+kin events)
  [1171/3801] nano_1171.root
         -> 18,183 vertices (3,287 trig, 2,634 trig+kin events)
  [1172/3801] nano_1172.root
         -> 16,882 vertices (3,238 trig, 2,520 trig+kin events)
  [1173/3801] nano_1173.root
         -> 9,593 vertices (1,755 trig, 1,392 trig+kin events)
  [1174/3801] nano_1174.root
         -> 8,965 vertices (1,659 trig, 1,292 trig+kin events)
  [1175/3801] nano_1175.root
         -> 9,623 vertices (2,044 trig, 1,624 trig+kin events)
  [1176/3801] nano_1176.root
         -> 17,918 vertices (3,281 trig, 2,599 trig+kin events)
  [1177/3801] nano_1177.root
         -> 16,922 vertices (3,362 trig, 2,603 trig+kin events)
  [1178/3801] nano_1178.root
         -> 17,908 vertices (3,229 trig, 2,596 trig+kin events)
  [1179/3801] nano_1179.root
         -> 17,349 vertices (3,360 trig, 2,624 trig+kin events)
  [1180/3801] nano_1180.root
         -> 17,511 vertices (3,240 trig, 2,558 trig+kin events)
  [1181/3801] nano_1181.root
         -> 10,427 vertices (1,775 trig, 1,405 trig+kin events)
  [1182/3801] nano_1182.root
         -> 17,264 vertices (3,290 trig, 2,622 trig+kin events)
  [1183/3801] nano_1183.root
         -> 16,946 vertices (3,217 trig, 2,526 trig+kin events)
  [1184/3801] nano_1184.root
         -> 8,983 vertices (1,702 trig, 1,353 trig+kin events)
  [1185/3801] nano_1185.root
         -> 18,109 vertices (3,430 trig, 2,724 trig+kin events)
  [1186/3801] nano_1186.root
         -> 17,721 vertices (3,342 trig, 2,640 trig+kin events)
  [1187/3801] nano_1187.root
         -> 18,113 vertices (3,274 trig, 2,578 trig+kin events)
  [1188/3801] nano_1188.root
         -> 16,832 vertices (3,278 trig, 2,617 trig+kin events)
  [1189/3801] nano_1189.root
         -> 13,947 vertices (2,477 trig, 1,969 trig+kin events)
  [1190/3801] nano_1190.root
         -> 16,737 vertices (3,185 trig, 2,498 trig+kin events)
  [1191/3801] nano_1191.root
         -> 17,824 vertices (3,297 trig, 2,641 trig+kin events)
  [1192/3801] nano_1192.root
         -> 17,073 vertices (3,225 trig, 2,535 trig+kin events)
  [1193/3801] nano_1193.root
         -> 18,678 vertices (3,354 trig, 2,686 trig+kin events)
  [1194/3801] nano_1194.root
         -> 16,928 vertices (3,197 trig, 2,539 trig+kin events)
  [1195/3801] nano_1195.root
         -> 9,286 vertices (1,745 trig, 1,382 trig+kin events)
  [1196/3801] nano_1196.root
         -> 18,256 vertices (3,315 trig, 2,660 trig+kin events)
  [1197/3801] nano_1197.root
         -> 16,926 vertices (3,284 trig, 2,601 trig+kin events)
  [1198/3801] nano_1198.root
         -> 12,616 vertices (2,200 trig, 1,743 trig+kin events)
  [1199/3801] nano_1199.root
         -> 9,870 vertices (1,910 trig, 1,505 trig+kin events)
  [1200/3801] nano_1200.root
         -> 16,999 vertices (3,293 trig, 2,614 trig+kin events)
  [1201/3801] nano_1201.root
         -> 17,890 vertices (3,385 trig, 2,681 trig+kin events)
  [1202/3801] nano_1202.root
         -> 5,578 vertices (1,049 trig, 820 trig+kin events)
  [1203/3801] nano_1203.root
         -> 14,071 vertices (2,623 trig, 2,083 trig+kin events)
  [1204/3801] nano_1204.root
         -> 14,371 vertices (2,715 trig, 2,153 trig+kin events)
  [1205/3801] nano_1205.root
         -> 17,054 vertices (3,242 trig, 2,562 trig+kin events)
  [1206/3801] nano_1206.root
         -> 11,984 vertices (2,359 trig, 1,905 trig+kin events)
  [1207/3801] nano_1207.root
         -> 12,148 vertices (2,386 trig, 1,900 trig+kin events)
  [1208/3801] nano_1208.root
         -> 18,204 vertices (3,306 trig, 2,615 trig+kin events)
  [1209/3801] nano_1209.root
         -> 12,168 vertices (2,185 trig, 1,735 trig+kin events)
  [1210/3801] nano_1210.root
         -> 17,623 vertices (3,288 trig, 2,604 trig+kin events)
  [1211/3801] nano_1211.root
         -> 12,101 vertices (2,204 trig, 1,774 trig+kin events)
  [1212/3801] nano_1212.root
         -> 16,193 vertices (3,249 trig, 2,555 trig+kin events)
  [1213/3801] nano_1213.root
         -> 17,977 vertices (3,396 trig, 2,725 trig+kin events)
  [1214/3801] nano_1214.root
         -> 10,336 vertices (1,917 trig, 1,527 trig+kin events)
  [1215/3801] nano_1215.root
         -> 18,097 vertices (3,338 trig, 2,630 trig+kin events)
  [1216/3801] nano_1216.root
         -> 17,266 vertices (3,321 trig, 2,590 trig+kin events)
  [1217/3801] nano_1217.root
         -> 17,396 vertices (3,216 trig, 2,580 trig+kin events)
  [1218/3801] nano_1218.root
         -> 16,818 vertices (3,224 trig, 2,530 trig+kin events)
  [1219/3801] nano_1219.root
         -> 18,135 vertices (3,246 trig, 2,561 trig+kin events)
  [1220/3801] nano_1220.root
         -> 14,122 vertices (2,699 trig, 2,127 trig+kin events)
  [1221/3801] nano_1221.root
         -> 17,213 vertices (3,225 trig, 2,570 trig+kin events)
  [1222/3801] nano_1222.root
         -> 16,422 vertices (3,251 trig, 2,560 trig+kin events)
  [1223/3801] nano_1223.root
         -> 9,481 vertices (1,759 trig, 1,413 trig+kin events)
  [1224/3801] nano_1224.root
         -> 8,639 vertices (1,737 trig, 1,365 trig+kin events)
  [1225/3801] nano_1225.root
         -> 9,722 vertices (1,795 trig, 1,450 trig+kin events)
  [1226/3801] nano_1226.root
         -> 16,223 vertices (3,230 trig, 2,534 trig+kin events)
  [1227/3801] nano_1227.root
         -> 17,724 vertices (3,301 trig, 2,596 trig+kin events)
  [1228/3801] nano_1228.root
         -> 18,349 vertices (3,360 trig, 2,651 trig+kin events)
  [1229/3801] nano_1229.root
         -> 13,032 vertices (2,412 trig, 1,905 trig+kin events)
  [1230/3801] nano_1230.root
         -> 17,119 vertices (3,333 trig, 2,598 trig+kin events)
  [1231/3801] nano_1231.root
         -> 18,425 vertices (3,255 trig, 2,584 trig+kin events)
  [1232/3801] nano_1232.root
         -> 8,948 vertices (1,706 trig, 1,343 trig+kin events)
  [1233/3801] nano_1233.root
         -> 9,716 vertices (1,837 trig, 1,429 trig+kin events)
  [1234/3801] nano_1234.root
         -> 11,083 vertices (2,194 trig, 1,720 trig+kin events)
  [1235/3801] nano_1235.root
         -> 9,168 vertices (1,718 trig, 1,335 trig+kin events)
  [1236/3801] nano_1236.root
         -> 9,019 vertices (1,786 trig, 1,408 trig+kin events)
  [1237/3801] nano_1237.root
         -> 18,673 vertices (3,365 trig, 2,640 trig+kin events)
  [1238/3801] nano_1238.root
         -> 17,542 vertices (3,307 trig, 2,612 trig+kin events)
  [1239/3801] nano_1239.root
         -> 17,035 vertices (3,256 trig, 2,554 trig+kin events)
  [1240/3801] nano_1240.root
         -> 18,025 vertices (3,307 trig, 2,633 trig+kin events)
  [1241/3801] nano_1241.root
         -> 13,036 vertices (2,448 trig, 1,945 trig+kin events)
  [1242/3801] nano_1242.root
         -> 17,584 vertices (3,265 trig, 2,570 trig+kin events)
  [1243/3801] nano_1243.root
         -> 18,092 vertices (3,296 trig, 2,598 trig+kin events)
  [1244/3801] nano_1244.root
         -> 18,176 vertices (3,322 trig, 2,658 trig+kin events)
  [1245/3801] nano_1245.root
         -> 11,221 vertices (2,215 trig, 1,745 trig+kin events)
  [1246/3801] nano_1246.root
         -> 17,341 vertices (3,347 trig, 2,629 trig+kin events)
  [1247/3801] nano_1247.root
         -> 17,524 vertices (3,307 trig, 2,589 trig+kin events)
  [1248/3801] nano_1248.root
         -> 16,228 vertices (3,007 trig, 2,346 trig+kin events)
  [1249/3801] nano_1249.root
         -> 17,460 vertices (3,323 trig, 2,595 trig+kin events)
  [1250/3801] nano_1250.root
         -> 13,540 vertices (2,567 trig, 2,027 trig+kin events)
  [1251/3801] nano_1251.root
         -> 16,904 vertices (3,336 trig, 2,634 trig+kin events)
  [1252/3801] nano_1252.root
         -> 18,158 vertices (3,276 trig, 2,604 trig+kin events)
  [1253/3801] nano_1253.root
         -> 11,689 vertices (2,165 trig, 1,721 trig+kin events)
  [1254/3801] nano_1254.root
         -> 17,176 vertices (3,340 trig, 2,632 trig+kin events)
  [1255/3801] nano_1255.root
         -> 18,204 vertices (3,428 trig, 2,741 trig+kin events)
  [1256/3801] nano_1256.root
         -> 17,584 vertices (3,317 trig, 2,615 trig+kin events)
  [1257/3801] nano_1257.root
         -> 10,272 vertices (2,033 trig, 1,602 trig+kin events)
  [1258/3801] nano_1258.root
         -> 10,038 vertices (1,860 trig, 1,477 trig+kin events)
  [1259/3801] nano_1259.root
         -> 17,745 vertices (3,317 trig, 2,624 trig+kin events)
  [1260/3801] nano_1260.root
         -> 14,131 vertices (2,671 trig, 2,132 trig+kin events)
  [1261/3801] nano_1261.root
         -> 9,353 vertices (1,765 trig, 1,406 trig+kin events)
  [1262/3801] nano_1262.root
         -> 16,895 vertices (3,225 trig, 2,512 trig+kin events)
  [1263/3801] nano_1263.root
         -> 17,859 vertices (3,307 trig, 2,584 trig+kin events)
  [1264/3801] nano_1264.root
         -> 17,532 vertices (3,285 trig, 2,601 trig+kin events)
  [1265/3801] nano_1265.root
         -> 18,647 vertices (3,333 trig, 2,634 trig+kin events)
  [1266/3801] nano_1266.root
         -> 17,263 vertices (3,317 trig, 2,560 trig+kin events)
  [1267/3801] nano_1267.root
         -> 11,020 vertices (2,059 trig, 1,614 trig+kin events)
  [1268/3801] nano_1268.root
         -> 10,519 vertices (1,987 trig, 1,569 trig+kin events)
  [1269/3801] nano_1269.root
         -> 9,397 vertices (1,824 trig, 1,411 trig+kin events)
  [1270/3801] nano_1270.root
         -> 18,123 vertices (3,361 trig, 2,658 trig+kin events)
  [1271/3801] nano_1271.root
         -> 11,694 vertices (2,142 trig, 1,653 trig+kin events)
  [1272/3801] nano_1272.root
         -> 16,806 vertices (3,234 trig, 2,547 trig+kin events)
  [1273/3801] nano_1273.root
         -> 18,063 vertices (3,325 trig, 2,579 trig+kin events)
  [1274/3801] nano_1274.root
         -> 4,560 vertices (906 trig, 711 trig+kin events)
  [1275/3801] nano_1275.root
         -> 17,011 vertices (3,222 trig, 2,537 trig+kin events)
  [1276/3801] nano_1276.root
         -> 9,396 vertices (1,697 trig, 1,375 trig+kin events)
  [1277/3801] nano_1277.root
         -> 18,746 vertices (3,308 trig, 2,609 trig+kin events)
  [1278/3801] nano_1278.root
         -> 2,994 vertices (486 trig, 400 trig+kin events)
  [1279/3801] nano_1279.root
         -> 11,849 vertices (2,242 trig, 1,773 trig+kin events)
  [1280/3801] nano_1280.root
         -> 18,348 vertices (3,315 trig, 2,654 trig+kin events)
  [1281/3801] nano_1281.root
         -> 8,803 vertices (1,696 trig, 1,315 trig+kin events)
  [1282/3801] nano_1282.root
         -> 17,472 vertices (3,196 trig, 2,546 trig+kin events)
  [1283/3801] nano_1283.root
         -> 9,241 vertices (1,778 trig, 1,417 trig+kin events)
  [1284/3801] nano_1284.root
         -> 17,675 vertices (3,286 trig, 2,579 trig+kin events)
  [1285/3801] nano_1285.root
         -> 2,964 vertices (579 trig, 450 trig+kin events)
  [1286/3801] nano_1286.root
         -> 11,089 vertices (2,092 trig, 1,652 trig+kin events)
  [1287/3801] nano_1287.root
         -> 11,472 vertices (2,165 trig, 1,694 trig+kin events)
  [1288/3801] nano_1288.root
         -> 9,897 vertices (1,725 trig, 1,335 trig+kin events)
  [1289/3801] nano_1289.root
         -> 17,823 vertices (3,273 trig, 2,612 trig+kin events)
  [1290/3801] nano_1290.root
         -> 14,212 vertices (2,699 trig, 2,096 trig+kin events)
  [1291/3801] nano_1291.root
         -> 17,939 vertices (3,365 trig, 2,652 trig+kin events)
  [1292/3801] nano_1292.root
         -> 3,038 vertices (569 trig, 455 trig+kin events)
  [1293/3801] nano_1293.root
         -> 17,232 vertices (3,244 trig, 2,556 trig+kin events)
  [1294/3801] nano_1294.root
         -> 436 vertices (91 trig, 76 trig+kin events)
  [1295/3801] nano_1295.root
         -> 10,490 vertices (2,070 trig, 1,617 trig+kin events)
  [1296/3801] nano_1296.root
         -> 10,375 vertices (1,949 trig, 1,557 trig+kin events)
  [1297/3801] nano_1297.root
         -> 17,320 vertices (3,285 trig, 2,578 trig+kin events)
  [1298/3801] nano_1298.root
         -> 13,762 vertices (2,562 trig, 2,015 trig+kin events)
  [1299/3801] nano_1299.root
         -> 11,736 vertices (2,040 trig, 1,619 trig+kin events)
  [1300/3801] nano_1300.root
         -> 10,518 vertices (2,100 trig, 1,666 trig+kin events)
  [1301/3801] nano_1301.root
         -> 16,887 vertices (3,287 trig, 2,590 trig+kin events)
  [1302/3801] nano_1302.root
         -> 16,962 vertices (3,327 trig, 2,597 trig+kin events)
  [1303/3801] nano_1303.root
         -> 12,230 vertices (2,328 trig, 1,822 trig+kin events)
  [1304/3801] nano_1304.root
         -> 8,695 vertices (1,642 trig, 1,265 trig+kin events)
  [1305/3801] nano_1305.root
         -> 11,918 vertices (2,241 trig, 1,779 trig+kin events)
  [1306/3801] nano_1306.root
         -> 9,489 vertices (1,827 trig, 1,432 trig+kin events)
  [1307/3801] nano_1307.root
         -> 16,910 vertices (3,208 trig, 2,544 trig+kin events)
  [1308/3801] nano_1308.root
         -> 17,688 vertices (3,324 trig, 2,591 trig+kin events)
  [1309/3801] nano_1309.root
         -> 4,912 vertices (901 trig, 712 trig+kin events)
  [1310/3801] nano_1310.root
         -> 8,340 vertices (1,627 trig, 1,288 trig+kin events)
  [1311/3801] nano_1311.root
         -> 3,091 vertices (565 trig, 449 trig+kin events)
  [1312/3801] nano_1312.root
         -> 6,126 vertices (1,091 trig, 868 trig+kin events)
  [1313/3801] nano_1313.root
         -> 11,638 vertices (2,098 trig, 1,652 trig+kin events)
  [1314/3801] nano_1314.root
         -> 3,099 vertices (613 trig, 501 trig+kin events)
  [1315/3801] nano_1315.root
         -> 11,033 vertices (1,972 trig, 1,534 trig+kin events)
  [1316/3801] nano_1316.root
         -> 17,081 vertices (3,271 trig, 2,614 trig+kin events)
  [1317/3801] nano_1317.root
         -> 2,623 vertices (490 trig, 382 trig+kin events)
  [1318/3801] nano_1318.root
         -> 16,147 vertices (3,134 trig, 2,498 trig+kin events)
  [1319/3801] nano_1319.root
         -> 16,879 vertices (3,265 trig, 2,551 trig+kin events)
  [1320/3801] nano_1320.root
         -> 12,143 vertices (2,244 trig, 1,771 trig+kin events)
  [1321/3801] nano_1321.root
         -> 10,240 vertices (1,929 trig, 1,527 trig+kin events)
  [1322/3801] nano_1322.root
         -> 8,711 vertices (1,686 trig, 1,368 trig+kin events)
  [1323/3801] nano_1323.root
         -> 9,451 vertices (1,727 trig, 1,379 trig+kin events)
  [1324/3801] nano_1324.root
         -> 16,701 vertices (3,281 trig, 2,568 trig+kin events)
  [1325/3801] nano_1325.root
         -> 12,651 vertices (2,445 trig, 1,918 trig+kin events)
  [1326/3801] nano_1326.root
         -> 3,830 vertices (705 trig, 571 trig+kin events)
  [1327/3801] nano_1327.root
         -> 17,204 vertices (3,261 trig, 2,578 trig+kin events)
  [1328/3801] nano_1328.root
         -> 17,315 vertices (3,058 trig, 2,441 trig+kin events)
  [1329/3801] nano_1329.root
         -> 14,573 vertices (2,752 trig, 2,139 trig+kin events)
  [1330/3801] nano_1330.root
         -> 12,104 vertices (2,369 trig, 1,821 trig+kin events)
  [1331/3801] nano_1331.root
         -> 12,449 vertices (2,218 trig, 1,757 trig+kin events)
  [1332/3801] nano_1332.root
         -> 4,401 vertices (899 trig, 702 trig+kin events)
  [1333/3801] nano_1333.root
         -> 10,092 vertices (1,724 trig, 1,405 trig+kin events)
  [1334/3801] nano_1334.root
         -> 17,253 vertices (3,230 trig, 2,542 trig+kin events)
  [1335/3801] nano_1335.root
         -> 17,271 vertices (3,257 trig, 2,612 trig+kin events)
  [1336/3801] nano_1336.root
         -> 11,335 vertices (2,158 trig, 1,685 trig+kin events)
  [1337/3801] nano_1337.root
         -> 17,068 vertices (3,336 trig, 2,613 trig+kin events)
  [1338/3801] nano_1338.root
         -> 12,285 vertices (2,271 trig, 1,767 trig+kin events)
  [1339/3801] nano_1339.root
         -> 10,773 vertices (2,074 trig, 1,632 trig+kin events)
  [1340/3801] nano_1340.root
         -> 9,808 vertices (1,854 trig, 1,448 trig+kin events)
  [1341/3801] nano_1341.root
         -> 9,494 vertices (1,820 trig, 1,422 trig+kin events)
  [1342/3801] nano_1342.root
         -> 9,400 vertices (1,694 trig, 1,312 trig+kin events)
  [1343/3801] nano_1343.root
         -> 16,396 vertices (3,206 trig, 2,507 trig+kin events)
  [1344/3801] nano_1344.root
         -> 17,550 vertices (3,324 trig, 2,689 trig+kin events)
  [1345/3801] nano_1345.root
         -> 12,096 vertices (2,317 trig, 1,807 trig+kin events)
  [1346/3801] nano_1346.root
         -> 17,366 vertices (3,295 trig, 2,590 trig+kin events)
  [1347/3801] nano_1347.root
         -> 10,109 vertices (1,899 trig, 1,496 trig+kin events)
  [1348/3801] nano_1348.root
         -> 9,396 vertices (1,783 trig, 1,421 trig+kin events)
  [1349/3801] nano_1349.root
         -> 18,031 vertices (3,316 trig, 2,611 trig+kin events)
  [1350/3801] nano_1350.root
         -> 13,886 vertices (2,710 trig, 2,083 trig+kin events)
  [1351/3801] nano_1351.root
         -> 11,114 vertices (2,148 trig, 1,690 trig+kin events)
  [1352/3801] nano_1352.root
         -> 17,838 vertices (3,271 trig, 2,584 trig+kin events)
  [1353/3801] nano_1353.root
         -> 8,848 vertices (1,750 trig, 1,407 trig+kin events)
  [1354/3801] nano_1354.root
         -> 10,850 vertices (2,013 trig, 1,615 trig+kin events)
  [1355/3801] nano_1355.root
         -> 9,482 vertices (1,756 trig, 1,431 trig+kin events)
  [1356/3801] nano_1356.root
         -> 14,434 vertices (2,922 trig, 2,264 trig+kin events)
  [1357/3801] nano_1357.root
         -> 11,771 vertices (2,104 trig, 1,673 trig+kin events)
  [1358/3801] nano_1358.root
         -> 12,055 vertices (2,280 trig, 1,819 trig+kin events)
  [1359/3801] nano_1359.root
         -> 6,072 vertices (1,184 trig, 924 trig+kin events)
  [1360/3801] nano_1360.root
         -> 11,758 vertices (2,197 trig, 1,750 trig+kin events)
  [1361/3801] nano_1361.root
         -> 17,427 vertices (3,314 trig, 2,616 trig+kin events)
  [1362/3801] nano_1362.root
         -> 9,616 vertices (1,771 trig, 1,406 trig+kin events)
  [1363/3801] nano_1363.root
         -> 16,695 vertices (3,194 trig, 2,506 trig+kin events)
  [1364/3801] nano_1364.root
         -> 6,426 vertices (1,169 trig, 923 trig+kin events)
  [1365/3801] nano_1365.root
         -> 13,791 vertices (2,623 trig, 2,083 trig+kin events)
  [1366/3801] nano_1366.root
         -> 17,206 vertices (3,280 trig, 2,622 trig+kin events)
  [1367/3801] nano_1367.root
         -> 16,857 vertices (3,261 trig, 2,566 trig+kin events)
  [1368/3801] nano_1368.root
         -> 16,645 vertices (3,289 trig, 2,581 trig+kin events)
  [1369/3801] nano_1369.root
         -> 13,072 vertices (2,346 trig, 1,849 trig+kin events)
  [1370/3801] nano_1370.root
         -> 11,190 vertices (2,054 trig, 1,598 trig+kin events)
  [1371/3801] nano_1371.root
         -> 12,598 vertices (2,368 trig, 1,865 trig+kin events)
  [1372/3801] nano_1372.root
         -> 11,300 vertices (2,100 trig, 1,685 trig+kin events)
  [1373/3801] nano_1373.root
         -> 4,884 vertices (902 trig, 716 trig+kin events)
  [1374/3801] nano_1374.root
         -> 8,496 vertices (1,689 trig, 1,343 trig+kin events)
  [1375/3801] nano_1375.root
         -> 10,342 vertices (1,906 trig, 1,484 trig+kin events)
  [1376/3801] nano_1376.root
         -> 16,924 vertices (3,311 trig, 2,606 trig+kin events)
  [1377/3801] nano_1377.root
         -> 17,885 vertices (3,278 trig, 2,599 trig+kin events)
  [1378/3801] nano_1378.root
         -> 17,765 vertices (3,280 trig, 2,609 trig+kin events)
  [1379/3801] nano_1379.root
         -> 10,137 vertices (1,957 trig, 1,554 trig+kin events)
  [1380/3801] nano_1380.root
         -> 17,637 vertices (3,284 trig, 2,599 trig+kin events)
  [1381/3801] nano_1381.root
         -> 434 vertices (89 trig, 70 trig+kin events)
  [1382/3801] nano_1382.root
         -> 14,083 vertices (2,759 trig, 2,192 trig+kin events)
  [1383/3801] nano_1383.root
         -> 17,101 vertices (3,304 trig, 2,593 trig+kin events)
  [1384/3801] nano_1384.root
         -> 11,742 vertices (2,333 trig, 1,849 trig+kin events)
  [1385/3801] nano_1385.root
         -> 9,577 vertices (1,765 trig, 1,392 trig+kin events)
  [1386/3801] nano_1386.root
         -> 17,293 vertices (3,303 trig, 2,569 trig+kin events)
  [1387/3801] nano_1387.root
         -> 11,781 vertices (2,326 trig, 1,852 trig+kin events)
  [1388/3801] nano_1388.root
         -> 8,690 vertices (1,699 trig, 1,362 trig+kin events)
  [1389/3801] nano_1389.root
         -> 10,216 vertices (1,914 trig, 1,519 trig+kin events)
  [1390/3801] nano_1390.root
         -> 11,101 vertices (2,069 trig, 1,641 trig+kin events)
  [1391/3801] nano_1391.root
         -> 18,089 vertices (3,288 trig, 2,605 trig+kin events)
  [1392/3801] nano_1392.root
         -> 17,808 vertices (3,180 trig, 2,525 trig+kin events)
  [1393/3801] nano_1393.root
         -> 8,303 vertices (1,666 trig, 1,312 trig+kin events)
  [1394/3801] nano_1394.root
         -> 9,535 vertices (1,766 trig, 1,380 trig+kin events)
  [1395/3801] nano_1395.root
         -> 342 vertices (69 trig, 51 trig+kin events)
  [1396/3801] nano_1396.root
         -> 9,223 vertices (1,693 trig, 1,362 trig+kin events)
  [1397/3801] nano_1397.root
         -> 4,030 vertices (862 trig, 659 trig+kin events)
  [1398/3801] nano_1398.root
         -> 13,498 vertices (2,468 trig, 1,999 trig+kin events)
  [1399/3801] nano_1399.root
         -> 5,046 vertices (987 trig, 782 trig+kin events)
  [1400/3801] nano_1400.root
         -> 12,501 vertices (2,265 trig, 1,789 trig+kin events)
  [1401/3801] nano_1401.root
         -> 17,404 vertices (3,343 trig, 2,639 trig+kin events)
  [1402/3801] nano_1402.root
         -> 17,726 vertices (3,298 trig, 2,616 trig+kin events)
  [1403/3801] nano_1403.root
         -> 16,700 vertices (3,256 trig, 2,576 trig+kin events)
  [1404/3801] nano_1404.root
         -> 17,705 vertices (3,308 trig, 2,613 trig+kin events)
  [1405/3801] nano_1405.root
         -> 1,393 vertices (234 trig, 186 trig+kin events)
  [1406/3801] nano_1406.root
         -> 17,873 vertices (3,241 trig, 2,554 trig+kin events)
  [1407/3801] nano_1407.root
         -> 5,252 vertices (931 trig, 724 trig+kin events)
  [1408/3801] nano_1408.root
         -> 9,077 vertices (1,746 trig, 1,367 trig+kin events)
  [1409/3801] nano_1409.root
         -> 3,239 vertices (586 trig, 464 trig+kin events)
  [1410/3801] nano_1410.root
         -> 10,304 vertices (1,987 trig, 1,576 trig+kin events)
  [1411/3801] nano_1411.root
         -> 17,270 vertices (3,260 trig, 2,563 trig+kin events)
  [1412/3801] nano_1412.root
         -> 17,666 vertices (3,353 trig, 2,661 trig+kin events)
  [1413/3801] nano_1413.root
         -> 17,917 vertices (3,284 trig, 2,586 trig+kin events)
  [1414/3801] nano_1414.root
         -> 16,760 vertices (3,179 trig, 2,493 trig+kin events)
  [1415/3801] nano_1415.root
         -> 17,254 vertices (3,240 trig, 2,579 trig+kin events)
  [1416/3801] nano_1416.root
         -> 17,618 vertices (3,244 trig, 2,562 trig+kin events)
  [1417/3801] nano_1417.root
         -> 16,686 vertices (3,290 trig, 2,591 trig+kin events)
  [1418/3801] nano_1418.root
         -> 9,207 vertices (1,715 trig, 1,367 trig+kin events)
  [1419/3801] nano_1419.root
         -> 18,439 vertices (3,338 trig, 2,648 trig+kin events)
  [1420/3801] nano_1420.root
         -> 17,536 vertices (3,312 trig, 2,615 trig+kin events)
  [1421/3801] nano_1421.root
         -> 13,161 vertices (2,463 trig, 1,942 trig+kin events)
  [1422/3801] nano_1422.root
         -> 16,678 vertices (3,249 trig, 2,535 trig+kin events)
  [1423/3801] nano_1423.root
         -> 16,563 vertices (3,284 trig, 2,576 trig+kin events)
  [1424/3801] nano_1424.root
         -> 17,891 vertices (3,336 trig, 2,641 trig+kin events)
  [1425/3801] nano_1425.root
         -> 18,006 vertices (3,300 trig, 2,585 trig+kin events)
  [1426/3801] nano_1426.root
         -> 9,488 vertices (1,714 trig, 1,337 trig+kin events)
  [1427/3801] nano_1427.root
         -> 11,777 vertices (2,192 trig, 1,769 trig+kin events)
  [1428/3801] nano_1428.root
         -> 18,220 vertices (3,388 trig, 2,676 trig+kin events)
  [1429/3801] nano_1429.root
         -> 18,309 vertices (3,306 trig, 2,628 trig+kin events)
  [1430/3801] nano_1430.root
         -> 9,429 vertices (1,877 trig, 1,458 trig+kin events)
  [1431/3801] nano_1431.root
         -> 17,595 vertices (3,363 trig, 2,657 trig+kin events)
  [1432/3801] nano_1432.root
         -> 8,454 vertices (1,635 trig, 1,254 trig+kin events)
  [1433/3801] nano_1433.root
         -> 18,147 vertices (3,261 trig, 2,601 trig+kin events)
  [1434/3801] nano_1434.root
         -> 9,975 vertices (1,898 trig, 1,501 trig+kin events)
  [1435/3801] nano_1435.root
         -> 18,027 vertices (3,306 trig, 2,591 trig+kin events)
  [1436/3801] nano_1436.root
         -> 17,544 vertices (3,242 trig, 2,555 trig+kin events)
  [1437/3801] nano_1437.root
         -> 12,750 vertices (2,400 trig, 1,898 trig+kin events)
  [1438/3801] nano_1438.root
         -> 18,140 vertices (3,420 trig, 2,698 trig+kin events)
  [1439/3801] nano_1439.root
         -> 16,392 vertices (3,224 trig, 2,525 trig+kin events)
  [1440/3801] nano_1440.root
         -> 18,064 vertices (3,281 trig, 2,607 trig+kin events)
  [1441/3801] nano_1441.root
         -> 9,634 vertices (1,892 trig, 1,500 trig+kin events)
  [1442/3801] nano_1442.root
         -> 18,664 vertices (3,323 trig, 2,677 trig+kin events)
  [1443/3801] nano_1443.root
         -> 10,769 vertices (2,052 trig, 1,611 trig+kin events)
  [1444/3801] nano_1444.root
         -> 17,559 vertices (3,299 trig, 2,591 trig+kin events)
  [1445/3801] nano_1445.root
         -> 9,688 vertices (1,788 trig, 1,416 trig+kin events)
  [1446/3801] nano_1446.root
         -> 17,298 vertices (3,262 trig, 2,599 trig+kin events)
  [1447/3801] nano_1447.root
         -> 16,945 vertices (3,235 trig, 2,579 trig+kin events)
  [1448/3801] nano_1448.root
         -> 10,363 vertices (1,950 trig, 1,552 trig+kin events)
  [1449/3801] nano_1449.root
         -> 8,939 vertices (1,769 trig, 1,391 trig+kin events)
  [1450/3801] nano_1450.root
         -> 12,472 vertices (2,168 trig, 1,738 trig+kin events)
  [1451/3801] nano_1451.root
         -> 17,525 vertices (3,415 trig, 2,683 trig+kin events)
  [1452/3801] nano_1452.root
         -> 9,018 vertices (1,695 trig, 1,367 trig+kin events)
  [1453/3801] nano_1453.root
         -> 12,873 vertices (2,422 trig, 1,930 trig+kin events)
  [1454/3801] nano_1454.root
         -> 17,624 vertices (3,284 trig, 2,580 trig+kin events)
  [1455/3801] nano_1455.root
         -> 9,728 vertices (1,902 trig, 1,498 trig+kin events)
  [1456/3801] nano_1456.root
         -> 10,104 vertices (1,924 trig, 1,521 trig+kin events)
  [1457/3801] nano_1457.root
         -> 18,259 vertices (3,241 trig, 2,601 trig+kin events)
  [1458/3801] nano_1458.root
         -> 18,582 vertices (3,344 trig, 2,661 trig+kin events)
  [1459/3801] nano_1459.root
         -> 16,867 vertices (3,328 trig, 2,614 trig+kin events)
  [1460/3801] nano_1460.root
         -> 11,406 vertices (2,256 trig, 1,791 trig+kin events)
  [1461/3801] nano_1461.root
         -> 9,038 vertices (1,701 trig, 1,350 trig+kin events)
  [1462/3801] nano_1462.root
         -> 17,648 vertices (3,301 trig, 2,593 trig+kin events)
  [1463/3801] nano_1463.root
         -> 9,767 vertices (1,875 trig, 1,460 trig+kin events)
  [1464/3801] nano_1464.root
         -> 18,711 vertices (3,358 trig, 2,631 trig+kin events)
  [1465/3801] nano_1465.root
         -> 10,099 vertices (1,891 trig, 1,477 trig+kin events)
  [1466/3801] nano_1466.root
         -> 17,799 vertices (3,318 trig, 2,628 trig+kin events)
  [1467/3801] nano_1467.root
         -> 9,895 vertices (1,746 trig, 1,404 trig+kin events)
  [1468/3801] nano_1468.root
         -> 18,374 vertices (3,466 trig, 2,746 trig+kin events)
  [1469/3801] nano_1469.root
         -> 17,415 vertices (3,242 trig, 2,594 trig+kin events)
  [1470/3801] nano_1470.root
         -> 19,384 vertices (3,323 trig, 2,610 trig+kin events)
  [1471/3801] nano_1471.root
         -> 9,766 vertices (1,888 trig, 1,479 trig+kin events)
  [1472/3801] nano_1472.root
         -> 9,817 vertices (1,805 trig, 1,452 trig+kin events)
  [1473/3801] nano_1473.root
         -> 9,004 vertices (1,728 trig, 1,383 trig+kin events)
  [1474/3801] nano_1474.root
         -> 17,342 vertices (3,336 trig, 2,615 trig+kin events)
  [1475/3801] nano_1475.root
         -> 9,540 vertices (1,712 trig, 1,363 trig+kin events)
  [1476/3801] nano_1476.root
         -> 11,066 vertices (2,035 trig, 1,604 trig+kin events)
  [1477/3801] nano_1477.root
         -> 17,521 vertices (3,294 trig, 2,591 trig+kin events)
  [1478/3801] nano_1478.root
         -> 17,736 vertices (3,247 trig, 2,584 trig+kin events)
  [1479/3801] nano_1479.root
         -> 14,686 vertices (2,780 trig, 2,175 trig+kin events)
  [1480/3801] nano_1480.root
         -> 18,570 vertices (3,415 trig, 2,682 trig+kin events)
  [1481/3801] nano_1481.root
         -> 17,585 vertices (3,233 trig, 2,576 trig+kin events)
  [1482/3801] nano_1482.root
         -> 17,502 vertices (3,223 trig, 2,558 trig+kin events)
  [1483/3801] nano_1483.root
         -> 10,513 vertices (1,967 trig, 1,564 trig+kin events)
  [1484/3801] nano_1484.root
         -> 17,881 vertices (3,326 trig, 2,627 trig+kin events)
  [1485/3801] nano_1485.root
         -> 18,480 vertices (3,274 trig, 2,602 trig+kin events)
  [1486/3801] nano_1486.root
         -> 18,425 vertices (3,340 trig, 2,613 trig+kin events)
  [1487/3801] nano_1487.root
         -> 16,530 vertices (3,228 trig, 2,554 trig+kin events)
  [1488/3801] nano_1488.root
         -> 17,461 vertices (3,290 trig, 2,623 trig+kin events)
  [1489/3801] nano_1489.root
         -> 9,312 vertices (1,741 trig, 1,362 trig+kin events)
  [1490/3801] nano_1490.root
         -> 18,532 vertices (3,344 trig, 2,656 trig+kin events)
  [1491/3801] nano_1491.root
         -> 12,778 vertices (2,340 trig, 1,825 trig+kin events)
  [1492/3801] nano_1492.root
         -> 13,735 vertices (2,516 trig, 1,986 trig+kin events)
  [1493/3801] nano_1493.root
         -> 17,734 vertices (3,252 trig, 2,584 trig+kin events)
  [1494/3801] nano_1494.root
         -> 10,832 vertices (2,041 trig, 1,605 trig+kin events)
  [1495/3801] nano_1495.root
         -> 17,700 vertices (3,230 trig, 2,606 trig+kin events)
  [1496/3801] nano_1496.root
         -> 17,393 vertices (3,242 trig, 2,587 trig+kin events)
  [1497/3801] nano_1497.root
         -> 11,778 vertices (2,244 trig, 1,763 trig+kin events)
  [1498/3801] nano_1498.root
         -> 18,376 vertices (3,285 trig, 2,604 trig+kin events)
  [1499/3801] nano_1499.root
         -> 8,956 vertices (1,681 trig, 1,353 trig+kin events)
  [1500/3801] nano_1500.root
         -> 17,415 vertices (3,289 trig, 2,589 trig+kin events)
  [1501/3801] nano_1501.root
         -> 8,931 vertices (1,755 trig, 1,404 trig+kin events)
  [1502/3801] nano_1502.root
         -> 17,634 vertices (3,359 trig, 2,662 trig+kin events)
  [1503/3801] nano_1503.root
         -> 9,705 vertices (1,875 trig, 1,472 trig+kin events)
  [1504/3801] nano_1504.root
         -> 11,346 vertices (2,131 trig, 1,683 trig+kin events)
  [1505/3801] nano_1505.root
         -> 18,529 vertices (3,359 trig, 2,603 trig+kin events)
  [1506/3801] nano_1506.root
         -> 18,115 vertices (3,318 trig, 2,658 trig+kin events)
  [1507/3801] nano_1507.root
         -> 18,025 vertices (3,397 trig, 2,689 trig+kin events)
  [1508/3801] nano_1508.root
         -> 10,694 vertices (1,849 trig, 1,480 trig+kin events)
  [1509/3801] nano_1509.root
         -> 9,452 vertices (1,666 trig, 1,296 trig+kin events)
  [1510/3801] nano_1510.root
         -> 18,293 vertices (3,320 trig, 2,622 trig+kin events)
  [1511/3801] nano_1511.root
         -> 18,142 vertices (3,238 trig, 2,568 trig+kin events)
  [1512/3801] nano_1512.root
         -> 18,174 vertices (3,294 trig, 2,624 trig+kin events)
  [1513/3801] nano_1513.root
         -> 18,183 vertices (3,225 trig, 2,571 trig+kin events)
  [1514/3801] nano_1514.root
         -> 10,666 vertices (1,952 trig, 1,546 trig+kin events)
  [1515/3801] nano_1515.root
         -> 18,163 vertices (3,349 trig, 2,651 trig+kin events)
  [1516/3801] nano_1516.root
         -> 17,361 vertices (3,287 trig, 2,589 trig+kin events)
  [1517/3801] nano_1517.root
         -> 17,383 vertices (3,293 trig, 2,599 trig+kin events)
  [1518/3801] nano_1518.root
         -> 17,307 vertices (3,245 trig, 2,548 trig+kin events)
  [1519/3801] nano_1519.root
         -> 9,531 vertices (1,786 trig, 1,424 trig+kin events)
  [1520/3801] nano_1520.root
         -> 16,577 vertices (3,022 trig, 2,381 trig+kin events)
  [1521/3801] nano_1521.root
         -> 10,349 vertices (1,749 trig, 1,389 trig+kin events)
  [1522/3801] nano_1522.root
         -> 10,379 vertices (1,862 trig, 1,476 trig+kin events)
  [1523/3801] nano_1523.root
         -> 16,225 vertices (3,180 trig, 2,518 trig+kin events)
  [1524/3801] nano_1524.root
         -> 10,533 vertices (1,893 trig, 1,488 trig+kin events)
  [1525/3801] nano_1525.root
         -> 18,357 vertices (3,282 trig, 2,600 trig+kin events)
  [1526/3801] nano_1526.root
         -> 16,736 vertices (3,113 trig, 2,479 trig+kin events)
  [1527/3801] nano_1527.root
         -> 11,111 vertices (2,077 trig, 1,641 trig+kin events)
  [1528/3801] nano_1528.root
         -> 11,681 vertices (2,124 trig, 1,688 trig+kin events)
  [1529/3801] nano_1529.root
         -> 17,881 vertices (3,292 trig, 2,591 trig+kin events)
  [1530/3801] nano_1530.root
         -> 16,592 vertices (3,231 trig, 2,549 trig+kin events)
  [1531/3801] nano_1531.root
         -> 16,845 vertices (3,293 trig, 2,606 trig+kin events)
  [1532/3801] nano_1532.root
         -> 10,454 vertices (1,846 trig, 1,515 trig+kin events)
  [1533/3801] nano_1533.root
         -> 14,616 vertices (2,615 trig, 2,051 trig+kin events)
  [1534/3801] nano_1534.root
         -> 13,414 vertices (2,481 trig, 1,976 trig+kin events)
  [1535/3801] nano_1535.root
         -> 17,742 vertices (3,351 trig, 2,677 trig+kin events)
  [1536/3801] nano_1536.root
         -> 18,497 vertices (3,308 trig, 2,608 trig+kin events)
  [1537/3801] nano_1537.root
         -> 10,707 vertices (1,867 trig, 1,473 trig+kin events)
  [1538/3801] nano_1538.root
         -> 10,129 vertices (1,829 trig, 1,437 trig+kin events)
  [1539/3801] nano_1539.root
         -> 9,996 vertices (1,900 trig, 1,516 trig+kin events)
  [1540/3801] nano_1540.root
         -> 9,743 vertices (1,916 trig, 1,508 trig+kin events)
  [1541/3801] nano_1541.root
         -> 17,823 vertices (3,435 trig, 2,694 trig+kin events)
  [1542/3801] nano_1542.root
         -> 8,862 vertices (1,663 trig, 1,305 trig+kin events)
  [1543/3801] nano_1543.root
         -> 18,025 vertices (3,370 trig, 2,687 trig+kin events)
  [1544/3801] nano_1544.root
         -> 16,478 vertices (3,009 trig, 2,367 trig+kin events)
  [1545/3801] nano_1545.root
         -> 17,679 vertices (3,257 trig, 2,544 trig+kin events)
  [1546/3801] nano_1546.root
         -> 8,762 vertices (1,725 trig, 1,357 trig+kin events)
  [1547/3801] nano_1547.root
         -> 12,152 vertices (2,283 trig, 1,837 trig+kin events)
  [1548/3801] nano_1548.root
         -> 17,638 vertices (3,271 trig, 2,616 trig+kin events)
  [1549/3801] nano_1549.root
         -> 17,965 vertices (3,244 trig, 2,576 trig+kin events)
  [1550/3801] nano_1550.root
         -> 17,684 vertices (3,326 trig, 2,635 trig+kin events)
  [1551/3801] nano_1551.root
         -> 10,040 vertices (1,919 trig, 1,507 trig+kin events)
  [1552/3801] nano_1552.root
         -> 17,427 vertices (3,358 trig, 2,601 trig+kin events)
  [1553/3801] nano_1553.root
         -> 18,021 vertices (3,406 trig, 2,656 trig+kin events)
  [1554/3801] nano_1554.root
         -> 15,732 vertices (2,861 trig, 2,272 trig+kin events)
  [1555/3801] nano_1555.root
         -> 17,096 vertices (3,273 trig, 2,577 trig+kin events)
  [1556/3801] nano_1556.root
         -> 9,145 vertices (1,719 trig, 1,372 trig+kin events)
  [1557/3801] nano_1557.root
         -> 17,368 vertices (3,201 trig, 2,585 trig+kin events)
  [1558/3801] nano_1558.root
         -> 11,581 vertices (2,290 trig, 1,779 trig+kin events)
  [1559/3801] nano_1559.root
         -> 17,701 vertices (3,318 trig, 2,644 trig+kin events)
  [1560/3801] nano_1560.root
         -> 17,198 vertices (2,993 trig, 2,371 trig+kin events)
  [1561/3801] nano_1561.root
         -> 8,696 vertices (1,692 trig, 1,328 trig+kin events)
  [1562/3801] nano_1562.root
         -> 10,490 vertices (1,980 trig, 1,567 trig+kin events)
  [1563/3801] nano_1563.root
         -> 18,887 vertices (3,351 trig, 2,642 trig+kin events)
  [1564/3801] nano_1564.root
         -> 17,427 vertices (3,349 trig, 2,654 trig+kin events)
  [1565/3801] nano_1565.root
         -> 12,092 vertices (2,225 trig, 1,753 trig+kin events)
  [1566/3801] nano_1566.root
         -> 16,927 vertices (3,285 trig, 2,598 trig+kin events)
  [1567/3801] nano_1567.root
         -> 18,271 vertices (3,336 trig, 2,608 trig+kin events)
  [1568/3801] nano_1568.root
         -> 8,609 vertices (1,615 trig, 1,283 trig+kin events)
  [1569/3801] nano_1569.root
         -> 18,056 vertices (3,333 trig, 2,645 trig+kin events)
  [1570/3801] nano_1570.root
         -> 18,129 vertices (3,270 trig, 2,583 trig+kin events)
  [1571/3801] nano_1571.root
         -> 11,645 vertices (2,193 trig, 1,743 trig+kin events)
  [1572/3801] nano_1572.root
         -> 18,138 vertices (3,377 trig, 2,680 trig+kin events)
  [1573/3801] nano_1573.root
         -> 17,711 vertices (3,237 trig, 2,557 trig+kin events)
  [1574/3801] nano_1574.root
         -> 16,953 vertices (3,305 trig, 2,603 trig+kin events)
  [1575/3801] nano_1575.root
         -> 10,508 vertices (2,035 trig, 1,606 trig+kin events)
  [1576/3801] nano_1576.root
         -> 8,700 vertices (1,664 trig, 1,308 trig+kin events)
  [1577/3801] nano_1577.root
         -> 15,651 vertices (3,048 trig, 2,370 trig+kin events)
  [1578/3801] nano_1578.root
         -> 8,396 vertices (1,638 trig, 1,297 trig+kin events)
  [1579/3801] nano_1579.root
         -> 17,700 vertices (3,329 trig, 2,686 trig+kin events)
  [1580/3801] nano_1580.root
         -> 10,579 vertices (1,928 trig, 1,534 trig+kin events)
  [1581/3801] nano_1581.root
         -> 18,036 vertices (3,339 trig, 2,632 trig+kin events)
  [1582/3801] nano_1582.root
         -> 10,940 vertices (2,112 trig, 1,645 trig+kin events)
  [1583/3801] nano_1583.root
         -> 18,411 vertices (3,322 trig, 2,659 trig+kin events)
  [1584/3801] nano_1584.root
         -> 16,204 vertices (3,195 trig, 2,532 trig+kin events)
  [1585/3801] nano_1585.root
         -> 11,692 vertices (2,208 trig, 1,749 trig+kin events)
  [1586/3801] nano_1586.root
         -> 8,734 vertices (1,733 trig, 1,356 trig+kin events)
  [1587/3801] nano_1587.root
         -> 9,194 vertices (1,764 trig, 1,383 trig+kin events)
  [1588/3801] nano_1588.root
         -> 17,536 vertices (3,203 trig, 2,588 trig+kin events)
  [1589/3801] nano_1589.root
         -> 18,189 vertices (3,302 trig, 2,623 trig+kin events)
  [1590/3801] nano_1590.root
         -> 10,500 vertices (1,941 trig, 1,551 trig+kin events)
  [1591/3801] nano_1591.root
         -> 16,847 vertices (3,390 trig, 2,676 trig+kin events)
  [1592/3801] nano_1592.root
         -> 17,886 vertices (3,322 trig, 2,635 trig+kin events)
  [1593/3801] nano_1593.root
         -> 11,252 vertices (2,105 trig, 1,644 trig+kin events)
  [1594/3801] nano_1594.root
         -> 18,191 vertices (3,337 trig, 2,667 trig+kin events)
  [1595/3801] nano_1595.root
         -> 17,712 vertices (3,333 trig, 2,645 trig+kin events)
  [1596/3801] nano_1596.root
         -> 17,679 vertices (3,272 trig, 2,562 trig+kin events)
  [1597/3801] nano_1597.root
         -> 9,417 vertices (1,804 trig, 1,427 trig+kin events)
  [1598/3801] nano_1598.root
         -> 18,484 vertices (3,278 trig, 2,614 trig+kin events)
  [1599/3801] nano_1599.root
         -> 9,910 vertices (1,847 trig, 1,447 trig+kin events)
  [1600/3801] nano_1600.root
         -> 18,139 vertices (3,266 trig, 2,558 trig+kin events)
  [1601/3801] nano_1601.root
         -> 16,668 vertices (3,238 trig, 2,588 trig+kin events)
  [1602/3801] nano_1602.root
         -> 9,812 vertices (1,876 trig, 1,509 trig+kin events)
  [1603/3801] nano_1603.root
         -> 9,355 vertices (1,736 trig, 1,390 trig+kin events)
  [1604/3801] nano_1604.root
         -> 10,951 vertices (2,058 trig, 1,653 trig+kin events)
  [1605/3801] nano_1605.root
         -> 17,055 vertices (3,274 trig, 2,592 trig+kin events)
  [1606/3801] nano_1606.root
         -> 16,130 vertices (3,093 trig, 2,462 trig+kin events)
  [1607/3801] nano_1607.root
         -> 17,729 vertices (3,272 trig, 2,584 trig+kin events)
  [1608/3801] nano_1608.root
         -> 17,447 vertices (3,306 trig, 2,604 trig+kin events)
  [1609/3801] nano_1609.root
         -> 12,223 vertices (2,156 trig, 1,718 trig+kin events)
  [1610/3801] nano_1610.root
         -> 18,493 vertices (3,326 trig, 2,635 trig+kin events)
  [1611/3801] nano_1611.root
         -> 16,702 vertices (3,286 trig, 2,638 trig+kin events)
  [1612/3801] nano_1612.root
         -> 10,868 vertices (2,115 trig, 1,665 trig+kin events)
  [1613/3801] nano_1613.root
         -> 16,725 vertices (3,252 trig, 2,533 trig+kin events)
  [1614/3801] nano_1614.root
         -> 17,257 vertices (3,357 trig, 2,660 trig+kin events)
  [1615/3801] nano_1615.root
         -> 17,137 vertices (3,195 trig, 2,521 trig+kin events)
  [1616/3801] nano_1616.root
         -> 9,285 vertices (1,657 trig, 1,301 trig+kin events)
  [1617/3801] nano_1617.root
         -> 10,815 vertices (1,973 trig, 1,560 trig+kin events)
  [1618/3801] nano_1618.root
         -> 18,479 vertices (3,411 trig, 2,682 trig+kin events)
  [1619/3801] nano_1619.root
         -> 10,930 vertices (2,086 trig, 1,652 trig+kin events)
  [1620/3801] nano_1620.root
         -> 17,614 vertices (3,242 trig, 2,563 trig+kin events)
  [1621/3801] nano_1621.root
         -> 9,059 vertices (1,695 trig, 1,355 trig+kin events)
  [1622/3801] nano_1622.root
         -> 17,070 vertices (3,269 trig, 2,611 trig+kin events)
  [1623/3801] nano_1623.root
         -> 17,227 vertices (3,173 trig, 2,504 trig+kin events)
  [1624/3801] nano_1624.root
         -> 8,779 vertices (1,754 trig, 1,409 trig+kin events)
  [1625/3801] nano_1625.root
         -> 16,397 vertices (3,081 trig, 2,465 trig+kin events)
  [1626/3801] nano_1626.root
         -> 17,629 vertices (3,357 trig, 2,662 trig+kin events)
  [1627/3801] nano_1627.root
         -> 16,699 vertices (3,247 trig, 2,551 trig+kin events)
  [1628/3801] nano_1628.root
         -> 17,914 vertices (3,282 trig, 2,592 trig+kin events)
  [1629/3801] nano_1629.root
         -> 13,081 vertices (2,380 trig, 1,874 trig+kin events)
  [1630/3801] nano_1630.root
         -> 8,582 vertices (1,700 trig, 1,330 trig+kin events)
  [1631/3801] nano_1631.root
         -> 12,580 vertices (2,371 trig, 1,890 trig+kin events)
  [1632/3801] nano_1632.root
         -> 18,379 vertices (3,347 trig, 2,665 trig+kin events)
  [1633/3801] nano_1633.root
         -> 10,957 vertices (2,169 trig, 1,698 trig+kin events)
  [1634/3801] nano_1634.root
         -> 18,067 vertices (3,347 trig, 2,686 trig+kin events)
  [1635/3801] nano_1635.root
         -> 17,271 vertices (3,276 trig, 2,586 trig+kin events)
  [1636/3801] nano_1636.root
         -> 10,427 vertices (1,837 trig, 1,424 trig+kin events)
  [1637/3801] nano_1637.root
         -> 10,050 vertices (1,885 trig, 1,490 trig+kin events)
  [1638/3801] nano_1638.root
         -> 9,750 vertices (1,777 trig, 1,398 trig+kin events)
  [1639/3801] nano_1639.root
         -> 18,616 vertices (3,330 trig, 2,674 trig+kin events)
  [1640/3801] nano_1640.root
         -> 9,605 vertices (1,889 trig, 1,481 trig+kin events)
  [1641/3801] nano_1641.root
         -> 17,869 vertices (3,273 trig, 2,619 trig+kin events)
  [1642/3801] nano_1642.root
         -> 17,273 vertices (3,400 trig, 2,693 trig+kin events)
  [1643/3801] nano_1643.root
         -> 17,285 vertices (3,284 trig, 2,611 trig+kin events)
  [1644/3801] nano_1644.root
         -> 18,062 vertices (3,244 trig, 2,555 trig+kin events)
  [1645/3801] nano_1645.root
         -> 9,532 vertices (1,694 trig, 1,349 trig+kin events)
  [1646/3801] nano_1646.root
         -> 12,991 vertices (2,434 trig, 1,957 trig+kin events)
  [1647/3801] nano_1647.root
         -> 10,251 vertices (1,805 trig, 1,416 trig+kin events)
  [1648/3801] nano_1648.root
         -> 17,164 vertices (3,194 trig, 2,509 trig+kin events)
  [1649/3801] nano_1649.root
         -> 16,499 vertices (3,247 trig, 2,572 trig+kin events)
  [1650/3801] nano_1650.root
         -> 17,408 vertices (3,346 trig, 2,663 trig+kin events)
  [1651/3801] nano_1651.root
         -> 18,290 vertices (3,303 trig, 2,650 trig+kin events)
  [1652/3801] nano_1652.root
         -> 17,965 vertices (3,326 trig, 2,637 trig+kin events)
  [1653/3801] nano_1653.root
         -> 10,114 vertices (1,898 trig, 1,497 trig+kin events)
  [1654/3801] nano_1654.root
         -> 17,372 vertices (3,349 trig, 2,667 trig+kin events)
  [1655/3801] nano_1655.root
         -> 17,841 vertices (3,282 trig, 2,638 trig+kin events)
  [1656/3801] nano_1656.root
         -> 9,486 vertices (1,852 trig, 1,440 trig+kin events)
  [1657/3801] nano_1657.root
         -> 18,053 vertices (3,404 trig, 2,697 trig+kin events)
  [1658/3801] nano_1658.root
         -> 16,784 vertices (3,237 trig, 2,537 trig+kin events)
  [1659/3801] nano_1659.root
         -> 8,712 vertices (1,657 trig, 1,304 trig+kin events)
  [1660/3801] nano_1660.root
         -> 17,482 vertices (3,264 trig, 2,594 trig+kin events)
  [1661/3801] nano_1661.root
         -> 17,563 vertices (3,298 trig, 2,579 trig+kin events)
  [1662/3801] nano_1662.root
         -> 10,411 vertices (1,916 trig, 1,530 trig+kin events)
  [1663/3801] nano_1663.root
         -> 9,013 vertices (1,731 trig, 1,379 trig+kin events)
  [1664/3801] nano_1664.root
         -> 16,934 vertices (3,197 trig, 2,510 trig+kin events)
  [1665/3801] nano_1665.root
         -> 10,435 vertices (2,013 trig, 1,579 trig+kin events)
  [1666/3801] nano_1666.root
         -> 18,337 vertices (3,379 trig, 2,658 trig+kin events)
  [1667/3801] nano_1667.root
         -> 9,898 vertices (1,713 trig, 1,354 trig+kin events)
  [1668/3801] nano_1668.root
         -> 17,991 vertices (3,277 trig, 2,606 trig+kin events)
  [1669/3801] nano_1669.root
         -> 11,708 vertices (2,159 trig, 1,726 trig+kin events)
  [1670/3801] nano_1670.root
         -> 9,403 vertices (1,882 trig, 1,503 trig+kin events)
  [1671/3801] nano_1671.root
         -> 10,378 vertices (1,908 trig, 1,499 trig+kin events)
  [1672/3801] nano_1672.root
         -> 17,779 vertices (3,248 trig, 2,578 trig+kin events)
  [1673/3801] nano_1673.root
         -> 9,455 vertices (1,657 trig, 1,290 trig+kin events)
  [1674/3801] nano_1674.root
         -> 17,441 vertices (3,306 trig, 2,612 trig+kin events)
  [1675/3801] nano_1675.root
         -> 10,027 vertices (1,933 trig, 1,543 trig+kin events)
  [1676/3801] nano_1676.root
         -> 18,057 vertices (3,231 trig, 2,589 trig+kin events)
  [1677/3801] nano_1677.root
         -> 17,359 vertices (3,280 trig, 2,570 trig+kin events)
  [1678/3801] nano_1678.root
         -> 8,847 vertices (1,685 trig, 1,308 trig+kin events)
  [1679/3801] nano_1679.root
         -> 16,959 vertices (3,255 trig, 2,559 trig+kin events)
  [1680/3801] nano_1680.root
         -> 10,045 vertices (1,875 trig, 1,489 trig+kin events)
  [1681/3801] nano_1681.root
         -> 18,397 vertices (3,304 trig, 2,606 trig+kin events)
  [1682/3801] nano_1682.root
         -> 17,536 vertices (3,231 trig, 2,566 trig+kin events)
  [1683/3801] nano_1683.root
         -> 9,548 vertices (1,787 trig, 1,402 trig+kin events)
  [1684/3801] nano_1684.root
         -> 17,509 vertices (3,289 trig, 2,648 trig+kin events)
  [1685/3801] nano_1685.root
         -> 17,554 vertices (3,394 trig, 2,703 trig+kin events)
  [1686/3801] nano_1686.root
         -> 17,584 vertices (3,386 trig, 2,669 trig+kin events)
  [1687/3801] nano_1687.root
         -> 9,737 vertices (1,762 trig, 1,398 trig+kin events)
  [1688/3801] nano_1688.root
         -> 11,000 vertices (1,993 trig, 1,585 trig+kin events)
  [1689/3801] nano_1689.root
         -> 8,664 vertices (1,749 trig, 1,353 trig+kin events)
  [1690/3801] nano_1690.root
         -> 18,067 vertices (3,436 trig, 2,721 trig+kin events)
  [1691/3801] nano_1691.root
         -> 17,482 vertices (3,298 trig, 2,638 trig+kin events)
  [1692/3801] nano_1692.root
         -> 17,690 vertices (3,316 trig, 2,616 trig+kin events)
  [1693/3801] nano_1693.root
         -> 15,047 vertices (2,684 trig, 2,120 trig+kin events)
  [1694/3801] nano_1694.root
         -> 9,550 vertices (1,769 trig, 1,404 trig+kin events)
  [1695/3801] nano_1695.root
         -> 18,253 vertices (3,295 trig, 2,620 trig+kin events)
  [1696/3801] nano_1696.root
         -> 17,598 vertices (3,297 trig, 2,596 trig+kin events)
  [1697/3801] nano_1697.root
         -> 17,430 vertices (3,307 trig, 2,617 trig+kin events)
  [1698/3801] nano_1698.root
         -> 12,312 vertices (2,273 trig, 1,810 trig+kin events)
  [1699/3801] nano_1699.root
         -> 17,124 vertices (3,257 trig, 2,564 trig+kin events)
  [1700/3801] nano_1700.root
         -> 9,219 vertices (1,705 trig, 1,375 trig+kin events)
  [1701/3801] nano_1701.root
         -> 16,619 vertices (3,291 trig, 2,552 trig+kin events)
  [1702/3801] nano_1702.root
         -> 16,770 vertices (3,212 trig, 2,559 trig+kin events)
  [1703/3801] nano_1703.root
         -> 18,448 vertices (3,441 trig, 2,720 trig+kin events)
  [1704/3801] nano_1704.root
         -> 15,442 vertices (2,861 trig, 2,301 trig+kin events)
  [1705/3801] nano_1705.root
         -> 17,514 vertices (3,343 trig, 2,633 trig+kin events)
  [1706/3801] nano_1706.root
         -> 17,135 vertices (3,326 trig, 2,643 trig+kin events)
  [1707/3801] nano_1707.root
         -> 10,970 vertices (1,989 trig, 1,587 trig+kin events)
  [1708/3801] nano_1708.root
         -> 17,897 vertices (3,247 trig, 2,585 trig+kin events)
  [1709/3801] nano_1709.root
         -> 17,985 vertices (3,306 trig, 2,612 trig+kin events)
  [1710/3801] nano_1710.root
         -> 16,747 vertices (3,301 trig, 2,593 trig+kin events)
  [1711/3801] nano_1711.root
         -> 11,416 vertices (2,167 trig, 1,732 trig+kin events)
  [1712/3801] nano_1712.root
         -> 16,728 vertices (3,215 trig, 2,527 trig+kin events)
  [1713/3801] nano_1713.root
         -> 9,501 vertices (1,779 trig, 1,390 trig+kin events)
  [1714/3801] nano_1714.root
         -> 18,315 vertices (3,309 trig, 2,644 trig+kin events)
  [1715/3801] nano_1715.root
         -> 17,690 vertices (3,222 trig, 2,592 trig+kin events)
  [1716/3801] nano_1716.root
         -> 9,820 vertices (1,783 trig, 1,395 trig+kin events)
  [1717/3801] nano_1717.root
         -> 17,072 vertices (3,300 trig, 2,613 trig+kin events)
  [1718/3801] nano_1718.root
         -> 16,785 vertices (3,184 trig, 2,503 trig+kin events)
  [1719/3801] nano_1719.root
         -> 16,564 vertices (3,194 trig, 2,495 trig+kin events)
  [1720/3801] nano_1720.root
         -> 16,083 vertices (3,282 trig, 2,560 trig+kin events)
  [1721/3801] nano_1721.root
         -> 16,283 vertices (3,082 trig, 2,403 trig+kin events)
  [1722/3801] nano_1722.root
         -> 18,254 vertices (3,225 trig, 2,564 trig+kin events)
  [1723/3801] nano_1723.root
         -> 12,788 vertices (2,503 trig, 1,996 trig+kin events)
  [1724/3801] nano_1724.root
         -> 14,463 vertices (2,537 trig, 2,047 trig+kin events)
  [1725/3801] nano_1725.root
         -> 16,312 vertices (3,248 trig, 2,547 trig+kin events)
  [1726/3801] nano_1726.root
         -> 17,790 vertices (3,343 trig, 2,622 trig+kin events)
  [1727/3801] nano_1727.root
         -> 17,904 vertices (3,300 trig, 2,609 trig+kin events)
  [1728/3801] nano_1728.root
         -> 18,232 vertices (3,293 trig, 2,607 trig+kin events)
  [1729/3801] nano_1729.root
         -> 17,531 vertices (3,339 trig, 2,609 trig+kin events)
  [1730/3801] nano_1730.root
         -> 10,999 vertices (2,074 trig, 1,669 trig+kin events)
  [1731/3801] nano_1731.root
         -> 17,413 vertices (3,290 trig, 2,568 trig+kin events)
  [1732/3801] nano_1732.root
         -> 11,142 vertices (2,104 trig, 1,669 trig+kin events)
  [1733/3801] nano_1733.root
         -> 11,832 vertices (2,153 trig, 1,741 trig+kin events)
  [1734/3801] nano_1734.root
         -> 16,981 vertices (3,240 trig, 2,534 trig+kin events)
  [1735/3801] nano_1735.root
         -> 17,076 vertices (3,203 trig, 2,536 trig+kin events)
  [1736/3801] nano_1736.root
         -> 17,853 vertices (3,216 trig, 2,559 trig+kin events)
  [1737/3801] nano_1737.root
         -> 9,800 vertices (1,921 trig, 1,499 trig+kin events)
  [1738/3801] nano_1738.root
         -> 18,023 vertices (3,304 trig, 2,587 trig+kin events)
  [1739/3801] nano_1739.root
         -> 9,983 vertices (1,922 trig, 1,508 trig+kin events)
  [1740/3801] nano_1740.root
         -> 16,729 vertices (3,284 trig, 2,574 trig+kin events)
  [1741/3801] nano_1741.root
         -> 17,364 vertices (3,290 trig, 2,605 trig+kin events)
  [1742/3801] nano_1742.root
         -> 17,818 vertices (3,306 trig, 2,611 trig+kin events)
  [1743/3801] nano_1743.root
         -> 16,087 vertices (2,854 trig, 2,275 trig+kin events)
  [1744/3801] nano_1744.root
         -> 12,525 vertices (2,439 trig, 1,906 trig+kin events)
  [1745/3801] nano_1745.root
         -> 17,404 vertices (3,283 trig, 2,581 trig+kin events)
  [1746/3801] nano_1746.root
         -> 17,435 vertices (3,200 trig, 2,510 trig+kin events)
  [1747/3801] nano_1747.root
         -> 17,673 vertices (3,292 trig, 2,650 trig+kin events)
  [1748/3801] nano_1748.root
         -> 18,332 vertices (3,306 trig, 2,636 trig+kin events)
  [1749/3801] nano_1749.root
         -> 18,660 vertices (3,336 trig, 2,652 trig+kin events)
  [1750/3801] nano_1750.root
         -> 18,051 vertices (3,288 trig, 2,612 trig+kin events)
  [1751/3801] nano_1751.root
         -> 12,572 vertices (2,286 trig, 1,807 trig+kin events)
  [1752/3801] nano_1752.root
         -> 17,829 vertices (3,400 trig, 2,680 trig+kin events)
  [1753/3801] nano_1753.root
         -> 13,304 vertices (2,545 trig, 2,007 trig+kin events)
  [1754/3801] nano_1754.root
         -> 10,059 vertices (1,778 trig, 1,420 trig+kin events)
  [1755/3801] nano_1755.root
         -> 10,024 vertices (1,946 trig, 1,485 trig+kin events)
  [1756/3801] nano_1756.root
         -> 12,183 vertices (2,213 trig, 1,743 trig+kin events)
  [1757/3801] nano_1757.root
         -> 10,473 vertices (2,032 trig, 1,615 trig+kin events)
  [1758/3801] nano_1758.root
         -> 18,559 vertices (3,353 trig, 2,684 trig+kin events)
  [1759/3801] nano_1759.root
         -> 8,746 vertices (1,603 trig, 1,305 trig+kin events)
  [1760/3801] nano_1760.root
         -> 8,821 vertices (1,655 trig, 1,344 trig+kin events)
  [1761/3801] nano_1761.root
         -> 17,628 vertices (3,320 trig, 2,617 trig+kin events)
  [1762/3801] nano_1762.root
         -> 17,759 vertices (3,266 trig, 2,587 trig+kin events)
  [1763/3801] nano_1763.root
         -> 9,401 vertices (1,704 trig, 1,360 trig+kin events)
  [1764/3801] nano_1764.root
         -> 17,962 vertices (3,311 trig, 2,647 trig+kin events)
  [1765/3801] nano_1765.root
         -> 17,071 vertices (3,297 trig, 2,573 trig+kin events)
  [1766/3801] nano_1766.root
         -> 18,506 vertices (3,306 trig, 2,613 trig+kin events)
  [1767/3801] nano_1767.root
         -> 16,841 vertices (3,276 trig, 2,570 trig+kin events)
  [1768/3801] nano_1768.root
         -> 11,270 vertices (2,030 trig, 1,622 trig+kin events)
  [1769/3801] nano_1769.root
         -> 15,765 vertices (2,850 trig, 2,274 trig+kin events)
  [1770/3801] nano_1770.root
         -> 17,320 vertices (3,212 trig, 2,554 trig+kin events)
  [1771/3801] nano_1771.root
         -> 17,684 vertices (3,241 trig, 2,598 trig+kin events)
  [1772/3801] nano_1772.root
         -> 10,047 vertices (1,938 trig, 1,491 trig+kin events)
  [1773/3801] nano_1773.root
         -> 17,344 vertices (3,297 trig, 2,585 trig+kin events)
  [1774/3801] nano_1774.root
         -> 17,935 vertices (3,262 trig, 2,575 trig+kin events)
  [1775/3801] nano_1775.root
         -> 9,869 vertices (1,877 trig, 1,457 trig+kin events)
  [1776/3801] nano_1776.root
         -> 16,706 vertices (3,330 trig, 2,641 trig+kin events)
  [1777/3801] nano_1777.root
         -> 9,382 vertices (1,802 trig, 1,435 trig+kin events)
  [1778/3801] nano_1778.root
         -> 8,992 vertices (1,727 trig, 1,353 trig+kin events)
  [1779/3801] nano_1779.root
         -> 18,432 vertices (3,317 trig, 2,634 trig+kin events)
  [1780/3801] nano_1780.root
         -> 16,849 vertices (3,197 trig, 2,500 trig+kin events)
  [1781/3801] nano_1781.root
         -> 17,021 vertices (3,292 trig, 2,607 trig+kin events)
  [1782/3801] nano_1782.root
         -> 13,107 vertices (2,349 trig, 1,847 trig+kin events)
  [1783/3801] nano_1783.root
         -> 12,270 vertices (2,177 trig, 1,723 trig+kin events)
  [1784/3801] nano_1784.root
         -> 16,860 vertices (3,218 trig, 2,570 trig+kin events)
  [1785/3801] nano_1785.root
         -> 17,697 vertices (3,327 trig, 2,613 trig+kin events)
  [1786/3801] nano_1786.root
         -> 17,106 vertices (3,232 trig, 2,579 trig+kin events)
  [1787/3801] nano_1787.root
         -> 18,421 vertices (3,373 trig, 2,658 trig+kin events)
  [1788/3801] nano_1788.root
         -> 18,091 vertices (3,285 trig, 2,578 trig+kin events)
  [1789/3801] nano_1789.root
         -> 9,330 vertices (1,707 trig, 1,331 trig+kin events)
  [1790/3801] nano_1790.root
         -> 16,302 vertices (3,244 trig, 2,558 trig+kin events)
  [1791/3801] nano_1791.root
         -> 17,582 vertices (3,297 trig, 2,609 trig+kin events)
  [1792/3801] nano_1792.root
         -> 18,676 vertices (3,453 trig, 2,721 trig+kin events)
  [1793/3801] nano_1793.root
         -> 17,205 vertices (3,304 trig, 2,643 trig+kin events)
  [1794/3801] nano_1794.root
         -> 9,518 vertices (1,808 trig, 1,433 trig+kin events)
  [1795/3801] nano_1795.root
         -> 11,544 vertices (2,126 trig, 1,705 trig+kin events)
  [1796/3801] nano_1796.root
         -> 9,332 vertices (1,712 trig, 1,359 trig+kin events)
  [1797/3801] nano_1797.root
         -> 16,946 vertices (3,150 trig, 2,490 trig+kin events)
  [1798/3801] nano_1798.root
         -> 17,747 vertices (3,262 trig, 2,556 trig+kin events)
  [1799/3801] nano_1799.root
         -> 9,612 vertices (1,851 trig, 1,444 trig+kin events)
  [1800/3801] nano_1800.root
         -> 17,123 vertices (3,207 trig, 2,510 trig+kin events)
  [1801/3801] nano_1801.root
         -> 17,384 vertices (3,303 trig, 2,556 trig+kin events)
  [1802/3801] nano_1802.root
         -> 17,612 vertices (3,339 trig, 2,642 trig+kin events)
  [1803/3801] nano_1803.root
         -> 12,498 vertices (2,310 trig, 1,829 trig+kin events)
  [1804/3801] nano_1804.root
         -> 8,737 vertices (1,661 trig, 1,288 trig+kin events)
  [1805/3801] nano_1805.root
         -> 18,818 vertices (3,389 trig, 2,645 trig+kin events)
  [1806/3801] nano_1806.root
         -> 16,046 vertices (3,149 trig, 2,491 trig+kin events)
  [1807/3801] nano_1807.root
         -> 11,533 vertices (2,062 trig, 1,619 trig+kin events)
  [1808/3801] nano_1808.root
         -> 8,952 vertices (1,679 trig, 1,345 trig+kin events)
  [1809/3801] nano_1809.root
         -> 13,036 vertices (2,371 trig, 1,871 trig+kin events)
  [1810/3801] nano_1810.root
         -> 13,284 vertices (2,497 trig, 1,997 trig+kin events)
  [1811/3801] nano_1811.root
         -> 8,940 vertices (1,717 trig, 1,373 trig+kin events)
  [1812/3801] nano_1812.root
         -> 18,163 vertices (3,297 trig, 2,586 trig+kin events)
  [1813/3801] nano_1813.root
         -> 17,003 vertices (3,318 trig, 2,627 trig+kin events)
  [1814/3801] nano_1814.root
         -> 10,712 vertices (1,946 trig, 1,558 trig+kin events)
  [1815/3801] nano_1815.root
         -> 10,678 vertices (1,951 trig, 1,503 trig+kin events)
  [1816/3801] nano_1816.root
         -> 9,125 vertices (1,806 trig, 1,417 trig+kin events)
  [1817/3801] nano_1817.root
         -> 11,374 vertices (2,166 trig, 1,702 trig+kin events)
  [1818/3801] nano_1818.root
         -> 10,073 vertices (1,845 trig, 1,447 trig+kin events)
  [1819/3801] nano_1819.root
         -> 16,836 vertices (3,305 trig, 2,619 trig+kin events)
  [1820/3801] nano_1820.root
         -> 17,198 vertices (3,291 trig, 2,589 trig+kin events)
  [1821/3801] nano_1821.root
         -> 14,805 vertices (2,856 trig, 2,245 trig+kin events)
  [1822/3801] nano_1822.root
         -> 16,882 vertices (3,303 trig, 2,594 trig+kin events)
  [1823/3801] nano_1823.root
         -> 11,736 vertices (2,353 trig, 1,868 trig+kin events)
  [1824/3801] nano_1824.root
         -> 17,106 vertices (3,266 trig, 2,596 trig+kin events)
  [1825/3801] nano_1825.root
         -> 17,807 vertices (3,254 trig, 2,602 trig+kin events)
  [1826/3801] nano_1826.root
         -> 15,749 vertices (2,882 trig, 2,287 trig+kin events)
  [1827/3801] nano_1827.root
         -> 18,824 vertices (3,357 trig, 2,661 trig+kin events)
  [1828/3801] nano_1828.root
         -> 16,787 vertices (3,288 trig, 2,612 trig+kin events)
  [1829/3801] nano_1829.root
         -> 17,787 vertices (3,212 trig, 2,539 trig+kin events)
  [1830/3801] nano_1830.root
         -> 14,143 vertices (2,471 trig, 1,970 trig+kin events)
  [1831/3801] nano_1831.root
         -> 17,621 vertices (3,257 trig, 2,562 trig+kin events)
  [1832/3801] nano_1832.root
         -> 17,074 vertices (3,199 trig, 2,532 trig+kin events)
  [1833/3801] nano_1833.root
         -> 18,330 vertices (3,205 trig, 2,549 trig+kin events)
  [1834/3801] nano_1834.root
         -> 9,540 vertices (1,789 trig, 1,401 trig+kin events)
  [1835/3801] nano_1835.root
         -> 17,010 vertices (3,299 trig, 2,618 trig+kin events)
  [1836/3801] nano_1836.root
         -> 17,601 vertices (3,279 trig, 2,573 trig+kin events)
  [1837/3801] nano_1837.root
         -> 18,496 vertices (3,257 trig, 2,591 trig+kin events)
  [1838/3801] nano_1838.root
         -> 9,807 vertices (1,779 trig, 1,429 trig+kin events)
  [1839/3801] nano_1839.root
         -> 17,734 vertices (3,356 trig, 2,644 trig+kin events)
  [1840/3801] nano_1840.root
         -> 9,415 vertices (1,782 trig, 1,426 trig+kin events)
  [1841/3801] nano_1841.root
         -> 17,668 vertices (3,258 trig, 2,601 trig+kin events)
  [1842/3801] nano_1842.root
         -> 17,766 vertices (3,231 trig, 2,541 trig+kin events)
  [1843/3801] nano_1843.root
         -> 9,155 vertices (1,689 trig, 1,358 trig+kin events)
  [1844/3801] nano_1844.root
         -> 16,218 vertices (3,133 trig, 2,473 trig+kin events)
  [1845/3801] nano_1845.root
         -> 17,923 vertices (3,481 trig, 2,787 trig+kin events)
  [1846/3801] nano_1846.root
         -> 17,956 vertices (3,287 trig, 2,613 trig+kin events)
  [1847/3801] nano_1847.root
         -> 17,777 vertices (3,303 trig, 2,610 trig+kin events)
  [1848/3801] nano_1848.root
         -> 11,557 vertices (2,078 trig, 1,625 trig+kin events)
  [1849/3801] nano_1849.root
         -> 9,809 vertices (1,800 trig, 1,431 trig+kin events)
  [1850/3801] nano_1850.root
         -> 14,868 vertices (2,800 trig, 2,193 trig+kin events)
  [1851/3801] nano_1851.root
         -> 16,284 vertices (3,253 trig, 2,533 trig+kin events)
  [1852/3801] nano_1852.root
         -> 17,432 vertices (3,181 trig, 2,501 trig+kin events)
  [1853/3801] nano_1853.root
         -> 10,741 vertices (1,949 trig, 1,523 trig+kin events)
  [1854/3801] nano_1854.root
         -> 18,400 vertices (3,348 trig, 2,613 trig+kin events)
  [1855/3801] nano_1855.root
         -> 17,812 vertices (3,202 trig, 2,543 trig+kin events)
  [1856/3801] nano_1856.root
         -> 9,786 vertices (1,729 trig, 1,349 trig+kin events)
  [1857/3801] nano_1857.root
         -> 12,627 vertices (2,383 trig, 1,887 trig+kin events)
  [1858/3801] nano_1858.root
         -> 10,320 vertices (1,962 trig, 1,551 trig+kin events)
  [1859/3801] nano_1859.root
         -> 17,175 vertices (3,351 trig, 2,681 trig+kin events)
  [1860/3801] nano_1860.root
         -> 9,699 vertices (1,817 trig, 1,459 trig+kin events)
  [1861/3801] nano_1861.root
         -> 18,565 vertices (3,292 trig, 2,652 trig+kin events)
  [1862/3801] nano_1862.root
         -> 16,015 vertices (3,085 trig, 2,418 trig+kin events)
  [1863/3801] nano_1863.root
         -> 12,436 vertices (2,439 trig, 1,908 trig+kin events)
  [1864/3801] nano_1864.root
         -> 16,671 vertices (3,241 trig, 2,560 trig+kin events)
  [1865/3801] nano_1865.root
         -> 12,392 vertices (2,293 trig, 1,835 trig+kin events)
  [1866/3801] nano_1866.root
         -> 17,484 vertices (3,341 trig, 2,630 trig+kin events)
  [1867/3801] nano_1867.root
         -> 16,604 vertices (3,238 trig, 2,540 trig+kin events)
  [1868/3801] nano_1868.root
         -> 17,716 vertices (3,306 trig, 2,589 trig+kin events)
  [1869/3801] nano_1869.root
         -> 17,460 vertices (3,239 trig, 2,599 trig+kin events)
  [1870/3801] nano_1870.root
         -> 17,936 vertices (3,253 trig, 2,608 trig+kin events)
  [1871/3801] nano_1871.root
         -> 18,944 vertices (3,371 trig, 2,663 trig+kin events)
  [1872/3801] nano_1872.root
         -> 17,066 vertices (3,282 trig, 2,603 trig+kin events)
  [1873/3801] nano_1873.root
         -> 18,818 vertices (3,394 trig, 2,668 trig+kin events)
  [1874/3801] nano_1874.root
         -> 17,471 vertices (3,281 trig, 2,594 trig+kin events)
  [1875/3801] nano_1875.root
         -> 10,452 vertices (1,948 trig, 1,550 trig+kin events)
  [1876/3801] nano_1876.root
         -> 9,129 vertices (1,719 trig, 1,346 trig+kin events)
  [1877/3801] nano_1877.root
         -> 10,685 vertices (2,017 trig, 1,571 trig+kin events)
  [1878/3801] nano_1878.root
         -> 17,785 vertices (3,250 trig, 2,579 trig+kin events)
  [1879/3801] nano_1879.root
         -> 17,696 vertices (3,278 trig, 2,608 trig+kin events)
  [1880/3801] nano_1880.root
         -> 16,431 vertices (3,325 trig, 2,610 trig+kin events)
  [1881/3801] nano_1881.root
         -> 9,724 vertices (1,910 trig, 1,521 trig+kin events)
  [1882/3801] nano_1882.root
         -> 11,638 vertices (2,166 trig, 1,719 trig+kin events)
  [1883/3801] nano_1883.root
         -> 18,369 vertices (3,276 trig, 2,643 trig+kin events)
  [1884/3801] nano_1884.root
         -> 11,010 vertices (1,852 trig, 1,492 trig+kin events)
  [1885/3801] nano_1885.root
         -> 17,974 vertices (3,292 trig, 2,596 trig+kin events)
  [1886/3801] nano_1886.root
         -> 11,459 vertices (2,145 trig, 1,704 trig+kin events)
  [1887/3801] nano_1887.root
         -> 10,463 vertices (1,994 trig, 1,563 trig+kin events)
  [1888/3801] nano_1888.root
         -> 17,265 vertices (3,340 trig, 2,623 trig+kin events)
  [1889/3801] nano_1889.root
         -> 11,505 vertices (2,075 trig, 1,651 trig+kin events)
  [1890/3801] nano_1890.root
         -> 17,351 vertices (3,258 trig, 2,566 trig+kin events)
  [1891/3801] nano_1891.root
         -> 11,557 vertices (2,022 trig, 1,627 trig+kin events)
  [1892/3801] nano_1892.root
         -> 9,731 vertices (1,794 trig, 1,441 trig+kin events)
  [1893/3801] nano_1893.root
         -> 17,986 vertices (3,336 trig, 2,634 trig+kin events)
  [1894/3801] nano_1894.root
         -> 18,339 vertices (3,373 trig, 2,687 trig+kin events)
  [1895/3801] nano_1895.root
         -> 17,532 vertices (3,228 trig, 2,530 trig+kin events)
  [1896/3801] nano_1896.root
         -> 18,267 vertices (3,331 trig, 2,639 trig+kin events)
  [1897/3801] nano_1897.root
         -> 17,282 vertices (3,289 trig, 2,603 trig+kin events)
  [1898/3801] nano_1898.root
         -> 18,127 vertices (3,284 trig, 2,576 trig+kin events)
  [1899/3801] nano_1899.root
         -> 18,240 vertices (3,343 trig, 2,615 trig+kin events)
  [1900/3801] nano_1900.root
         -> 14,396 vertices (2,634 trig, 2,107 trig+kin events)
  [1901/3801] nano_1901.root
         -> 10,644 vertices (2,030 trig, 1,590 trig+kin events)
  [1902/3801] nano_1902.root
         -> 16,901 vertices (3,261 trig, 2,586 trig+kin events)
  [1903/3801] nano_1903.root
         -> 10,137 vertices (1,890 trig, 1,496 trig+kin events)
  [1904/3801] nano_1904.root
         -> 18,189 vertices (3,332 trig, 2,664 trig+kin events)
  [1905/3801] nano_1905.root
         -> 18,485 vertices (3,387 trig, 2,697 trig+kin events)
  [1906/3801] nano_1906.root
         -> 17,716 vertices (3,271 trig, 2,609 trig+kin events)
  [1907/3801] nano_1907.root
         -> 9,055 vertices (1,766 trig, 1,379 trig+kin events)
  [1908/3801] nano_1908.root
         -> 9,803 vertices (1,788 trig, 1,415 trig+kin events)
  [1909/3801] nano_1909.root
         -> 18,420 vertices (3,371 trig, 2,652 trig+kin events)
  [1910/3801] nano_1910.root
         -> 17,006 vertices (3,343 trig, 2,611 trig+kin events)
  [1911/3801] nano_1911.root
         -> 17,282 vertices (3,248 trig, 2,537 trig+kin events)
  [1912/3801] nano_1912.root
         -> 11,729 vertices (2,169 trig, 1,731 trig+kin events)
  [1913/3801] nano_1913.root
         -> 17,153 vertices (3,294 trig, 2,578 trig+kin events)
  [1914/3801] nano_1914.root
         -> 9,176 vertices (1,698 trig, 1,353 trig+kin events)
  [1915/3801] nano_1915.root
         -> 12,961 vertices (2,218 trig, 1,755 trig+kin events)
  [1916/3801] nano_1916.root
         -> 10,099 vertices (1,891 trig, 1,499 trig+kin events)
  [1917/3801] nano_1917.root
         -> 17,417 vertices (3,336 trig, 2,654 trig+kin events)
  [1918/3801] nano_1918.root
         -> 9,472 vertices (1,878 trig, 1,472 trig+kin events)
  [1919/3801] nano_1919.root
         -> 18,669 vertices (3,326 trig, 2,647 trig+kin events)
  [1920/3801] nano_1920.root
         -> 17,488 vertices (3,250 trig, 2,583 trig+kin events)
  [1921/3801] nano_1921.root
         -> 8,894 vertices (1,771 trig, 1,379 trig+kin events)
  [1922/3801] nano_1922.root
         -> 17,585 vertices (3,231 trig, 2,580 trig+kin events)
  [1923/3801] nano_1923.root
         -> 18,265 vertices (3,292 trig, 2,618 trig+kin events)
  [1924/3801] nano_1924.root
         -> 11,171 vertices (2,075 trig, 1,634 trig+kin events)
  [1925/3801] nano_1925.root
         -> 18,582 vertices (3,284 trig, 2,603 trig+kin events)
  [1926/3801] nano_1926.root
         -> 11,371 vertices (2,299 trig, 1,804 trig+kin events)
  [1927/3801] nano_1927.root
         -> 17,620 vertices (3,261 trig, 2,629 trig+kin events)
  [1928/3801] nano_1928.root
         -> 17,164 vertices (3,239 trig, 2,565 trig+kin events)
  [1929/3801] nano_1929.root
         -> 17,227 vertices (3,253 trig, 2,540 trig+kin events)
  [1930/3801] nano_1930.root
         -> 17,305 vertices (3,280 trig, 2,571 trig+kin events)
  [1931/3801] nano_1931.root
         -> 11,286 vertices (2,204 trig, 1,752 trig+kin events)
  [1932/3801] nano_1932.root
         -> 9,989 vertices (1,890 trig, 1,507 trig+kin events)
  [1933/3801] nano_1933.root
         -> 12,043 vertices (2,341 trig, 1,860 trig+kin events)
  [1934/3801] nano_1934.root
         -> 16,889 vertices (3,258 trig, 2,536 trig+kin events)
  [1935/3801] nano_1935.root
         -> 17,188 vertices (3,265 trig, 2,508 trig+kin events)
  [1936/3801] nano_1936.root
         -> 18,221 vertices (3,365 trig, 2,667 trig+kin events)
  [1937/3801] nano_1937.root
         -> 9,841 vertices (1,979 trig, 1,577 trig+kin events)
  [1938/3801] nano_1938.root
         -> 10,890 vertices (2,017 trig, 1,586 trig+kin events)
  [1939/3801] nano_1939.root
         -> 9,200 vertices (1,748 trig, 1,396 trig+kin events)
  [1940/3801] nano_1940.root
         -> 9,763 vertices (1,905 trig, 1,507 trig+kin events)
  [1941/3801] nano_1941.root
         -> 18,380 vertices (3,248 trig, 2,574 trig+kin events)
  [1942/3801] nano_1942.root
         -> 8,890 vertices (1,731 trig, 1,385 trig+kin events)
  [1943/3801] nano_1943.root
         -> 17,270 vertices (3,308 trig, 2,606 trig+kin events)
  [1944/3801] nano_1944.root
         -> 16,980 vertices (3,344 trig, 2,626 trig+kin events)
  [1945/3801] nano_1945.root
         -> 18,472 vertices (3,302 trig, 2,588 trig+kin events)
  [1946/3801] nano_1946.root
         -> 17,104 vertices (3,187 trig, 2,520 trig+kin events)
  [1947/3801] nano_1947.root
         -> 10,070 vertices (1,930 trig, 1,508 trig+kin events)
  [1948/3801] nano_1948.root
         -> 10,589 vertices (1,927 trig, 1,516 trig+kin events)
  [1949/3801] nano_1949.root
         -> 17,840 vertices (3,310 trig, 2,602 trig+kin events)
  [1950/3801] nano_1950.root
         -> 18,351 vertices (3,339 trig, 2,631 trig+kin events)
  [1951/3801] nano_1951.root
         -> 9,210 vertices (1,711 trig, 1,349 trig+kin events)
  [1952/3801] nano_1952.root
         -> 11,164 vertices (2,023 trig, 1,619 trig+kin events)
  [1953/3801] nano_1953.root
         -> 17,712 vertices (3,376 trig, 2,688 trig+kin events)
  [1954/3801] nano_1954.root
         -> 17,989 vertices (3,394 trig, 2,722 trig+kin events)
  [1955/3801] nano_1955.root
         -> 11,591 vertices (2,150 trig, 1,697 trig+kin events)
  [1956/3801] nano_1956.root
         -> 17,850 vertices (3,350 trig, 2,627 trig+kin events)
  [1957/3801] nano_1957.root
         -> 9,804 vertices (1,838 trig, 1,423 trig+kin events)
  [1958/3801] nano_1958.root
         -> 9,089 vertices (1,865 trig, 1,459 trig+kin events)
  [1959/3801] nano_1959.root
         -> 16,943 vertices (3,255 trig, 2,588 trig+kin events)
  [1960/3801] nano_1960.root
         -> 10,583 vertices (1,864 trig, 1,485 trig+kin events)
  [1961/3801] nano_1961.root
         -> 17,062 vertices (3,269 trig, 2,602 trig+kin events)
  [1962/3801] nano_1962.root
         -> 17,139 vertices (3,351 trig, 2,672 trig+kin events)
  [1963/3801] nano_1963.root
         -> 17,898 vertices (3,328 trig, 2,638 trig+kin events)
  [1964/3801] nano_1964.root
         -> 17,743 vertices (3,330 trig, 2,636 trig+kin events)
  [1965/3801] nano_1965.root
         -> 17,509 vertices (3,279 trig, 2,576 trig+kin events)
  [1966/3801] nano_1966.root
         -> 9,425 vertices (1,736 trig, 1,362 trig+kin events)
  [1967/3801] nano_1967.root
         -> 9,547 vertices (1,680 trig, 1,346 trig+kin events)
  [1968/3801] nano_1968.root
         -> 16,373 vertices (3,271 trig, 2,554 trig+kin events)
  [1969/3801] nano_1969.root
         -> 17,574 vertices (3,324 trig, 2,662 trig+kin events)
  [1970/3801] nano_1970.root
         -> 17,802 vertices (3,350 trig, 2,634 trig+kin events)
  [1971/3801] nano_1971.root
         -> 11,950 vertices (2,194 trig, 1,706 trig+kin events)
  [1972/3801] nano_1972.root
         -> 16,122 vertices (3,263 trig, 2,524 trig+kin events)
  [1973/3801] nano_1973.root
         -> 17,541 vertices (3,251 trig, 2,590 trig+kin events)
  [1974/3801] nano_1974.root
         -> 17,563 vertices (3,316 trig, 2,618 trig+kin events)
  [1975/3801] nano_1975.root
         -> 17,196 vertices (3,368 trig, 2,635 trig+kin events)
  [1976/3801] nano_1976.root
         -> 18,279 vertices (3,316 trig, 2,648 trig+kin events)
  [1977/3801] nano_1977.root
         -> 17,217 vertices (3,318 trig, 2,573 trig+kin events)
  [1978/3801] nano_1978.root
         -> 17,168 vertices (3,320 trig, 2,638 trig+kin events)
  [1979/3801] nano_1979.root
         -> 9,544 vertices (1,789 trig, 1,431 trig+kin events)
  [1980/3801] nano_1980.root
         -> 9,781 vertices (1,795 trig, 1,422 trig+kin events)
  [1981/3801] nano_1981.root
         -> 8,502 vertices (1,663 trig, 1,323 trig+kin events)
  [1982/3801] nano_1982.root
         -> 9,387 vertices (1,726 trig, 1,364 trig+kin events)
  [1983/3801] nano_1983.root
         -> 13,231 vertices (2,410 trig, 1,895 trig+kin events)
  [1984/3801] nano_1984.root
         -> 12,716 vertices (2,350 trig, 1,865 trig+kin events)
  [1985/3801] nano_1985.root
         -> 17,045 vertices (3,263 trig, 2,566 trig+kin events)
  [1986/3801] nano_1986.root
         -> 17,308 vertices (3,237 trig, 2,540 trig+kin events)
  [1987/3801] nano_1987.root
         -> 18,285 vertices (3,285 trig, 2,588 trig+kin events)
  [1988/3801] nano_1988.root
         -> 12,146 vertices (2,176 trig, 1,709 trig+kin events)
  [1989/3801] nano_1989.root
         -> 12,705 vertices (2,296 trig, 1,816 trig+kin events)
  [1990/3801] nano_1990.root
         -> 9,157 vertices (1,725 trig, 1,337 trig+kin events)
  [1991/3801] nano_1991.root
         -> 17,537 vertices (3,315 trig, 2,637 trig+kin events)
  [1992/3801] nano_1992.root
         -> 17,755 vertices (3,337 trig, 2,634 trig+kin events)
  [1993/3801] nano_1993.root
         -> 9,742 vertices (1,813 trig, 1,425 trig+kin events)
  [1994/3801] nano_1994.root
         -> 17,673 vertices (3,266 trig, 2,604 trig+kin events)
  [1995/3801] nano_1995.root
         -> 18,610 vertices (3,273 trig, 2,605 trig+kin events)
  [1996/3801] nano_1996.root
         -> 9,387 vertices (1,789 trig, 1,434 trig+kin events)
  [1997/3801] nano_1997.root
         -> 16,114 vertices (3,220 trig, 2,506 trig+kin events)
  [1998/3801] nano_1998.root
         -> 18,378 vertices (3,379 trig, 2,654 trig+kin events)
  [1999/3801] nano_1999.root
         -> 17,169 vertices (3,242 trig, 2,547 trig+kin events)
  [2000/3801] nano_2000.root
         -> 17,941 vertices (3,391 trig, 2,678 trig+kin events)
  [2001/3801] nano_2001.root
         -> 9,006 vertices (1,626 trig, 1,297 trig+kin events)
  [2002/3801] nano_2002.root
         -> 11,264 vertices (1,901 trig, 1,525 trig+kin events)
  [2003/3801] nano_2003.root
         -> 14,999 vertices (2,932 trig, 2,304 trig+kin events)
  [2004/3801] nano_2004.root
         -> 9,547 vertices (1,650 trig, 1,316 trig+kin events)
  [2005/3801] nano_2005.root
         -> 10,247 vertices (1,997 trig, 1,605 trig+kin events)
  [2006/3801] nano_2006.root
         -> 17,750 vertices (3,247 trig, 2,597 trig+kin events)
  [2007/3801] nano_2007.root
         -> 11,821 vertices (2,339 trig, 1,840 trig+kin events)
  [2008/3801] nano_2008.root
         -> 17,767 vertices (3,322 trig, 2,627 trig+kin events)
  [2009/3801] nano_2009.root
         -> 17,856 vertices (3,335 trig, 2,660 trig+kin events)
  [2010/3801] nano_2010.root
         -> 18,723 vertices (3,225 trig, 2,573 trig+kin events)
  [2011/3801] nano_2011.root
         -> 9,981 vertices (1,941 trig, 1,529 trig+kin events)
  [2012/3801] nano_2012.root
         -> 16,542 vertices (3,221 trig, 2,540 trig+kin events)
  [2013/3801] nano_2013.root
         -> 14,541 vertices (2,679 trig, 2,116 trig+kin events)
  [2014/3801] nano_2014.root
         -> 9,852 vertices (1,816 trig, 1,436 trig+kin events)
  [2015/3801] nano_2015.root
         -> 8,874 vertices (1,717 trig, 1,364 trig+kin events)
  [2016/3801] nano_2016.root
         -> 18,199 vertices (3,314 trig, 2,617 trig+kin events)
  [2017/3801] nano_2017.root
         -> 9,482 vertices (1,765 trig, 1,393 trig+kin events)
  [2018/3801] nano_2018.root
         -> 10,513 vertices (1,870 trig, 1,484 trig+kin events)
  [2019/3801] nano_2019.root
         -> 11,167 vertices (1,951 trig, 1,540 trig+kin events)
  [2020/3801] nano_2020.root
         -> 16,967 vertices (3,310 trig, 2,575 trig+kin events)
  [2021/3801] nano_2021.root
         -> 12,691 vertices (2,337 trig, 1,853 trig+kin events)
  [2022/3801] nano_2022.root
         -> 11,898 vertices (2,229 trig, 1,729 trig+kin events)
  [2023/3801] nano_2023.root
         -> 17,664 vertices (3,265 trig, 2,594 trig+kin events)
  [2024/3801] nano_2024.root
         -> 18,175 vertices (3,346 trig, 2,651 trig+kin events)
  [2025/3801] nano_2025.root
         -> 17,305 vertices (3,259 trig, 2,555 trig+kin events)
  [2026/3801] nano_2026.root
         -> 17,504 vertices (3,286 trig, 2,643 trig+kin events)
  [2027/3801] nano_2027.root
         -> 9,368 vertices (1,827 trig, 1,448 trig+kin events)
  [2028/3801] nano_2028.root
         -> 17,412 vertices (3,313 trig, 2,630 trig+kin events)
  [2029/3801] nano_2029.root
         -> 9,295 vertices (1,774 trig, 1,395 trig+kin events)
  [2030/3801] nano_2030.root
         -> 18,096 vertices (3,254 trig, 2,620 trig+kin events)
  [2031/3801] nano_2031.root
         -> 17,577 vertices (3,288 trig, 2,602 trig+kin events)
  [2032/3801] nano_2032.root
         -> 16,453 vertices (3,180 trig, 2,521 trig+kin events)
  [2033/3801] nano_2033.root
         -> 18,039 vertices (3,320 trig, 2,651 trig+kin events)
  [2034/3801] nano_2034.root
         -> 18,028 vertices (3,350 trig, 2,640 trig+kin events)
  [2035/3801] nano_2035.root
         -> 16,485 vertices (3,216 trig, 2,517 trig+kin events)
  [2036/3801] nano_2036.root
         -> 18,331 vertices (3,290 trig, 2,639 trig+kin events)
  [2037/3801] nano_2037.root
         -> 17,712 vertices (3,225 trig, 2,520 trig+kin events)
  [2038/3801] nano_2038.root
         -> 16,754 vertices (3,110 trig, 2,449 trig+kin events)
  [2039/3801] nano_2039.root
         -> 18,567 vertices (3,318 trig, 2,632 trig+kin events)
  [2040/3801] nano_2040.root
         -> 11,326 vertices (2,115 trig, 1,694 trig+kin events)
  [2041/3801] nano_2041.root
         -> 18,686 vertices (3,360 trig, 2,647 trig+kin events)
  [2042/3801] nano_2042.root
         -> 17,553 vertices (3,388 trig, 2,623 trig+kin events)
  [2043/3801] nano_2043.root
         -> 16,432 vertices (3,307 trig, 2,595 trig+kin events)
  [2044/3801] nano_2044.root
         -> 17,676 vertices (3,348 trig, 2,657 trig+kin events)
  [2045/3801] nano_2045.root
         -> 9,180 vertices (1,651 trig, 1,295 trig+kin events)
  [2046/3801] nano_2046.root
         -> 14,181 vertices (2,605 trig, 2,079 trig+kin events)
  [2047/3801] nano_2047.root
         -> 17,538 vertices (3,266 trig, 2,587 trig+kin events)
  [2048/3801] nano_2048.root
         -> 9,561 vertices (1,807 trig, 1,438 trig+kin events)
  [2049/3801] nano_2049.root
         -> 10,563 vertices (1,907 trig, 1,516 trig+kin events)
  [2050/3801] nano_2050.root
         -> 9,692 vertices (1,839 trig, 1,456 trig+kin events)
  [2051/3801] nano_2051.root
         -> 17,967 vertices (3,323 trig, 2,639 trig+kin events)
  [2052/3801] nano_2052.root
         -> 18,604 vertices (3,312 trig, 2,605 trig+kin events)
  [2053/3801] nano_2053.root
         -> 18,487 vertices (3,309 trig, 2,647 trig+kin events)
  [2054/3801] nano_2054.root
         -> 16,423 vertices (3,168 trig, 2,480 trig+kin events)
  [2055/3801] nano_2055.root
         -> 17,009 vertices (3,168 trig, 2,462 trig+kin events)
  [2056/3801] nano_2056.root
         -> 17,246 vertices (3,190 trig, 2,550 trig+kin events)
  [2057/3801] nano_2057.root
         -> 18,086 vertices (3,349 trig, 2,648 trig+kin events)
  [2058/3801] nano_2058.root
         -> 11,060 vertices (2,088 trig, 1,643 trig+kin events)
  [2059/3801] nano_2059.root
         -> 17,135 vertices (3,293 trig, 2,595 trig+kin events)
  [2060/3801] nano_2060.root
         -> 17,525 vertices (3,234 trig, 2,531 trig+kin events)
  [2061/3801] nano_2061.root
         -> 10,644 vertices (1,871 trig, 1,456 trig+kin events)
  [2062/3801] nano_2062.root
         -> 18,040 vertices (3,256 trig, 2,569 trig+kin events)
  [2063/3801] nano_2063.root
         -> 18,370 vertices (3,320 trig, 2,686 trig+kin events)
  [2064/3801] nano_2064.root
         -> 16,660 vertices (3,254 trig, 2,558 trig+kin events)
  [2065/3801] nano_2065.root
         -> 11,528 vertices (2,033 trig, 1,652 trig+kin events)
  [2066/3801] nano_2066.root
         -> 17,154 vertices (3,222 trig, 2,573 trig+kin events)
  [2067/3801] nano_2067.root
         -> 9,232 vertices (1,788 trig, 1,434 trig+kin events)
  [2068/3801] nano_2068.root
         -> 11,193 vertices (1,960 trig, 1,542 trig+kin events)
  [2069/3801] nano_2069.root
         -> 17,546 vertices (3,309 trig, 2,679 trig+kin events)
  [2070/3801] nano_2070.root
         -> 17,349 vertices (3,296 trig, 2,588 trig+kin events)
  [2071/3801] nano_2071.root
         -> 16,928 vertices (3,246 trig, 2,523 trig+kin events)
  [2072/3801] nano_2072.root
         -> 18,634 vertices (3,378 trig, 2,703 trig+kin events)
  [2073/3801] nano_2073.root
         -> 9,472 vertices (1,694 trig, 1,368 trig+kin events)
  [2074/3801] nano_2074.root
         -> 10,753 vertices (2,134 trig, 1,698 trig+kin events)
  [2075/3801] nano_2075.root
         -> 14,731 vertices (2,763 trig, 2,186 trig+kin events)
  [2076/3801] nano_2076.root
         -> 14,507 vertices (2,663 trig, 2,104 trig+kin events)
  [2077/3801] nano_2077.root
         -> 9,770 vertices (1,837 trig, 1,470 trig+kin events)
  [2078/3801] nano_2078.root
         -> 13,784 vertices (2,596 trig, 2,104 trig+kin events)
  [2079/3801] nano_2079.root
         -> 17,651 vertices (3,367 trig, 2,655 trig+kin events)
  [2080/3801] nano_2080.root
         -> 17,609 vertices (3,264 trig, 2,534 trig+kin events)
  [2081/3801] nano_2081.root
         -> 8,968 vertices (1,648 trig, 1,290 trig+kin events)
  [2082/3801] nano_2082.root
         -> 9,278 vertices (1,723 trig, 1,374 trig+kin events)
  [2083/3801] nano_2083.root
         -> 17,789 vertices (3,374 trig, 2,668 trig+kin events)
  [2084/3801] nano_2084.root
         -> 17,770 vertices (3,244 trig, 2,572 trig+kin events)
  [2085/3801] nano_2085.root
         -> 17,555 vertices (3,261 trig, 2,596 trig+kin events)
  [2086/3801] nano_2086.root
         -> 9,717 vertices (1,686 trig, 1,341 trig+kin events)
  [2087/3801] nano_2087.root
         -> 10,005 vertices (1,938 trig, 1,508 trig+kin events)
  [2088/3801] nano_2088.root
         -> 18,139 vertices (3,326 trig, 2,609 trig+kin events)
  [2089/3801] nano_2089.root
         -> 17,281 vertices (3,218 trig, 2,569 trig+kin events)
  [2090/3801] nano_2090.root
         -> 15,620 vertices (2,983 trig, 2,399 trig+kin events)
  [2091/3801] nano_2091.root
         -> 17,707 vertices (3,239 trig, 2,541 trig+kin events)
  [2092/3801] nano_2092.root
         -> 11,468 vertices (2,205 trig, 1,752 trig+kin events)
  [2093/3801] nano_2093.root
         -> 16,439 vertices (3,273 trig, 2,573 trig+kin events)
  [2094/3801] nano_2094.root
         -> 11,538 vertices (2,235 trig, 1,768 trig+kin events)
  [2095/3801] nano_2095.root
         -> 9,084 vertices (1,688 trig, 1,349 trig+kin events)
  [2096/3801] nano_2096.root
         -> 9,584 vertices (1,828 trig, 1,447 trig+kin events)
  [2097/3801] nano_2097.root
         -> 18,396 vertices (3,431 trig, 2,688 trig+kin events)
  [2098/3801] nano_2098.root
         -> 13,151 vertices (2,393 trig, 1,897 trig+kin events)
  [2099/3801] nano_2099.root
         -> 16,631 vertices (3,244 trig, 2,528 trig+kin events)
  [2100/3801] nano_2100.root
         -> 11,281 vertices (2,038 trig, 1,577 trig+kin events)
  [2101/3801] nano_2101.root
         -> 8,465 vertices (1,660 trig, 1,320 trig+kin events)
  [2102/3801] nano_2102.root
         -> 12,708 vertices (2,256 trig, 1,770 trig+kin events)
  [2103/3801] nano_2103.root
         -> 10,943 vertices (1,891 trig, 1,519 trig+kin events)
  [2104/3801] nano_2104.root
         -> 18,501 vertices (3,271 trig, 2,625 trig+kin events)
  [2105/3801] nano_2105.root
         -> 15,770 vertices (3,066 trig, 2,454 trig+kin events)
  [2106/3801] nano_2106.root
         -> 17,762 vertices (3,380 trig, 2,692 trig+kin events)
  [2107/3801] nano_2107.root
         -> 17,164 vertices (3,317 trig, 2,650 trig+kin events)
  [2108/3801] nano_2108.root
         -> 9,308 vertices (1,873 trig, 1,482 trig+kin events)
  [2109/3801] nano_2109.root
         -> 9,036 vertices (1,772 trig, 1,401 trig+kin events)
  [2110/3801] nano_2110.root
         -> 10,817 vertices (1,926 trig, 1,575 trig+kin events)
  [2111/3801] nano_2111.root
         -> 17,737 vertices (3,283 trig, 2,592 trig+kin events)
  [2112/3801] nano_2112.root
         -> 18,407 vertices (3,409 trig, 2,718 trig+kin events)
  [2113/3801] nano_2113.root
         -> 11,480 vertices (2,067 trig, 1,660 trig+kin events)
  [2114/3801] nano_2114.root
         -> 17,519 vertices (3,166 trig, 2,512 trig+kin events)
  [2115/3801] nano_2115.root
         -> 17,978 vertices (3,358 trig, 2,623 trig+kin events)
  [2116/3801] nano_2116.root
         -> 17,349 vertices (3,305 trig, 2,620 trig+kin events)
  [2117/3801] nano_2117.root
         -> 10,997 vertices (2,062 trig, 1,622 trig+kin events)
  [2118/3801] nano_2118.root
         -> 17,622 vertices (3,154 trig, 2,515 trig+kin events)
  [2119/3801] nano_2119.root
         -> 18,660 vertices (3,252 trig, 2,607 trig+kin events)
  [2120/3801] nano_2120.root
         -> 11,499 vertices (2,261 trig, 1,763 trig+kin events)
  [2121/3801] nano_2121.root
         -> 14,453 vertices (2,883 trig, 2,278 trig+kin events)
  [2122/3801] nano_2122.root
         -> 16,913 vertices (3,198 trig, 2,511 trig+kin events)
  [2123/3801] nano_2123.root
         -> 17,096 vertices (3,266 trig, 2,625 trig+kin events)
  [2124/3801] nano_2124.root
         -> 17,209 vertices (3,247 trig, 2,560 trig+kin events)
  [2125/3801] nano_2125.root
         -> 18,689 vertices (3,300 trig, 2,597 trig+kin events)
  [2126/3801] nano_2126.root
         -> 8,371 vertices (1,661 trig, 1,324 trig+kin events)
  [2127/3801] nano_2127.root
         -> 17,844 vertices (3,346 trig, 2,670 trig+kin events)
  [2128/3801] nano_2128.root
         -> 18,954 vertices (3,316 trig, 2,648 trig+kin events)
  [2129/3801] nano_2129.root
         -> 17,424 vertices (3,321 trig, 2,625 trig+kin events)
  [2130/3801] nano_2130.root
         -> 17,503 vertices (3,301 trig, 2,619 trig+kin events)
  [2131/3801] nano_2131.root
         -> 18,613 vertices (3,364 trig, 2,680 trig+kin events)
  [2132/3801] nano_2132.root
         -> 19,044 vertices (3,389 trig, 2,696 trig+kin events)
  [2133/3801] nano_2133.root
         -> 17,664 vertices (3,305 trig, 2,606 trig+kin events)
  [2134/3801] nano_2134.root
         -> 9,450 vertices (1,879 trig, 1,494 trig+kin events)
  [2135/3801] nano_2135.root
         -> 9,662 vertices (1,822 trig, 1,443 trig+kin events)
  [2136/3801] nano_2136.root
         -> 16,050 vertices (3,199 trig, 2,512 trig+kin events)
  [2137/3801] nano_2137.root
         -> 16,187 vertices (2,996 trig, 2,388 trig+kin events)
  [2138/3801] nano_2138.root
         -> 15,890 vertices (3,043 trig, 2,373 trig+kin events)
  [2139/3801] nano_2139.root
         -> 10,344 vertices (1,973 trig, 1,539 trig+kin events)
  [2140/3801] nano_2140.root
         -> 18,206 vertices (3,345 trig, 2,643 trig+kin events)
  [2141/3801] nano_2141.root
         -> 18,061 vertices (3,291 trig, 2,573 trig+kin events)
  [2142/3801] nano_2142.root
         -> 18,335 vertices (3,369 trig, 2,669 trig+kin events)
  [2143/3801] nano_2143.root
         -> 12,530 vertices (2,125 trig, 1,695 trig+kin events)
  [2144/3801] nano_2144.root
         -> 9,003 vertices (1,752 trig, 1,388 trig+kin events)
  [2145/3801] nano_2145.root
         -> 17,215 vertices (3,170 trig, 2,497 trig+kin events)
  [2146/3801] nano_2146.root
         -> 17,807 vertices (3,265 trig, 2,595 trig+kin events)
  [2147/3801] nano_2147.root
         -> 18,953 vertices (3,342 trig, 2,664 trig+kin events)
  [2148/3801] nano_2148.root
         -> 9,382 vertices (1,707 trig, 1,352 trig+kin events)
  [2149/3801] nano_2149.root
         -> 9,365 vertices (1,766 trig, 1,382 trig+kin events)
  [2150/3801] nano_2150.root
         -> 18,111 vertices (3,305 trig, 2,642 trig+kin events)
  [2151/3801] nano_2151.root
         -> 17,454 vertices (3,301 trig, 2,607 trig+kin events)
  [2152/3801] nano_2152.root
         -> 11,588 vertices (2,205 trig, 1,711 trig+kin events)
  [2153/3801] nano_2153.root
         -> 17,330 vertices (3,271 trig, 2,573 trig+kin events)
  [2154/3801] nano_2154.root
         -> 16,253 vertices (3,205 trig, 2,512 trig+kin events)
  [2155/3801] nano_2155.root
         -> 17,251 vertices (3,260 trig, 2,593 trig+kin events)
  [2156/3801] nano_2156.root
         -> 11,086 vertices (2,097 trig, 1,633 trig+kin events)
  [2157/3801] nano_2157.root
         -> 9,523 vertices (1,807 trig, 1,427 trig+kin events)
  [2158/3801] nano_2158.root
         -> 18,221 vertices (3,387 trig, 2,675 trig+kin events)
  [2159/3801] nano_2159.root
         -> 9,975 vertices (1,838 trig, 1,434 trig+kin events)
  [2160/3801] nano_2160.root
         -> 9,649 vertices (1,889 trig, 1,494 trig+kin events)
  [2161/3801] nano_2161.root
         -> 11,841 vertices (2,185 trig, 1,759 trig+kin events)
  [2162/3801] nano_2162.root
         -> 13,050 vertices (2,484 trig, 1,983 trig+kin events)
  [2163/3801] nano_2163.root
         -> 18,419 vertices (3,262 trig, 2,629 trig+kin events)
  [2164/3801] nano_2164.root
         -> 16,935 vertices (3,246 trig, 2,607 trig+kin events)
  [2165/3801] nano_2165.root
         -> 16,828 vertices (3,197 trig, 2,527 trig+kin events)
  [2166/3801] nano_2166.root
         -> 17,975 vertices (3,330 trig, 2,656 trig+kin events)
  [2167/3801] nano_2167.root
         -> 17,073 vertices (3,160 trig, 2,487 trig+kin events)
  [2168/3801] nano_2168.root
         -> 18,812 vertices (3,452 trig, 2,738 trig+kin events)
  [2169/3801] nano_2169.root
         -> 9,630 vertices (1,815 trig, 1,459 trig+kin events)
  [2170/3801] nano_2170.root
         -> 9,665 vertices (1,730 trig, 1,375 trig+kin events)
  [2171/3801] nano_2171.root
         -> 16,865 vertices (3,248 trig, 2,543 trig+kin events)
  [2172/3801] nano_2172.root
         -> 9,252 vertices (1,714 trig, 1,354 trig+kin events)
  [2173/3801] nano_2173.root
         -> 8,548 vertices (1,609 trig, 1,260 trig+kin events)
  [2174/3801] nano_2174.root
         -> 16,738 vertices (3,172 trig, 2,474 trig+kin events)
  [2175/3801] nano_2175.root
         -> 8,875 vertices (1,706 trig, 1,356 trig+kin events)
  [2176/3801] nano_2176.root
         -> 9,063 vertices (1,777 trig, 1,396 trig+kin events)
  [2177/3801] nano_2177.root
         -> 10,059 vertices (1,851 trig, 1,466 trig+kin events)
  [2178/3801] nano_2178.root
         -> 18,651 vertices (3,363 trig, 2,688 trig+kin events)
  [2179/3801] nano_2179.root
         -> 9,227 vertices (1,753 trig, 1,369 trig+kin events)
  [2180/3801] nano_2180.root
         -> 16,887 vertices (3,243 trig, 2,542 trig+kin events)
  [2181/3801] nano_2181.root
         -> 11,542 vertices (2,157 trig, 1,706 trig+kin events)
  [2182/3801] nano_2182.root
         -> 18,176 vertices (3,208 trig, 2,563 trig+kin events)
  [2183/3801] nano_2183.root
         -> 17,530 vertices (3,242 trig, 2,566 trig+kin events)
  [2184/3801] nano_2184.root
         -> 17,779 vertices (3,291 trig, 2,602 trig+kin events)
  [2185/3801] nano_2185.root
         -> 8,878 vertices (1,679 trig, 1,319 trig+kin events)
  [2186/3801] nano_2186.root
         -> 17,163 vertices (3,279 trig, 2,560 trig+kin events)
  [2187/3801] nano_2187.root
         -> 17,520 vertices (3,268 trig, 2,571 trig+kin events)
  [2188/3801] nano_2188.root
         -> 18,344 vertices (3,334 trig, 2,663 trig+kin events)
  [2189/3801] nano_2189.root
         -> 17,362 vertices (3,197 trig, 2,549 trig+kin events)
  [2190/3801] nano_2190.root
         -> 16,996 vertices (3,201 trig, 2,508 trig+kin events)
  [2191/3801] nano_2191.root
         -> 17,700 vertices (3,331 trig, 2,642 trig+kin events)
  [2192/3801] nano_2192.root
         -> 12,562 vertices (2,337 trig, 1,855 trig+kin events)
  [2193/3801] nano_2193.root
         -> 13,482 vertices (2,484 trig, 1,954 trig+kin events)
  [2194/3801] nano_2194.root
         -> 18,008 vertices (3,315 trig, 2,590 trig+kin events)
  [2195/3801] nano_2195.root
         -> 17,024 vertices (3,225 trig, 2,570 trig+kin events)
  [2196/3801] nano_2196.root
         -> 18,177 vertices (3,335 trig, 2,595 trig+kin events)
  [2197/3801] nano_2197.root
         -> 17,398 vertices (3,316 trig, 2,607 trig+kin events)
  [2198/3801] nano_2198.root
         -> 17,140 vertices (3,210 trig, 2,547 trig+kin events)
  [2199/3801] nano_2199.root
         -> 17,764 vertices (3,285 trig, 2,632 trig+kin events)
  [2200/3801] nano_2200.root
         -> 16,839 vertices (3,268 trig, 2,585 trig+kin events)
  [2201/3801] nano_2201.root
         -> 10,073 vertices (1,876 trig, 1,478 trig+kin events)
  [2202/3801] nano_2202.root
         -> 8,407 vertices (1,651 trig, 1,318 trig+kin events)
  [2203/3801] nano_2203.root
         -> 9,483 vertices (1,698 trig, 1,352 trig+kin events)
  [2204/3801] nano_2204.root
         -> 8,587 vertices (1,681 trig, 1,287 trig+kin events)
  [2205/3801] nano_2205.root
         -> 16,361 vertices (3,204 trig, 2,562 trig+kin events)
  [2206/3801] nano_2206.root
         -> 18,305 vertices (3,272 trig, 2,592 trig+kin events)
  [2207/3801] nano_2207.root
         -> 10,861 vertices (2,093 trig, 1,656 trig+kin events)
  [2208/3801] nano_2208.root
         -> 9,248 vertices (1,748 trig, 1,383 trig+kin events)
  [2209/3801] nano_2209.root
         -> 18,485 vertices (3,334 trig, 2,647 trig+kin events)
  [2210/3801] nano_2210.root
         -> 11,778 vertices (2,162 trig, 1,709 trig+kin events)
  [2211/3801] nano_2211.root
         -> 17,386 vertices (3,334 trig, 2,613 trig+kin events)
  [2212/3801] nano_2212.root
         -> 11,790 vertices (2,177 trig, 1,716 trig+kin events)
  [2213/3801] nano_2213.root
         -> 17,102 vertices (3,243 trig, 2,541 trig+kin events)
  [2214/3801] nano_2214.root
         -> 17,944 vertices (3,263 trig, 2,599 trig+kin events)
  [2215/3801] nano_2215.root
         -> 13,635 vertices (2,582 trig, 2,049 trig+kin events)
  [2216/3801] nano_2216.root
         -> 17,080 vertices (3,224 trig, 2,504 trig+kin events)
  [2217/3801] nano_2217.root
         -> 17,066 vertices (3,221 trig, 2,555 trig+kin events)
  [2218/3801] nano_2218.root
         -> 19,339 vertices (3,370 trig, 2,669 trig+kin events)
  [2219/3801] nano_2219.root
         -> 12,181 vertices (2,288 trig, 1,822 trig+kin events)
  [2220/3801] nano_2220.root
         -> 17,998 vertices (3,285 trig, 2,570 trig+kin events)
  [2221/3801] nano_2221.root
         -> 11,725 vertices (2,336 trig, 1,848 trig+kin events)
  [2222/3801] nano_2222.root
         -> 17,668 vertices (3,240 trig, 2,621 trig+kin events)
  [2223/3801] nano_2223.root
         -> 16,530 vertices (3,104 trig, 2,446 trig+kin events)
  [2224/3801] nano_2224.root
         -> 17,645 vertices (3,229 trig, 2,540 trig+kin events)
  [2225/3801] nano_2225.root
         -> 18,427 vertices (3,252 trig, 2,563 trig+kin events)
  [2226/3801] nano_2226.root
         -> 16,843 vertices (3,355 trig, 2,610 trig+kin events)
  [2227/3801] nano_2227.root
         -> 9,904 vertices (1,924 trig, 1,522 trig+kin events)
  [2228/3801] nano_2228.root
         -> 18,534 vertices (3,360 trig, 2,639 trig+kin events)
  [2229/3801] nano_2229.root
         -> 17,156 vertices (3,180 trig, 2,514 trig+kin events)
  [2230/3801] nano_2230.root
         -> 17,653 vertices (3,243 trig, 2,569 trig+kin events)
  [2231/3801] nano_2231.root
         -> 18,858 vertices (3,403 trig, 2,715 trig+kin events)
  [2232/3801] nano_2232.root
         -> 10,379 vertices (1,908 trig, 1,541 trig+kin events)
  [2233/3801] nano_2233.root
         -> 17,609 vertices (3,273 trig, 2,624 trig+kin events)
  [2234/3801] nano_2234.root
         -> 2,165 vertices (434 trig, 343 trig+kin events)
  [2235/3801] nano_2235.root
         -> 9,372 vertices (1,745 trig, 1,390 trig+kin events)
  [2236/3801] nano_2236.root
         -> 8,470 vertices (1,654 trig, 1,284 trig+kin events)
  [2237/3801] nano_2237.root
         -> 7,025 vertices (1,308 trig, 1,053 trig+kin events)
  [2238/3801] nano_2238.root
         -> 17,641 vertices (3,307 trig, 2,603 trig+kin events)
  [2239/3801] nano_2239.root
         -> 15,081 vertices (2,960 trig, 2,358 trig+kin events)
  [2240/3801] nano_2240.root
         -> 10,814 vertices (2,047 trig, 1,627 trig+kin events)
  [2241/3801] nano_2241.root
         -> 6,440 vertices (1,167 trig, 937 trig+kin events)
  [2242/3801] nano_2242.root
         -> 9,637 vertices (1,769 trig, 1,404 trig+kin events)
  [2243/3801] nano_2243.root
         -> 17,989 vertices (3,317 trig, 2,639 trig+kin events)
  [2244/3801] nano_2244.root
         -> 9,484 vertices (1,809 trig, 1,413 trig+kin events)
  [2245/3801] nano_2245.root
         -> 10,627 vertices (2,043 trig, 1,605 trig+kin events)
  [2246/3801] nano_2246.root
         -> 17,730 vertices (3,232 trig, 2,570 trig+kin events)
  [2247/3801] nano_2247.root
         -> 10,357 vertices (1,959 trig, 1,575 trig+kin events)
  [2248/3801] nano_2248.root
         -> 3,189 vertices (525 trig, 411 trig+kin events)
  [2249/3801] nano_2249.root
         -> 10,553 vertices (2,042 trig, 1,615 trig+kin events)
  [2250/3801] nano_2250.root
         -> 10,085 vertices (1,942 trig, 1,557 trig+kin events)
  [2251/3801] nano_2251.root
         -> 11,537 vertices (2,094 trig, 1,663 trig+kin events)
  [2252/3801] nano_2252.root
         -> 1,859 vertices (380 trig, 282 trig+kin events)
  [2253/3801] nano_2253.root
         -> 6,403 vertices (1,188 trig, 935 trig+kin events)
  [2254/3801] nano_2254.root
         -> 9,547 vertices (1,847 trig, 1,453 trig+kin events)
  [2255/3801] nano_2255.root
         -> 18,177 vertices (3,375 trig, 2,667 trig+kin events)
  [2256/3801] nano_2256.root
         -> 18,707 vertices (3,351 trig, 2,635 trig+kin events)
  [2257/3801] nano_2257.root
         -> 7,434 vertices (1,395 trig, 1,085 trig+kin events)
  [2258/3801] nano_2258.root
         -> 10,409 vertices (1,897 trig, 1,497 trig+kin events)
  [2259/3801] nano_2259.root
         -> 10,688 vertices (2,090 trig, 1,639 trig+kin events)
  [2260/3801] nano_2260.root
         -> 14,070 vertices (2,618 trig, 2,053 trig+kin events)
  [2261/3801] nano_2261.root
         -> 13,399 vertices (2,598 trig, 2,075 trig+kin events)
  [2262/3801] nano_2262.root
         -> 3,183 vertices (611 trig, 492 trig+kin events)
  [2263/3801] nano_2263.root
         -> 16,530 vertices (3,286 trig, 2,603 trig+kin events)
  [2264/3801] nano_2264.root
         -> 9,369 vertices (1,713 trig, 1,360 trig+kin events)
  [2265/3801] nano_2265.root
         -> 17,854 vertices (3,306 trig, 2,621 trig+kin events)
  [2266/3801] nano_2266.root
         -> 12,452 vertices (2,160 trig, 1,739 trig+kin events)
  [2267/3801] nano_2267.root
         -> 14,109 vertices (2,727 trig, 2,139 trig+kin events)
  [2268/3801] nano_2268.root
         -> 17,895 vertices (3,399 trig, 2,697 trig+kin events)
  [2269/3801] nano_2269.root
         -> 12,789 vertices (2,436 trig, 1,915 trig+kin events)
  [2270/3801] nano_2270.root
         -> 6,428 vertices (1,223 trig, 979 trig+kin events)
  [2271/3801] nano_2271.root
         -> 17,377 vertices (3,321 trig, 2,652 trig+kin events)
  [2272/3801] nano_2272.root
         -> 3,638 vertices (774 trig, 625 trig+kin events)
  [2273/3801] nano_2273.root
         -> 11,094 vertices (2,249 trig, 1,754 trig+kin events)
  [2274/3801] nano_2274.root
         -> 4,295 vertices (781 trig, 611 trig+kin events)
  [2275/3801] nano_2275.root
         -> 10,546 vertices (2,035 trig, 1,612 trig+kin events)
  [2276/3801] nano_2276.root
         -> 9,369 vertices (1,947 trig, 1,531 trig+kin events)
  [2277/3801] nano_2277.root
         -> 16,666 vertices (3,172 trig, 2,529 trig+kin events)
  [2278/3801] nano_2278.root
         -> 17,058 vertices (3,208 trig, 2,541 trig+kin events)
  [2279/3801] nano_2279.root
         -> 8,886 vertices (1,692 trig, 1,333 trig+kin events)
  [2280/3801] nano_2280.root
         -> 16,315 vertices (3,073 trig, 2,415 trig+kin events)
  [2281/3801] nano_2281.root
         -> 16,727 vertices (3,336 trig, 2,631 trig+kin events)
  [2282/3801] nano_2282.root
         -> 17,981 vertices (3,313 trig, 2,619 trig+kin events)
  [2283/3801] nano_2283.root
         -> 10,050 vertices (1,890 trig, 1,517 trig+kin events)
  [2284/3801] nano_2284.root
         -> 9,306 vertices (1,802 trig, 1,400 trig+kin events)
  [2285/3801] nano_2285.root
         -> 15,508 vertices (2,904 trig, 2,305 trig+kin events)
  [2286/3801] nano_2286.root
         -> 11,426 vertices (2,032 trig, 1,593 trig+kin events)
  [2287/3801] nano_2287.root
         -> 9,914 vertices (1,754 trig, 1,382 trig+kin events)
  [2288/3801] nano_2288.root
         -> 9,708 vertices (1,919 trig, 1,540 trig+kin events)
  [2289/3801] nano_2289.root
         -> 12,211 vertices (2,366 trig, 1,855 trig+kin events)
  [2290/3801] nano_2290.root
         -> 10,890 vertices (1,999 trig, 1,582 trig+kin events)
  [2291/3801] nano_2291.root
         -> 17,042 vertices (3,278 trig, 2,604 trig+kin events)
  [2292/3801] nano_2292.root
         -> 17,284 vertices (3,251 trig, 2,552 trig+kin events)
  [2293/3801] nano_2293.root
         -> 17,110 vertices (3,346 trig, 2,627 trig+kin events)
  [2294/3801] nano_2294.root
         -> 17,315 vertices (3,284 trig, 2,604 trig+kin events)
  [2295/3801] nano_2295.root
         -> 8,642 vertices (1,693 trig, 1,350 trig+kin events)
  [2296/3801] nano_2296.root
         -> 339 vertices (85 trig, 65 trig+kin events)
  [2297/3801] nano_2297.root
         -> 16,512 vertices (3,207 trig, 2,525 trig+kin events)
  [2298/3801] nano_2298.root
         -> 9,593 vertices (1,699 trig, 1,357 trig+kin events)
  [2299/3801] nano_2299.root
         -> 9,145 vertices (1,683 trig, 1,317 trig+kin events)
  [2300/3801] nano_2300.root
         -> 18,580 vertices (3,425 trig, 2,688 trig+kin events)
  [2301/3801] nano_2301.root
         -> 16,535 vertices (3,060 trig, 2,431 trig+kin events)
  [2302/3801] nano_2302.root
         -> 9,026 vertices (1,705 trig, 1,347 trig+kin events)
  [2303/3801] nano_2303.root
         -> 11,265 vertices (2,214 trig, 1,759 trig+kin events)
  [2304/3801] nano_2304.root
         -> 17,606 vertices (3,186 trig, 2,528 trig+kin events)
  [2305/3801] nano_2305.root
         -> 16,575 vertices (3,338 trig, 2,607 trig+kin events)
  [2306/3801] nano_2306.root
         -> 11,557 vertices (2,211 trig, 1,763 trig+kin events)
  [2307/3801] nano_2307.root
         -> 566 vertices (84 trig, 69 trig+kin events)
  [2308/3801] nano_2308.root
         -> 18,450 vertices (3,401 trig, 2,712 trig+kin events)
  [2309/3801] nano_2309.root
         -> 14,810 vertices (2,744 trig, 2,204 trig+kin events)
  [2310/3801] nano_2310.root
         -> 16,945 vertices (3,288 trig, 2,580 trig+kin events)
  [2311/3801] nano_2311.root
         -> 16,339 vertices (3,253 trig, 2,558 trig+kin events)
  [2312/3801] nano_2312.root
         -> 16,862 vertices (3,230 trig, 2,538 trig+kin events)
  [2313/3801] nano_2313.root
         -> 15,781 vertices (2,949 trig, 2,337 trig+kin events)
  [2314/3801] nano_2314.root
         -> 2,382 vertices (415 trig, 332 trig+kin events)
  [2315/3801] nano_2315.root
         -> 9,756 vertices (1,854 trig, 1,445 trig+kin events)
  [2316/3801] nano_2316.root
         -> 7,420 vertices (1,430 trig, 1,147 trig+kin events)
  [2317/3801] nano_2317.root
         -> 18,093 vertices (3,363 trig, 2,650 trig+kin events)
  [2318/3801] nano_2318.root
         -> 6,531 vertices (1,267 trig, 987 trig+kin events)
  [2319/3801] nano_2319.root
         -> 12,083 vertices (2,317 trig, 1,837 trig+kin events)
  [2320/3801] nano_2320.root
         -> 11,507 vertices (2,280 trig, 1,789 trig+kin events)
  [2321/3801] nano_2321.root
         -> 5,899 vertices (1,163 trig, 916 trig+kin events)
  [2322/3801] nano_2322.root
         -> 17,823 vertices (3,272 trig, 2,605 trig+kin events)
  [2323/3801] nano_2323.root
         -> 8,734 vertices (1,707 trig, 1,346 trig+kin events)
  [2324/3801] nano_2324.root
         -> 17,558 vertices (3,281 trig, 2,592 trig+kin events)
  [2325/3801] nano_2325.root
         -> 4,559 vertices (834 trig, 655 trig+kin events)
  [2326/3801] nano_2326.root
         -> 16,677 vertices (3,179 trig, 2,548 trig+kin events)
  [2327/3801] nano_2327.root
         -> 16,793 vertices (3,215 trig, 2,559 trig+kin events)
  [2328/3801] nano_2328.root
         -> 17,514 vertices (3,287 trig, 2,583 trig+kin events)
  [2329/3801] nano_2329.root
         -> 9,114 vertices (1,685 trig, 1,360 trig+kin events)
  [2330/3801] nano_2330.root
         -> 18,821 vertices (3,285 trig, 2,617 trig+kin events)
  [2331/3801] nano_2331.root
         -> 9,945 vertices (1,888 trig, 1,492 trig+kin events)
  [2332/3801] nano_2332.root
         -> 17,788 vertices (3,280 trig, 2,618 trig+kin events)
  [2333/3801] nano_2333.root
         -> 12,022 vertices (2,235 trig, 1,756 trig+kin events)
  [2334/3801] nano_2334.root
         -> 9,105 vertices (1,741 trig, 1,366 trig+kin events)
  [2335/3801] nano_2335.root
         -> 9,015 vertices (1,760 trig, 1,374 trig+kin events)
  [2336/3801] nano_2336.root
         -> 9,548 vertices (1,740 trig, 1,363 trig+kin events)
  [2337/3801] nano_2337.root
         -> 8,983 vertices (1,670 trig, 1,346 trig+kin events)
  [2338/3801] nano_2338.root
         -> 9,910 vertices (1,919 trig, 1,528 trig+kin events)
  [2339/3801] nano_2339.root
         -> 3,489 vertices (583 trig, 458 trig+kin events)
  [2340/3801] nano_2340.root
         -> 10,048 vertices (1,915 trig, 1,520 trig+kin events)
  [2341/3801] nano_2341.root
         -> 18,591 vertices (3,307 trig, 2,615 trig+kin events)
  [2342/3801] nano_2342.root
         -> 9,684 vertices (1,844 trig, 1,497 trig+kin events)
  [2343/3801] nano_2343.root
         -> 15,320 vertices (3,104 trig, 2,401 trig+kin events)
  [2344/3801] nano_2344.root
         -> 8,982 vertices (1,734 trig, 1,362 trig+kin events)
  [2345/3801] nano_2345.root
         -> 16,871 vertices (3,237 trig, 2,578 trig+kin events)
  [2346/3801] nano_2346.root
         -> 8,342 vertices (1,499 trig, 1,182 trig+kin events)
  [2347/3801] nano_2347.root
         -> 13,262 vertices (2,553 trig, 2,001 trig+kin events)
  [2348/3801] nano_2348.root
         -> 12,511 vertices (2,331 trig, 1,810 trig+kin events)
  [2349/3801] nano_2349.root
         -> 18,104 vertices (3,250 trig, 2,556 trig+kin events)
  [2350/3801] nano_2350.root
         -> 17,604 vertices (3,332 trig, 2,627 trig+kin events)
  [2351/3801] nano_2351.root
         -> 9,642 vertices (1,766 trig, 1,438 trig+kin events)
  [2352/3801] nano_2352.root
         -> 17,552 vertices (3,260 trig, 2,585 trig+kin events)
  [2353/3801] nano_2353.root
         -> 17,018 vertices (3,196 trig, 2,551 trig+kin events)
  [2354/3801] nano_2354.root
         -> 11,650 vertices (2,196 trig, 1,753 trig+kin events)
  [2355/3801] nano_2355.root
         -> 9,102 vertices (1,656 trig, 1,310 trig+kin events)
  [2356/3801] nano_2356.root
         -> 2,750 vertices (511 trig, 396 trig+kin events)
  [2357/3801] nano_2357.root
         -> 13,091 vertices (2,395 trig, 1,908 trig+kin events)
  [2358/3801] nano_2358.root
         -> 17,238 vertices (3,300 trig, 2,611 trig+kin events)
  [2359/3801] nano_2359.root
         -> 9,074 vertices (1,674 trig, 1,333 trig+kin events)
  [2360/3801] nano_2360.root
         -> 16,609 vertices (3,177 trig, 2,531 trig+kin events)
  [2361/3801] nano_2361.root
         -> 8,453 vertices (1,644 trig, 1,292 trig+kin events)
  [2362/3801] nano_2362.root
         -> 16,260 vertices (3,290 trig, 2,585 trig+kin events)
  [2363/3801] nano_2363.root
         -> 17,761 vertices (3,316 trig, 2,600 trig+kin events)
  [2364/3801] nano_2364.root
         -> 9,135 vertices (1,797 trig, 1,420 trig+kin events)
  [2365/3801] nano_2365.root
         -> 17,162 vertices (3,238 trig, 2,560 trig+kin events)
  [2366/3801] nano_2366.root
         -> 9,519 vertices (1,827 trig, 1,412 trig+kin events)
  [2367/3801] nano_2367.root
         -> 10,856 vertices (1,900 trig, 1,508 trig+kin events)
  [2368/3801] nano_2368.root
         -> 9,367 vertices (1,693 trig, 1,319 trig+kin events)
  [2369/3801] nano_2369.root
         -> 17,050 vertices (3,221 trig, 2,545 trig+kin events)
  [2370/3801] nano_2370.root
         -> 9,956 vertices (2,034 trig, 1,556 trig+kin events)
  [2371/3801] nano_2371.root
         -> 10,689 vertices (2,079 trig, 1,633 trig+kin events)
  [2372/3801] nano_2372.root
         -> 16,975 vertices (3,352 trig, 2,652 trig+kin events)
  [2373/3801] nano_2373.root
         -> 16,623 vertices (3,278 trig, 2,541 trig+kin events)
  [2374/3801] nano_2374.root
         -> 17,714 vertices (3,283 trig, 2,599 trig+kin events)
  [2375/3801] nano_2375.root
         -> 17,987 vertices (3,389 trig, 2,676 trig+kin events)
  [2376/3801] nano_2376.root
         -> 17,218 vertices (3,330 trig, 2,614 trig+kin events)
  [2377/3801] nano_2377.root
         -> 13,443 vertices (2,618 trig, 2,042 trig+kin events)
  [2378/3801] nano_2378.root
         -> 15,505 vertices (2,790 trig, 2,207 trig+kin events)
  [2379/3801] nano_2379.root
         -> 8,853 vertices (1,642 trig, 1,296 trig+kin events)
  [2380/3801] nano_2380.root
         -> 17,628 vertices (3,238 trig, 2,588 trig+kin events)
  [2381/3801] nano_2381.root
         -> 9,985 vertices (1,732 trig, 1,377 trig+kin events)
  [2382/3801] nano_2382.root
         -> 17,523 vertices (3,321 trig, 2,636 trig+kin events)
  [2383/3801] nano_2383.root
         -> 12,391 vertices (2,302 trig, 1,845 trig+kin events)
  [2384/3801] nano_2384.root
         -> 17,713 vertices (3,363 trig, 2,638 trig+kin events)
  [2385/3801] nano_2385.root
         -> 9,989 vertices (1,735 trig, 1,359 trig+kin events)
  [2386/3801] nano_2386.root
         -> 9,976 vertices (1,829 trig, 1,457 trig+kin events)
  [2387/3801] nano_2387.root
         -> 17,592 vertices (3,199 trig, 2,550 trig+kin events)
  [2388/3801] nano_2388.root
         -> 16,958 vertices (3,282 trig, 2,582 trig+kin events)
  [2389/3801] nano_2389.root
         -> 9,263 vertices (1,739 trig, 1,376 trig+kin events)
  [2390/3801] nano_2390.root
         -> 11,066 vertices (2,132 trig, 1,684 trig+kin events)
  [2391/3801] nano_2391.root
         -> 16,044 vertices (3,324 trig, 2,643 trig+kin events)
  [2392/3801] nano_2392.root
         -> 16,960 vertices (3,220 trig, 2,504 trig+kin events)
  [2393/3801] nano_2393.root
         -> 17,389 vertices (3,321 trig, 2,611 trig+kin events)
  [2394/3801] nano_2394.root
         -> 12,530 vertices (2,277 trig, 1,818 trig+kin events)
  [2395/3801] nano_2395.root
         -> 9,694 vertices (1,807 trig, 1,445 trig+kin events)
  [2396/3801] nano_2396.root
         -> 17,870 vertices (3,293 trig, 2,623 trig+kin events)
  [2397/3801] nano_2397.root
         -> 10,667 vertices (2,108 trig, 1,675 trig+kin events)
  [2398/3801] nano_2398.root
         -> 17,429 vertices (3,258 trig, 2,534 trig+kin events)
  [2399/3801] nano_2399.root
         -> 18,623 vertices (3,291 trig, 2,617 trig+kin events)
  [2400/3801] nano_2400.root
         -> 17,766 vertices (3,272 trig, 2,613 trig+kin events)
  [2401/3801] nano_2401.root
         -> 13,978 vertices (2,712 trig, 2,127 trig+kin events)
  [2402/3801] nano_2402.root
         -> 17,978 vertices (3,289 trig, 2,594 trig+kin events)
  [2403/3801] nano_2403.root
         -> 17,350 vertices (3,305 trig, 2,658 trig+kin events)
  [2404/3801] nano_2404.root
         -> 8,838 vertices (1,622 trig, 1,279 trig+kin events)
  [2405/3801] nano_2405.root
         -> 9,380 vertices (1,741 trig, 1,399 trig+kin events)
  [2406/3801] nano_2406.root
         -> 16,980 vertices (3,172 trig, 2,507 trig+kin events)
  [2407/3801] nano_2407.root
         -> 6,303 vertices (1,194 trig, 957 trig+kin events)
  [2408/3801] nano_2408.root
         -> 17,276 vertices (3,216 trig, 2,512 trig+kin events)
  [2409/3801] nano_2409.root
         -> 12,795 vertices (2,240 trig, 1,771 trig+kin events)
  [2410/3801] nano_2410.root
         -> 17,053 vertices (3,192 trig, 2,518 trig+kin events)
  [2411/3801] nano_2411.root
         -> 17,515 vertices (3,348 trig, 2,696 trig+kin events)
  [2412/3801] nano_2412.root
         -> 16,561 vertices (3,268 trig, 2,569 trig+kin events)
  [2413/3801] nano_2413.root
         -> 12,167 vertices (2,276 trig, 1,794 trig+kin events)
  [2414/3801] nano_2414.root
         -> 17,322 vertices (3,265 trig, 2,608 trig+kin events)
  [2415/3801] nano_2415.root
         -> 9,181 vertices (1,679 trig, 1,314 trig+kin events)
  [2416/3801] nano_2416.root
         -> 9,766 vertices (1,810 trig, 1,435 trig+kin events)
  [2417/3801] nano_2417.root
         -> 15,574 vertices (2,966 trig, 2,333 trig+kin events)
  [2418/3801] nano_2418.root
         -> 9,640 vertices (1,839 trig, 1,430 trig+kin events)
  [2419/3801] nano_2419.root
         -> 10,503 vertices (1,946 trig, 1,523 trig+kin events)
  [2420/3801] nano_2420.root
         -> 10,301 vertices (1,873 trig, 1,500 trig+kin events)
  [2421/3801] nano_2421.root
         -> 18,087 vertices (3,265 trig, 2,598 trig+kin events)
  [2422/3801] nano_2422.root
         -> 11,853 vertices (2,287 trig, 1,785 trig+kin events)
  [2423/3801] nano_2423.root
         -> 15,833 vertices (2,868 trig, 2,257 trig+kin events)
  [2424/3801] nano_2424.root
         -> 19,692 vertices (3,512 trig, 2,778 trig+kin events)
  [2425/3801] nano_2425.root
         -> 15,714 vertices (2,952 trig, 2,332 trig+kin events)
  [2426/3801] nano_2426.root
         -> 17,285 vertices (3,250 trig, 2,560 trig+kin events)
  [2427/3801] nano_2427.root
         -> 13,622 vertices (2,415 trig, 1,954 trig+kin events)
  [2428/3801] nano_2428.root
         -> 9,373 vertices (1,727 trig, 1,353 trig+kin events)
  [2429/3801] nano_2429.root
         -> 16,876 vertices (3,282 trig, 2,571 trig+kin events)
  [2430/3801] nano_2430.root
         -> 8,778 vertices (1,512 trig, 1,197 trig+kin events)
  [2431/3801] nano_2431.root
         -> 5,031 vertices (1,020 trig, 798 trig+kin events)
  [2432/3801] nano_2432.root
         -> 10,756 vertices (1,892 trig, 1,500 trig+kin events)
  [2433/3801] nano_2433.root
         -> 9,346 vertices (1,854 trig, 1,471 trig+kin events)
  [2434/3801] nano_2434.root
         -> 10,837 vertices (2,048 trig, 1,605 trig+kin events)
  [2435/3801] nano_2435.root
         -> 11,263 vertices (2,059 trig, 1,618 trig+kin events)
  [2436/3801] nano_2436.root
         -> 14,032 vertices (2,848 trig, 2,205 trig+kin events)
  [2437/3801] nano_2437.root
         -> 17,066 vertices (3,197 trig, 2,490 trig+kin events)
  [2438/3801] nano_2438.root
         -> 12,865 vertices (2,235 trig, 1,749 trig+kin events)
  [2439/3801] nano_2439.root
         -> 17,255 vertices (3,288 trig, 2,545 trig+kin events)
  [2440/3801] nano_2440.root
         -> 13,561 vertices (2,534 trig, 2,034 trig+kin events)
  [2441/3801] nano_2441.root
         -> 16,619 vertices (3,294 trig, 2,615 trig+kin events)
  [2442/3801] nano_2442.root
         -> 17,140 vertices (3,202 trig, 2,529 trig+kin events)
  [2443/3801] nano_2443.root
         -> 17,205 vertices (3,247 trig, 2,549 trig+kin events)
  [2444/3801] nano_2444.root
         -> 15,024 vertices (2,866 trig, 2,274 trig+kin events)
  [2445/3801] nano_2445.root
         -> 16,823 vertices (3,160 trig, 2,509 trig+kin events)
  [2446/3801] nano_2446.root
         -> 18,561 vertices (3,381 trig, 2,689 trig+kin events)
  [2447/3801] nano_2447.root
         -> 3,980 vertices (796 trig, 628 trig+kin events)
  [2448/3801] nano_2448.root
         -> 16,345 vertices (2,989 trig, 2,369 trig+kin events)
  [2449/3801] nano_2449.root
         -> 17,586 vertices (3,331 trig, 2,595 trig+kin events)
  [2450/3801] nano_2450.root
         -> 16,614 vertices (3,042 trig, 2,427 trig+kin events)
  [2451/3801] nano_2451.root
         -> 17,721 vertices (3,234 trig, 2,545 trig+kin events)
  [2452/3801] nano_2452.root
         -> 12,903 vertices (2,384 trig, 1,895 trig+kin events)
  [2453/3801] nano_2453.root
         -> 13,307 vertices (2,470 trig, 1,952 trig+kin events)
  [2454/3801] nano_2454.root
         -> 17,881 vertices (3,342 trig, 2,591 trig+kin events)
  [2455/3801] nano_2455.root
         -> 17,099 vertices (3,257 trig, 2,603 trig+kin events)
  [2456/3801] nano_2456.root
         -> 1,120 vertices (248 trig, 198 trig+kin events)
  [2457/3801] nano_2457.root
         -> 10,062 vertices (1,870 trig, 1,483 trig+kin events)
  [2458/3801] nano_2458.root
         -> 11,530 vertices (2,106 trig, 1,648 trig+kin events)
  [2459/3801] nano_2459.root
         -> 9,911 vertices (1,846 trig, 1,430 trig+kin events)
  [2460/3801] nano_2460.root
         -> 11,340 vertices (2,086 trig, 1,631 trig+kin events)
  [2461/3801] nano_2461.root
         -> 17,817 vertices (3,339 trig, 2,619 trig+kin events)
  [2462/3801] nano_2462.root
         -> 12,381 vertices (2,353 trig, 1,869 trig+kin events)
  [2463/3801] nano_2463.root
         -> 17,307 vertices (3,337 trig, 2,616 trig+kin events)
  [2464/3801] nano_2464.root
         -> 14,332 vertices (2,709 trig, 2,156 trig+kin events)
  [2465/3801] nano_2465.root
         -> 15,954 vertices (2,944 trig, 2,355 trig+kin events)
  [2466/3801] nano_2466.root
         -> 9,308 vertices (1,806 trig, 1,429 trig+kin events)
  [2467/3801] nano_2467.root
         -> 9,727 vertices (1,855 trig, 1,441 trig+kin events)
  [2468/3801] nano_2468.root
         -> 10,895 vertices (2,029 trig, 1,626 trig+kin events)
  [2469/3801] nano_2469.root
         -> 14,397 vertices (2,774 trig, 2,203 trig+kin events)
  [2470/3801] nano_2470.root
         -> 11,777 vertices (2,299 trig, 1,820 trig+kin events)
  [2471/3801] nano_2471.root
         -> 17,575 vertices (3,295 trig, 2,634 trig+kin events)
  [2472/3801] nano_2472.root
         -> 11,182 vertices (2,198 trig, 1,719 trig+kin events)
  [2473/3801] nano_2473.root
         -> 8,817 vertices (1,735 trig, 1,357 trig+kin events)
  [2474/3801] nano_2474.root
         -> 18,162 vertices (3,309 trig, 2,635 trig+kin events)
  [2475/3801] nano_2475.root
         -> 2,054 vertices (357 trig, 281 trig+kin events)
  [2476/3801] nano_2476.root
         -> 13,162 vertices (2,378 trig, 1,896 trig+kin events)
  [2477/3801] nano_2477.root
         -> 13,150 vertices (2,429 trig, 1,953 trig+kin events)
  [2478/3801] nano_2478.root
         -> 18,024 vertices (3,313 trig, 2,646 trig+kin events)
  [2479/3801] nano_2479.root
         -> 13,115 vertices (2,549 trig, 2,032 trig+kin events)
  [2480/3801] nano_2480.root
         -> 17,664 vertices (3,260 trig, 2,591 trig+kin events)
  [2481/3801] nano_2481.root
         -> 17,927 vertices (3,351 trig, 2,682 trig+kin events)
  [2482/3801] nano_2482.root
         -> 17,093 vertices (3,233 trig, 2,545 trig+kin events)
  [2483/3801] nano_2483.root
         -> 12,317 vertices (2,423 trig, 1,906 trig+kin events)
  [2484/3801] nano_2484.root
         -> 17,905 vertices (3,258 trig, 2,607 trig+kin events)
  [2485/3801] nano_2485.root
         -> 17,069 vertices (3,201 trig, 2,546 trig+kin events)
  [2486/3801] nano_2486.root
         -> 17,618 vertices (3,369 trig, 2,635 trig+kin events)
  [2487/3801] nano_2487.root
         -> 11,541 vertices (2,138 trig, 1,669 trig+kin events)
  [2488/3801] nano_2488.root
         -> 9,157 vertices (1,678 trig, 1,315 trig+kin events)
  [2489/3801] nano_2489.root
         -> 17,832 vertices (3,377 trig, 2,665 trig+kin events)
  [2490/3801] nano_2490.root
         -> 10,087 vertices (1,878 trig, 1,510 trig+kin events)
  [2491/3801] nano_2491.root
         -> 13,945 vertices (2,616 trig, 2,080 trig+kin events)
  [2492/3801] nano_2492.root
         -> 10,644 vertices (1,949 trig, 1,531 trig+kin events)
  [2493/3801] nano_2493.root
         -> 13,228 vertices (2,457 trig, 1,936 trig+kin events)
  [2494/3801] nano_2494.root
         -> 17,568 vertices (3,202 trig, 2,529 trig+kin events)
  [2495/3801] nano_2495.root
         -> 9,818 vertices (1,874 trig, 1,450 trig+kin events)
  [2496/3801] nano_2496.root
         -> 8,672 vertices (1,632 trig, 1,298 trig+kin events)
  [2497/3801] nano_2497.root
         -> 9,870 vertices (1,770 trig, 1,387 trig+kin events)
  [2498/3801] nano_2498.root
         -> 12,911 vertices (2,408 trig, 1,910 trig+kin events)
  [2499/3801] nano_2499.root
         -> 18,767 vertices (3,252 trig, 2,596 trig+kin events)
  [2500/3801] nano_2500.root
         -> 13,761 vertices (2,556 trig, 2,045 trig+kin events)
  [2501/3801] nano_2501.root
         -> 9,478 vertices (1,780 trig, 1,391 trig+kin events)
  [2502/3801] nano_2502.root
         -> 3,547 vertices (664 trig, 514 trig+kin events)
  [2503/3801] nano_2503.root
         -> 12,528 vertices (2,364 trig, 1,891 trig+kin events)
  [2504/3801] nano_2504.root
         -> 12,786 vertices (2,261 trig, 1,782 trig+kin events)
  [2505/3801] nano_2505.root
         -> 8,980 vertices (1,643 trig, 1,290 trig+kin events)
  [2506/3801] nano_2506.root
         -> 9,789 vertices (1,875 trig, 1,476 trig+kin events)
  [2507/3801] nano_2507.root
         -> 11,289 vertices (2,205 trig, 1,759 trig+kin events)
  [2508/3801] nano_2508.root
         -> 17,379 vertices (3,230 trig, 2,596 trig+kin events)
  [2509/3801] nano_2509.root
         -> 12,765 vertices (2,311 trig, 1,843 trig+kin events)
  [2510/3801] nano_2510.root
         -> 9,831 vertices (1,791 trig, 1,384 trig+kin events)
  [2511/3801] nano_2511.root
         -> 15,748 vertices (2,927 trig, 2,323 trig+kin events)
  [2512/3801] nano_2512.root
         -> 19,426 vertices (3,343 trig, 2,700 trig+kin events)
  [2513/3801] nano_2513.root
         -> 16,899 vertices (3,231 trig, 2,585 trig+kin events)
  [2514/3801] nano_2514.root
         -> 3,026 vertices (519 trig, 418 trig+kin events)
  [2515/3801] nano_2515.root
         -> 18,165 vertices (3,277 trig, 2,571 trig+kin events)
  [2516/3801] nano_2516.root
         -> 14,004 vertices (2,590 trig, 2,037 trig+kin events)
  [2517/3801] nano_2517.root
         -> 10,341 vertices (1,931 trig, 1,516 trig+kin events)
  [2518/3801] nano_2518.root
         -> 9,747 vertices (1,778 trig, 1,404 trig+kin events)
  [2519/3801] nano_2519.root
         -> 18,234 vertices (3,378 trig, 2,656 trig+kin events)
  [2520/3801] nano_2520.root
         -> 9,640 vertices (1,838 trig, 1,459 trig+kin events)
  [2521/3801] nano_2521.root
         -> 11,869 vertices (2,165 trig, 1,713 trig+kin events)
  [2522/3801] nano_2522.root
         -> 18,043 vertices (3,305 trig, 2,630 trig+kin events)
  [2523/3801] nano_2523.root
         -> 17,844 vertices (3,248 trig, 2,567 trig+kin events)
  [2524/3801] nano_2524.root
         -> 17,835 vertices (3,285 trig, 2,593 trig+kin events)
  [2525/3801] nano_2525.root
         -> 16,808 vertices (3,357 trig, 2,648 trig+kin events)
  [2526/3801] nano_2526.root
         -> 8,575 vertices (1,708 trig, 1,377 trig+kin events)
  [2527/3801] nano_2527.root
         -> 15,626 vertices (2,944 trig, 2,327 trig+kin events)
  [2528/3801] nano_2528.root
         -> 9,846 vertices (1,873 trig, 1,472 trig+kin events)
  [2529/3801] nano_2529.root
         -> 10,156 vertices (1,837 trig, 1,452 trig+kin events)
  [2530/3801] nano_2530.root
         -> 12,704 vertices (2,197 trig, 1,757 trig+kin events)
  [2531/3801] nano_2531.root
         -> 17,644 vertices (3,389 trig, 2,669 trig+kin events)
  [2532/3801] nano_2532.root
         -> 19,181 vertices (3,338 trig, 2,625 trig+kin events)
  [2533/3801] nano_2533.root
         -> 17,586 vertices (3,303 trig, 2,622 trig+kin events)
  [2534/3801] nano_2534.root
         -> 17,728 vertices (3,329 trig, 2,632 trig+kin events)
  [2535/3801] nano_2535.root
         -> 11,219 vertices (1,934 trig, 1,532 trig+kin events)
  [2536/3801] nano_2536.root
         -> 16,818 vertices (3,347 trig, 2,628 trig+kin events)
  [2537/3801] nano_2537.root
         -> 10,189 vertices (1,939 trig, 1,547 trig+kin events)
  [2538/3801] nano_2538.root
         -> 17,370 vertices (3,267 trig, 2,562 trig+kin events)
  [2539/3801] nano_2539.root
         -> 16,681 vertices (3,287 trig, 2,556 trig+kin events)
  [2540/3801] nano_2540.root
         -> 11,690 vertices (2,184 trig, 1,726 trig+kin events)
  [2541/3801] nano_2541.root
         -> 17,899 vertices (3,326 trig, 2,583 trig+kin events)
  [2542/3801] nano_2542.root
         -> 16,733 vertices (3,174 trig, 2,504 trig+kin events)
  [2543/3801] nano_2543.root
         -> 17,822 vertices (3,264 trig, 2,610 trig+kin events)
  [2544/3801] nano_2544.root
         -> 18,204 vertices (3,346 trig, 2,670 trig+kin events)
  [2545/3801] nano_2545.root
         -> 8,895 vertices (1,631 trig, 1,278 trig+kin events)
  [2546/3801] nano_2546.root
         -> 15,404 vertices (2,943 trig, 2,371 trig+kin events)
  [2547/3801] nano_2547.root
         -> 471 vertices (89 trig, 68 trig+kin events)
  [2548/3801] nano_2548.root
         -> 16,702 vertices (3,169 trig, 2,505 trig+kin events)
  [2549/3801] nano_2549.root
         -> 17,329 vertices (3,258 trig, 2,584 trig+kin events)
  [2550/3801] nano_2550.root
         -> 17,608 vertices (3,268 trig, 2,602 trig+kin events)
  [2551/3801] nano_2551.root
         -> 16,862 vertices (3,219 trig, 2,539 trig+kin events)
  [2552/3801] nano_2552.root
         -> 17,528 vertices (3,266 trig, 2,563 trig+kin events)
  [2553/3801] nano_2553.root
         -> 16,736 vertices (3,102 trig, 2,454 trig+kin events)
  [2554/3801] nano_2554.root
         -> 16,032 vertices (2,974 trig, 2,336 trig+kin events)
  [2555/3801] nano_2555.root
         -> 13,764 vertices (2,698 trig, 2,120 trig+kin events)
  [2556/3801] nano_2556.root
         -> 10,134 vertices (1,829 trig, 1,440 trig+kin events)
  [2557/3801] nano_2557.root
         -> 16,409 vertices (3,195 trig, 2,503 trig+kin events)
  [2558/3801] nano_2558.root
         -> 18,049 vertices (3,358 trig, 2,696 trig+kin events)
  [2559/3801] nano_2559.root
         -> 12,892 vertices (2,476 trig, 1,953 trig+kin events)
  [2560/3801] nano_2560.root
         -> 17,129 vertices (3,252 trig, 2,592 trig+kin events)
  [2561/3801] nano_2561.root
         -> 10,400 vertices (1,850 trig, 1,469 trig+kin events)
  [2562/3801] nano_2562.root
         -> 17,812 vertices (3,258 trig, 2,573 trig+kin events)
  [2563/3801] nano_2563.root
         -> 9,207 vertices (1,651 trig, 1,320 trig+kin events)
  [2564/3801] nano_2564.root
         -> 9,104 vertices (1,745 trig, 1,381 trig+kin events)
  [2565/3801] nano_2565.root
         -> 16,655 vertices (3,182 trig, 2,522 trig+kin events)
  [2566/3801] nano_2566.root
         -> 14,334 vertices (2,567 trig, 2,041 trig+kin events)
  [2567/3801] nano_2567.root
         -> 16,796 vertices (3,223 trig, 2,531 trig+kin events)
  [2568/3801] nano_2568.root
         -> 18,308 vertices (3,307 trig, 2,612 trig+kin events)
  [2569/3801] nano_2569.root
         -> 16,507 vertices (3,324 trig, 2,665 trig+kin events)
  [2570/3801] nano_2570.root
         -> 11,424 vertices (2,131 trig, 1,678 trig+kin events)
  [2571/3801] nano_2571.root
         -> 14,724 vertices (2,699 trig, 2,136 trig+kin events)
  [2572/3801] nano_2572.root
         -> 7,299 vertices (1,363 trig, 1,108 trig+kin events)
  [2573/3801] nano_2573.root
         -> 16,751 vertices (3,332 trig, 2,649 trig+kin events)
  [2574/3801] nano_2574.root
         -> 14,248 vertices (2,576 trig, 2,029 trig+kin events)
  [2575/3801] nano_2575.root
         -> 12,162 vertices (2,262 trig, 1,767 trig+kin events)
  [2576/3801] nano_2576.root
         -> 10,061 vertices (2,029 trig, 1,594 trig+kin events)
  [2577/3801] nano_2577.root
         -> 15,552 vertices (3,031 trig, 2,384 trig+kin events)
  [2578/3801] nano_2578.root
         -> 15,600 vertices (2,708 trig, 2,170 trig+kin events)
  [2579/3801] nano_2579.root
         -> 9,548 vertices (1,742 trig, 1,351 trig+kin events)
  [2580/3801] nano_2580.root
         -> 11,752 vertices (2,182 trig, 1,760 trig+kin events)
  [2581/3801] nano_2581.root
         -> 9,426 vertices (1,741 trig, 1,384 trig+kin events)
  [2582/3801] nano_2582.root
         -> 9,707 vertices (1,882 trig, 1,493 trig+kin events)
  [2583/3801] nano_2583.root
         -> 3,714 vertices (709 trig, 550 trig+kin events)
  [2584/3801] nano_2584.root
         -> 10,009 vertices (1,900 trig, 1,479 trig+kin events)
  [2585/3801] nano_2585.root
         -> 18,341 vertices (3,259 trig, 2,576 trig+kin events)
  [2586/3801] nano_2586.root
         -> 9,974 vertices (1,755 trig, 1,378 trig+kin events)
  [2587/3801] nano_2587.root
         -> 10,835 vertices (2,070 trig, 1,630 trig+kin events)
  [2588/3801] nano_2588.root
         -> 18,247 vertices (3,323 trig, 2,612 trig+kin events)
  [2589/3801] nano_2589.root
         -> 17,808 vertices (3,239 trig, 2,580 trig+kin events)
  [2590/3801] nano_2590.root
         -> 10,957 vertices (1,992 trig, 1,587 trig+kin events)
  [2591/3801] nano_2591.root
         -> 16,864 vertices (3,228 trig, 2,533 trig+kin events)
  [2592/3801] nano_2592.root
         -> 10,295 vertices (2,062 trig, 1,615 trig+kin events)
  [2593/3801] nano_2593.root
         -> 18,202 vertices (3,311 trig, 2,640 trig+kin events)
  [2594/3801] nano_2594.root
         -> 11,366 vertices (2,148 trig, 1,703 trig+kin events)
  [2595/3801] nano_2595.root
         -> 14,519 vertices (2,822 trig, 2,186 trig+kin events)
  [2596/3801] nano_2596.root
         -> 17,673 vertices (3,228 trig, 2,607 trig+kin events)
  [2597/3801] nano_2597.root
         -> 17,908 vertices (3,269 trig, 2,577 trig+kin events)
  [2598/3801] nano_2598.root
         -> 12,424 vertices (2,253 trig, 1,771 trig+kin events)
  [2599/3801] nano_2599.root
         -> 14,772 vertices (2,622 trig, 2,059 trig+kin events)
  [2600/3801] nano_2600.root
         -> 18,782 vertices (3,391 trig, 2,660 trig+kin events)
  [2601/3801] nano_2601.root
         -> 17,608 vertices (3,260 trig, 2,584 trig+kin events)
  [2602/3801] nano_2602.root
         -> 9,359 vertices (1,797 trig, 1,391 trig+kin events)
  [2603/3801] nano_2603.root
         -> 14,848 vertices (2,770 trig, 2,180 trig+kin events)
  [2604/3801] nano_2604.root
         -> 17,197 vertices (3,254 trig, 2,570 trig+kin events)
  [2605/3801] nano_2605.root
         -> 6,013 vertices (1,128 trig, 900 trig+kin events)
  [2606/3801] nano_2606.root
         -> 19,186 vertices (3,269 trig, 2,601 trig+kin events)
  [2607/3801] nano_2607.root
         -> 10,796 vertices (2,081 trig, 1,643 trig+kin events)
  [2608/3801] nano_2608.root
         -> 17,681 vertices (3,335 trig, 2,613 trig+kin events)
  [2609/3801] nano_2609.root
         -> 17,596 vertices (3,373 trig, 2,688 trig+kin events)
  [2610/3801] nano_2610.root
         -> 16,972 vertices (3,311 trig, 2,608 trig+kin events)
  [2611/3801] nano_2611.root
         -> 14,342 vertices (2,656 trig, 2,086 trig+kin events)
  [2612/3801] nano_2612.root
         -> 17,649 vertices (3,339 trig, 2,623 trig+kin events)
  [2613/3801] nano_2613.root
         -> 16,687 vertices (3,191 trig, 2,512 trig+kin events)
  [2614/3801] nano_2614.root
         -> 18,820 vertices (3,363 trig, 2,665 trig+kin events)
  [2615/3801] nano_2615.root
         -> 17,488 vertices (3,293 trig, 2,644 trig+kin events)
  [2616/3801] nano_2616.root
         -> 12,716 vertices (2,638 trig, 2,052 trig+kin events)
  [2617/3801] nano_2617.root
         -> 16,318 vertices (3,046 trig, 2,401 trig+kin events)
  [2618/3801] nano_2618.root
         -> 17,271 vertices (3,260 trig, 2,589 trig+kin events)
  [2619/3801] nano_2619.root
         -> 17,938 vertices (3,281 trig, 2,614 trig+kin events)
  [2620/3801] nano_2620.root
         -> 16,929 vertices (3,208 trig, 2,512 trig+kin events)
  [2621/3801] nano_2621.root
         -> 17,620 vertices (3,254 trig, 2,571 trig+kin events)
  [2622/3801] nano_2622.root
         -> 18,217 vertices (3,309 trig, 2,599 trig+kin events)
  [2623/3801] nano_2623.root
         -> 14,562 vertices (2,740 trig, 2,180 trig+kin events)
  [2624/3801] nano_2624.root
         -> 16,758 vertices (3,225 trig, 2,539 trig+kin events)
  [2625/3801] nano_2625.root
         -> 16,724 vertices (3,255 trig, 2,578 trig+kin events)
  [2626/3801] nano_2626.root
         -> 9,255 vertices (1,683 trig, 1,336 trig+kin events)
  [2627/3801] nano_2627.root
         -> 12,876 vertices (2,479 trig, 1,955 trig+kin events)
  [2628/3801] nano_2628.root
         -> 8,233 vertices (1,568 trig, 1,259 trig+kin events)
  [2629/3801] nano_2629.root
         -> 18,369 vertices (3,323 trig, 2,648 trig+kin events)
  [2630/3801] nano_2630.root
         -> 10,542 vertices (1,950 trig, 1,552 trig+kin events)
  [2631/3801] nano_2631.root
         -> 15,895 vertices (2,931 trig, 2,305 trig+kin events)
  [2632/3801] nano_2632.root
         -> 9,026 vertices (1,747 trig, 1,384 trig+kin events)
  [2633/3801] nano_2633.root
         -> 12,385 vertices (2,294 trig, 1,792 trig+kin events)
  [2634/3801] nano_2634.root
         -> 17,636 vertices (3,281 trig, 2,595 trig+kin events)
  [2635/3801] nano_2635.root
         -> 13,287 vertices (2,472 trig, 1,940 trig+kin events)
  [2636/3801] nano_2636.root
         -> 18,053 vertices (3,240 trig, 2,561 trig+kin events)
  [2637/3801] nano_2637.root
         -> 12,173 vertices (2,276 trig, 1,831 trig+kin events)
  [2638/3801] nano_2638.root
         -> 17,723 vertices (3,176 trig, 2,515 trig+kin events)
  [2639/3801] nano_2639.root
         -> 11,127 vertices (1,989 trig, 1,580 trig+kin events)
  [2640/3801] nano_2640.root
         -> 17,092 vertices (3,384 trig, 2,656 trig+kin events)
  [2641/3801] nano_2641.root
         -> 14,584 vertices (2,575 trig, 2,053 trig+kin events)
  [2642/3801] nano_2642.root
         -> 16,435 vertices (3,199 trig, 2,518 trig+kin events)
  [2643/3801] nano_2643.root
         -> 17,435 vertices (3,350 trig, 2,676 trig+kin events)
  [2644/3801] nano_2644.root
         -> 12,506 vertices (2,374 trig, 1,874 trig+kin events)
  [2645/3801] nano_2645.root
         -> 18,026 vertices (3,303 trig, 2,640 trig+kin events)
  [2646/3801] nano_2646.root
         -> 18,503 vertices (3,316 trig, 2,624 trig+kin events)
  [2647/3801] nano_2647.root
         -> 327 vertices (78 trig, 57 trig+kin events)
  [2648/3801] nano_2648.root
         -> 18,380 vertices (3,294 trig, 2,623 trig+kin events)
  [2649/3801] nano_2649.root
         -> 17,379 vertices (3,242 trig, 2,562 trig+kin events)
  [2650/3801] nano_2650.root
         -> 10,020 vertices (2,087 trig, 1,650 trig+kin events)
  [2651/3801] nano_2651.root
         -> 7,902 vertices (1,493 trig, 1,173 trig+kin events)
  [2652/3801] nano_2652.root
         -> 12,729 vertices (2,280 trig, 1,822 trig+kin events)
  [2653/3801] nano_2653.root
         -> 10,703 vertices (2,021 trig, 1,604 trig+kin events)
  [2654/3801] nano_2654.root
         -> 9,065 vertices (1,676 trig, 1,351 trig+kin events)
  [2655/3801] nano_2655.root
         -> 17,596 vertices (3,268 trig, 2,582 trig+kin events)
  [2656/3801] nano_2656.root
         -> 18,661 vertices (3,267 trig, 2,594 trig+kin events)
  [2657/3801] nano_2657.root
         -> 16,642 vertices (3,263 trig, 2,559 trig+kin events)
  [2658/3801] nano_2658.root
         -> 18,381 vertices (3,301 trig, 2,634 trig+kin events)
  [2659/3801] nano_2659.root
         -> 9,648 vertices (1,821 trig, 1,431 trig+kin events)
  [2660/3801] nano_2660.root
         -> 18,445 vertices (3,400 trig, 2,697 trig+kin events)
  [2661/3801] nano_2661.root
         -> 17,854 vertices (3,233 trig, 2,561 trig+kin events)
  [2662/3801] nano_2662.root
         -> 17,638 vertices (3,346 trig, 2,596 trig+kin events)
  [2663/3801] nano_2663.root
         -> 18,060 vertices (3,281 trig, 2,655 trig+kin events)
  [2664/3801] nano_2664.root
         -> 16,809 vertices (3,276 trig, 2,600 trig+kin events)
  [2665/3801] nano_2665.root
         -> 13,854 vertices (2,472 trig, 1,968 trig+kin events)
  [2666/3801] nano_2666.root
         -> 18,019 vertices (3,303 trig, 2,618 trig+kin events)
  [2667/3801] nano_2667.root
         -> 10,855 vertices (2,071 trig, 1,629 trig+kin events)
  [2668/3801] nano_2668.root
         -> 17,064 vertices (3,177 trig, 2,502 trig+kin events)
  [2669/3801] nano_2669.root
         -> 14,140 vertices (2,628 trig, 2,068 trig+kin events)
  [2670/3801] nano_2670.root
         -> 16,942 vertices (3,343 trig, 2,601 trig+kin events)
  [2671/3801] nano_2671.root
         -> 17,984 vertices (3,240 trig, 2,611 trig+kin events)
  [2672/3801] nano_2672.root
         -> 15,879 vertices (3,052 trig, 2,424 trig+kin events)
  [2673/3801] nano_2673.root
         -> 9,467 vertices (1,710 trig, 1,345 trig+kin events)
  [2674/3801] nano_2674.root
         -> 12,954 vertices (2,305 trig, 1,859 trig+kin events)
  [2675/3801] nano_2675.root
         -> 14,224 vertices (2,532 trig, 2,012 trig+kin events)
  [2676/3801] nano_2676.root
         -> 10,195 vertices (2,000 trig, 1,597 trig+kin events)
  [2677/3801] nano_2677.root
         -> 17,535 vertices (3,337 trig, 2,620 trig+kin events)
  [2678/3801] nano_2678.root
         -> 17,917 vertices (3,252 trig, 2,614 trig+kin events)
  [2679/3801] nano_2679.root
         -> 10,349 vertices (1,817 trig, 1,456 trig+kin events)
  [2680/3801] nano_2680.root
         -> 9,302 vertices (1,892 trig, 1,486 trig+kin events)
  [2681/3801] nano_2681.root
         -> 9,814 vertices (1,799 trig, 1,448 trig+kin events)
  [2682/3801] nano_2682.root
         -> 8,825 vertices (1,739 trig, 1,353 trig+kin events)
  [2683/3801] nano_2683.root
         -> 17,389 vertices (3,261 trig, 2,576 trig+kin events)
  [2684/3801] nano_2684.root
         -> 17,906 vertices (3,344 trig, 2,644 trig+kin events)
  [2685/3801] nano_2685.root
         -> 10,527 vertices (1,940 trig, 1,517 trig+kin events)
  [2686/3801] nano_2686.root
         -> 13,506 vertices (2,414 trig, 1,899 trig+kin events)
  [2687/3801] nano_2687.root
         -> 10,035 vertices (1,866 trig, 1,508 trig+kin events)
  [2688/3801] nano_2688.root
         -> 12,261 vertices (2,223 trig, 1,748 trig+kin events)
  [2689/3801] nano_2689.root
         -> 13,934 vertices (2,571 trig, 2,043 trig+kin events)
  [2690/3801] nano_2690.root
         -> 17,830 vertices (3,299 trig, 2,600 trig+kin events)
  [2691/3801] nano_2691.root
         -> 18,156 vertices (3,335 trig, 2,631 trig+kin events)
  [2692/3801] nano_2692.root
         -> 10,290 vertices (1,857 trig, 1,469 trig+kin events)
  [2693/3801] nano_2693.root
         -> 16,538 vertices (3,271 trig, 2,566 trig+kin events)
  [2694/3801] nano_2694.root
         -> 11,920 vertices (2,132 trig, 1,712 trig+kin events)
  [2695/3801] nano_2695.root
         -> 579 vertices (93 trig, 79 trig+kin events)
  [2696/3801] nano_2696.root
         -> 10,247 vertices (1,905 trig, 1,500 trig+kin events)
  [2697/3801] nano_2697.root
         -> 17,235 vertices (3,282 trig, 2,603 trig+kin events)
  [2698/3801] nano_2698.root
         -> 4,962 vertices (942 trig, 724 trig+kin events)
  [2699/3801] nano_2699.root
         -> 18,901 vertices (3,372 trig, 2,674 trig+kin events)
  [2700/3801] nano_2700.root
         -> 10,036 vertices (1,934 trig, 1,515 trig+kin events)
  [2701/3801] nano_2701.root
         -> 10,992 vertices (2,074 trig, 1,633 trig+kin events)
  [2702/3801] nano_2702.root
         -> 18,864 vertices (3,290 trig, 2,599 trig+kin events)
  [2703/3801] nano_2703.root
         -> 12,751 vertices (2,385 trig, 1,897 trig+kin events)
  [2704/3801] nano_2704.root
         -> 17,265 vertices (3,266 trig, 2,593 trig+kin events)
  [2705/3801] nano_2705.root
         -> 17,090 vertices (3,235 trig, 2,566 trig+kin events)
  [2706/3801] nano_2706.root
         -> 11,724 vertices (2,202 trig, 1,773 trig+kin events)
  [2707/3801] nano_2707.root
         -> 17,871 vertices (3,279 trig, 2,621 trig+kin events)
  [2708/3801] nano_2708.root
         -> 12,097 vertices (2,182 trig, 1,728 trig+kin events)
  [2709/3801] nano_2709.root
         -> 17,125 vertices (3,348 trig, 2,639 trig+kin events)
  [2710/3801] nano_2710.root
         -> 9,235 vertices (1,832 trig, 1,385 trig+kin events)
  [2711/3801] nano_2711.root
         -> 9,823 vertices (2,031 trig, 1,600 trig+kin events)
  [2712/3801] nano_2712.root
         -> 9,135 vertices (1,729 trig, 1,374 trig+kin events)
  [2713/3801] nano_2713.root
         -> 14,839 vertices (2,816 trig, 2,243 trig+kin events)
  [2714/3801] nano_2714.root
         -> 16,440 vertices (3,000 trig, 2,353 trig+kin events)
  [2715/3801] nano_2715.root
         -> 18,081 vertices (3,232 trig, 2,553 trig+kin events)
  [2716/3801] nano_2716.root
         -> 18,138 vertices (3,382 trig, 2,679 trig+kin events)
  [2717/3801] nano_2717.root
         -> 17,254 vertices (3,302 trig, 2,619 trig+kin events)
  [2718/3801] nano_2718.root
         -> 12,050 vertices (2,359 trig, 1,851 trig+kin events)
  [2719/3801] nano_2719.root
         -> 17,855 vertices (3,214 trig, 2,604 trig+kin events)
  [2720/3801] nano_2720.root
         -> 16,800 vertices (3,222 trig, 2,561 trig+kin events)
  [2721/3801] nano_2721.root
         -> 16,890 vertices (3,149 trig, 2,465 trig+kin events)
  [2722/3801] nano_2722.root
         -> 11,296 vertices (2,116 trig, 1,705 trig+kin events)
  [2723/3801] nano_2723.root
         -> 19,208 vertices (3,300 trig, 2,649 trig+kin events)
  [2724/3801] nano_2724.root
         -> 17,751 vertices (3,329 trig, 2,624 trig+kin events)
  [2725/3801] nano_2725.root
         -> 16,824 vertices (3,349 trig, 2,642 trig+kin events)
  [2726/3801] nano_2726.root
         -> 10,341 vertices (1,888 trig, 1,500 trig+kin events)
  [2727/3801] nano_2727.root
         -> 14,000 vertices (2,729 trig, 2,140 trig+kin events)
  [2728/3801] nano_2728.root
         -> 18,054 vertices (3,298 trig, 2,594 trig+kin events)
  [2729/3801] nano_2729.root
         -> 11,654 vertices (2,180 trig, 1,744 trig+kin events)
  [2730/3801] nano_2730.root
         -> 15,093 vertices (2,684 trig, 2,134 trig+kin events)
  [2731/3801] nano_2731.root
         -> 9,205 vertices (1,731 trig, 1,368 trig+kin events)
  [2732/3801] nano_2732.root
         -> 18,277 vertices (3,354 trig, 2,638 trig+kin events)
  [2733/3801] nano_2733.root
         -> 17,541 vertices (3,322 trig, 2,610 trig+kin events)
  [2734/3801] nano_2734.root
         -> 16,573 vertices (3,144 trig, 2,484 trig+kin events)
  [2735/3801] nano_2735.root
         -> 17,850 vertices (3,256 trig, 2,548 trig+kin events)
  [2736/3801] nano_2736.root
         -> 14,902 vertices (2,868 trig, 2,247 trig+kin events)
  [2737/3801] nano_2737.root
         -> 11,748 vertices (2,232 trig, 1,753 trig+kin events)
  [2738/3801] nano_2738.root
         -> 9,738 vertices (1,726 trig, 1,360 trig+kin events)
  [2739/3801] nano_2739.root
         -> 10,722 vertices (1,985 trig, 1,590 trig+kin events)
  [2740/3801] nano_2740.root
         -> 16,589 vertices (3,221 trig, 2,525 trig+kin events)
  [2741/3801] nano_2741.root
         -> 10,260 vertices (1,944 trig, 1,528 trig+kin events)
  [2742/3801] nano_2742.root
         -> 18,529 vertices (3,341 trig, 2,623 trig+kin events)
  [2743/3801] nano_2743.root
         -> 8,840 vertices (1,696 trig, 1,352 trig+kin events)
  [2744/3801] nano_2744.root
         -> 16,778 vertices (3,239 trig, 2,520 trig+kin events)
  [2745/3801] nano_2745.root
         -> 9,508 vertices (1,746 trig, 1,375 trig+kin events)
  [2746/3801] nano_2746.root
         -> 17,309 vertices (3,246 trig, 2,575 trig+kin events)
  [2747/3801] nano_2747.root
         -> 15,246 vertices (2,927 trig, 2,341 trig+kin events)
  [2748/3801] nano_2748.root
         -> 18,614 vertices (3,363 trig, 2,701 trig+kin events)
  [2749/3801] nano_2749.root
         -> 17,599 vertices (3,314 trig, 2,629 trig+kin events)
  [2750/3801] nano_2750.root
         -> 13,707 vertices (2,411 trig, 1,940 trig+kin events)
  [2751/3801] nano_2751.root
         -> 10,501 vertices (1,842 trig, 1,507 trig+kin events)
  [2752/3801] nano_2752.root
         -> 17,574 vertices (3,201 trig, 2,536 trig+kin events)
  [2753/3801] nano_2753.root
         -> 17,085 vertices (3,279 trig, 2,622 trig+kin events)
  [2754/3801] nano_2754.root
         -> 17,148 vertices (3,256 trig, 2,621 trig+kin events)
  [2755/3801] nano_2755.root
         -> 9,642 vertices (1,675 trig, 1,346 trig+kin events)
  [2756/3801] nano_2756.root
         -> 17,916 vertices (3,221 trig, 2,560 trig+kin events)
  [2757/3801] nano_2757.root
         -> 17,517 vertices (3,297 trig, 2,606 trig+kin events)
  [2758/3801] nano_2758.root
         -> 2,032 vertices (348 trig, 286 trig+kin events)
  [2759/3801] nano_2759.root
         -> 16,384 vertices (3,164 trig, 2,488 trig+kin events)
  [2760/3801] nano_2760.root
         -> 18,079 vertices (3,208 trig, 2,531 trig+kin events)
  [2761/3801] nano_2761.root
         -> 17,774 vertices (3,366 trig, 2,666 trig+kin events)
  [2762/3801] nano_2762.root
         -> 14,970 vertices (2,696 trig, 2,154 trig+kin events)
  [2763/3801] nano_2763.root
         -> 17,281 vertices (3,275 trig, 2,604 trig+kin events)
  [2764/3801] nano_2764.root
         -> 18,217 vertices (3,198 trig, 2,545 trig+kin events)
  [2765/3801] nano_2765.root
         -> 12,800 vertices (2,413 trig, 1,888 trig+kin events)
  [2766/3801] nano_2766.root
         -> 10,742 vertices (1,929 trig, 1,528 trig+kin events)
  [2767/3801] nano_2767.root
         -> 10,297 vertices (1,963 trig, 1,546 trig+kin events)
  [2768/3801] nano_2768.root
         -> 12,571 vertices (2,293 trig, 1,815 trig+kin events)
  [2769/3801] nano_2769.root
         -> 11,217 vertices (1,922 trig, 1,557 trig+kin events)
  [2770/3801] nano_2770.root
         -> 14,057 vertices (2,873 trig, 2,294 trig+kin events)
  [2771/3801] nano_2771.root
         -> 14,572 vertices (2,729 trig, 2,161 trig+kin events)
  [2772/3801] nano_2772.root
         -> 10,774 vertices (2,021 trig, 1,596 trig+kin events)
  [2773/3801] nano_2773.root
         -> 11,191 vertices (2,055 trig, 1,637 trig+kin events)
  [2774/3801] nano_2774.root
         -> 10,315 vertices (1,926 trig, 1,521 trig+kin events)
  [2775/3801] nano_2775.root
         -> 12,112 vertices (2,262 trig, 1,790 trig+kin events)
  [2776/3801] nano_2776.root
         -> 19,002 vertices (3,412 trig, 2,716 trig+kin events)
  [2777/3801] nano_2777.root
         -> 9,973 vertices (2,007 trig, 1,581 trig+kin events)
  [2778/3801] nano_2778.root
         -> 19,146 vertices (3,388 trig, 2,709 trig+kin events)
  [2779/3801] nano_2779.root
         -> 17,425 vertices (3,225 trig, 2,494 trig+kin events)
  [2780/3801] nano_2780.root
         -> 17,463 vertices (3,314 trig, 2,605 trig+kin events)
  [2781/3801] nano_2781.root
         -> 17,214 vertices (3,151 trig, 2,464 trig+kin events)
  [2782/3801] nano_2782.root
         -> 17,391 vertices (3,198 trig, 2,546 trig+kin events)
  [2783/3801] nano_2783.root
         -> 10,084 vertices (1,968 trig, 1,574 trig+kin events)
  [2784/3801] nano_2784.root
         -> 16,509 vertices (3,112 trig, 2,433 trig+kin events)
  [2785/3801] nano_2785.root
         -> 12,963 vertices (2,322 trig, 1,845 trig+kin events)
  [2786/3801] nano_2786.root
         -> 15,666 vertices (3,007 trig, 2,355 trig+kin events)
  [2787/3801] nano_2787.root
         -> 18,410 vertices (3,349 trig, 2,631 trig+kin events)
  [2788/3801] nano_2788.root
         -> 17,860 vertices (3,249 trig, 2,574 trig+kin events)
  [2789/3801] nano_2789.root
         -> 18,121 vertices (3,299 trig, 2,613 trig+kin events)
  [2790/3801] nano_2790.root
         -> 16,109 vertices (2,907 trig, 2,334 trig+kin events)
  [2791/3801] nano_2791.root
         -> 15,511 vertices (2,936 trig, 2,323 trig+kin events)
  [2792/3801] nano_2792.root
         -> 13,789 vertices (2,587 trig, 2,022 trig+kin events)
  [2793/3801] nano_2793.root
         -> 16,831 vertices (3,233 trig, 2,541 trig+kin events)
  [2794/3801] nano_2794.root
         -> 14,174 vertices (2,625 trig, 2,086 trig+kin events)
  [2795/3801] nano_2795.root
         -> 18,326 vertices (3,380 trig, 2,664 trig+kin events)
  [2796/3801] nano_2796.root
         -> 12,919 vertices (2,411 trig, 1,931 trig+kin events)
  [2797/3801] nano_2797.root
         -> 12,001 vertices (2,271 trig, 1,808 trig+kin events)
  [2798/3801] nano_2798.root
         -> 2,925 vertices (595 trig, 470 trig+kin events)
  [2799/3801] nano_2799.root
         -> 9,603 vertices (1,766 trig, 1,389 trig+kin events)
  [2800/3801] nano_2800.root
         -> 18,615 vertices (3,399 trig, 2,703 trig+kin events)
  [2801/3801] nano_2801.root
         -> 10,273 vertices (1,974 trig, 1,552 trig+kin events)
  [2802/3801] nano_2802.root
         -> 9,018 vertices (1,788 trig, 1,374 trig+kin events)
  [2803/3801] nano_2803.root
         -> 17,345 vertices (3,329 trig, 2,639 trig+kin events)
  [2804/3801] nano_2804.root
         -> 18,341 vertices (3,326 trig, 2,658 trig+kin events)
  [2805/3801] nano_2805.root
         -> 18,482 vertices (3,390 trig, 2,670 trig+kin events)
  [2806/3801] nano_2806.root
         -> 6,640 vertices (1,230 trig, 976 trig+kin events)
  [2807/3801] nano_2807.root
         -> 18,729 vertices (3,369 trig, 2,645 trig+kin events)
  [2808/3801] nano_2808.root
         -> 17,919 vertices (3,312 trig, 2,641 trig+kin events)
  [2809/3801] nano_2809.root
         -> 12,962 vertices (2,362 trig, 1,880 trig+kin events)
  [2810/3801] nano_2810.root
         -> 16,701 vertices (3,086 trig, 2,442 trig+kin events)
  [2811/3801] nano_2811.root
         -> 9,926 vertices (1,969 trig, 1,523 trig+kin events)
  [2812/3801] nano_2812.root
         -> 17,472 vertices (3,249 trig, 2,579 trig+kin events)
  [2813/3801] nano_2813.root
         -> 17,124 vertices (3,255 trig, 2,557 trig+kin events)
  [2814/3801] nano_2814.root
         -> 13,371 vertices (2,562 trig, 2,022 trig+kin events)
  [2815/3801] nano_2815.root
         -> 8,166 vertices (1,629 trig, 1,311 trig+kin events)
  [2816/3801] nano_2816.root
         -> 13,520 vertices (2,599 trig, 2,052 trig+kin events)
  [2817/3801] nano_2817.root
         -> 8,663 vertices (1,660 trig, 1,309 trig+kin events)
  [2818/3801] nano_2818.root
         -> 17,800 vertices (3,309 trig, 2,582 trig+kin events)
  [2819/3801] nano_2819.root
         -> 7,894 vertices (1,494 trig, 1,184 trig+kin events)
  [2820/3801] nano_2820.root
         -> 17,545 vertices (3,389 trig, 2,654 trig+kin events)
  [2821/3801] nano_2821.root
         -> 18,302 vertices (3,315 trig, 2,645 trig+kin events)
  [2822/3801] nano_2822.root
         -> 16,297 vertices (3,026 trig, 2,396 trig+kin events)
  [2823/3801] nano_2823.root
         -> 13,587 vertices (2,561 trig, 2,023 trig+kin events)
  [2824/3801] nano_2824.root
         -> 17,608 vertices (3,317 trig, 2,591 trig+kin events)
  [2825/3801] nano_2825.root
         -> 17,832 vertices (3,290 trig, 2,618 trig+kin events)
  [2826/3801] nano_2826.root
         -> 11,856 vertices (2,100 trig, 1,690 trig+kin events)
  [2827/3801] nano_2827.root
         -> 9,209 vertices (1,790 trig, 1,417 trig+kin events)
  [2828/3801] nano_2828.root
         -> 17,372 vertices (3,247 trig, 2,560 trig+kin events)
  [2829/3801] nano_2829.root
         -> 18,100 vertices (3,322 trig, 2,632 trig+kin events)
  [2830/3801] nano_2830.root
         -> 16,812 vertices (3,262 trig, 2,567 trig+kin events)
  [2831/3801] nano_2831.root
         -> 17,442 vertices (3,276 trig, 2,555 trig+kin events)
  [2832/3801] nano_2832.root
         -> 17,527 vertices (3,272 trig, 2,564 trig+kin events)
  [2833/3801] nano_2833.root
         -> 13,477 vertices (2,503 trig, 1,982 trig+kin events)
  [2834/3801] nano_2834.root
         -> 18,816 vertices (3,373 trig, 2,699 trig+kin events)
  [2835/3801] nano_2835.root
         -> 17,415 vertices (3,193 trig, 2,564 trig+kin events)
  [2836/3801] nano_2836.root
         -> 10,340 vertices (2,028 trig, 1,586 trig+kin events)
  [2837/3801] nano_2837.root
         -> 17,695 vertices (3,332 trig, 2,625 trig+kin events)
  [2838/3801] nano_2838.root
         -> 11,272 vertices (2,225 trig, 1,749 trig+kin events)
  [2839/3801] nano_2839.root
         -> 18,966 vertices (3,285 trig, 2,562 trig+kin events)
  [2840/3801] nano_2840.root
         -> 14,985 vertices (2,849 trig, 2,255 trig+kin events)
  [2841/3801] nano_2841.root
         -> 17,672 vertices (3,220 trig, 2,564 trig+kin events)
  [2842/3801] nano_2842.root
         -> 17,240 vertices (3,290 trig, 2,620 trig+kin events)
  [2843/3801] nano_2843.root
         -> 12,086 vertices (2,360 trig, 1,868 trig+kin events)
  [2844/3801] nano_2844.root
         -> 9,204 vertices (1,717 trig, 1,384 trig+kin events)
  [2845/3801] nano_2845.root
         -> 16,731 vertices (3,290 trig, 2,633 trig+kin events)
  [2846/3801] nano_2846.root
         -> 17,731 vertices (3,302 trig, 2,578 trig+kin events)
  [2847/3801] nano_2847.root
         -> 12,710 vertices (2,367 trig, 1,909 trig+kin events)
  [2848/3801] nano_2848.root
         -> 18,108 vertices (3,385 trig, 2,664 trig+kin events)
  [2849/3801] nano_2849.root
         -> 14,356 vertices (2,749 trig, 2,171 trig+kin events)
  [2850/3801] nano_2850.root
         -> 9,330 vertices (1,707 trig, 1,354 trig+kin events)
  [2851/3801] nano_2851.root
         -> 17,715 vertices (3,406 trig, 2,673 trig+kin events)
  [2852/3801] nano_2852.root
         -> 15,009 vertices (2,797 trig, 2,249 trig+kin events)
  [2853/3801] nano_2853.root
         -> 16,696 vertices (3,186 trig, 2,516 trig+kin events)
  [2854/3801] nano_2854.root
         -> 17,466 vertices (3,230 trig, 2,533 trig+kin events)
  [2855/3801] nano_2855.root
         -> 18,361 vertices (3,346 trig, 2,644 trig+kin events)
  [2856/3801] nano_2856.root
         -> 9,349 vertices (1,734 trig, 1,362 trig+kin events)
  [2857/3801] nano_2857.root
         -> 17,237 vertices (3,306 trig, 2,604 trig+kin events)
  [2858/3801] nano_2858.root
         -> 18,240 vertices (3,378 trig, 2,686 trig+kin events)
  [2859/3801] nano_2859.root
         -> 9,558 vertices (1,803 trig, 1,403 trig+kin events)
  [2860/3801] nano_2860.root
         -> 11,198 vertices (2,225 trig, 1,746 trig+kin events)
  [2861/3801] nano_2861.root
         -> 15,370 vertices (3,035 trig, 2,382 trig+kin events)
  [2862/3801] nano_2862.root
         -> 17,567 vertices (3,290 trig, 2,577 trig+kin events)
  [2863/3801] nano_2863.root
         -> 9,982 vertices (1,889 trig, 1,484 trig+kin events)
  [2864/3801] nano_2864.root
         -> 10,526 vertices (1,877 trig, 1,493 trig+kin events)
  [2865/3801] nano_2865.root
         -> 17,962 vertices (3,322 trig, 2,658 trig+kin events)
  [2866/3801] nano_2866.root
         -> 9,774 vertices (1,854 trig, 1,472 trig+kin events)
  [2867/3801] nano_2867.root
         -> 11,386 vertices (2,077 trig, 1,660 trig+kin events)
  [2868/3801] nano_2868.root
         -> 14,946 vertices (2,682 trig, 2,134 trig+kin events)
  [2869/3801] nano_2869.root
         -> 17,077 vertices (2,985 trig, 2,350 trig+kin events)
  [2870/3801] nano_2870.root
         -> 12,654 vertices (2,325 trig, 1,815 trig+kin events)
  [2871/3801] nano_2871.root
         -> 2,517 vertices (507 trig, 401 trig+kin events)
  [2872/3801] nano_2872.root
         -> 10,127 vertices (1,775 trig, 1,409 trig+kin events)
  [2873/3801] nano_2873.root
         -> 11,330 vertices (2,045 trig, 1,622 trig+kin events)
  [2874/3801] nano_2874.root
         -> 9,311 vertices (1,766 trig, 1,395 trig+kin events)
  [2875/3801] nano_2875.root
         -> 10,585 vertices (1,937 trig, 1,581 trig+kin events)
  [2876/3801] nano_2876.root
         -> 17,315 vertices (3,224 trig, 2,547 trig+kin events)
  [2877/3801] nano_2877.root
         -> 9,619 vertices (1,811 trig, 1,409 trig+kin events)
  [2878/3801] nano_2878.root
         -> 17,053 vertices (3,211 trig, 2,560 trig+kin events)
  [2879/3801] nano_2879.root
         -> 7,466 vertices (1,383 trig, 1,063 trig+kin events)
  [2880/3801] nano_2880.root
         -> 18,243 vertices (3,302 trig, 2,638 trig+kin events)
  [2881/3801] nano_2881.root
         -> 17,320 vertices (3,174 trig, 2,529 trig+kin events)
  [2882/3801] nano_2882.root
         -> 9,946 vertices (1,800 trig, 1,441 trig+kin events)
  [2883/3801] nano_2883.root
         -> 17,338 vertices (3,228 trig, 2,608 trig+kin events)
  [2884/3801] nano_2884.root
         -> 19,375 vertices (3,376 trig, 2,724 trig+kin events)
  [2885/3801] nano_2885.root
         -> 17,172 vertices (3,186 trig, 2,509 trig+kin events)
  [2886/3801] nano_2886.root
         -> 16,410 vertices (3,291 trig, 2,581 trig+kin events)
  [2887/3801] nano_2887.root
         -> 17,031 vertices (3,173 trig, 2,493 trig+kin events)
  [2888/3801] nano_2888.root
         -> 14,100 vertices (2,833 trig, 2,226 trig+kin events)
  [2889/3801] nano_2889.root
         -> 9,032 vertices (1,687 trig, 1,349 trig+kin events)
  [2890/3801] nano_2890.root
         -> 18,207 vertices (3,372 trig, 2,679 trig+kin events)
  [2891/3801] nano_2891.root
         -> 17,580 vertices (3,323 trig, 2,597 trig+kin events)
  [2892/3801] nano_2892.root
         -> 17,475 vertices (3,288 trig, 2,599 trig+kin events)
  [2893/3801] nano_2893.root
         -> 11,611 vertices (2,047 trig, 1,644 trig+kin events)
  [2894/3801] nano_2894.root
         -> 17,639 vertices (3,251 trig, 2,547 trig+kin events)
  [2895/3801] nano_2895.root
         -> 8,857 vertices (1,734 trig, 1,377 trig+kin events)
  [2896/3801] nano_2896.root
         -> 18,003 vertices (3,280 trig, 2,577 trig+kin events)
  [2897/3801] nano_2897.root
         -> 15,715 vertices (3,041 trig, 2,366 trig+kin events)
  [2898/3801] nano_2898.root
         -> 13,626 vertices (2,436 trig, 1,930 trig+kin events)
  [2899/3801] nano_2899.root
         -> 8,875 vertices (1,777 trig, 1,388 trig+kin events)
  [2900/3801] nano_2900.root
         -> 15,023 vertices (2,653 trig, 2,107 trig+kin events)
  [2901/3801] nano_2901.root
         -> 17,491 vertices (3,212 trig, 2,547 trig+kin events)
  [2902/3801] nano_2902.root
         -> 16,330 vertices (3,174 trig, 2,476 trig+kin events)
  [2903/3801] nano_2903.root
         -> 16,762 vertices (3,181 trig, 2,480 trig+kin events)
  [2904/3801] nano_2904.root
         -> 18,467 vertices (3,255 trig, 2,581 trig+kin events)
  [2905/3801] nano_2905.root
         -> 18,323 vertices (3,378 trig, 2,662 trig+kin events)
  [2906/3801] nano_2906.root
         -> 18,448 vertices (3,320 trig, 2,628 trig+kin events)
  [2907/3801] nano_2907.root
         -> 8,874 vertices (1,757 trig, 1,376 trig+kin events)
  [2908/3801] nano_2908.root
         -> 10,069 vertices (1,851 trig, 1,466 trig+kin events)
  [2909/3801] nano_2909.root
         -> 15,448 vertices (2,931 trig, 2,329 trig+kin events)
  [2910/3801] nano_2910.root
         -> 18,444 vertices (3,232 trig, 2,559 trig+kin events)
  [2911/3801] nano_2911.root
         -> 9,166 vertices (1,762 trig, 1,357 trig+kin events)
  [2912/3801] nano_2912.root
         -> 15,334 vertices (2,628 trig, 2,072 trig+kin events)
  [2913/3801] nano_2913.root
         -> 17,569 vertices (3,295 trig, 2,608 trig+kin events)
  [2914/3801] nano_2914.root
         -> 17,787 vertices (3,348 trig, 2,644 trig+kin events)
  [2915/3801] nano_2915.root
         -> 14,730 vertices (2,706 trig, 2,160 trig+kin events)
  [2916/3801] nano_2916.root
         -> 12,173 vertices (2,319 trig, 1,827 trig+kin events)
  [2917/3801] nano_2917.root
         -> 13,482 vertices (2,474 trig, 1,935 trig+kin events)
  [2918/3801] nano_2918.root
         -> 17,148 vertices (3,221 trig, 2,562 trig+kin events)
  [2919/3801] nano_2919.root
         -> 17,259 vertices (3,208 trig, 2,570 trig+kin events)
  [2920/3801] nano_2920.root
         -> 10,107 vertices (1,772 trig, 1,396 trig+kin events)
  [2921/3801] nano_2921.root
         -> 17,360 vertices (3,270 trig, 2,563 trig+kin events)
  [2922/3801] nano_2922.root
         -> 9,117 vertices (1,741 trig, 1,348 trig+kin events)
  [2923/3801] nano_2923.root
         -> 12,344 vertices (2,223 trig, 1,764 trig+kin events)
  [2924/3801] nano_2924.root
         -> 16,802 vertices (3,278 trig, 2,554 trig+kin events)
  [2925/3801] nano_2925.root
         -> 15,876 vertices (3,038 trig, 2,369 trig+kin events)
  [2926/3801] nano_2926.root
         -> 17,008 vertices (3,082 trig, 2,457 trig+kin events)
  [2927/3801] nano_2927.root
         -> 1,618 vertices (245 trig, 208 trig+kin events)
  [2928/3801] nano_2928.root
         -> 17,999 vertices (3,268 trig, 2,564 trig+kin events)
  [2929/3801] nano_2929.root
         -> 17,150 vertices (3,290 trig, 2,603 trig+kin events)
  [2930/3801] nano_2930.root
         -> 16,195 vertices (2,876 trig, 2,264 trig+kin events)
  [2931/3801] nano_2931.root
         -> 10,898 vertices (1,999 trig, 1,594 trig+kin events)
  [2932/3801] nano_2932.root
         -> 9,658 vertices (1,883 trig, 1,504 trig+kin events)
  [2933/3801] nano_2933.root
         -> 17,083 vertices (3,178 trig, 2,532 trig+kin events)
  [2934/3801] nano_2934.root
         -> 11,440 vertices (2,082 trig, 1,681 trig+kin events)
  [2935/3801] nano_2935.root
         -> 10,433 vertices (2,045 trig, 1,617 trig+kin events)
  [2936/3801] nano_2936.root
         -> 16,218 vertices (3,213 trig, 2,543 trig+kin events)
  [2937/3801] nano_2937.root
         -> 14,312 vertices (2,709 trig, 2,152 trig+kin events)
  [2938/3801] nano_2938.root
         -> 16,155 vertices (3,214 trig, 2,582 trig+kin events)
  [2939/3801] nano_2939.root
         -> 10,068 vertices (1,699 trig, 1,369 trig+kin events)
  [2940/3801] nano_2940.root
         -> 17,128 vertices (3,254 trig, 2,594 trig+kin events)
  [2941/3801] nano_2941.root
         -> 16,701 vertices (3,215 trig, 2,528 trig+kin events)
  [2942/3801] nano_2942.root
         -> 12,089 vertices (2,366 trig, 1,862 trig+kin events)
  [2943/3801] nano_2943.root
         -> 12,086 vertices (2,331 trig, 1,834 trig+kin events)
  [2944/3801] nano_2944.root
         -> 17,179 vertices (3,245 trig, 2,576 trig+kin events)
  [2945/3801] nano_2945.root
         -> 18,271 vertices (3,316 trig, 2,584 trig+kin events)
  [2946/3801] nano_2946.root
         -> 9,022 vertices (1,678 trig, 1,332 trig+kin events)
  [2947/3801] nano_2947.root
         -> 17,059 vertices (3,363 trig, 2,690 trig+kin events)
  [2948/3801] nano_2948.root
         -> 16,908 vertices (3,234 trig, 2,544 trig+kin events)
  [2949/3801] nano_2949.root
         -> 12,921 vertices (2,597 trig, 2,047 trig+kin events)
  [2950/3801] nano_2950.root
         -> 17,177 vertices (3,337 trig, 2,613 trig+kin events)
  [2951/3801] nano_2951.root
         -> 16,969 vertices (3,262 trig, 2,576 trig+kin events)
  [2952/3801] nano_2952.root
         -> 12,922 vertices (2,477 trig, 1,965 trig+kin events)
  [2953/3801] nano_2953.root
         -> 18,063 vertices (3,332 trig, 2,627 trig+kin events)
  [2954/3801] nano_2954.root
         -> 2,246 vertices (427 trig, 353 trig+kin events)
  [2955/3801] nano_2955.root
         -> 17,318 vertices (3,299 trig, 2,575 trig+kin events)
  [2956/3801] nano_2956.root
         -> 11,456 vertices (2,156 trig, 1,720 trig+kin events)
  [2957/3801] nano_2957.root
         -> 13,243 vertices (2,530 trig, 2,020 trig+kin events)
  [2958/3801] nano_2958.root
         -> 10,232 vertices (1,990 trig, 1,577 trig+kin events)
  [2959/3801] nano_2959.root
         -> 10,762 vertices (2,029 trig, 1,592 trig+kin events)
  [2960/3801] nano_2960.root
         -> 17,478 vertices (3,282 trig, 2,577 trig+kin events)
  [2961/3801] nano_2961.root
         -> 11,136 vertices (2,195 trig, 1,728 trig+kin events)
  [2962/3801] nano_2962.root
         -> 14,408 vertices (2,637 trig, 2,055 trig+kin events)
  [2963/3801] nano_2963.root
         -> 9,232 vertices (1,846 trig, 1,444 trig+kin events)
  [2964/3801] nano_2964.root
         -> 17,162 vertices (3,217 trig, 2,501 trig+kin events)
  [2965/3801] nano_2965.root
         -> 9,758 vertices (1,781 trig, 1,398 trig+kin events)
  [2966/3801] nano_2966.root
         -> 17,681 vertices (3,299 trig, 2,591 trig+kin events)
  [2967/3801] nano_2967.root
         -> 18,020 vertices (3,339 trig, 2,612 trig+kin events)
  [2968/3801] nano_2968.root
         -> 11,856 vertices (2,326 trig, 1,803 trig+kin events)
  [2969/3801] nano_2969.root
         -> 9,323 vertices (1,673 trig, 1,342 trig+kin events)
  [2970/3801] nano_2970.root
         -> 17,802 vertices (3,297 trig, 2,599 trig+kin events)
  [2971/3801] nano_2971.root
         -> 18,616 vertices (3,319 trig, 2,662 trig+kin events)
  [2972/3801] nano_2972.root
         -> 9,317 vertices (1,706 trig, 1,366 trig+kin events)
  [2973/3801] nano_2973.root
         -> 17,100 vertices (3,299 trig, 2,613 trig+kin events)
  [2974/3801] nano_2974.root
         -> 10,536 vertices (1,968 trig, 1,565 trig+kin events)
  [2975/3801] nano_2975.root
         -> 16,917 vertices (3,185 trig, 2,529 trig+kin events)
  [2976/3801] nano_2976.root
         -> 9,944 vertices (1,709 trig, 1,354 trig+kin events)
  [2977/3801] nano_2977.root
         -> 17,634 vertices (3,212 trig, 2,586 trig+kin events)
  [2978/3801] nano_2978.root
         -> 17,689 vertices (3,296 trig, 2,609 trig+kin events)
  [2979/3801] nano_2979.root
         -> 17,528 vertices (3,255 trig, 2,577 trig+kin events)
  [2980/3801] nano_2980.root
         -> 17,272 vertices (3,294 trig, 2,638 trig+kin events)
  [2981/3801] nano_2981.root
         -> 16,670 vertices (3,279 trig, 2,574 trig+kin events)
  [2982/3801] nano_2982.root
         -> 13,068 vertices (2,419 trig, 1,911 trig+kin events)
  [2983/3801] nano_2983.root
         -> 17,833 vertices (3,227 trig, 2,548 trig+kin events)
  [2984/3801] nano_2984.root
         -> 13,908 vertices (2,654 trig, 2,107 trig+kin events)
  [2985/3801] nano_2985.root
         -> 17,480 vertices (3,309 trig, 2,627 trig+kin events)
  [2986/3801] nano_2986.root
         -> 16,657 vertices (3,233 trig, 2,548 trig+kin events)
  [2987/3801] nano_2987.root
         -> 17,730 vertices (3,227 trig, 2,522 trig+kin events)
  [2988/3801] nano_2988.root
         -> 17,243 vertices (3,260 trig, 2,570 trig+kin events)
  [2989/3801] nano_2989.root
         -> 14,422 vertices (2,581 trig, 2,041 trig+kin events)
  [2990/3801] nano_2990.root
         -> 18,137 vertices (3,378 trig, 2,683 trig+kin events)
  [2991/3801] nano_2991.root
         -> 10,866 vertices (1,955 trig, 1,590 trig+kin events)
  [2992/3801] nano_2992.root
         -> 9,478 vertices (1,830 trig, 1,455 trig+kin events)
  [2993/3801] nano_2993.root
         -> 13,886 vertices (2,624 trig, 2,058 trig+kin events)
  [2994/3801] nano_2994.root
         -> 17,199 vertices (3,167 trig, 2,527 trig+kin events)
  [2995/3801] nano_2995.root
         -> 17,414 vertices (3,220 trig, 2,521 trig+kin events)
  [2996/3801] nano_2996.root
         -> 18,259 vertices (3,415 trig, 2,674 trig+kin events)
  [2997/3801] nano_2997.root
         -> 17,673 vertices (3,312 trig, 2,607 trig+kin events)
  [2998/3801] nano_2998.root
         -> 9,036 vertices (1,630 trig, 1,321 trig+kin events)
  [2999/3801] nano_2999.root
         -> 16,055 vertices (2,945 trig, 2,364 trig+kin events)
  [3000/3801] nano_3000.root
         -> 12,515 vertices (2,443 trig, 1,930 trig+kin events)
  [3001/3801] nano_3001.root
         -> 12,338 vertices (2,336 trig, 1,861 trig+kin events)
  [3002/3801] nano_3002.root
         -> 18,533 vertices (3,325 trig, 2,630 trig+kin events)
  [3003/3801] nano_3003.root
         -> 12,273 vertices (2,311 trig, 1,811 trig+kin events)
  [3004/3801] nano_3004.root
         -> 16,562 vertices (3,234 trig, 2,525 trig+kin events)
  [3005/3801] nano_3005.root
         -> 18,286 vertices (3,345 trig, 2,632 trig+kin events)
  [3006/3801] nano_3006.root
         -> 17,141 vertices (3,336 trig, 2,601 trig+kin events)
  [3007/3801] nano_3007.root
         -> 5,598 vertices (1,083 trig, 857 trig+kin events)
  [3008/3801] nano_3008.root
         -> 16,842 vertices (3,069 trig, 2,411 trig+kin events)
  [3009/3801] nano_3009.root
         -> 14,069 vertices (2,726 trig, 2,150 trig+kin events)
  [3010/3801] nano_3010.root
         -> 13,821 vertices (2,581 trig, 2,022 trig+kin events)
  [3011/3801] nano_3011.root
         -> 17,344 vertices (3,243 trig, 2,554 trig+kin events)
  [3012/3801] nano_3012.root
         -> 17,903 vertices (3,221 trig, 2,533 trig+kin events)
  [3013/3801] nano_3013.root
         -> 17,202 vertices (3,343 trig, 2,623 trig+kin events)
  [3014/3801] nano_3014.root
         -> 11,444 vertices (2,205 trig, 1,740 trig+kin events)
  [3015/3801] nano_3015.root
         -> 11,062 vertices (2,195 trig, 1,749 trig+kin events)
  [3016/3801] nano_3016.root
         -> 11,663 vertices (2,197 trig, 1,732 trig+kin events)
  [3017/3801] nano_3017.root
         -> 17,352 vertices (3,263 trig, 2,561 trig+kin events)
  [3018/3801] nano_3018.root
         -> 17,329 vertices (3,211 trig, 2,517 trig+kin events)
  [3019/3801] nano_3019.root
         -> 18,287 vertices (3,233 trig, 2,530 trig+kin events)
  [3020/3801] nano_3020.root
         -> 18,224 vertices (3,203 trig, 2,578 trig+kin events)
  [3021/3801] nano_3021.root
         -> 17,580 vertices (3,342 trig, 2,664 trig+kin events)
  [3022/3801] nano_3022.root
         -> 17,066 vertices (3,211 trig, 2,566 trig+kin events)
  [3023/3801] nano_3023.root
         -> 17,701 vertices (3,335 trig, 2,618 trig+kin events)
  [3024/3801] nano_3024.root
         -> 17,529 vertices (3,261 trig, 2,550 trig+kin events)
  [3025/3801] nano_3025.root
         -> 14,886 vertices (2,785 trig, 2,198 trig+kin events)
  [3026/3801] nano_3026.root
         -> 17,404 vertices (3,204 trig, 2,574 trig+kin events)
  [3027/3801] nano_3027.root
         -> 17,618 vertices (3,326 trig, 2,598 trig+kin events)
  [3028/3801] nano_3028.root
         -> 9,520 vertices (1,781 trig, 1,422 trig+kin events)
  [3029/3801] nano_3029.root
         -> 17,800 vertices (3,200 trig, 2,532 trig+kin events)
  [3030/3801] nano_3030.root
         -> 18,435 vertices (3,359 trig, 2,713 trig+kin events)
  [3031/3801] nano_3031.root
         -> 17,214 vertices (3,175 trig, 2,494 trig+kin events)
  [3032/3801] nano_3032.root
         -> 16,137 vertices (3,057 trig, 2,437 trig+kin events)
  [3033/3801] nano_3033.root
         -> 10,161 vertices (1,870 trig, 1,478 trig+kin events)
  [3034/3801] nano_3034.root
         -> 18,384 vertices (3,349 trig, 2,656 trig+kin events)
  [3035/3801] nano_3035.root
         -> 10,505 vertices (1,980 trig, 1,575 trig+kin events)
  [3036/3801] nano_3036.root
         -> 10,913 vertices (2,094 trig, 1,673 trig+kin events)
  [3037/3801] nano_3037.root
         -> 18,507 vertices (3,318 trig, 2,655 trig+kin events)
  [3038/3801] nano_3038.root
         -> 17,326 vertices (3,222 trig, 2,548 trig+kin events)
  [3039/3801] nano_3039.root
         -> 10,562 vertices (1,959 trig, 1,553 trig+kin events)
  [3040/3801] nano_3040.root
         -> 16,134 vertices (3,240 trig, 2,525 trig+kin events)
  [3041/3801] nano_3041.root
         -> 10,081 vertices (1,852 trig, 1,485 trig+kin events)
  [3042/3801] nano_3042.root
         -> 17,809 vertices (3,405 trig, 2,716 trig+kin events)
  [3043/3801] nano_3043.root
         -> 17,562 vertices (3,216 trig, 2,567 trig+kin events)
  [3044/3801] nano_3044.root
         -> 14,038 vertices (2,560 trig, 2,043 trig+kin events)
  [3045/3801] nano_3045.root
         -> 10,567 vertices (1,996 trig, 1,577 trig+kin events)
  [3046/3801] nano_3046.root
         -> 17,192 vertices (3,331 trig, 2,647 trig+kin events)
  [3047/3801] nano_3047.root
         -> 17,639 vertices (3,312 trig, 2,610 trig+kin events)
  [3048/3801] nano_3048.root
         -> 18,335 vertices (3,266 trig, 2,610 trig+kin events)
  [3049/3801] nano_3049.root
         -> 11,274 vertices (2,149 trig, 1,684 trig+kin events)
  [3050/3801] nano_3050.root
         -> 17,431 vertices (3,323 trig, 2,651 trig+kin events)
  [3051/3801] nano_3051.root
         -> 10,108 vertices (1,897 trig, 1,514 trig+kin events)
  [3052/3801] nano_3052.root
         -> 13,164 vertices (2,342 trig, 1,874 trig+kin events)
  [3053/3801] nano_3053.root
         -> 8,534 vertices (1,557 trig, 1,228 trig+kin events)
  [3054/3801] nano_3054.root
         -> 17,638 vertices (3,330 trig, 2,631 trig+kin events)
  [3055/3801] nano_3055.root
         -> 17,179 vertices (3,252 trig, 2,522 trig+kin events)
  [3056/3801] nano_3056.root
         -> 16,734 vertices (3,279 trig, 2,590 trig+kin events)
  [3057/3801] nano_3057.root
         -> 14,023 vertices (2,582 trig, 2,017 trig+kin events)
  [3058/3801] nano_3058.root
         -> 17,580 vertices (3,211 trig, 2,531 trig+kin events)
  [3059/3801] nano_3059.root
         -> 12,237 vertices (2,261 trig, 1,787 trig+kin events)
  [3060/3801] nano_3060.root
         -> 9,110 vertices (1,741 trig, 1,395 trig+kin events)
  [3061/3801] nano_3061.root
         -> 5,489 vertices (1,107 trig, 867 trig+kin events)
  [3062/3801] nano_3062.root
         -> 17,231 vertices (3,226 trig, 2,571 trig+kin events)
  [3063/3801] nano_3063.root
         -> 17,442 vertices (3,307 trig, 2,636 trig+kin events)
  [3064/3801] nano_3064.root
         -> 18,399 vertices (3,337 trig, 2,637 trig+kin events)
  [3065/3801] nano_3065.root
         -> 17,110 vertices (3,263 trig, 2,586 trig+kin events)
  [3066/3801] nano_3066.root
         -> 18,117 vertices (3,392 trig, 2,688 trig+kin events)
  [3067/3801] nano_3067.root
         -> 17,678 vertices (3,288 trig, 2,564 trig+kin events)
  [3068/3801] nano_3068.root
         -> 12,236 vertices (2,394 trig, 1,891 trig+kin events)
  [3069/3801] nano_3069.root
         -> 8,985 vertices (1,809 trig, 1,406 trig+kin events)
  [3070/3801] nano_3070.root
         -> 18,312 vertices (3,272 trig, 2,595 trig+kin events)
  [3071/3801] nano_3071.root
         -> 16,743 vertices (3,134 trig, 2,444 trig+kin events)
  [3072/3801] nano_3072.root
         -> 17,851 vertices (3,246 trig, 2,551 trig+kin events)
  [3073/3801] nano_3073.root
         -> 13,060 vertices (2,509 trig, 1,963 trig+kin events)
  [3074/3801] nano_3074.root
         -> 13,744 vertices (2,455 trig, 1,947 trig+kin events)
  [3075/3801] nano_3075.root
         -> 12,164 vertices (2,173 trig, 1,737 trig+kin events)
  [3076/3801] nano_3076.root
         -> 16,996 vertices (3,240 trig, 2,574 trig+kin events)
  [3077/3801] nano_3077.root
         -> 7,398 vertices (1,385 trig, 1,105 trig+kin events)
  [3078/3801] nano_3078.root
         -> 11,897 vertices (2,182 trig, 1,740 trig+kin events)
  [3079/3801] nano_3079.root
         -> 9,104 vertices (1,685 trig, 1,348 trig+kin events)
  [3080/3801] nano_3080.root
         -> 10,943 vertices (1,980 trig, 1,568 trig+kin events)
  [3081/3801] nano_3081.root
         -> 17,292 vertices (3,194 trig, 2,508 trig+kin events)
  [3082/3801] nano_3082.root
         -> 9,680 vertices (1,811 trig, 1,446 trig+kin events)
  [3083/3801] nano_3083.root
         -> 10,934 vertices (2,031 trig, 1,604 trig+kin events)
  [3084/3801] nano_3084.root
         -> 18,995 vertices (3,406 trig, 2,689 trig+kin events)
  [3085/3801] nano_3085.root
         -> 17,360 vertices (3,310 trig, 2,593 trig+kin events)
  [3086/3801] nano_3086.root
         -> 13,439 vertices (2,664 trig, 2,133 trig+kin events)
  [3087/3801] nano_3087.root
         -> 10,300 vertices (1,914 trig, 1,508 trig+kin events)
  [3088/3801] nano_3088.root
         -> 18,227 vertices (3,254 trig, 2,520 trig+kin events)
  [3089/3801] nano_3089.root
         -> 696 vertices (145 trig, 121 trig+kin events)
  [3090/3801] nano_3090.root
         -> 17,102 vertices (3,259 trig, 2,561 trig+kin events)
  [3091/3801] nano_3091.root
         -> 16,999 vertices (3,106 trig, 2,472 trig+kin events)
  [3092/3801] nano_3092.root
         -> 18,096 vertices (3,255 trig, 2,557 trig+kin events)
  [3093/3801] nano_3093.root
         -> 13,560 vertices (2,603 trig, 2,071 trig+kin events)
  [3094/3801] nano_3094.root
         -> 13,978 vertices (2,703 trig, 2,151 trig+kin events)
  [3095/3801] nano_3095.root
         -> 9,565 vertices (1,757 trig, 1,378 trig+kin events)
  [3096/3801] nano_3096.root
         -> 12,550 vertices (2,382 trig, 1,844 trig+kin events)
  [3097/3801] nano_3097.root
         -> 16,584 vertices (3,272 trig, 2,584 trig+kin events)
  [3098/3801] nano_3098.root
         -> 17,084 vertices (3,265 trig, 2,547 trig+kin events)
  [3099/3801] nano_3099.root
         -> 16,833 vertices (3,290 trig, 2,607 trig+kin events)
  [3100/3801] nano_3100.root
         -> 16,771 vertices (3,025 trig, 2,399 trig+kin events)
  [3101/3801] nano_3101.root
         -> 11,546 vertices (2,283 trig, 1,808 trig+kin events)
  [3102/3801] nano_3102.root
         -> 18,113 vertices (3,320 trig, 2,651 trig+kin events)
  [3103/3801] nano_3103.root
         -> 15,320 vertices (2,954 trig, 2,368 trig+kin events)
  [3104/3801] nano_3104.root
         -> 11,631 vertices (2,124 trig, 1,679 trig+kin events)
  [3105/3801] nano_3105.root
         -> 17,560 vertices (3,205 trig, 2,513 trig+kin events)
  [3106/3801] nano_3106.root
         -> 14,881 vertices (2,758 trig, 2,153 trig+kin events)
  [3107/3801] nano_3107.root
         -> 17,734 vertices (3,308 trig, 2,626 trig+kin events)
  [3108/3801] nano_3108.root
         -> 9,796 vertices (1,937 trig, 1,531 trig+kin events)
  [3109/3801] nano_3109.root
         -> 18,258 vertices (3,271 trig, 2,588 trig+kin events)
  [3110/3801] nano_3110.root
         -> 9,586 vertices (1,879 trig, 1,466 trig+kin events)
  [3111/3801] nano_3111.root
         -> 18,084 vertices (3,372 trig, 2,665 trig+kin events)
  [3112/3801] nano_3112.root
         -> 14,208 vertices (2,645 trig, 2,116 trig+kin events)
  [3113/3801] nano_3113.root
         -> 16,971 vertices (3,281 trig, 2,605 trig+kin events)
  [3114/3801] nano_3114.root
         -> 13,134 vertices (2,566 trig, 2,015 trig+kin events)
  [3115/3801] nano_3115.root
         -> 18,392 vertices (3,305 trig, 2,630 trig+kin events)
  [3116/3801] nano_3116.root
         -> 12,514 vertices (2,324 trig, 1,847 trig+kin events)
  [3117/3801] nano_3117.root
         -> 14,355 vertices (2,752 trig, 2,218 trig+kin events)
  [3118/3801] nano_3118.root
         -> 17,975 vertices (3,278 trig, 2,630 trig+kin events)
  [3119/3801] nano_3119.root
         -> 17,728 vertices (3,331 trig, 2,644 trig+kin events)
  [3120/3801] nano_3120.root
         -> 13,600 vertices (2,575 trig, 2,030 trig+kin events)
  [3121/3801] nano_3121.root
         -> 9,054 vertices (1,681 trig, 1,362 trig+kin events)
  [3122/3801] nano_3122.root
         -> 17,181 vertices (3,159 trig, 2,476 trig+kin events)
  [3123/3801] nano_3123.root
         -> 9,452 vertices (1,737 trig, 1,379 trig+kin events)
  [3124/3801] nano_3124.root
         -> 17,656 vertices (3,264 trig, 2,552 trig+kin events)
  [3125/3801] nano_3125.root
         -> 17,357 vertices (3,242 trig, 2,547 trig+kin events)
  [3126/3801] nano_3126.root
         -> 17,633 vertices (3,316 trig, 2,589 trig+kin events)
  [3127/3801] nano_3127.root
         -> 17,693 vertices (3,256 trig, 2,583 trig+kin events)
  [3128/3801] nano_3128.root
         -> 4,884 vertices (844 trig, 683 trig+kin events)
  [3129/3801] nano_3129.root
         -> 12,717 vertices (2,397 trig, 1,883 trig+kin events)
  [3130/3801] nano_3130.root
         -> 17,042 vertices (3,230 trig, 2,547 trig+kin events)
  [3131/3801] nano_3131.root
         -> 9,708 vertices (1,759 trig, 1,405 trig+kin events)
  [3132/3801] nano_3132.root
         -> 17,470 vertices (3,324 trig, 2,647 trig+kin events)
  [3133/3801] nano_3133.root
         -> 17,593 vertices (3,347 trig, 2,662 trig+kin events)
  [3134/3801] nano_3134.root
         -> 16,720 vertices (3,288 trig, 2,628 trig+kin events)
  [3135/3801] nano_3135.root
         -> 16,130 vertices (3,019 trig, 2,382 trig+kin events)
  [3136/3801] nano_3136.root
         -> 17,380 vertices (3,356 trig, 2,618 trig+kin events)
  [3137/3801] nano_3137.root
         -> 12,432 vertices (2,295 trig, 1,832 trig+kin events)
  [3138/3801] nano_3138.root
         -> 9,133 vertices (1,682 trig, 1,343 trig+kin events)
  [3139/3801] nano_3139.root
         -> 18,793 vertices (3,289 trig, 2,614 trig+kin events)
  [3140/3801] nano_3140.root
         -> 15,809 vertices (3,188 trig, 2,527 trig+kin events)
  [3141/3801] nano_3141.root
         -> 15,460 vertices (2,938 trig, 2,341 trig+kin events)
  [3142/3801] nano_3142.root
         -> 15,099 vertices (2,886 trig, 2,260 trig+kin events)
  [3143/3801] nano_3143.root
         -> 11,987 vertices (2,316 trig, 1,812 trig+kin events)
  [3144/3801] nano_3144.root
         -> 11,488 vertices (2,093 trig, 1,658 trig+kin events)
  [3145/3801] nano_3145.root
         -> 16,389 vertices (3,211 trig, 2,535 trig+kin events)
  [3146/3801] nano_3146.root
         -> 17,994 vertices (3,310 trig, 2,637 trig+kin events)
  [3147/3801] nano_3147.root
         -> 17,273 vertices (3,308 trig, 2,589 trig+kin events)
  [3148/3801] nano_3148.root
         -> 18,634 vertices (3,357 trig, 2,670 trig+kin events)
  [3149/3801] nano_3149.root
         -> 10,747 vertices (1,994 trig, 1,596 trig+kin events)
  [3150/3801] nano_3150.root
         -> 18,769 vertices (3,380 trig, 2,700 trig+kin events)
  [3151/3801] nano_3151.root
         -> 9,095 vertices (1,655 trig, 1,302 trig+kin events)
  [3152/3801] nano_3152.root
         -> 16,658 vertices (3,260 trig, 2,577 trig+kin events)
  [3153/3801] nano_3153.root
         -> 17,759 vertices (3,313 trig, 2,610 trig+kin events)
  [3154/3801] nano_3154.root
         -> 4,226 vertices (847 trig, 682 trig+kin events)
  [3155/3801] nano_3155.root
         -> 18,999 vertices (3,324 trig, 2,615 trig+kin events)
  [3156/3801] nano_3156.root
         -> 17,156 vertices (3,283 trig, 2,576 trig+kin events)
  [3157/3801] nano_3157.root
         -> 1,333 vertices (190 trig, 163 trig+kin events)
  [3158/3801] nano_3158.root
         -> 18,154 vertices (3,355 trig, 2,695 trig+kin events)
  [3159/3801] nano_3159.root
         -> 13,544 vertices (2,498 trig, 1,965 trig+kin events)
  [3160/3801] nano_3160.root
         -> 17,156 vertices (3,314 trig, 2,628 trig+kin events)
  [3161/3801] nano_3161.root
         -> 10,119 vertices (1,778 trig, 1,427 trig+kin events)
  [3162/3801] nano_3162.root
         -> 12,703 vertices (2,304 trig, 1,825 trig+kin events)
  [3163/3801] nano_3163.root
         -> 18,077 vertices (3,232 trig, 2,563 trig+kin events)
  [3164/3801] nano_3164.root
         -> 11,547 vertices (2,187 trig, 1,736 trig+kin events)
  [3165/3801] nano_3165.root
         -> 12,779 vertices (2,315 trig, 1,825 trig+kin events)
  [3166/3801] nano_3166.root
         -> 15,876 vertices (3,233 trig, 2,545 trig+kin events)
  [3167/3801] nano_3167.root
         -> 11,807 vertices (2,199 trig, 1,761 trig+kin events)
  [3168/3801] nano_3168.root
         -> 17,737 vertices (3,350 trig, 2,658 trig+kin events)
  [3169/3801] nano_3169.root
         -> 18,289 vertices (3,285 trig, 2,578 trig+kin events)
  [3170/3801] nano_3170.root
         -> 17,489 vertices (3,245 trig, 2,538 trig+kin events)
  [3171/3801] nano_3171.root
         -> 9,706 vertices (1,717 trig, 1,373 trig+kin events)
  [3172/3801] nano_3172.root
         -> 9,832 vertices (1,842 trig, 1,445 trig+kin events)
  [3173/3801] nano_3173.root
         -> 17,710 vertices (3,259 trig, 2,553 trig+kin events)
  [3174/3801] nano_3174.root
         -> 15,187 vertices (2,698 trig, 2,173 trig+kin events)
  [3175/3801] nano_3175.root
         -> 9,385 vertices (1,836 trig, 1,451 trig+kin events)
  [3176/3801] nano_3176.root
         -> 15,743 vertices (2,979 trig, 2,336 trig+kin events)
  [3177/3801] nano_3177.root
         -> 17,154 vertices (3,184 trig, 2,497 trig+kin events)
  [3178/3801] nano_3178.root
         -> 13,927 vertices (2,653 trig, 2,077 trig+kin events)
  [3179/3801] nano_3179.root
         -> 18,465 vertices (3,363 trig, 2,664 trig+kin events)
  [3180/3801] nano_3180.root
         -> 17,155 vertices (3,245 trig, 2,555 trig+kin events)
  [3181/3801] nano_3181.root
         -> 17,216 vertices (3,403 trig, 2,660 trig+kin events)
  [3182/3801] nano_3182.root
         -> 17,221 vertices (3,196 trig, 2,547 trig+kin events)
  [3183/3801] nano_3183.root
         -> 14,317 vertices (2,735 trig, 2,168 trig+kin events)
  [3184/3801] nano_3184.root
         -> 10,223 vertices (1,905 trig, 1,487 trig+kin events)
  [3185/3801] nano_3185.root
         -> 16,766 vertices (3,291 trig, 2,556 trig+kin events)
  [3186/3801] nano_3186.root
         -> 17,600 vertices (3,299 trig, 2,617 trig+kin events)
  [3187/3801] nano_3187.root
         -> 17,461 vertices (3,275 trig, 2,579 trig+kin events)
  [3188/3801] nano_3188.root
         -> 15,815 vertices (3,240 trig, 2,542 trig+kin events)
  [3189/3801] nano_3189.root
         -> 15,393 vertices (2,730 trig, 2,159 trig+kin events)
  [3190/3801] nano_3190.root
         -> 8,888 vertices (1,651 trig, 1,310 trig+kin events)
  [3191/3801] nano_3191.root
         -> 17,899 vertices (3,234 trig, 2,571 trig+kin events)
  [3192/3801] nano_3192.root
         -> 10,960 vertices (2,133 trig, 1,675 trig+kin events)
  [3193/3801] nano_3193.root
         -> 17,605 vertices (3,261 trig, 2,581 trig+kin events)
  [3194/3801] nano_3194.root
         -> 12,472 vertices (2,298 trig, 1,838 trig+kin events)
  [3195/3801] nano_3195.root
         -> 9,070 vertices (1,822 trig, 1,438 trig+kin events)
  [3196/3801] nano_3196.root
         -> 17,418 vertices (3,287 trig, 2,615 trig+kin events)
  [3197/3801] nano_3197.root
         -> 17,892 vertices (3,265 trig, 2,567 trig+kin events)
  [3198/3801] nano_3198.root
         -> 15,355 vertices (2,925 trig, 2,289 trig+kin events)
  [3199/3801] nano_3199.root
         -> 9,062 vertices (1,807 trig, 1,400 trig+kin events)
  [3200/3801] nano_3200.root
         -> 17,589 vertices (3,220 trig, 2,553 trig+kin events)
  [3201/3801] nano_3201.root
         -> 9,344 vertices (1,862 trig, 1,445 trig+kin events)
  [3202/3801] nano_3202.root
         -> 18,270 vertices (3,297 trig, 2,632 trig+kin events)
  [3203/3801] nano_3203.root
         -> 14,296 vertices (2,653 trig, 2,062 trig+kin events)
  [3204/3801] nano_3204.root
         -> 8,557 vertices (1,667 trig, 1,298 trig+kin events)
  [3205/3801] nano_3205.root
         -> 17,575 vertices (3,232 trig, 2,519 trig+kin events)
  [3206/3801] nano_3206.root
         -> 12,557 vertices (2,316 trig, 1,875 trig+kin events)
  [3207/3801] nano_3207.root
         -> 17,308 vertices (3,266 trig, 2,610 trig+kin events)
  [3208/3801] nano_3208.root
         -> 9,237 vertices (1,753 trig, 1,384 trig+kin events)
  [3209/3801] nano_3209.root
         -> 17,523 vertices (3,231 trig, 2,572 trig+kin events)
  [3210/3801] nano_3210.root
         -> 16,647 vertices (3,218 trig, 2,521 trig+kin events)
  [3211/3801] nano_3211.root
         -> 9,974 vertices (1,834 trig, 1,435 trig+kin events)
  [3212/3801] nano_3212.root
         -> 19,087 vertices (3,379 trig, 2,686 trig+kin events)
  [3213/3801] nano_3213.root
         -> 17,574 vertices (3,233 trig, 2,582 trig+kin events)
  [3214/3801] nano_3214.root
         -> 9,517 vertices (1,834 trig, 1,450 trig+kin events)
  [3215/3801] nano_3215.root
         -> 14,689 vertices (2,848 trig, 2,267 trig+kin events)
  [3216/3801] nano_3216.root
         -> 10,436 vertices (1,994 trig, 1,563 trig+kin events)
  [3217/3801] nano_3217.root
         -> 10,189 vertices (2,015 trig, 1,600 trig+kin events)
  [3218/3801] nano_3218.root
         -> 9,300 vertices (1,654 trig, 1,347 trig+kin events)
  [3219/3801] nano_3219.root
         -> 16,778 vertices (3,145 trig, 2,474 trig+kin events)
  [3220/3801] nano_3220.root
         -> 18,297 vertices (3,300 trig, 2,602 trig+kin events)
  [3221/3801] nano_3221.root
         -> 16,793 vertices (3,306 trig, 2,582 trig+kin events)
  [3222/3801] nano_3222.root
         -> 15,839 vertices (3,117 trig, 2,441 trig+kin events)
  [3223/3801] nano_3223.root
         -> 4,975 vertices (929 trig, 726 trig+kin events)
  [3224/3801] nano_3224.root
         -> 18,441 vertices (3,236 trig, 2,567 trig+kin events)
  [3225/3801] nano_3225.root
         -> 18,309 vertices (3,344 trig, 2,675 trig+kin events)
  [3226/3801] nano_3226.root
         -> 17,575 vertices (3,298 trig, 2,602 trig+kin events)
  [3227/3801] nano_3227.root
         -> 17,843 vertices (3,241 trig, 2,571 trig+kin events)
  [3228/3801] nano_3228.root
         -> 15,078 vertices (2,821 trig, 2,194 trig+kin events)
  [3229/3801] nano_3229.root
         -> 10,857 vertices (1,948 trig, 1,556 trig+kin events)
  [3230/3801] nano_3230.root
         -> 17,207 vertices (3,287 trig, 2,573 trig+kin events)
  [3231/3801] nano_3231.root
         -> 9,570 vertices (1,866 trig, 1,486 trig+kin events)
  [3232/3801] nano_3232.root
         -> 17,340 vertices (3,128 trig, 2,467 trig+kin events)
  [3233/3801] nano_3233.root
         -> 14,098 vertices (2,732 trig, 2,136 trig+kin events)
  [3234/3801] nano_3234.root
         -> 18,293 vertices (3,276 trig, 2,605 trig+kin events)
  [3235/3801] nano_3235.root
         -> 9,481 vertices (1,845 trig, 1,464 trig+kin events)
  [3236/3801] nano_3236.root
         -> 17,625 vertices (3,259 trig, 2,579 trig+kin events)
  [3237/3801] nano_3237.root
         -> 14,918 vertices (2,772 trig, 2,202 trig+kin events)
  [3238/3801] nano_3238.root
         -> 16,897 vertices (3,262 trig, 2,595 trig+kin events)
  [3239/3801] nano_3239.root
         -> 17,783 vertices (3,249 trig, 2,559 trig+kin events)
  [3240/3801] nano_3240.root
         -> 18,525 vertices (3,348 trig, 2,638 trig+kin events)
  [3241/3801] nano_3241.root
         -> 17,548 vertices (3,232 trig, 2,543 trig+kin events)
  [3242/3801] nano_3242.root
         -> 9,066 vertices (1,659 trig, 1,295 trig+kin events)
  [3243/3801] nano_3243.root
         -> 6,613 vertices (1,312 trig, 1,052 trig+kin events)
  [3244/3801] nano_3244.root
         -> 15,178 vertices (2,857 trig, 2,245 trig+kin events)
  [3245/3801] nano_3245.root
         -> 11,424 vertices (2,144 trig, 1,707 trig+kin events)
  [3246/3801] nano_3246.root
         -> 8,855 vertices (1,708 trig, 1,352 trig+kin events)
  [3247/3801] nano_3247.root
         -> 17,973 vertices (3,256 trig, 2,582 trig+kin events)
  [3248/3801] nano_3248.root
         -> 16,413 vertices (3,275 trig, 2,578 trig+kin events)
  [3249/3801] nano_3249.root
         -> 17,259 vertices (3,339 trig, 2,643 trig+kin events)
  [3250/3801] nano_3250.root
         -> 18,557 vertices (3,367 trig, 2,672 trig+kin events)
  [3251/3801] nano_3251.root
         -> 10,358 vertices (1,985 trig, 1,570 trig+kin events)
  [3252/3801] nano_3252.root
         -> 17,263 vertices (3,316 trig, 2,622 trig+kin events)
  [3253/3801] nano_3253.root
         -> 18,274 vertices (3,341 trig, 2,658 trig+kin events)
  [3254/3801] nano_3254.root
         -> 17,198 vertices (3,311 trig, 2,652 trig+kin events)
  [3255/3801] nano_3255.root
         -> 17,373 vertices (3,266 trig, 2,610 trig+kin events)
  [3256/3801] nano_3256.root
         -> 17,441 vertices (3,253 trig, 2,569 trig+kin events)
  [3257/3801] nano_3257.root
         -> 17,385 vertices (3,222 trig, 2,582 trig+kin events)
  [3258/3801] nano_3258.root
         -> 16,739 vertices (3,331 trig, 2,609 trig+kin events)
  [3259/3801] nano_3259.root
         -> 17,867 vertices (3,189 trig, 2,528 trig+kin events)
  [3260/3801] nano_3260.root
         -> 17,411 vertices (3,267 trig, 2,577 trig+kin events)
  [3261/3801] nano_3261.root
         -> 18,724 vertices (3,383 trig, 2,648 trig+kin events)
  [3262/3801] nano_3262.root
         -> 18,584 vertices (3,348 trig, 2,679 trig+kin events)
  [3263/3801] nano_3263.root
         -> 11,778 vertices (2,358 trig, 1,821 trig+kin events)
  [3264/3801] nano_3264.root
         -> 17,716 vertices (3,353 trig, 2,624 trig+kin events)
  [3265/3801] nano_3265.root
         -> 15,387 vertices (2,959 trig, 2,340 trig+kin events)
  [3266/3801] nano_3266.root
         -> 16,854 vertices (3,297 trig, 2,611 trig+kin events)
  [3267/3801] nano_3267.root
         -> 17,524 vertices (3,289 trig, 2,654 trig+kin events)
  [3268/3801] nano_3268.root
         -> 9,150 vertices (1,682 trig, 1,340 trig+kin events)
  [3269/3801] nano_3269.root
         -> 18,068 vertices (3,346 trig, 2,673 trig+kin events)
  [3270/3801] nano_3270.root
         -> 17,554 vertices (3,275 trig, 2,598 trig+kin events)
  [3271/3801] nano_3271.root
         -> 16,396 vertices (3,152 trig, 2,439 trig+kin events)
  [3272/3801] nano_3272.root
         -> 10,351 vertices (2,034 trig, 1,595 trig+kin events)
  [3273/3801] nano_3273.root
         -> 9,988 vertices (1,856 trig, 1,458 trig+kin events)
  [3274/3801] nano_3274.root
         -> 9,427 vertices (1,877 trig, 1,475 trig+kin events)
  [3275/3801] nano_3275.root
         -> 18,395 vertices (3,280 trig, 2,562 trig+kin events)
  [3276/3801] nano_3276.root
         -> 13,914 vertices (2,470 trig, 1,975 trig+kin events)
  [3277/3801] nano_3277.root
         -> 18,194 vertices (3,358 trig, 2,668 trig+kin events)
  [3278/3801] nano_3278.root
         -> 18,671 vertices (3,528 trig, 2,795 trig+kin events)
  [3279/3801] nano_3279.root
         -> 12,902 vertices (2,439 trig, 1,920 trig+kin events)
  [3280/3801] nano_3280.root
         -> 13,105 vertices (2,506 trig, 1,934 trig+kin events)
  [3281/3801] nano_3281.root
         -> 12,045 vertices (2,308 trig, 1,842 trig+kin events)
  [3282/3801] nano_3282.root
         -> 17,615 vertices (3,362 trig, 2,645 trig+kin events)
  [3283/3801] nano_3283.root
         -> 17,809 vertices (3,316 trig, 2,648 trig+kin events)
  [3284/3801] nano_3284.root
         -> 14,716 vertices (2,924 trig, 2,325 trig+kin events)
  [3285/3801] nano_3285.root
         -> 17,595 vertices (3,319 trig, 2,585 trig+kin events)
  [3286/3801] nano_3286.root
         -> 15,039 vertices (2,852 trig, 2,237 trig+kin events)
  [3287/3801] nano_3287.root
         -> 16,798 vertices (3,312 trig, 2,618 trig+kin events)
  [3288/3801] nano_3288.root
         -> 14,623 vertices (2,787 trig, 2,193 trig+kin events)
  [3289/3801] nano_3289.root
         -> 9,159 vertices (1,672 trig, 1,300 trig+kin events)
  [3290/3801] nano_3290.root
         -> 17,196 vertices (3,196 trig, 2,523 trig+kin events)
  [3291/3801] nano_3291.root
         -> 17,375 vertices (3,340 trig, 2,634 trig+kin events)
  [3292/3801] nano_3292.root
         -> 17,926 vertices (3,347 trig, 2,655 trig+kin events)
  [3293/3801] nano_3293.root
         -> 5,983 vertices (1,128 trig, 885 trig+kin events)
  [3294/3801] nano_3294.root
         -> 16,551 vertices (3,252 trig, 2,541 trig+kin events)
  [3295/3801] nano_3295.root
         -> 18,062 vertices (3,320 trig, 2,660 trig+kin events)
  [3296/3801] nano_3296.root
         -> 17,731 vertices (3,224 trig, 2,553 trig+kin events)
  [3297/3801] nano_3297.root
         -> 9,154 vertices (1,743 trig, 1,387 trig+kin events)
  [3298/3801] nano_3298.root
         -> 11,266 vertices (2,019 trig, 1,580 trig+kin events)
  [3299/3801] nano_3299.root
         -> 14,018 vertices (2,648 trig, 2,075 trig+kin events)
  [3300/3801] nano_3300.root
         -> 9,507 vertices (1,757 trig, 1,396 trig+kin events)
  [3301/3801] nano_3301.root
         -> 17,090 vertices (3,349 trig, 2,627 trig+kin events)
  [3302/3801] nano_3302.root
         -> 839 vertices (167 trig, 125 trig+kin events)
  [3303/3801] nano_3303.root
         -> 18,396 vertices (3,228 trig, 2,561 trig+kin events)
  [3304/3801] nano_3304.root
         -> 17,550 vertices (3,277 trig, 2,588 trig+kin events)
  [3305/3801] nano_3305.root
         -> 14,847 vertices (2,803 trig, 2,205 trig+kin events)
  [3306/3801] nano_3306.root
         -> 17,359 vertices (3,254 trig, 2,573 trig+kin events)
  [3307/3801] nano_3307.root
         -> 13,832 vertices (2,619 trig, 2,075 trig+kin events)
  [3308/3801] nano_3308.root
         -> 12,901 vertices (2,399 trig, 1,892 trig+kin events)
  [3309/3801] nano_3309.root
         -> 13,940 vertices (2,528 trig, 2,002 trig+kin events)
  [3310/3801] nano_3310.root
         -> 19,399 vertices (3,402 trig, 2,673 trig+kin events)
  [3311/3801] nano_3311.root
         -> 9,761 vertices (1,823 trig, 1,441 trig+kin events)
  [3312/3801] nano_3312.root
         -> 17,504 vertices (3,238 trig, 2,594 trig+kin events)
  [3313/3801] nano_3313.root
         -> 17,919 vertices (3,273 trig, 2,566 trig+kin events)
  [3314/3801] nano_3314.root
         -> 17,934 vertices (3,341 trig, 2,615 trig+kin events)
  [3315/3801] nano_3315.root
         -> 8,344 vertices (1,672 trig, 1,334 trig+kin events)
  [3316/3801] nano_3316.root
         -> 16,171 vertices (3,144 trig, 2,457 trig+kin events)
  [3317/3801] nano_3317.root
         -> 18,871 vertices (3,283 trig, 2,644 trig+kin events)
  [3318/3801] nano_3318.root
         -> 11,407 vertices (2,189 trig, 1,749 trig+kin events)
  [3319/3801] nano_3319.root
         -> 18,611 vertices (3,324 trig, 2,661 trig+kin events)
  [3320/3801] nano_3320.root
         -> 12,456 vertices (2,390 trig, 1,853 trig+kin events)
  [3321/3801] nano_3321.root
         -> 17,459 vertices (3,302 trig, 2,634 trig+kin events)
  [3322/3801] nano_3322.root
         -> 17,479 vertices (3,401 trig, 2,679 trig+kin events)
  [3323/3801] nano_3323.root
         -> 17,377 vertices (3,247 trig, 2,569 trig+kin events)
  [3324/3801] nano_3324.root
         -> 17,373 vertices (3,247 trig, 2,540 trig+kin events)
  [3325/3801] nano_3325.root
         -> 15,006 vertices (2,787 trig, 2,206 trig+kin events)
  [3326/3801] nano_3326.root
         -> 10,289 vertices (1,973 trig, 1,571 trig+kin events)
  [3327/3801] nano_3327.root
         -> 18,739 vertices (3,398 trig, 2,684 trig+kin events)
  [3328/3801] nano_3328.root
         -> 16,889 vertices (3,165 trig, 2,526 trig+kin events)
  [3329/3801] nano_3329.root
         -> 16,497 vertices (3,025 trig, 2,377 trig+kin events)
  [3330/3801] nano_3330.root
         -> 18,217 vertices (3,277 trig, 2,590 trig+kin events)
  [3331/3801] nano_3331.root
         -> 17,837 vertices (3,274 trig, 2,600 trig+kin events)
  [3332/3801] nano_3332.root
         -> 10,608 vertices (2,010 trig, 1,571 trig+kin events)
  [3333/3801] nano_3333.root
         -> 15,295 vertices (2,836 trig, 2,250 trig+kin events)
  [3334/3801] nano_3334.root
         -> 17,769 vertices (3,265 trig, 2,561 trig+kin events)
  [3335/3801] nano_3335.root
         -> 16,969 vertices (3,250 trig, 2,570 trig+kin events)
  [3336/3801] nano_3336.root
         -> 11,749 vertices (2,229 trig, 1,744 trig+kin events)
  [3337/3801] nano_3337.root
         -> 14,743 vertices (2,617 trig, 2,100 trig+kin events)
  [3338/3801] nano_3338.root
         -> 18,723 vertices (3,348 trig, 2,693 trig+kin events)
  [3339/3801] nano_3339.root
         -> 10,116 vertices (1,859 trig, 1,449 trig+kin events)
  [3340/3801] nano_3340.root
         -> 18,405 vertices (3,321 trig, 2,624 trig+kin events)
  [3341/3801] nano_3341.root
         -> 8,968 vertices (1,717 trig, 1,365 trig+kin events)
  [3342/3801] nano_3342.root
         -> 17,000 vertices (3,264 trig, 2,606 trig+kin events)
  [3343/3801] nano_3343.root
         -> 18,477 vertices (3,371 trig, 2,723 trig+kin events)
  [3344/3801] nano_3344.root
         -> 17,214 vertices (3,243 trig, 2,567 trig+kin events)
  [3345/3801] nano_3345.root
         -> 16,378 vertices (2,936 trig, 2,319 trig+kin events)
  [3346/3801] nano_3346.root
         -> 17,820 vertices (3,352 trig, 2,628 trig+kin events)
  [3347/3801] nano_3347.root
         -> 16,659 vertices (3,233 trig, 2,536 trig+kin events)
  [3348/3801] nano_3348.root
         -> 9,289 vertices (1,709 trig, 1,346 trig+kin events)
  [3349/3801] nano_3349.root
         -> 17,847 vertices (3,277 trig, 2,585 trig+kin events)
  [3350/3801] nano_3350.root
         -> 17,458 vertices (3,233 trig, 2,570 trig+kin events)
  [3351/3801] nano_3351.root
         -> 16,025 vertices (2,907 trig, 2,271 trig+kin events)
  [3352/3801] nano_3352.root
         -> 10,497 vertices (2,026 trig, 1,584 trig+kin events)
  [3353/3801] nano_3353.root
         -> 12,911 vertices (2,473 trig, 1,980 trig+kin events)
  [3354/3801] nano_3354.root
         -> 18,936 vertices (3,358 trig, 2,657 trig+kin events)
  [3355/3801] nano_3355.root
         -> 12,857 vertices (2,426 trig, 1,924 trig+kin events)
  [3356/3801] nano_3356.root
         -> 9,939 vertices (1,845 trig, 1,462 trig+kin events)
  [3357/3801] nano_3357.root
         -> 17,754 vertices (3,246 trig, 2,551 trig+kin events)
  [3358/3801] nano_3358.root
         -> 14,519 vertices (2,567 trig, 2,012 trig+kin events)
  [3359/3801] nano_3359.root
         -> 18,538 vertices (3,363 trig, 2,660 trig+kin events)
  [3360/3801] nano_3360.root
         -> 17,768 vertices (3,216 trig, 2,548 trig+kin events)
  [3361/3801] nano_3361.root
         -> 17,565 vertices (3,226 trig, 2,551 trig+kin events)
  [3362/3801] nano_3362.root
         -> 17,649 vertices (3,201 trig, 2,556 trig+kin events)
  [3363/3801] nano_3363.root
         -> 16,830 vertices (3,244 trig, 2,535 trig+kin events)
  [3364/3801] nano_3364.root
         -> 13,591 vertices (2,408 trig, 1,853 trig+kin events)
  [3365/3801] nano_3365.root
         -> 18,199 vertices (3,311 trig, 2,616 trig+kin events)
  [3366/3801] nano_3366.root
         -> 10,519 vertices (1,876 trig, 1,480 trig+kin events)
  [3367/3801] nano_3367.root
         -> 17,680 vertices (3,356 trig, 2,667 trig+kin events)
  [3368/3801] nano_3368.root
         -> 17,899 vertices (3,315 trig, 2,640 trig+kin events)
  [3369/3801] nano_3369.root
         -> 9,998 vertices (1,946 trig, 1,545 trig+kin events)
  [3370/3801] nano_3370.root
         -> 17,263 vertices (3,209 trig, 2,515 trig+kin events)
  [3371/3801] nano_3371.root
         -> 17,922 vertices (3,330 trig, 2,659 trig+kin events)
  [3372/3801] nano_3372.root
         -> 19,291 vertices (3,370 trig, 2,646 trig+kin events)
  [3373/3801] nano_3373.root
         -> 17,553 vertices (3,243 trig, 2,589 trig+kin events)
  [3374/3801] nano_3374.root
         -> 9,355 vertices (1,780 trig, 1,395 trig+kin events)
  [3375/3801] nano_3375.root
         -> 10,859 vertices (2,089 trig, 1,671 trig+kin events)
  [3376/3801] nano_3376.root
         -> 15,592 vertices (3,017 trig, 2,385 trig+kin events)
  [3377/3801] nano_3377.root
         -> 17,193 vertices (3,198 trig, 2,524 trig+kin events)
  [3378/3801] nano_3378.root
         -> 16,907 vertices (3,277 trig, 2,573 trig+kin events)
  [3379/3801] nano_3379.root
         -> 3,660 vertices (729 trig, 582 trig+kin events)
  [3380/3801] nano_3380.root
         -> 9,455 vertices (1,741 trig, 1,389 trig+kin events)
  [3381/3801] nano_3381.root
         -> 17,165 vertices (3,247 trig, 2,589 trig+kin events)
  [3382/3801] nano_3382.root
         -> 10,349 vertices (1,783 trig, 1,428 trig+kin events)
  [3383/3801] nano_3383.root
         -> 12,956 vertices (2,420 trig, 1,908 trig+kin events)
  [3384/3801] nano_3384.root
         -> 17,680 vertices (3,292 trig, 2,611 trig+kin events)
  [3385/3801] nano_3385.root
         -> 17,589 vertices (3,311 trig, 2,626 trig+kin events)
  [3386/3801] nano_3386.root
         -> 12,366 vertices (2,326 trig, 1,852 trig+kin events)
  [3387/3801] nano_3387.root
         -> 13,805 vertices (2,499 trig, 2,009 trig+kin events)
  [3388/3801] nano_3388.root
         -> 18,072 vertices (3,334 trig, 2,632 trig+kin events)
  [3389/3801] nano_3389.root
         -> 17,033 vertices (3,265 trig, 2,586 trig+kin events)
  [3390/3801] nano_3390.root
         -> 16,947 vertices (3,329 trig, 2,673 trig+kin events)
  [3391/3801] nano_3391.root
         -> 18,302 vertices (3,296 trig, 2,593 trig+kin events)
  [3392/3801] nano_3392.root
         -> 16,922 vertices (3,137 trig, 2,460 trig+kin events)
  [3393/3801] nano_3393.root
         -> 17,700 vertices (3,378 trig, 2,699 trig+kin events)
  [3394/3801] nano_3394.root
         -> 12,164 vertices (2,352 trig, 1,855 trig+kin events)
  [3395/3801] nano_3395.root
         -> 17,850 vertices (3,236 trig, 2,528 trig+kin events)
  [3396/3801] nano_3396.root
         -> 17,318 vertices (3,221 trig, 2,566 trig+kin events)
  [3397/3801] nano_3397.root
         -> 18,451 vertices (3,380 trig, 2,644 trig+kin events)
  [3398/3801] nano_3398.root
         -> 16,945 vertices (2,999 trig, 2,397 trig+kin events)
  [3399/3801] nano_3399.root
         -> 15,152 vertices (2,904 trig, 2,298 trig+kin events)
  [3400/3801] nano_3400.root
         -> 18,468 vertices (3,413 trig, 2,685 trig+kin events)
  [3401/3801] nano_3401.root
         -> 11,507 vertices (2,083 trig, 1,673 trig+kin events)
  [3402/3801] nano_3402.root
         -> 17,270 vertices (3,213 trig, 2,567 trig+kin events)
  [3403/3801] nano_3403.root
         -> 18,793 vertices (3,401 trig, 2,716 trig+kin events)
  [3404/3801] nano_3404.root
         -> 12,687 vertices (2,291 trig, 1,799 trig+kin events)
  [3405/3801] nano_3405.root
         -> 13,707 vertices (2,491 trig, 1,976 trig+kin events)
  [3406/3801] nano_3406.root
         -> 17,389 vertices (3,276 trig, 2,578 trig+kin events)
  [3407/3801] nano_3407.root
         -> 17,792 vertices (3,256 trig, 2,573 trig+kin events)
  [3408/3801] nano_3408.root
         -> 10,437 vertices (2,034 trig, 1,637 trig+kin events)
  [3409/3801] nano_3409.root
         -> 17,810 vertices (3,297 trig, 2,598 trig+kin events)
  [3410/3801] nano_3410.root
         -> 9,627 vertices (1,763 trig, 1,416 trig+kin events)
  [3411/3801] nano_3411.root
         -> 17,732 vertices (3,360 trig, 2,660 trig+kin events)
  [3412/3801] nano_3412.root
         -> 16,848 vertices (3,306 trig, 2,573 trig+kin events)
  [3413/3801] nano_3413.root
         -> 15,803 vertices (2,834 trig, 2,237 trig+kin events)
  [3414/3801] nano_3414.root
         -> 16,669 vertices (3,313 trig, 2,637 trig+kin events)
  [3415/3801] nano_3415.root
         -> 14,854 vertices (3,138 trig, 2,452 trig+kin events)
  [3416/3801] nano_3416.root
         -> 17,470 vertices (3,252 trig, 2,596 trig+kin events)
  [3417/3801] nano_3417.root
         -> 18,403 vertices (3,481 trig, 2,727 trig+kin events)
  [3418/3801] nano_3418.root
         -> 9,562 vertices (1,891 trig, 1,473 trig+kin events)
  [3419/3801] nano_3419.root
         -> 9,224 vertices (1,782 trig, 1,424 trig+kin events)
  [3420/3801] nano_3420.root
         -> 9,028 vertices (1,717 trig, 1,331 trig+kin events)
  [3421/3801] nano_3421.root
         -> 17,482 vertices (3,347 trig, 2,679 trig+kin events)
  [3422/3801] nano_3422.root
         -> 16,999 vertices (3,208 trig, 2,529 trig+kin events)
  [3423/3801] nano_3423.root
         -> 18,621 vertices (3,404 trig, 2,678 trig+kin events)
  [3424/3801] nano_3424.root
         -> 10,178 vertices (1,917 trig, 1,532 trig+kin events)
  [3425/3801] nano_3425.root
         -> 17,388 vertices (3,335 trig, 2,601 trig+kin events)
  [3426/3801] nano_3426.root
         -> 10,183 vertices (1,941 trig, 1,523 trig+kin events)
  [3427/3801] nano_3427.root
         -> 17,539 vertices (3,369 trig, 2,629 trig+kin events)
  [3428/3801] nano_3428.root
         -> 12,034 vertices (2,207 trig, 1,748 trig+kin events)
  [3429/3801] nano_3429.root
         -> 18,099 vertices (3,294 trig, 2,603 trig+kin events)
  [3430/3801] nano_3430.root
         -> 17,647 vertices (3,264 trig, 2,643 trig+kin events)
  [3431/3801] nano_3431.root
         -> 14,773 vertices (2,764 trig, 2,175 trig+kin events)
  [3432/3801] nano_3432.root
         -> 13,678 vertices (2,648 trig, 2,065 trig+kin events)
  [3433/3801] nano_3433.root
         -> 16,435 vertices (3,316 trig, 2,549 trig+kin events)
  [3434/3801] nano_3434.root
         -> 17,202 vertices (3,288 trig, 2,589 trig+kin events)
  [3435/3801] nano_3435.root
         -> 17,672 vertices (3,274 trig, 2,632 trig+kin events)
  [3436/3801] nano_3436.root
         -> 15,383 vertices (2,922 trig, 2,298 trig+kin events)
  [3437/3801] nano_3437.root
         -> 17,586 vertices (3,342 trig, 2,648 trig+kin events)
  [3438/3801] nano_3438.root
         -> 11,121 vertices (1,839 trig, 1,447 trig+kin events)
  [3439/3801] nano_3439.root
         -> 9,375 vertices (1,716 trig, 1,347 trig+kin events)
  [3440/3801] nano_3440.root
         -> 18,353 vertices (3,303 trig, 2,591 trig+kin events)
  [3441/3801] nano_3441.root
         -> 9,685 vertices (1,908 trig, 1,512 trig+kin events)
  [3442/3801] nano_3442.root
         -> 17,145 vertices (3,204 trig, 2,514 trig+kin events)
  [3443/3801] nano_3443.root
         -> 9,091 vertices (1,695 trig, 1,374 trig+kin events)
  [3444/3801] nano_3444.root
         -> 13,619 vertices (2,540 trig, 2,007 trig+kin events)
  [3445/3801] nano_3445.root
         -> 15,062 vertices (2,860 trig, 2,279 trig+kin events)
  [3446/3801] nano_3446.root
         -> 17,240 vertices (3,341 trig, 2,623 trig+kin events)
  [3447/3801] nano_3447.root
         -> 18,047 vertices (3,297 trig, 2,620 trig+kin events)
  [3448/3801] nano_3448.root
         -> 11,601 vertices (2,202 trig, 1,765 trig+kin events)
  [3449/3801] nano_3449.root
         -> 17,979 vertices (3,266 trig, 2,566 trig+kin events)
  [3450/3801] nano_3450.root
         -> 17,114 vertices (3,247 trig, 2,593 trig+kin events)
  [3451/3801] nano_3451.root
         -> 17,569 vertices (3,297 trig, 2,629 trig+kin events)
  [3452/3801] nano_3452.root
         -> 9,730 vertices (1,901 trig, 1,508 trig+kin events)
  [3453/3801] nano_3453.root
         -> 17,738 vertices (3,194 trig, 2,546 trig+kin events)
  [3454/3801] nano_3454.root
         -> 17,718 vertices (3,381 trig, 2,686 trig+kin events)
  [3455/3801] nano_3455.root
         -> 15,196 vertices (2,859 trig, 2,253 trig+kin events)
  [3456/3801] nano_3456.root
         -> 17,397 vertices (3,318 trig, 2,600 trig+kin events)
  [3457/3801] nano_3457.root
         -> 9,292 vertices (1,701 trig, 1,348 trig+kin events)
  [3458/3801] nano_3458.root
         -> 17,306 vertices (3,284 trig, 2,580 trig+kin events)
  [3459/3801] nano_3459.root
         -> 17,537 vertices (3,246 trig, 2,585 trig+kin events)
  [3460/3801] nano_3460.root
         -> 17,057 vertices (3,129 trig, 2,517 trig+kin events)
  [3461/3801] nano_3461.root
         -> 9,530 vertices (1,914 trig, 1,513 trig+kin events)
  [3462/3801] nano_3462.root
         -> 17,180 vertices (3,294 trig, 2,611 trig+kin events)
  [3463/3801] nano_3463.root
         -> 17,564 vertices (3,256 trig, 2,575 trig+kin events)
  [3464/3801] nano_3464.root
         -> 17,535 vertices (3,305 trig, 2,630 trig+kin events)
  [3465/3801] nano_3465.root
         -> 16,595 vertices (3,125 trig, 2,487 trig+kin events)
  [3466/3801] nano_3466.root
         -> 16,754 vertices (3,254 trig, 2,581 trig+kin events)
  [3467/3801] nano_3467.root
         -> 18,334 vertices (3,375 trig, 2,672 trig+kin events)
  [3468/3801] nano_3468.root
         -> 12,755 vertices (2,488 trig, 1,956 trig+kin events)
  [3469/3801] nano_3469.root
         -> 11,553 vertices (2,057 trig, 1,622 trig+kin events)
  [3470/3801] nano_3470.root
         -> 11,968 vertices (2,242 trig, 1,773 trig+kin events)
  [3471/3801] nano_3471.root
         -> 9,814 vertices (1,864 trig, 1,443 trig+kin events)
  [3472/3801] nano_3472.root
         -> 16,858 vertices (3,254 trig, 2,558 trig+kin events)
  [3473/3801] nano_3473.root
         -> 17,433 vertices (3,265 trig, 2,593 trig+kin events)
  [3474/3801] nano_3474.root
         -> 17,122 vertices (3,235 trig, 2,573 trig+kin events)
  [3475/3801] nano_3475.root
         -> 17,713 vertices (3,233 trig, 2,537 trig+kin events)
  [3476/3801] nano_3476.root
         -> 17,979 vertices (3,258 trig, 2,592 trig+kin events)
  [3477/3801] nano_3477.root
         -> 9,032 vertices (1,821 trig, 1,455 trig+kin events)
  [3478/3801] nano_3478.root
         -> 13,973 vertices (2,667 trig, 2,084 trig+kin events)
  [3479/3801] nano_3479.root
         -> 17,432 vertices (3,242 trig, 2,529 trig+kin events)
  [3480/3801] nano_3480.root
         -> 17,803 vertices (3,211 trig, 2,523 trig+kin events)
  [3481/3801] nano_3481.root
         -> 9,895 vertices (1,810 trig, 1,422 trig+kin events)
  [3482/3801] nano_3482.root
         -> 9,991 vertices (1,942 trig, 1,524 trig+kin events)
  [3483/3801] nano_3483.root
         -> 11,121 vertices (2,106 trig, 1,668 trig+kin events)
  [3484/3801] nano_3484.root
         -> 16,692 vertices (3,243 trig, 2,555 trig+kin events)
  [3485/3801] nano_3485.root
         -> 11,857 vertices (2,138 trig, 1,682 trig+kin events)
  [3486/3801] nano_3486.root
         -> 18,469 vertices (3,266 trig, 2,626 trig+kin events)
  [3487/3801] nano_3487.root
         -> 18,467 vertices (3,357 trig, 2,656 trig+kin events)
  [3488/3801] nano_3488.root
         -> 11,853 vertices (2,280 trig, 1,821 trig+kin events)
  [3489/3801] nano_3489.root
         -> 17,200 vertices (3,339 trig, 2,638 trig+kin events)
  [3490/3801] nano_3490.root
         -> 10,657 vertices (2,089 trig, 1,645 trig+kin events)
  [3491/3801] nano_3491.root
         -> 10,388 vertices (1,865 trig, 1,475 trig+kin events)
  [3492/3801] nano_3492.root
         -> 13,389 vertices (2,377 trig, 1,900 trig+kin events)
  [3493/3801] nano_3493.root
         -> 17,561 vertices (3,298 trig, 2,606 trig+kin events)
  [3494/3801] nano_3494.root
         -> 16,067 vertices (2,935 trig, 2,296 trig+kin events)
  [3495/3801] nano_3495.root
         -> 17,321 vertices (3,258 trig, 2,567 trig+kin events)
  [3496/3801] nano_3496.root
         -> 12,101 vertices (2,282 trig, 1,808 trig+kin events)
  [3497/3801] nano_3497.root
         -> 14,275 vertices (2,683 trig, 2,133 trig+kin events)
  [3498/3801] nano_3498.root
         -> 17,583 vertices (3,282 trig, 2,613 trig+kin events)
  [3499/3801] nano_3499.root
         -> 17,262 vertices (3,292 trig, 2,611 trig+kin events)
  [3500/3801] nano_3500.root
         -> 18,303 vertices (3,339 trig, 2,642 trig+kin events)
  [3501/3801] nano_3501.root
         -> 16,029 vertices (2,857 trig, 2,246 trig+kin events)
  [3502/3801] nano_3502.root
         -> 17,334 vertices (3,111 trig, 2,481 trig+kin events)
  [3503/3801] nano_3503.root
         -> 11,614 vertices (2,114 trig, 1,674 trig+kin events)
  [3504/3801] nano_3504.root
         -> 13,017 vertices (2,449 trig, 1,951 trig+kin events)
  [3505/3801] nano_3505.root
         -> 17,572 vertices (3,304 trig, 2,608 trig+kin events)
  [3506/3801] nano_3506.root
         -> 17,293 vertices (3,243 trig, 2,602 trig+kin events)
  [3507/3801] nano_3507.root
         -> 14,095 vertices (2,585 trig, 2,064 trig+kin events)
  [3508/3801] nano_3508.root
         -> 11,354 vertices (2,245 trig, 1,753 trig+kin events)
  [3509/3801] nano_3509.root
         -> 7,754 vertices (1,421 trig, 1,105 trig+kin events)
  [3510/3801] nano_3510.root
         -> 9,366 vertices (1,844 trig, 1,442 trig+kin events)
  [3511/3801] nano_3511.root
         -> 13,570 vertices (2,484 trig, 1,972 trig+kin events)
  [3512/3801] nano_3512.root
         -> 18,414 vertices (3,251 trig, 2,604 trig+kin events)
  [3513/3801] nano_3513.root
         -> 18,340 vertices (3,302 trig, 2,655 trig+kin events)
  [3514/3801] nano_3514.root
         -> 12,849 vertices (2,295 trig, 1,795 trig+kin events)
  [3515/3801] nano_3515.root
         -> 16,943 vertices (3,291 trig, 2,607 trig+kin events)
  [3516/3801] nano_3516.root
         -> 17,643 vertices (3,324 trig, 2,645 trig+kin events)
  [3517/3801] nano_3517.root
         -> 17,666 vertices (3,242 trig, 2,583 trig+kin events)
  [3518/3801] nano_3518.root
         -> 16,911 vertices (3,280 trig, 2,571 trig+kin events)
  [3519/3801] nano_3519.root
         -> 13,716 vertices (2,551 trig, 2,002 trig+kin events)
  [3520/3801] nano_3520.root
         -> 10,511 vertices (2,009 trig, 1,581 trig+kin events)
  [3521/3801] nano_3521.root
         -> 18,450 vertices (3,326 trig, 2,614 trig+kin events)
  [3522/3801] nano_3522.root
         -> 12,257 vertices (2,385 trig, 1,916 trig+kin events)
  [3523/3801] nano_3523.root
         -> 17,804 vertices (3,217 trig, 2,546 trig+kin events)
  [3524/3801] nano_3524.root
         -> 18,468 vertices (3,390 trig, 2,666 trig+kin events)
  [3525/3801] nano_3525.root
         -> 17,308 vertices (3,382 trig, 2,660 trig+kin events)
  [3526/3801] nano_3526.root
         -> 16,960 vertices (3,226 trig, 2,549 trig+kin events)
  [3527/3801] nano_3527.root
         -> 7,145 vertices (1,272 trig, 1,024 trig+kin events)
  [3528/3801] nano_3528.root
         -> 9,072 vertices (1,691 trig, 1,315 trig+kin events)
  [3529/3801] nano_3529.root
         -> 9,212 vertices (1,736 trig, 1,382 trig+kin events)
  [3530/3801] nano_3530.root
         -> 9,255 vertices (1,809 trig, 1,418 trig+kin events)
  [3531/3801] nano_3531.root
         -> 8,234 vertices (1,676 trig, 1,301 trig+kin events)
  [3532/3801] nano_3532.root
         -> 10,132 vertices (1,817 trig, 1,429 trig+kin events)
  [3533/3801] nano_3533.root
         -> 8,087 vertices (1,629 trig, 1,266 trig+kin events)
  [3534/3801] nano_3534.root
         -> 9,718 vertices (1,820 trig, 1,438 trig+kin events)
  [3535/3801] nano_3535.root
         -> 9,343 vertices (1,695 trig, 1,363 trig+kin events)
  [3536/3801] nano_3536.root
         -> 10,518 vertices (1,850 trig, 1,468 trig+kin events)
  [3537/3801] nano_3537.root
         -> 9,741 vertices (1,874 trig, 1,450 trig+kin events)
  [3538/3801] nano_3538.root
         -> 2,490 vertices (511 trig, 403 trig+kin events)
  [3539/3801] nano_3539.root
         -> 9,305 vertices (1,772 trig, 1,387 trig+kin events)
  [3540/3801] nano_3540.root
         -> 8,831 vertices (1,638 trig, 1,284 trig+kin events)
  [3541/3801] nano_3541.root
         -> 9,029 vertices (1,700 trig, 1,345 trig+kin events)
  [3542/3801] nano_3542.root
         -> 2,083 vertices (366 trig, 299 trig+kin events)
  [3543/3801] nano_3543.root
         -> 9,605 vertices (1,777 trig, 1,413 trig+kin events)
  [3544/3801] nano_3544.root
         -> 10,364 vertices (1,870 trig, 1,464 trig+kin events)
  [3545/3801] nano_3545.root
         -> 8,813 vertices (1,733 trig, 1,352 trig+kin events)
  [3546/3801] nano_3546.root
         -> 1,747 vertices (362 trig, 281 trig+kin events)
  [3547/3801] nano_3547.root
         -> 10,185 vertices (1,873 trig, 1,486 trig+kin events)
  [3548/3801] nano_3548.root
         -> 9,384 vertices (1,754 trig, 1,392 trig+kin events)
  [3549/3801] nano_3549.root
         -> 8,604 vertices (1,577 trig, 1,233 trig+kin events)
  [3550/3801] nano_3550.root
         -> 4,795 vertices (930 trig, 720 trig+kin events)
  [3551/3801] nano_3551.root
         -> 8,865 vertices (1,694 trig, 1,335 trig+kin events)
  [3552/3801] nano_3552.root
         -> 4,122 vertices (789 trig, 625 trig+kin events)
  [3553/3801] nano_3553.root
         -> 8,352 vertices (1,734 trig, 1,363 trig+kin events)
  [3554/3801] nano_3554.root
         -> 9,406 vertices (1,748 trig, 1,397 trig+kin events)
  [3555/3801] nano_3555.root
         -> 8,635 vertices (1,683 trig, 1,324 trig+kin events)
  [3556/3801] nano_3556.root
         -> 5,073 vertices (935 trig, 745 trig+kin events)
  [3557/3801] nano_3557.root
         -> 9,317 vertices (1,815 trig, 1,473 trig+kin events)
  [3558/3801] nano_3558.root
         -> 9,690 vertices (1,700 trig, 1,345 trig+kin events)
  [3559/3801] nano_3559.root
         -> 9,532 vertices (1,778 trig, 1,381 trig+kin events)
  [3560/3801] nano_3560.root
         -> 938 vertices (182 trig, 139 trig+kin events)
  [3561/3801] nano_3561.root
         -> 9,644 vertices (2,010 trig, 1,537 trig+kin events)
  [3562/3801] nano_3562.root
         -> 12,863 vertices (2,376 trig, 1,925 trig+kin events)
  [3563/3801] nano_3563.root
         -> 10,279 vertices (1,840 trig, 1,443 trig+kin events)
  [3564/3801] nano_3564.root
         -> 12,264 vertices (2,308 trig, 1,823 trig+kin events)
  [3565/3801] nano_3565.root
         -> 8,826 vertices (1,717 trig, 1,345 trig+kin events)
  [3566/3801] nano_3566.root
         -> 18,251 vertices (3,277 trig, 2,610 trig+kin events)
  [3567/3801] nano_3567.root
         -> 17,958 vertices (3,270 trig, 2,620 trig+kin events)
  [3568/3801] nano_3568.root
         -> 11,457 vertices (2,248 trig, 1,786 trig+kin events)
  [3569/3801] nano_3569.root
         -> 13,314 vertices (2,339 trig, 1,872 trig+kin events)
  [3570/3801] nano_3570.root
         -> 9,217 vertices (1,742 trig, 1,357 trig+kin events)
  [3571/3801] nano_3571.root
         -> 8,727 vertices (1,651 trig, 1,289 trig+kin events)
  [3572/3801] nano_3572.root
         -> 12,380 vertices (2,398 trig, 1,870 trig+kin events)
  [3573/3801] nano_3573.root
         -> 8,720 vertices (1,758 trig, 1,388 trig+kin events)
  [3574/3801] nano_3574.root
         -> 11,326 vertices (1,998 trig, 1,596 trig+kin events)
  [3575/3801] nano_3575.root
         -> 9,159 vertices (1,728 trig, 1,344 trig+kin events)
  [3576/3801] nano_3576.root
         -> 9,770 vertices (1,798 trig, 1,426 trig+kin events)
  [3577/3801] nano_3577.root
         -> 12,855 vertices (2,296 trig, 1,811 trig+kin events)
  [3578/3801] nano_3578.root
         -> 10,729 vertices (1,973 trig, 1,571 trig+kin events)
  [3579/3801] nano_3579.root
         -> 10,590 vertices (1,965 trig, 1,545 trig+kin events)
  [3580/3801] nano_3580.root
         -> 3,165 vertices (576 trig, 459 trig+kin events)
  [3581/3801] nano_3581.root
         -> 9,318 vertices (1,712 trig, 1,374 trig+kin events)
  [3582/3801] nano_3582.root
         -> 10,990 vertices (2,010 trig, 1,603 trig+kin events)
  [3583/3801] nano_3583.root
         -> 10,549 vertices (1,903 trig, 1,551 trig+kin events)
  [3584/3801] nano_3584.root
         -> 10,515 vertices (1,974 trig, 1,531 trig+kin events)
  [3585/3801] nano_3585.root
         -> 10,576 vertices (1,936 trig, 1,539 trig+kin events)
  [3586/3801] nano_3586.root
         -> 8,824 vertices (1,726 trig, 1,363 trig+kin events)
  [3587/3801] nano_3587.root
         -> 10,745 vertices (1,882 trig, 1,510 trig+kin events)
  [3588/3801] nano_3588.root
         -> 9,590 vertices (1,877 trig, 1,473 trig+kin events)
  [3589/3801] nano_3589.root
         -> 8,946 vertices (1,683 trig, 1,348 trig+kin events)
  [3590/3801] nano_3590.root
         -> 10,084 vertices (1,980 trig, 1,567 trig+kin events)
  [3591/3801] nano_3591.root
         -> 10,586 vertices (2,048 trig, 1,625 trig+kin events)
  [3592/3801] nano_3592.root
         -> 11,723 vertices (2,181 trig, 1,745 trig+kin events)
  [3593/3801] nano_3593.root
         -> 11,796 vertices (2,222 trig, 1,723 trig+kin events)
  [3594/3801] nano_3594.root
         -> 12,995 vertices (2,345 trig, 1,848 trig+kin events)
  [3595/3801] nano_3595.root
         -> 10,346 vertices (1,875 trig, 1,493 trig+kin events)
  [3596/3801] nano_3596.root
         -> 10,189 vertices (1,838 trig, 1,463 trig+kin events)
  [3597/3801] nano_3597.root
         -> 14,970 vertices (2,740 trig, 2,206 trig+kin events)
  [3598/3801] nano_3598.root
         -> 11,937 vertices (2,268 trig, 1,781 trig+kin events)
  [3599/3801] nano_3599.root
         -> 10,272 vertices (1,918 trig, 1,499 trig+kin events)
  [3600/3801] nano_3600.root
         -> 9,812 vertices (2,011 trig, 1,555 trig+kin events)
  [3601/3801] nano_3601.root
         -> 11,210 vertices (2,099 trig, 1,657 trig+kin events)
  [3602/3801] nano_3602.root
         -> 9,846 vertices (1,883 trig, 1,491 trig+kin events)
  [3603/3801] nano_3603.root
         -> 9,462 vertices (1,707 trig, 1,356 trig+kin events)
  [3604/3801] nano_3604.root
         -> 9,714 vertices (1,854 trig, 1,452 trig+kin events)
  [3605/3801] nano_3605.root
         -> 11,758 vertices (2,171 trig, 1,726 trig+kin events)
  [3606/3801] nano_3606.root
         -> 10,465 vertices (1,781 trig, 1,399 trig+kin events)
  [3607/3801] nano_3607.root
         -> 9,948 vertices (1,774 trig, 1,400 trig+kin events)
  [3608/3801] nano_3608.root
         -> 10,499 vertices (1,792 trig, 1,416 trig+kin events)
  [3609/3801] nano_3609.root
         -> 8,910 vertices (1,670 trig, 1,301 trig+kin events)
  [3610/3801] nano_3610.root
         -> 11,934 vertices (2,299 trig, 1,822 trig+kin events)
  [3611/3801] nano_3611.root
         -> 8,572 vertices (1,751 trig, 1,399 trig+kin events)
  [3612/3801] nano_3612.root
         -> 11,427 vertices (2,146 trig, 1,689 trig+kin events)
  [3613/3801] nano_3613.root
         -> 9,719 vertices (1,844 trig, 1,436 trig+kin events)
  [3614/3801] nano_3614.root
         -> 9,910 vertices (1,848 trig, 1,459 trig+kin events)
  [3615/3801] nano_3615.root
         -> 6,394 vertices (1,287 trig, 1,011 trig+kin events)
  [3616/3801] nano_3616.root
         -> 12,476 vertices (2,204 trig, 1,745 trig+kin events)
  [3617/3801] nano_3617.root
         -> 9,332 vertices (1,723 trig, 1,390 trig+kin events)
  [3618/3801] nano_3618.root
         -> 13,938 vertices (2,586 trig, 2,070 trig+kin events)
  [3619/3801] nano_3619.root
         -> 8,957 vertices (1,675 trig, 1,304 trig+kin events)
  [3620/3801] nano_3620.root
         -> 11,126 vertices (1,982 trig, 1,580 trig+kin events)
  [3621/3801] nano_3621.root
         -> 483 vertices (92 trig, 71 trig+kin events)
  [3622/3801] nano_3622.root
         -> 9,750 vertices (1,777 trig, 1,403 trig+kin events)
  [3623/3801] nano_3623.root
         -> 12,257 vertices (2,257 trig, 1,792 trig+kin events)
  [3624/3801] nano_3624.root
         -> 13,822 vertices (2,628 trig, 2,071 trig+kin events)
  [3625/3801] nano_3625.root
         -> 9,924 vertices (1,740 trig, 1,395 trig+kin events)
  [3626/3801] nano_3626.root
         -> 10,255 vertices (1,769 trig, 1,428 trig+kin events)
  [3627/3801] nano_3627.root
         -> 12,043 vertices (2,255 trig, 1,784 trig+kin events)
  [3628/3801] nano_3628.root
         -> 9,747 vertices (1,954 trig, 1,531 trig+kin events)
  [3629/3801] nano_3629.root
         -> 15,980 vertices (3,189 trig, 2,507 trig+kin events)
  [3630/3801] nano_3630.root
         -> 13,647 vertices (2,715 trig, 2,144 trig+kin events)
  [3631/3801] nano_3631.root
         -> 18,382 vertices (3,364 trig, 2,650 trig+kin events)
  [3632/3801] nano_3632.root
         -> 9,602 vertices (1,750 trig, 1,411 trig+kin events)
  [3633/3801] nano_3633.root
         -> 11,910 vertices (2,303 trig, 1,845 trig+kin events)
  [3634/3801] nano_3634.root
         -> 7,747 vertices (1,514 trig, 1,194 trig+kin events)
  [3635/3801] nano_3635.root
         -> 15,515 vertices (3,018 trig, 2,357 trig+kin events)
  [3636/3801] nano_3636.root
         -> 17,512 vertices (3,303 trig, 2,626 trig+kin events)
  [3637/3801] nano_3637.root
         -> 10,893 vertices (2,110 trig, 1,659 trig+kin events)
  [3638/3801] nano_3638.root
         -> 17,301 vertices (3,206 trig, 2,528 trig+kin events)
  [3639/3801] nano_3639.root
         -> 12,480 vertices (2,344 trig, 1,862 trig+kin events)
  [3640/3801] nano_3640.root
         -> 12,234 vertices (2,424 trig, 1,941 trig+kin events)
  [3641/3801] nano_3641.root
         -> 18,603 vertices (3,297 trig, 2,590 trig+kin events)
  [3642/3801] nano_3642.root
         -> 14,973 vertices (2,739 trig, 2,185 trig+kin events)
  [3643/3801] nano_3643.root
         -> 11,984 vertices (2,283 trig, 1,838 trig+kin events)
  [3644/3801] nano_3644.root
         -> 9,636 vertices (1,829 trig, 1,432 trig+kin events)
  [3645/3801] nano_3645.root
         -> 9,849 vertices (1,748 trig, 1,406 trig+kin events)
  [3646/3801] nano_3646.root
         -> 11,237 vertices (1,971 trig, 1,571 trig+kin events)
  [3647/3801] nano_3647.root
         -> 13,955 vertices (2,691 trig, 2,138 trig+kin events)
  [3648/3801] nano_3648.root
         -> 10,005 vertices (1,874 trig, 1,475 trig+kin events)
  [3649/3801] nano_3649.root
         -> 12,581 vertices (2,375 trig, 1,904 trig+kin events)
  [3650/3801] nano_3650.root
         -> 12,240 vertices (2,213 trig, 1,782 trig+kin events)
  [3651/3801] nano_3651.root
         -> 15,393 vertices (2,761 trig, 2,182 trig+kin events)
  [3652/3801] nano_3652.root
         -> 15,359 vertices (2,779 trig, 2,211 trig+kin events)
  [3653/3801] nano_3653.root
         -> 12,203 vertices (2,357 trig, 1,821 trig+kin events)
  [3654/3801] nano_3654.root
         -> 11,987 vertices (2,302 trig, 1,806 trig+kin events)
  [3655/3801] nano_3655.root
         -> 18,319 vertices (3,303 trig, 2,649 trig+kin events)
  [3656/3801] nano_3656.root
         -> 18,072 vertices (3,366 trig, 2,671 trig+kin events)
  [3657/3801] nano_3657.root
         -> 8,950 vertices (1,890 trig, 1,492 trig+kin events)
  [3658/3801] nano_3658.root
         -> 9,771 vertices (1,803 trig, 1,426 trig+kin events)
  [3659/3801] nano_3659.root
         -> 10,749 vertices (2,054 trig, 1,624 trig+kin events)
  [3660/3801] nano_3660.root
         -> 8,190 vertices (1,712 trig, 1,342 trig+kin events)
  [3661/3801] nano_3661.root
         -> 2,505 vertices (444 trig, 337 trig+kin events)
  [3662/3801] nano_3662.root
         -> 9,790 vertices (1,818 trig, 1,459 trig+kin events)
  [3663/3801] nano_3663.root
         -> 9,076 vertices (1,632 trig, 1,303 trig+kin events)
  [3664/3801] nano_3664.root
         -> 8,673 vertices (1,656 trig, 1,324 trig+kin events)
  [3665/3801] nano_3665.root
         -> 2,753 vertices (606 trig, 458 trig+kin events)
  [3666/3801] nano_3666.root
         -> 14,094 vertices (2,615 trig, 2,060 trig+kin events)
  [3667/3801] nano_3667.root
         -> 8,311 vertices (1,587 trig, 1,241 trig+kin events)
  [3668/3801] nano_3668.root
         -> 9,927 vertices (1,876 trig, 1,500 trig+kin events)
  [3669/3801] nano_3669.root
         -> 10,343 vertices (1,785 trig, 1,426 trig+kin events)
  [3670/3801] nano_3670.root
         -> 8,065 vertices (1,561 trig, 1,230 trig+kin events)
  [3671/3801] nano_3671.root
         -> 9,505 vertices (1,636 trig, 1,287 trig+kin events)
  [3672/3801] nano_3672.root
         -> 9,503 vertices (1,749 trig, 1,369 trig+kin events)
  [3673/3801] nano_3673.root
         -> 9,287 vertices (1,660 trig, 1,349 trig+kin events)
  [3674/3801] nano_3674.root
         -> 9,862 vertices (1,713 trig, 1,359 trig+kin events)
  [3675/3801] nano_3675.root
         -> 8,939 vertices (1,719 trig, 1,352 trig+kin events)
  [3676/3801] nano_3676.root
         -> 8,980 vertices (1,586 trig, 1,263 trig+kin events)
  [3677/3801] nano_3677.root
         -> 10,229 vertices (1,863 trig, 1,461 trig+kin events)
  [3678/3801] nano_3678.root
         -> 13,716 vertices (2,544 trig, 2,019 trig+kin events)
  [3679/3801] nano_3679.root
         -> 1,782 vertices (302 trig, 242 trig+kin events)
  [3680/3801] nano_3680.root
         -> 1,189 vertices (253 trig, 191 trig+kin events)
  [3681/3801] nano_3681.root
         -> 5,522 vertices (1,036 trig, 841 trig+kin events)
  [3682/3801] nano_3682.root
         -> 12,698 vertices (2,337 trig, 1,850 trig+kin events)
  [3683/3801] nano_3683.root
         -> 10,888 vertices (1,964 trig, 1,549 trig+kin events)
  [3684/3801] nano_3684.root
         -> 17,302 vertices (3,253 trig, 2,576 trig+kin events)
  [3685/3801] nano_3685.root
         -> 13,463 vertices (2,679 trig, 2,118 trig+kin events)
  [3686/3801] nano_3686.root
         -> 11,739 vertices (2,262 trig, 1,812 trig+kin events)
  [3687/3801] nano_3687.root
         -> 18,451 vertices (3,295 trig, 2,624 trig+kin events)
  [3688/3801] nano_3688.root
         -> 12,849 vertices (2,482 trig, 1,942 trig+kin events)
  [3689/3801] nano_3689.root
         -> 13,401 vertices (2,611 trig, 2,068 trig+kin events)
  [3690/3801] nano_3690.root
         -> 10,989 vertices (2,024 trig, 1,583 trig+kin events)
  [3691/3801] nano_3691.root
         -> 11,249 vertices (2,037 trig, 1,619 trig+kin events)
  [3692/3801] nano_3692.root
         -> 8,846 vertices (1,734 trig, 1,361 trig+kin events)
  [3693/3801] nano_3693.root
         -> 9,788 vertices (1,807 trig, 1,385 trig+kin events)
  [3694/3801] nano_3694.root
         -> 15,004 vertices (2,828 trig, 2,258 trig+kin events)
  [3695/3801] nano_3695.root
         -> 17,704 vertices (3,297 trig, 2,595 trig+kin events)
  [3696/3801] nano_3696.root
         -> 12,023 vertices (2,285 trig, 1,806 trig+kin events)
  [3697/3801] nano_3697.root
         -> 12,226 vertices (2,285 trig, 1,802 trig+kin events)
  [3698/3801] nano_3698.root
         -> 18,288 vertices (3,322 trig, 2,643 trig+kin events)
  [3699/3801] nano_3699.root
         -> 10,977 vertices (2,052 trig, 1,674 trig+kin events)
  [3700/3801] nano_3700.root
         -> 11,504 vertices (2,243 trig, 1,773 trig+kin events)
  [3701/3801] nano_3701.root
         -> 9,194 vertices (1,712 trig, 1,371 trig+kin events)
  [3702/3801] nano_3702.root
         -> 11,162 vertices (2,121 trig, 1,660 trig+kin events)
  [3703/3801] nano_3703.root
         -> 11,797 vertices (2,093 trig, 1,655 trig+kin events)
  [3704/3801] nano_3704.root
         -> 12,929 vertices (2,474 trig, 1,972 trig+kin events)
  [3705/3801] nano_3705.root
         -> 9,201 vertices (1,705 trig, 1,354 trig+kin events)
  [3706/3801] nano_3706.root
         -> 16,470 vertices (3,013 trig, 2,385 trig+kin events)
  [3707/3801] nano_3707.root
         -> 9,321 vertices (1,714 trig, 1,382 trig+kin events)
  [3708/3801] nano_3708.root
         -> 10,262 vertices (1,840 trig, 1,460 trig+kin events)
  [3709/3801] nano_3709.root
         -> 17,828 vertices (3,329 trig, 2,617 trig+kin events)
  [3710/3801] nano_3710.root
         -> 11,884 vertices (2,202 trig, 1,769 trig+kin events)
  [3711/3801] nano_3711.root
         -> 14,301 vertices (2,553 trig, 2,029 trig+kin events)
  [3712/3801] nano_3712.root
         -> 12,817 vertices (2,389 trig, 1,886 trig+kin events)
  [3713/3801] nano_3713.root
         -> 11,777 vertices (2,354 trig, 1,824 trig+kin events)
  [3714/3801] nano_3714.root
         -> 11,056 vertices (2,028 trig, 1,579 trig+kin events)
  [3715/3801] nano_3715.root
         -> 9,138 vertices (1,719 trig, 1,383 trig+kin events)
  [3716/3801] nano_3716.root
         -> 9,324 vertices (1,735 trig, 1,352 trig+kin events)
  [3717/3801] nano_3717.root
         -> 13,504 vertices (2,652 trig, 2,108 trig+kin events)
  [3718/3801] nano_3718.root
         -> 9,739 vertices (1,854 trig, 1,453 trig+kin events)
  [3719/3801] nano_3719.root
         -> 11,107 vertices (2,041 trig, 1,635 trig+kin events)
  [3720/3801] nano_3720.root
         -> 10,483 vertices (1,972 trig, 1,528 trig+kin events)
  [3721/3801] nano_3721.root
         -> 8,626 vertices (1,714 trig, 1,371 trig+kin events)
  [3722/3801] nano_3722.root
         -> 9,339 vertices (1,787 trig, 1,411 trig+kin events)
  [3723/3801] nano_3723.root
         -> 10,963 vertices (2,022 trig, 1,593 trig+kin events)
  [3724/3801] nano_3724.root
         -> 11,040 vertices (2,005 trig, 1,589 trig+kin events)
  [3725/3801] nano_3725.root
         -> 11,527 vertices (2,200 trig, 1,746 trig+kin events)
  [3726/3801] nano_3726.root
         -> 8,411 vertices (1,651 trig, 1,299 trig+kin events)
  [3727/3801] nano_3727.root
         -> 11,274 vertices (2,139 trig, 1,675 trig+kin events)
  [3728/3801] nano_3728.root
         -> 10,755 vertices (1,945 trig, 1,545 trig+kin events)
  [3729/3801] nano_3729.root
         -> 9,369 vertices (1,845 trig, 1,443 trig+kin events)
  [3730/3801] nano_3730.root
         -> 9,234 vertices (1,749 trig, 1,380 trig+kin events)
  [3731/3801] nano_3731.root
         -> 11,440 vertices (2,038 trig, 1,621 trig+kin events)
  [3732/3801] nano_3732.root
         -> 10,311 vertices (1,938 trig, 1,527 trig+kin events)
  [3733/3801] nano_3733.root
         -> 9,783 vertices (1,828 trig, 1,436 trig+kin events)
  [3734/3801] nano_3734.root
         -> 12,903 vertices (2,436 trig, 1,937 trig+kin events)
  [3735/3801] nano_3735.root
         -> 10,463 vertices (2,014 trig, 1,612 trig+kin events)
  [3736/3801] nano_3736.root
         -> 11,298 vertices (2,225 trig, 1,740 trig+kin events)
  [3737/3801] nano_3737.root
         -> 11,078 vertices (2,076 trig, 1,616 trig+kin events)
  [3738/3801] nano_3738.root
         -> 9,283 vertices (1,725 trig, 1,371 trig+kin events)
  [3739/3801] nano_3739.root
         -> 8,832 vertices (1,699 trig, 1,330 trig+kin events)
  [3740/3801] nano_3740.root
         -> 11,620 vertices (2,167 trig, 1,700 trig+kin events)
  [3741/3801] nano_3741.root
         -> 11,626 vertices (2,131 trig, 1,683 trig+kin events)
  [3742/3801] nano_3742.root
         -> 11,123 vertices (2,040 trig, 1,620 trig+kin events)
  [3743/3801] nano_3743.root
         -> 10,259 vertices (1,868 trig, 1,464 trig+kin events)
  [3744/3801] nano_3744.root
         -> 10,469 vertices (1,980 trig, 1,552 trig+kin events)
  [3745/3801] nano_3745.root
         -> 13,293 vertices (2,529 trig, 1,991 trig+kin events)
  [3746/3801] nano_3746.root
         -> 14,120 vertices (2,641 trig, 2,073 trig+kin events)
  [3747/3801] nano_3747.root
         -> 14,015 vertices (2,672 trig, 2,118 trig+kin events)
  [3748/3801] nano_3748.root
         -> 9,296 vertices (1,861 trig, 1,456 trig+kin events)
  [3749/3801] nano_3749.root
         -> 11,453 vertices (2,050 trig, 1,625 trig+kin events)
  [3750/3801] nano_3750.root
         -> 11,840 vertices (2,108 trig, 1,664 trig+kin events)
  [3751/3801] nano_3751.root
         -> 10,766 vertices (1,851 trig, 1,479 trig+kin events)
  [3752/3801] nano_3752.root
         -> 10,935 vertices (1,956 trig, 1,562 trig+kin events)
  [3753/3801] nano_3753.root
         -> 9,038 vertices (1,683 trig, 1,343 trig+kin events)
  [3754/3801] nano_3754.root
         -> 5,376 vertices (940 trig, 773 trig+kin events)
  [3755/3801] nano_3755.root
         -> 10,290 vertices (1,975 trig, 1,559 trig+kin events)
  [3756/3801] nano_3756.root
         -> 8,958 vertices (1,748 trig, 1,378 trig+kin events)
  [3757/3801] nano_3757.root
         -> 12,370 vertices (2,159 trig, 1,682 trig+kin events)
  [3758/3801] nano_3758.root
         -> 8,755 vertices (1,672 trig, 1,353 trig+kin events)
  [3759/3801] nano_3759.root
         -> 10,040 vertices (1,866 trig, 1,488 trig+kin events)
  [3760/3801] nano_3760.root
         -> 5,715 vertices (1,102 trig, 865 trig+kin events)
  [3761/3801] nano_3761.root
         -> 18,551 vertices (3,252 trig, 2,615 trig+kin events)
  [3762/3801] nano_3762.root
         -> 10,377 vertices (1,961 trig, 1,531 trig+kin events)
  [3763/3801] nano_3763.root
         -> 11,952 vertices (2,184 trig, 1,703 trig+kin events)
  [3764/3801] nano_3764.root
         -> 10,161 vertices (1,883 trig, 1,485 trig+kin events)
  [3765/3801] nano_3765.root
         -> 14,403 vertices (2,777 trig, 2,160 trig+kin events)
  [3766/3801] nano_3766.root
         -> 14,988 vertices (2,648 trig, 2,107 trig+kin events)
  [3767/3801] nano_3767.root
         -> 12,666 vertices (2,419 trig, 1,899 trig+kin events)
  [3768/3801] nano_3768.root
         -> 11,290 vertices (1,985 trig, 1,592 trig+kin events)
  [3769/3801] nano_3769.root
         -> 14,071 vertices (2,579 trig, 2,030 trig+kin events)
  [3770/3801] nano_3770.root
         -> 12,697 vertices (2,425 trig, 1,915 trig+kin events)
  [3771/3801] nano_3771.root
         -> 9,974 vertices (1,839 trig, 1,434 trig+kin events)
  [3772/3801] nano_3772.root
         -> 17,818 vertices (3,355 trig, 2,690 trig+kin events)
  [3773/3801] nano_3773.root
         -> 9,620 vertices (1,758 trig, 1,411 trig+kin events)
  [3774/3801] nano_3774.root
         -> 9,775 vertices (1,736 trig, 1,386 trig+kin events)
  [3775/3801] nano_3775.root
         -> 9,783 vertices (1,755 trig, 1,402 trig+kin events)
  [3776/3801] nano_3776.root
         -> 9,767 vertices (1,985 trig, 1,552 trig+kin events)
  [3777/3801] nano_3777.root
         -> 14,303 vertices (2,797 trig, 2,182 trig+kin events)
  [3778/3801] nano_3778.root
         -> 13,894 vertices (2,744 trig, 2,146 trig+kin events)
  [3779/3801] nano_3779.root
         -> 16,761 vertices (3,234 trig, 2,528 trig+kin events)
  [3780/3801] nano_3780.root
         -> 12,282 vertices (2,288 trig, 1,786 trig+kin events)
  [3781/3801] nano_3781.root
         -> 12,331 vertices (2,286 trig, 1,801 trig+kin events)
  [3782/3801] nano_3782.root
         -> 17,129 vertices (3,324 trig, 2,641 trig+kin events)
  [3783/3801] nano_3783.root
         -> 11,285 vertices (1,875 trig, 1,477 trig+kin events)
  [3784/3801] nano_3784.root
         -> 15,175 vertices (2,974 trig, 2,342 trig+kin events)
  [3785/3801] nano_3785.root
         -> 17,621 vertices (3,289 trig, 2,600 trig+kin events)
  [3786/3801] nano_3786.root
         -> 12,074 vertices (2,287 trig, 1,815 trig+kin events)
  [3787/3801] nano_3787.root
         -> 18,231 vertices (3,239 trig, 2,544 trig+kin events)
  [3788/3801] nano_3788.root
         -> 5,529 vertices (917 trig, 745 trig+kin events)
  [3789/3801] nano_3789.root
         -> 15,039 vertices (2,796 trig, 2,207 trig+kin events)
  [3790/3801] nano_3790.root
         -> 14,503 vertices (2,652 trig, 2,087 trig+kin events)
  [3791/3801] nano_3791.root
         -> 10,124 vertices (1,917 trig, 1,507 trig+kin events)
  [3792/3801] nano_3792.root
         -> 17,725 vertices (3,255 trig, 2,580 trig+kin events)
  [3793/3801] nano_3793.root
         -> 16,990 vertices (3,116 trig, 2,469 trig+kin events)
  [3794/3801] nano_3794.root
         -> 8,816 vertices (1,652 trig, 1,313 trig+kin events)
  [3795/3801] nano_3795.root
         -> 17,648 vertices (3,241 trig, 2,580 trig+kin events)
  [3796/3801] nano_3796.root
         -> 10,849 vertices (2,068 trig, 1,653 trig+kin events)
  [3797/3801] nano_3797.root
         -> 10,307 vertices (1,870 trig, 1,455 trig+kin events)
  [3798/3801] nano_3798.root
         -> 16,264 vertices (3,275 trig, 2,571 trig+kin events)
  [3799/3801] nano_3799.root
         -> 17,807 vertices (3,065 trig, 2,430 trig+kin events)
  [3800/3801] nano_3800.root
         -> 17,673 vertices (3,359 trig, 2,633 trig+kin events)
  [3801/3801] nano_3801.root
         -> 16,567 vertices (3,121 trig, 2,418 trig+kin events)

Saved QCD shard: /vols/cms/jtafoyav/parking/nanoaod_base_analysis_13/dqcd/_tools/shards_local/.tmp_1222502_qcd_QCD_Bin-PT-1000_Fil-MuEnriched_TuneCP5_13p6TeV_pythia8.npz  (QCD_Bin-PT-1000_Fil-MuEnriched_TuneCP5_13p6TeV_pythia8, 53,801,092 vertices)
