
=== QCD ===

[QCD] listing /pnfs/hep.ph.ic.ac.uk/data/cms/store/user/tafoyava/samples/bParking/2024
  1 PT-bin directories; taking ALL file(s) each
  -> 250923_140147/
    -> 0000/
         999 .root files collected under 0000
    -> 0001/
         1000 .root files collected under 0001
    -> 0002/
         1000 .root files collected under 0002
    -> 0003/
         121 .root files collected under 0003
       3120 .root files collected under 250923_140147
     3120 .root files collected under QCD_Bin-PT-120to170_Fil-MuEnriched_TuneCP5_13p6TeV_pythia8
  => 3120 QCD files over 1 bins

[QCD bin] QCD_Bin-PT-120to170_Fil-MuEnriched_TuneCP5_13p6TeV_pythia8  (xs = 23140 pb, 3120 of 3120 files)
/vols/cms/jtafoyav/parking/nanoaod_base_analysis_13/dqcd/nanoaod_base_analysis/data/software/lib/python3.9/site-packages/_distutils_hack/__init__.py:11: UserWarning: Distutils was imported before Setuptools, but importing Setuptools also replaces the `distutils` module in `sys.modules`. This may lead to undesirable behaviors or errors. To avoid these issues, avoid using distutils directly, ensure that setuptools is installed in the traditional way (e.g. not an editable install), and/or make sure that setuptools is always imported before distutils.
  warnings.warn(
/vols/cms/jtafoyav/parking/nanoaod_base_analysis_13/dqcd/nanoaod_base_analysis/data/software/lib/python3.9/site-packages/_distutils_hack/__init__.py:26: UserWarning: Setuptools is replacing distutils.
  warnings.warn("Setuptools is replacing distutils.")
  [1/3120] nano_1.root
         -> 471 vertices (979 trig, 416 trig+kin events)
  [2/3120] nano_10.root
         -> 740 vertices (1,471 trig, 636 trig+kin events)
  [3/3120] nano_100.root
         -> 900 vertices (2,027 trig, 809 trig+kin events)
  [4/3120] nano_101.root
         -> 865 vertices (1,846 trig, 791 trig+kin events)
  [5/3120] nano_102.root
         -> 1,423 vertices (2,878 trig, 1,219 trig+kin events)
  [6/3120] nano_103.root
         -> 1,291 vertices (2,433 trig, 1,039 trig+kin events)
  [7/3120] nano_104.root
         -> 668 vertices (1,523 trig, 621 trig+kin events)
  [8/3120] nano_105.root
         -> 1,419 vertices (2,816 trig, 1,228 trig+kin events)
  [9/3120] nano_106.root
         -> 997 vertices (1,883 trig, 859 trig+kin events)
  [10/3120] nano_107.root
         -> 1,291 vertices (2,825 trig, 1,211 trig+kin events)
  [11/3120] nano_108.root
         -> 1,449 vertices (2,760 trig, 1,201 trig+kin events)
  [12/3120] nano_109.root
         -> 1,434 vertices (2,754 trig, 1,242 trig+kin events)
  [13/3120] nano_11.root
         -> 745 vertices (1,435 trig, 627 trig+kin events)
  [14/3120] nano_110.root
         -> 658 vertices (1,458 trig, 602 trig+kin events)
  [15/3120] nano_111.root
         -> 748 vertices (1,541 trig, 643 trig+kin events)
  [16/3120] nano_112.root
         -> 686 vertices (1,487 trig, 607 trig+kin events)
  [17/3120] nano_113.root
         -> 872 vertices (1,633 trig, 693 trig+kin events)
  [18/3120] nano_114.root
         -> 1,456 vertices (2,826 trig, 1,218 trig+kin events)
  [19/3120] nano_115.root
         -> 1,450 vertices (2,834 trig, 1,237 trig+kin events)
  [20/3120] nano_116.root
         -> 874 vertices (1,763 trig, 764 trig+kin events)
  [21/3120] nano_117.root
         -> 1,386 vertices (2,648 trig, 1,165 trig+kin events)
  [22/3120] nano_118.root
         -> 1,368 vertices (2,735 trig, 1,181 trig+kin events)
  [23/3120] nano_119.root
         -> 1,225 vertices (2,378 trig, 1,021 trig+kin events)
  [24/3120] nano_12.root
         -> 724 vertices (1,549 trig, 656 trig+kin events)
  [25/3120] nano_120.root
         -> 811 vertices (1,629 trig, 677 trig+kin events)
  [26/3120] nano_121.root
         -> 815 vertices (1,650 trig, 740 trig+kin events)
  [27/3120] nano_122.root
         -> 147 vertices (244 trig, 110 trig+kin events)
  [28/3120] nano_123.root
         -> 194 vertices (435 trig, 176 trig+kin events)
  [29/3120] nano_124.root
         -> 1,308 vertices (2,806 trig, 1,197 trig+kin events)
  [30/3120] nano_125.root
         -> 1,459 vertices (2,817 trig, 1,227 trig+kin events)
  [31/3120] nano_126.root
         -> 1,363 vertices (2,725 trig, 1,164 trig+kin events)
  [32/3120] nano_127.root
         -> 736 vertices (1,526 trig, 631 trig+kin events)
  [33/3120] nano_128.root
         -> 1,092 vertices (2,183 trig, 927 trig+kin events)
  [34/3120] nano_129.root
         -> 751 vertices (1,508 trig, 610 trig+kin events)
  [35/3120] nano_13.root
         -> 491 vertices (978 trig, 406 trig+kin events)
  [36/3120] nano_130.root
         -> 734 vertices (1,524 trig, 644 trig+kin events)
  [37/3120] nano_131.root
         -> 863 vertices (1,704 trig, 736 trig+kin events)
  [38/3120] nano_132.root
         -> 1,527 vertices (2,927 trig, 1,270 trig+kin events)
  [39/3120] nano_133.root
         -> 1,415 vertices (2,892 trig, 1,219 trig+kin events)
  [40/3120] nano_134.root
         -> 831 vertices (1,633 trig, 731 trig+kin events)
  [41/3120] nano_135.root
         -> 917 vertices (1,718 trig, 752 trig+kin events)
  [42/3120] nano_136.root
         -> 786 vertices (1,526 trig, 663 trig+kin events)
  [43/3120] nano_137.root
         -> 827 vertices (1,502 trig, 682 trig+kin events)
  [44/3120] nano_138.root
         -> 1,416 vertices (2,663 trig, 1,176 trig+kin events)
  [45/3120] nano_139.root
         -> 1,450 vertices (2,848 trig, 1,251 trig+kin events)
  [46/3120] nano_14.root
         -> 679 vertices (1,429 trig, 634 trig+kin events)
  [47/3120] nano_140.root
         -> 1,344 vertices (2,755 trig, 1,185 trig+kin events)
  [48/3120] nano_141.root
         -> 748 vertices (1,475 trig, 638 trig+kin events)
  [49/3120] nano_142.root
         -> 1,307 vertices (2,570 trig, 1,099 trig+kin events)
  [50/3120] nano_143.root
         -> 860 vertices (1,666 trig, 731 trig+kin events)
  [51/3120] nano_144.root
         -> 1,396 vertices (2,852 trig, 1,194 trig+kin events)
  [52/3120] nano_145.root
         -> 238 vertices (444 trig, 196 trig+kin events)
  [53/3120] nano_146.root
         -> 819 vertices (1,563 trig, 668 trig+kin events)
  [54/3120] nano_147.root
         -> 1,346 vertices (2,767 trig, 1,191 trig+kin events)
  [55/3120] nano_148.root
         -> 1,275 vertices (2,750 trig, 1,133 trig+kin events)
  [56/3120] nano_149.root
         -> 825 vertices (1,537 trig, 698 trig+kin events)
  [57/3120] nano_15.root
         -> 564 vertices (1,153 trig, 495 trig+kin events)
  [58/3120] nano_150.root
         -> 1,411 vertices (2,721 trig, 1,198 trig+kin events)
  [59/3120] nano_151.root
         -> 1,154 vertices (2,323 trig, 1,006 trig+kin events)
  [60/3120] nano_152.root
         -> 832 vertices (1,649 trig, 752 trig+kin events)
  [61/3120] nano_153.root
         -> 1,294 vertices (2,818 trig, 1,179 trig+kin events)
  [62/3120] nano_154.root
         -> 1,486 vertices (2,823 trig, 1,253 trig+kin events)
  [63/3120] nano_155.root
         -> 863 vertices (1,700 trig, 764 trig+kin events)
  [64/3120] nano_156.root
         -> 1,420 vertices (2,839 trig, 1,199 trig+kin events)
  [65/3120] nano_157.root
         -> 794 vertices (1,550 trig, 669 trig+kin events)
  [66/3120] nano_158.root
         -> 1,418 vertices (2,815 trig, 1,220 trig+kin events)
  [67/3120] nano_159.root
         -> 988 vertices (1,873 trig, 804 trig+kin events)
  [68/3120] nano_16.root
         -> 754 vertices (1,529 trig, 643 trig+kin events)
  [69/3120] nano_160.root
         -> 875 vertices (1,689 trig, 734 trig+kin events)
  [70/3120] nano_161.root
         -> 1,546 vertices (2,920 trig, 1,286 trig+kin events)
  [71/3120] nano_162.root
         -> 783 vertices (1,456 trig, 610 trig+kin events)
  [72/3120] nano_163.root
         -> 672 vertices (1,436 trig, 618 trig+kin events)
  [73/3120] nano_164.root
         -> 755 vertices (1,579 trig, 664 trig+kin events)
  [74/3120] nano_165.root
         -> 506 vertices (966 trig, 432 trig+kin events)
  [75/3120] nano_166.root
         -> 1,085 vertices (1,910 trig, 846 trig+kin events)
  [76/3120] nano_167.root
         -> 1,024 vertices (2,034 trig, 853 trig+kin events)
  [77/3120] nano_168.root
         -> 1,045 vertices (2,170 trig, 918 trig+kin events)
  [78/3120] nano_169.root
         -> 1,367 vertices (2,827 trig, 1,191 trig+kin events)
  [79/3120] nano_17.root
         -> 678 vertices (1,483 trig, 604 trig+kin events)
  [80/3120] nano_170.root
         -> 726 vertices (1,544 trig, 664 trig+kin events)
  [81/3120] nano_171.root
         -> 1,094 vertices (2,191 trig, 918 trig+kin events)
  [82/3120] nano_172.root
         -> 1,237 vertices (2,409 trig, 1,065 trig+kin events)
  [83/3120] nano_173.root
         -> 749 vertices (1,408 trig, 614 trig+kin events)
  [84/3120] nano_174.root
         -> 773 vertices (1,622 trig, 693 trig+kin events)
  [85/3120] nano_175.root
         -> 1,372 vertices (2,746 trig, 1,175 trig+kin events)
  [86/3120] nano_176.root
         -> 916 vertices (1,621 trig, 716 trig+kin events)
  [87/3120] nano_177.root
         -> 1,503 vertices (2,785 trig, 1,244 trig+kin events)
  [88/3120] nano_178.root
         -> 792 vertices (1,489 trig, 657 trig+kin events)
  [89/3120] nano_179.root
         -> 730 vertices (1,538 trig, 634 trig+kin events)
  [90/3120] nano_18.root
         -> 750 vertices (1,540 trig, 648 trig+kin events)
  [91/3120] nano_180.root
         -> 1,415 vertices (2,864 trig, 1,249 trig+kin events)
  [92/3120] nano_181.root
         -> 1,351 vertices (2,676 trig, 1,148 trig+kin events)
  [93/3120] nano_182.root
         -> 1,528 vertices (2,828 trig, 1,247 trig+kin events)
  [94/3120] nano_183.root
         -> 873 vertices (1,618 trig, 674 trig+kin events)
  [95/3120] nano_184.root
         -> 1,046 vertices (2,029 trig, 855 trig+kin events)
  [96/3120] nano_185.root
         -> 756 vertices (1,562 trig, 675 trig+kin events)
  [97/3120] nano_186.root
         -> 889 vertices (1,708 trig, 698 trig+kin events)
  [98/3120] nano_187.root
         -> 1,501 vertices (2,914 trig, 1,262 trig+kin events)
  [99/3120] nano_188.root
         -> 1,301 vertices (2,475 trig, 1,064 trig+kin events)
  [100/3120] nano_189.root
         -> 675 vertices (1,301 trig, 577 trig+kin events)
  [101/3120] nano_19.root
         -> 328 vertices (708 trig, 296 trig+kin events)
  [102/3120] nano_190.root
         -> 800 vertices (1,497 trig, 653 trig+kin events)
  [103/3120] nano_191.root
         -> 819 vertices (1,611 trig, 688 trig+kin events)
  [104/3120] nano_192.root
         -> 1,401 vertices (2,834 trig, 1,212 trig+kin events)
  [105/3120] nano_193.root
         -> 1,344 vertices (2,808 trig, 1,171 trig+kin events)
  [106/3120] nano_194.root
         -> 746 vertices (1,576 trig, 671 trig+kin events)
  [107/3120] nano_195.root
         -> 1,511 vertices (2,792 trig, 1,220 trig+kin events)
  [108/3120] nano_196.root
         -> 1,397 vertices (2,824 trig, 1,236 trig+kin events)
  [109/3120] nano_197.root
         -> 94 vertices (166 trig, 77 trig+kin events)
  [110/3120] nano_198.root
         -> 1,416 vertices (2,824 trig, 1,201 trig+kin events)
  [111/3120] nano_199.root
         -> 804 vertices (1,463 trig, 653 trig+kin events)
  [112/3120] nano_2.root
         -> 383 vertices (759 trig, 335 trig+kin events)
  [113/3120] nano_20.root
         -> 979 vertices (1,873 trig, 821 trig+kin events)
  [114/3120] nano_200.root
         -> 897 vertices (1,793 trig, 775 trig+kin events)
  [115/3120] nano_201.root
         -> 818 vertices (1,677 trig, 735 trig+kin events)
  [116/3120] nano_202.root
         -> 1,420 vertices (2,854 trig, 1,270 trig+kin events)
  [117/3120] nano_203.root
         -> 748 vertices (1,515 trig, 660 trig+kin events)
  [118/3120] nano_204.root
         -> 641 vertices (1,331 trig, 551 trig+kin events)
  [119/3120] nano_205.root
         -> 764 vertices (1,562 trig, 672 trig+kin events)
  [120/3120] nano_206.root
         -> 778 vertices (1,555 trig, 646 trig+kin events)
  [121/3120] nano_207.root
         -> 682 vertices (1,412 trig, 610 trig+kin events)
  [122/3120] nano_208.root
         -> 880 vertices (1,756 trig, 762 trig+kin events)
  [123/3120] nano_209.root
         -> 1,124 vertices (2,298 trig, 1,003 trig+kin events)
  [124/3120] nano_21.root
         -> 695 vertices (1,360 trig, 597 trig+kin events)
  [125/3120] nano_210.root
         -> 777 vertices (1,507 trig, 644 trig+kin events)
  [126/3120] nano_211.root
         -> 799 vertices (1,590 trig, 665 trig+kin events)
  [127/3120] nano_212.root
         -> 695 vertices (1,584 trig, 664 trig+kin events)
  [128/3120] nano_213.root
         -> 794 vertices (1,620 trig, 691 trig+kin events)
  [129/3120] nano_214.root
         -> 749 vertices (1,497 trig, 642 trig+kin events)
  [130/3120] nano_215.root
         -> 1,000 vertices (1,994 trig, 855 trig+kin events)
  [131/3120] nano_216.root
         -> 1,324 vertices (2,780 trig, 1,175 trig+kin events)
  [132/3120] nano_217.root
         -> 954 vertices (1,894 trig, 815 trig+kin events)
  [133/3120] nano_218.root
         -> 1,206 vertices (2,365 trig, 1,005 trig+kin events)
  [134/3120] nano_219.root
         -> 774 vertices (1,537 trig, 663 trig+kin events)
  [135/3120] nano_22.root
         -> 859 vertices (1,817 trig, 756 trig+kin events)
  [136/3120] nano_220.root
         -> 803 vertices (1,654 trig, 700 trig+kin events)
  [137/3120] nano_221.root
         -> 1,428 vertices (2,823 trig, 1,187 trig+kin events)
  [138/3120] nano_222.root
         -> 1,490 vertices (2,815 trig, 1,246 trig+kin events)
  [139/3120] nano_223.root
         -> 1,447 vertices (2,704 trig, 1,170 trig+kin events)
  [140/3120] nano_224.root
         -> 759 vertices (1,447 trig, 627 trig+kin events)
  [141/3120] nano_225.root
         -> 1,287 vertices (2,729 trig, 1,161 trig+kin events)
  [142/3120] nano_226.root
         -> 789 vertices (1,501 trig, 653 trig+kin events)
  [143/3120] nano_227.root
         -> 486 vertices (1,025 trig, 438 trig+kin events)
  [144/3120] nano_228.root
         -> 990 vertices (1,971 trig, 816 trig+kin events)
  [145/3120] nano_229.root
         -> 756 vertices (1,610 trig, 669 trig+kin events)
  [146/3120] nano_23.root
         -> 975 vertices (1,935 trig, 862 trig+kin events)
  [147/3120] nano_230.root
         -> 1,388 vertices (2,799 trig, 1,188 trig+kin events)
  [148/3120] nano_231.root
         -> 1,434 vertices (2,761 trig, 1,206 trig+kin events)
  [149/3120] nano_232.root
         -> 181 vertices (343 trig, 155 trig+kin events)
  [150/3120] nano_233.root
         -> 1,417 vertices (2,762 trig, 1,206 trig+kin events)
  [151/3120] nano_234.root
         -> 1,504 vertices (2,830 trig, 1,239 trig+kin events)
  [152/3120] nano_235.root
         -> 1,221 vertices (2,385 trig, 1,075 trig+kin events)
  [153/3120] nano_236.root
         -> 1,022 vertices (2,131 trig, 887 trig+kin events)
  [154/3120] nano_237.root
         -> 998 vertices (1,947 trig, 865 trig+kin events)
  [155/3120] nano_238.root
         -> 1,342 vertices (2,768 trig, 1,154 trig+kin events)
  [156/3120] nano_239.root
         -> 491 vertices (991 trig, 408 trig+kin events)
  [157/3120] nano_24.root
         -> 1,080 vertices (2,072 trig, 882 trig+kin events)
  [158/3120] nano_240.root
         -> 268 vertices (539 trig, 238 trig+kin events)
  [159/3120] nano_241.root
         -> 765 vertices (1,487 trig, 663 trig+kin events)
  [160/3120] nano_242.root
         -> 1,467 vertices (2,902 trig, 1,249 trig+kin events)
  [161/3120] nano_243.root
         -> 872 vertices (1,678 trig, 733 trig+kin events)
  [162/3120] nano_244.root
         -> 1,431 vertices (2,770 trig, 1,223 trig+kin events)
  [163/3120] nano_245.root
         -> 731 vertices (1,452 trig, 647 trig+kin events)
  [164/3120] nano_246.root
         -> 764 vertices (1,559 trig, 665 trig+kin events)
  [165/3120] nano_247.root
         -> 863 vertices (1,815 trig, 777 trig+kin events)
  [166/3120] nano_248.root
         -> 1,352 vertices (2,761 trig, 1,194 trig+kin events)
  [167/3120] nano_249.root
         -> 858 vertices (1,621 trig, 695 trig+kin events)
  [168/3120] nano_25.root
         -> 110 vertices (230 trig, 98 trig+kin events)
  [169/3120] nano_250.root
         -> 1,057 vertices (2,230 trig, 956 trig+kin events)
  [170/3120] nano_251.root
         -> 1,548 vertices (2,823 trig, 1,236 trig+kin events)
  [171/3120] nano_252.root
         -> 1,408 vertices (2,912 trig, 1,220 trig+kin events)
  [172/3120] nano_253.root
         -> 920 vertices (1,805 trig, 786 trig+kin events)
  [173/3120] nano_254.root
         -> 747 vertices (1,525 trig, 664 trig+kin events)
  [174/3120] nano_255.root
         -> 1,009 vertices (1,902 trig, 841 trig+kin events)
  [175/3120] nano_256.root
         -> 1,335 vertices (2,765 trig, 1,160 trig+kin events)
  [176/3120] nano_257.root
         -> 1,452 vertices (2,798 trig, 1,227 trig+kin events)
  [177/3120] nano_258.root
         -> 1,462 vertices (2,848 trig, 1,228 trig+kin events)
  [178/3120] nano_259.root
         -> 1,366 vertices (2,734 trig, 1,165 trig+kin events)
  [179/3120] nano_26.root
         -> 750 vertices (1,481 trig, 663 trig+kin events)
  [180/3120] nano_260.root
         -> 971 vertices (2,059 trig, 888 trig+kin events)
  [181/3120] nano_261.root
         -> 769 vertices (1,641 trig, 663 trig+kin events)
  [182/3120] nano_262.root
         -> 1,375 vertices (2,793 trig, 1,174 trig+kin events)
  [183/3120] nano_263.root
         -> 1,576 vertices (2,891 trig, 1,288 trig+kin events)
  [184/3120] nano_264.root
         -> 1,336 vertices (2,739 trig, 1,144 trig+kin events)
  [185/3120] nano_265.root
         -> 1,437 vertices (2,871 trig, 1,237 trig+kin events)
  [186/3120] nano_266.root
         -> 867 vertices (1,638 trig, 686 trig+kin events)
  [187/3120] nano_267.root
         -> 187 vertices (373 trig, 151 trig+kin events)
  [188/3120] nano_268.root
         -> 738 vertices (1,584 trig, 658 trig+kin events)
  [189/3120] nano_269.root
         -> 922 vertices (1,868 trig, 792 trig+kin events)
  [190/3120] nano_27.root
         -> 1,094 vertices (2,080 trig, 922 trig+kin events)
  [191/3120] nano_270.root
         -> 754 vertices (1,589 trig, 681 trig+kin events)
  [192/3120] nano_271.root
         -> 14 vertices (50 trig, 17 trig+kin events)
  [193/3120] nano_272.root
         -> 560 vertices (1,145 trig, 507 trig+kin events)
  [194/3120] nano_273.root
         -> 984 vertices (1,927 trig, 841 trig+kin events)
  [195/3120] nano_274.root
         -> 1,286 vertices (2,521 trig, 1,064 trig+kin events)
  [196/3120] nano_275.root
         -> 747 vertices (1,398 trig, 600 trig+kin events)
  [197/3120] nano_276.root
         -> 1,449 vertices (2,838 trig, 1,226 trig+kin events)
  [198/3120] nano_277.root
         -> 1,281 vertices (2,821 trig, 1,159 trig+kin events)
  [199/3120] nano_278.root
         -> 1,354 vertices (2,807 trig, 1,214 trig+kin events)
  [200/3120] nano_279.root
         -> 1,488 vertices (2,928 trig, 1,242 trig+kin events)
  [201/3120] nano_28.root
         -> 882 vertices (1,833 trig, 782 trig+kin events)
  [202/3120] nano_280.root
         -> 755 vertices (1,530 trig, 658 trig+kin events)
  [203/3120] nano_281.root
         -> 1,428 vertices (2,858 trig, 1,205 trig+kin events)
  [204/3120] nano_282.root
         -> 754 vertices (1,481 trig, 625 trig+kin events)
  [205/3120] nano_283.root
         -> 657 vertices (1,381 trig, 599 trig+kin events)
  [206/3120] nano_284.root
         -> 1,145 vertices (2,411 trig, 1,043 trig+kin events)
  [207/3120] nano_285.root
         -> 854 vertices (1,724 trig, 763 trig+kin events)
  [208/3120] nano_286.root
         -> 1,445 vertices (2,862 trig, 1,209 trig+kin events)
  [209/3120] nano_287.root
         -> 599 vertices (1,231 trig, 531 trig+kin events)
  [210/3120] nano_288.root
         -> 1,105 vertices (2,368 trig, 990 trig+kin events)
  [211/3120] nano_289.root
         -> 1,293 vertices (2,320 trig, 1,017 trig+kin events)
  [212/3120] nano_29.root
         -> 1,054 vertices (2,013 trig, 874 trig+kin events)
  [213/3120] nano_290.root
         -> 158 vertices (289 trig, 135 trig+kin events)
  [214/3120] nano_291.root
         -> 880 vertices (1,810 trig, 776 trig+kin events)
  [215/3120] nano_292.root
         -> 755 vertices (1,504 trig, 629 trig+kin events)
  [216/3120] nano_293.root
         -> 1,341 vertices (2,793 trig, 1,200 trig+kin events)
  [217/3120] nano_294.root
         -> 833 vertices (1,830 trig, 760 trig+kin events)
  [218/3120] nano_295.root
         -> 699 vertices (1,469 trig, 617 trig+kin events)
  [219/3120] nano_296.root
         -> 1,364 vertices (2,773 trig, 1,193 trig+kin events)
  [220/3120] nano_297.root
         -> 816 vertices (1,595 trig, 688 trig+kin events)
  [221/3120] nano_298.root
         -> 775 vertices (1,573 trig, 666 trig+kin events)
  [222/3120] nano_299.root
         -> 1,420 vertices (2,756 trig, 1,235 trig+kin events)
  [223/3120] nano_3.root
         -> 280 vertices (643 trig, 262 trig+kin events)
  [224/3120] nano_30.root
         -> 901 vertices (1,799 trig, 768 trig+kin events)
  [225/3120] nano_300.root
         -> 1,191 vertices (2,516 trig, 1,057 trig+kin events)
  [226/3120] nano_301.root
         -> 744 vertices (1,520 trig, 627 trig+kin events)
  [227/3120] nano_302.root
         -> 1,448 vertices (2,819 trig, 1,202 trig+kin events)
  [228/3120] nano_303.root
         -> 1,459 vertices (2,794 trig, 1,263 trig+kin events)
  [229/3120] nano_304.root
         -> 672 vertices (1,429 trig, 551 trig+kin events)
  [230/3120] nano_305.root
         -> 1,062 vertices (2,126 trig, 917 trig+kin events)
  [231/3120] nano_306.root
         -> 1,089 vertices (2,057 trig, 928 trig+kin events)
  [232/3120] nano_307.root
         -> 649 vertices (1,408 trig, 610 trig+kin events)
  [233/3120] nano_308.root
         -> 864 vertices (1,831 trig, 777 trig+kin events)
  [234/3120] nano_309.root
         -> 768 vertices (1,507 trig, 653 trig+kin events)
  [235/3120] nano_31.root
         -> 1,038 vertices (2,145 trig, 904 trig+kin events)
  [236/3120] nano_310.root
         -> 1,466 vertices (2,880 trig, 1,209 trig+kin events)
  [237/3120] nano_311.root
         -> 928 vertices (1,693 trig, 739 trig+kin events)
  [238/3120] nano_312.root
         -> 1,369 vertices (2,818 trig, 1,192 trig+kin events)
  [239/3120] nano_313.root
         -> 1,433 vertices (2,719 trig, 1,210 trig+kin events)
  [240/3120] nano_314.root
         -> 1,491 vertices (2,866 trig, 1,246 trig+kin events)
  [241/3120] nano_315.root
         -> 917 vertices (1,799 trig, 805 trig+kin events)
  [242/3120] nano_316.root
         -> 1,469 vertices (2,766 trig, 1,205 trig+kin events)
  [243/3120] nano_317.root
         -> 1,156 vertices (2,269 trig, 980 trig+kin events)
  [244/3120] nano_318.root
         -> 718 vertices (1,464 trig, 637 trig+kin events)
  [245/3120] nano_319.root
         -> 972 vertices (1,775 trig, 779 trig+kin events)
  [246/3120] nano_32.root
         -> 738 vertices (1,567 trig, 675 trig+kin events)
  [247/3120] nano_320.root
         -> 1,443 vertices (2,803 trig, 1,231 trig+kin events)
  [248/3120] nano_321.root
         -> 1,388 vertices (2,847 trig, 1,249 trig+kin events)
  [249/3120] nano_322.root
         -> 1,339 vertices (2,615 trig, 1,097 trig+kin events)
  [250/3120] nano_323.root
         -> 922 vertices (1,959 trig, 821 trig+kin events)
  [251/3120] nano_324.root
         -> 1,452 vertices (2,795 trig, 1,225 trig+kin events)
  [252/3120] nano_325.root
         -> 65 vertices (170 trig, 79 trig+kin events)
  [253/3120] nano_326.root
         -> 815 vertices (1,656 trig, 676 trig+kin events)
  [254/3120] nano_327.root
         -> 1,387 vertices (2,855 trig, 1,202 trig+kin events)
  [255/3120] nano_328.root
         -> 928 vertices (1,965 trig, 796 trig+kin events)
  [256/3120] nano_329.root
         -> 775 vertices (1,559 trig, 647 trig+kin events)
  [257/3120] nano_33.root
         -> 1,014 vertices (1,913 trig, 822 trig+kin events)
  [258/3120] nano_330.root
         -> 1,138 vertices (2,301 trig, 992 trig+kin events)
  [259/3120] nano_331.root
         -> 1,418 vertices (2,837 trig, 1,224 trig+kin events)
  [260/3120] nano_332.root
         -> 1,001 vertices (1,998 trig, 856 trig+kin events)
  [261/3120] nano_333.root
         -> 1,599 vertices (2,851 trig, 1,270 trig+kin events)
  [262/3120] nano_334.root
         -> 730 vertices (1,511 trig, 659 trig+kin events)
  [263/3120] nano_335.root
         -> 622 vertices (1,429 trig, 580 trig+kin events)
  [264/3120] nano_336.root
         -> 1,471 vertices (2,850 trig, 1,234 trig+kin events)
  [265/3120] nano_337.root
         -> 1,085 vertices (2,032 trig, 896 trig+kin events)
  [266/3120] nano_338.root
         -> 1,359 vertices (2,760 trig, 1,158 trig+kin events)
  [267/3120] nano_339.root
         -> 1,371 vertices (2,673 trig, 1,153 trig+kin events)
  [268/3120] nano_34.root
         -> 952 vertices (1,785 trig, 792 trig+kin events)
  [269/3120] nano_340.root
         -> 699 vertices (1,474 trig, 591 trig+kin events)
  [270/3120] nano_341.root
         -> 1,503 vertices (2,829 trig, 1,229 trig+kin events)
  [271/3120] nano_342.root
         -> 1,071 vertices (2,099 trig, 954 trig+kin events)
  [272/3120] nano_343.root
         -> 1,291 vertices (2,487 trig, 1,082 trig+kin events)
  [273/3120] nano_344.root
         -> 1,399 vertices (2,797 trig, 1,204 trig+kin events)
  [274/3120] nano_345.root
         -> 1,440 vertices (2,803 trig, 1,185 trig+kin events)
  [275/3120] nano_346.root
         -> 680 vertices (1,416 trig, 635 trig+kin events)
  [276/3120] nano_347.root
         -> 1,070 vertices (2,255 trig, 949 trig+kin events)
  [277/3120] nano_348.root
         -> 1,544 vertices (2,928 trig, 1,270 trig+kin events)
  [278/3120] nano_349.root
         -> 1,396 vertices (2,849 trig, 1,217 trig+kin events)
  [279/3120] nano_35.root
         -> 646 vertices (1,388 trig, 589 trig+kin events)
  [280/3120] nano_350.root
         -> 829 vertices (1,498 trig, 666 trig+kin events)
  [281/3120] nano_351.root
         -> 1,372 vertices (2,777 trig, 1,204 trig+kin events)
  [282/3120] nano_352.root
         -> 769 vertices (1,600 trig, 670 trig+kin events)
  [283/3120] nano_353.root
         -> 667 vertices (1,430 trig, 589 trig+kin events)
  [284/3120] nano_354.root
         -> 1,384 vertices (2,780 trig, 1,196 trig+kin events)
  [285/3120] nano_355.root
         -> 923 vertices (1,765 trig, 766 trig+kin events)
  [286/3120] nano_356.root
         -> 1,453 vertices (2,861 trig, 1,242 trig+kin events)
  [287/3120] nano_357.root
         -> 700 vertices (1,574 trig, 625 trig+kin events)
  [288/3120] nano_358.root
         -> 119 vertices (261 trig, 105 trig+kin events)
  [289/3120] nano_359.root
         -> 1,460 vertices (2,809 trig, 1,215 trig+kin events)
  [290/3120] nano_36.root
         -> 942 vertices (1,816 trig, 768 trig+kin events)
  [291/3120] nano_360.root
         -> 1,585 vertices (2,816 trig, 1,288 trig+kin events)
  [292/3120] nano_361.root
         -> 1,467 vertices (2,783 trig, 1,222 trig+kin events)
  [293/3120] nano_362.root
         -> 1,413 vertices (2,740 trig, 1,233 trig+kin events)
  [294/3120] nano_363.root
         -> 624 vertices (1,240 trig, 526 trig+kin events)
  [295/3120] nano_364.root
         -> 991 vertices (1,999 trig, 880 trig+kin events)
  [296/3120] nano_365.root
         -> 1,063 vertices (2,075 trig, 879 trig+kin events)
  [297/3120] nano_366.root
         -> 372 vertices (839 trig, 341 trig+kin events)
  [298/3120] nano_367.root
         -> 1,454 vertices (2,852 trig, 1,230 trig+kin events)
  [299/3120] nano_368.root
         -> 1,171 vertices (2,223 trig, 972 trig+kin events)
  [300/3120] nano_369.root
         -> 795 vertices (1,674 trig, 717 trig+kin events)
  [301/3120] nano_37.root
         -> 1,075 vertices (2,130 trig, 923 trig+kin events)
  [302/3120] nano_370.root
         -> 439 vertices (949 trig, 371 trig+kin events)
  [303/3120] nano_371.root
         -> 1,087 vertices (2,114 trig, 934 trig+kin events)
  [304/3120] nano_372.root
         -> 736 vertices (1,494 trig, 632 trig+kin events)
  [305/3120] nano_373.root
         -> 1,452 vertices (2,779 trig, 1,201 trig+kin events)
  [306/3120] nano_374.root
         -> 1,377 vertices (2,758 trig, 1,184 trig+kin events)
  [307/3120] nano_375.root
         -> 1,323 vertices (2,826 trig, 1,222 trig+kin events)
  [308/3120] nano_376.root
         -> 1,275 vertices (2,788 trig, 1,156 trig+kin events)
  [309/3120] nano_377.root
         -> 1,424 vertices (2,817 trig, 1,221 trig+kin events)
  [310/3120] nano_378.root
         -> 666 vertices (1,486 trig, 626 trig+kin events)
  [311/3120] nano_379.root
         -> 1,334 vertices (2,868 trig, 1,242 trig+kin events)
  [312/3120] nano_38.root
         -> 883 vertices (1,762 trig, 786 trig+kin events)
  [313/3120] nano_380.root
         -> 958 vertices (1,874 trig, 786 trig+kin events)
  [314/3120] nano_381.root
         -> 713 vertices (1,470 trig, 644 trig+kin events)
  [315/3120] nano_382.root
         -> 1,505 vertices (2,859 trig, 1,241 trig+kin events)
  [316/3120] nano_383.root
         -> 1,086 vertices (2,434 trig, 1,000 trig+kin events)
  [317/3120] nano_384.root
         -> 1,391 vertices (2,838 trig, 1,223 trig+kin events)
  [318/3120] nano_385.root
         -> 860 vertices (1,682 trig, 716 trig+kin events)
  [319/3120] nano_386.root
         -> 866 vertices (1,674 trig, 714 trig+kin events)
  [320/3120] nano_387.root
         -> 761 vertices (1,486 trig, 650 trig+kin events)
  [321/3120] nano_388.root
         -> 795 vertices (1,600 trig, 665 trig+kin events)
  [322/3120] nano_389.root
         -> 1,303 vertices (2,548 trig, 1,134 trig+kin events)
  [323/3120] nano_39.root
         -> 908 vertices (1,633 trig, 717 trig+kin events)
  [324/3120] nano_390.root
         -> 963 vertices (1,873 trig, 817 trig+kin events)
  [325/3120] nano_391.root
         -> 1,212 vertices (2,333 trig, 1,000 trig+kin events)
  [326/3120] nano_392.root
         -> 753 vertices (1,577 trig, 678 trig+kin events)
  [327/3120] nano_393.root
         -> 1,458 vertices (2,780 trig, 1,214 trig+kin events)
  [328/3120] nano_394.root
         -> 880 vertices (1,679 trig, 703 trig+kin events)
  [329/3120] nano_395.root
         -> 1,341 vertices (2,822 trig, 1,178 trig+kin events)
  [330/3120] nano_396.root
         -> 1,440 vertices (2,879 trig, 1,237 trig+kin events)
  [331/3120] nano_397.root
         -> 1,424 vertices (2,785 trig, 1,213 trig+kin events)
  [332/3120] nano_398.root
         -> 817 vertices (1,546 trig, 685 trig+kin events)
  [333/3120] nano_399.root
         -> 1,328 vertices (2,778 trig, 1,196 trig+kin events)
  [334/3120] nano_4.root
         -> 796 vertices (1,494 trig, 635 trig+kin events)
  [335/3120] nano_40.root
         -> 986 vertices (1,867 trig, 804 trig+kin events)
  [336/3120] nano_400.root
         -> 1,422 vertices (2,853 trig, 1,204 trig+kin events)
  [337/3120] nano_401.root
         -> 1,379 vertices (2,782 trig, 1,159 trig+kin events)
  [338/3120] nano_402.root
         -> 757 vertices (1,489 trig, 642 trig+kin events)
  [339/3120] nano_403.root
         -> 752 vertices (1,552 trig, 635 trig+kin events)
  [340/3120] nano_404.root
         -> 470 vertices (912 trig, 393 trig+kin events)
  [341/3120] nano_405.root
         -> 798 vertices (1,625 trig, 702 trig+kin events)
  [342/3120] nano_406.root
         -> 745 vertices (1,414 trig, 605 trig+kin events)
  [343/3120] nano_407.root
         -> 830 vertices (1,635 trig, 710 trig+kin events)
  [344/3120] nano_408.root
         -> 797 vertices (1,597 trig, 681 trig+kin events)
  [345/3120] nano_409.root
         -> 208 vertices (471 trig, 207 trig+kin events)
  [346/3120] nano_41.root
         -> 805 vertices (1,670 trig, 716 trig+kin events)
  [347/3120] nano_410.root
         -> 1,458 vertices (2,806 trig, 1,215 trig+kin events)
  [348/3120] nano_411.root
         -> 1,312 vertices (2,795 trig, 1,162 trig+kin events)
  [349/3120] nano_412.root
         -> 958 vertices (2,044 trig, 857 trig+kin events)
  [350/3120] nano_413.root
         -> 1,469 vertices (2,779 trig, 1,231 trig+kin events)
  [351/3120] nano_414.root
         -> 1,333 vertices (2,751 trig, 1,183 trig+kin events)
  [352/3120] nano_415.root
         -> 1,110 vertices (2,187 trig, 940 trig+kin events)
  [353/3120] nano_416.root
         -> 1,419 vertices (2,865 trig, 1,224 trig+kin events)
  [354/3120] nano_417.root
         -> 801 vertices (1,502 trig, 633 trig+kin events)
  [355/3120] nano_418.root
         -> 1,495 vertices (2,893 trig, 1,272 trig+kin events)
  [356/3120] nano_419.root
         -> 812 vertices (1,533 trig, 656 trig+kin events)
  [357/3120] nano_42.root
         -> 889 vertices (1,634 trig, 718 trig+kin events)
  [358/3120] nano_420.root
         -> 925 vertices (1,805 trig, 783 trig+kin events)
  [359/3120] nano_421.root
         -> 1,107 vertices (2,222 trig, 936 trig+kin events)
  [360/3120] nano_422.root
         -> 741 vertices (1,407 trig, 619 trig+kin events)
  [361/3120] nano_423.root
         -> 785 vertices (1,783 trig, 759 trig+kin events)
  [362/3120] nano_424.root
         -> 1,121 vertices (2,285 trig, 997 trig+kin events)
  [363/3120] nano_425.root
         -> 1,490 vertices (2,889 trig, 1,261 trig+kin events)
  [364/3120] nano_426.root
         -> 1,102 vertices (2,313 trig, 974 trig+kin events)
  [365/3120] nano_427.root
         -> 1,393 vertices (2,806 trig, 1,171 trig+kin events)
  [366/3120] nano_428.root
         -> 1,490 vertices (2,833 trig, 1,229 trig+kin events)
  [367/3120] nano_429.root
         -> 62 vertices (112 trig, 46 trig+kin events)
  [368/3120] nano_43.root
         -> 794 vertices (1,618 trig, 658 trig+kin events)
  [369/3120] nano_430.root
         -> 1,391 vertices (2,819 trig, 1,201 trig+kin events)
  [370/3120] nano_431.root
         -> 1,240 vertices (2,436 trig, 1,070 trig+kin events)
  [371/3120] nano_432.root
         -> 972 vertices (1,868 trig, 804 trig+kin events)
  [372/3120] nano_433.root
         -> 1,339 vertices (2,839 trig, 1,255 trig+kin events)
  [373/3120] nano_434.root
         -> 952 vertices (1,952 trig, 825 trig+kin events)
  [374/3120] nano_435.root
         -> 1,502 vertices (2,876 trig, 1,267 trig+kin events)
  [375/3120] nano_436.root
         -> 785 vertices (1,498 trig, 638 trig+kin events)
  [376/3120] nano_437.root
         -> 854 vertices (1,651 trig, 722 trig+kin events)
  [377/3120] nano_438.root
         -> 1,347 vertices (2,922 trig, 1,243 trig+kin events)
  [378/3120] nano_439.root
         -> 1,309 vertices (2,782 trig, 1,172 trig+kin events)
  [379/3120] nano_44.root
         -> 834 vertices (1,589 trig, 669 trig+kin events)
  [380/3120] nano_440.root
         -> 1,349 vertices (2,860 trig, 1,206 trig+kin events)
  [381/3120] nano_441.root
         -> 1,460 vertices (2,849 trig, 1,280 trig+kin events)
  [382/3120] nano_442.root
         -> 1,420 vertices (2,835 trig, 1,221 trig+kin events)
  [383/3120] nano_443.root
         -> 1,422 vertices (2,763 trig, 1,199 trig+kin events)
  [384/3120] nano_444.root
         -> 925 vertices (1,917 trig, 814 trig+kin events)
  [385/3120] nano_445.root
         -> 846 vertices (1,692 trig, 723 trig+kin events)
  [386/3120] nano_446.root
         -> 946 vertices (2,040 trig, 854 trig+kin events)
  [387/3120] nano_447.root
         -> 861 vertices (1,734 trig, 728 trig+kin events)
  [388/3120] nano_448.root
         -> 1,478 vertices (2,758 trig, 1,216 trig+kin events)
  [389/3120] nano_449.root
         -> 1,367 vertices (2,761 trig, 1,178 trig+kin events)
  [390/3120] nano_45.root
         -> 878 vertices (1,641 trig, 725 trig+kin events)
  [391/3120] nano_450.root
         -> 1,335 vertices (2,717 trig, 1,129 trig+kin events)
  [392/3120] nano_451.root
         -> 1,495 vertices (2,874 trig, 1,239 trig+kin events)
  [393/3120] nano_452.root
         -> 768 vertices (1,444 trig, 643 trig+kin events)
  [394/3120] nano_453.root
         -> 1,400 vertices (2,748 trig, 1,167 trig+kin events)
  [395/3120] nano_454.root
         -> 1,372 vertices (2,862 trig, 1,197 trig+kin events)
  [396/3120] nano_455.root
         -> 798 vertices (1,441 trig, 668 trig+kin events)
  [397/3120] nano_456.root
         -> 1,389 vertices (2,828 trig, 1,191 trig+kin events)
  [398/3120] nano_457.root
         -> 1,472 vertices (2,808 trig, 1,240 trig+kin events)
  [399/3120] nano_458.root
         -> 969 vertices (1,902 trig, 855 trig+kin events)
  [400/3120] nano_459.root
         -> 455 vertices (982 trig, 420 trig+kin events)
  [401/3120] nano_46.root
         -> 837 vertices (1,609 trig, 702 trig+kin events)
  [402/3120] nano_460.root
         -> 1,419 vertices (2,887 trig, 1,235 trig+kin events)
  [403/3120] nano_461.root
         -> 1,393 vertices (2,818 trig, 1,194 trig+kin events)
  [404/3120] nano_462.root
         -> 1,420 vertices (2,819 trig, 1,275 trig+kin events)
  [405/3120] nano_463.root
         -> 1,377 vertices (2,801 trig, 1,212 trig+kin events)
  [406/3120] nano_464.root
         -> 1,382 vertices (2,818 trig, 1,195 trig+kin events)
  [407/3120] nano_465.root
         -> 1,444 vertices (2,763 trig, 1,195 trig+kin events)
  [408/3120] nano_466.root
         -> 758 vertices (1,583 trig, 687 trig+kin events)
  [409/3120] nano_467.root
         -> 826 vertices (1,554 trig, 703 trig+kin events)
  [410/3120] nano_468.root
         -> 950 vertices (1,860 trig, 789 trig+kin events)
  [411/3120] nano_469.root
         -> 1,352 vertices (2,776 trig, 1,179 trig+kin events)
  [412/3120] nano_47.root
         -> 686 vertices (1,412 trig, 596 trig+kin events)
  [413/3120] nano_470.root
         -> 1,337 vertices (2,785 trig, 1,178 trig+kin events)
  [414/3120] nano_471.root
         -> 989 vertices (2,009 trig, 849 trig+kin events)
  [415/3120] nano_472.root
         -> 717 vertices (1,468 trig, 628 trig+kin events)
  [416/3120] nano_473.root
         -> 1,405 vertices (2,884 trig, 1,217 trig+kin events)
  [417/3120] nano_474.root
         -> 1,444 vertices (2,820 trig, 1,236 trig+kin events)
  [418/3120] nano_475.root
         -> 950 vertices (1,972 trig, 809 trig+kin events)
  [419/3120] nano_476.root
         -> 1,318 vertices (2,807 trig, 1,170 trig+kin events)
  [420/3120] nano_477.root
         -> 1,249 vertices (2,559 trig, 1,090 trig+kin events)
  [421/3120] nano_478.root
         -> 824 vertices (1,661 trig, 700 trig+kin events)
  [422/3120] nano_479.root
         -> 509 vertices (1,033 trig, 435 trig+kin events)
  [423/3120] nano_48.root
         -> 877 vertices (1,803 trig, 749 trig+kin events)
  [424/3120] nano_480.root
         -> 992 vertices (2,007 trig, 850 trig+kin events)
  [425/3120] nano_481.root
         -> 11 vertices (43 trig, 13 trig+kin events)
  [426/3120] nano_482.root
         -> 691 vertices (1,425 trig, 612 trig+kin events)
  [427/3120] nano_483.root
         -> 1,407 vertices (2,846 trig, 1,226 trig+kin events)
  [428/3120] nano_484.root
         -> 779 vertices (1,631 trig, 685 trig+kin events)
  [429/3120] nano_485.root
         -> 1,363 vertices (2,880 trig, 1,228 trig+kin events)
  [430/3120] nano_486.root
         -> 972 vertices (1,900 trig, 790 trig+kin events)
  [431/3120] nano_487.root
         -> 1,195 vertices (2,394 trig, 1,056 trig+kin events)
  [432/3120] nano_488.root
         -> 1,419 vertices (2,788 trig, 1,252 trig+kin events)
  [433/3120] nano_489.root
         -> 1,052 vertices (2,003 trig, 863 trig+kin events)
  [434/3120] nano_49.root
         -> 802 vertices (1,555 trig, 648 trig+kin events)
  [435/3120] nano_490.root
         -> 1,429 vertices (2,795 trig, 1,230 trig+kin events)
  [436/3120] nano_491.root
         -> 778 vertices (1,630 trig, 715 trig+kin events)
  [437/3120] nano_492.root
         -> 932 vertices (1,745 trig, 752 trig+kin events)
  [438/3120] nano_493.root
         -> 748 vertices (1,454 trig, 610 trig+kin events)
  [439/3120] nano_494.root
         -> 1,141 vertices (2,317 trig, 976 trig+kin events)
  [440/3120] nano_495.root
         -> 1,131 vertices (2,164 trig, 927 trig+kin events)
  [441/3120] nano_496.root
         -> 1,052 vertices (2,125 trig, 897 trig+kin events)
  [442/3120] nano_497.root
         -> 1,462 vertices (2,863 trig, 1,238 trig+kin events)
  [443/3120] nano_498.root
         -> 1,006 vertices (2,001 trig, 866 trig+kin events)
  [444/3120] nano_499.root
         -> 1,392 vertices (2,748 trig, 1,181 trig+kin events)
  [445/3120] nano_5.root
         -> 743 vertices (1,538 trig, 632 trig+kin events)
  [446/3120] nano_50.root
         -> 814 vertices (1,517 trig, 657 trig+kin events)
  [447/3120] nano_500.root
         -> 763 vertices (1,585 trig, 659 trig+kin events)
  [448/3120] nano_501.root
         -> 1,365 vertices (2,901 trig, 1,208 trig+kin events)
  [449/3120] nano_502.root
         -> 1,454 vertices (2,799 trig, 1,242 trig+kin events)
  [450/3120] nano_503.root
         -> 1,380 vertices (2,774 trig, 1,202 trig+kin events)
  [451/3120] nano_504.root
         -> 813 vertices (1,653 trig, 700 trig+kin events)
  [452/3120] nano_505.root
         -> 1,391 vertices (2,783 trig, 1,178 trig+kin events)
  [453/3120] nano_506.root
         -> 1,314 vertices (2,817 trig, 1,183 trig+kin events)
  [454/3120] nano_507.root
         -> 1,339 vertices (2,737 trig, 1,167 trig+kin events)
  [455/3120] nano_508.root
         -> 742 vertices (1,467 trig, 630 trig+kin events)
  [456/3120] nano_509.root
         -> 1,307 vertices (2,834 trig, 1,239 trig+kin events)
  [457/3120] nano_51.root
         -> 245 vertices (449 trig, 203 trig+kin events)
  [458/3120] nano_510.root
         -> 822 vertices (1,581 trig, 673 trig+kin events)
  [459/3120] nano_511.root
         -> 1,554 vertices (2,893 trig, 1,254 trig+kin events)
  [460/3120] nano_512.root
         -> 740 vertices (1,498 trig, 667 trig+kin events)
  [461/3120] nano_513.root
         -> 892 vertices (1,782 trig, 756 trig+kin events)
  [462/3120] nano_514.root
         -> 1,335 vertices (2,718 trig, 1,169 trig+kin events)
  [463/3120] nano_515.root
         -> 895 vertices (1,704 trig, 731 trig+kin events)
  [464/3120] nano_516.root
         -> 1,371 vertices (2,820 trig, 1,268 trig+kin events)
  [465/3120] nano_517.root
         -> 1,527 vertices (2,857 trig, 1,232 trig+kin events)
  [466/3120] nano_518.root
         -> 1,381 vertices (2,840 trig, 1,215 trig+kin events)
  [467/3120] nano_519.root
         -> 309 vertices (629 trig, 263 trig+kin events)
  [468/3120] nano_52.root
         -> 983 vertices (2,013 trig, 862 trig+kin events)
  [469/3120] nano_520.root
         -> 1,350 vertices (2,833 trig, 1,227 trig+kin events)
  [470/3120] nano_521.root
         -> 1,526 vertices (2,975 trig, 1,277 trig+kin events)
  [471/3120] nano_522.root
         -> 1,131 vertices (2,318 trig, 970 trig+kin events)
  [472/3120] nano_523.root
         -> 820 vertices (1,604 trig, 687 trig+kin events)
  [473/3120] nano_524.root
         -> 988 vertices (1,873 trig, 825 trig+kin events)
  [474/3120] nano_525.root
         -> 1,375 vertices (2,782 trig, 1,242 trig+kin events)
  [475/3120] nano_526.root
         -> 1,479 vertices (2,788 trig, 1,218 trig+kin events)
  [476/3120] nano_527.root
         -> 1,485 vertices (2,730 trig, 1,242 trig+kin events)
  [477/3120] nano_528.root
         -> 544 vertices (1,131 trig, 501 trig+kin events)
  [478/3120] nano_529.root
         -> 915 vertices (1,938 trig, 804 trig+kin events)
  [479/3120] nano_53.root
         -> 944 vertices (1,873 trig, 806 trig+kin events)
  [480/3120] nano_530.root
         -> 1,410 vertices (2,652 trig, 1,130 trig+kin events)
  [481/3120] nano_531.root
         -> 1,425 vertices (2,795 trig, 1,164 trig+kin events)
  [482/3120] nano_532.root
         -> 677 vertices (1,460 trig, 627 trig+kin events)
  [483/3120] nano_533.root
         -> 742 vertices (1,474 trig, 633 trig+kin events)
  [484/3120] nano_534.root
         -> 964 vertices (1,828 trig, 778 trig+kin events)
  [485/3120] nano_535.root
         -> 768 vertices (1,428 trig, 615 trig+kin events)
  [486/3120] nano_536.root
         -> 1,425 vertices (2,759 trig, 1,210 trig+kin events)
  [487/3120] nano_537.root
         -> 754 vertices (1,560 trig, 687 trig+kin events)
  [488/3120] nano_538.root
         -> 1,435 vertices (2,782 trig, 1,253 trig+kin events)
  [489/3120] nano_539.root
         -> 1,354 vertices (2,834 trig, 1,171 trig+kin events)
  [490/3120] nano_54.root
         -> 64 vertices (102 trig, 47 trig+kin events)
  [491/3120] nano_540.root
         -> 78 vertices (209 trig, 77 trig+kin events)
  [492/3120] nano_541.root
         -> 1,370 vertices (2,730 trig, 1,154 trig+kin events)
  [493/3120] nano_542.root
         -> 1,428 vertices (2,813 trig, 1,185 trig+kin events)
  [494/3120] nano_543.root
         -> 816 vertices (1,689 trig, 720 trig+kin events)
  [495/3120] nano_544.root
         -> 807 vertices (1,626 trig, 681 trig+kin events)
  [496/3120] nano_545.root
         -> 1,409 vertices (2,830 trig, 1,233 trig+kin events)
  [497/3120] nano_546.root
         -> 1,015 vertices (1,932 trig, 844 trig+kin events)
  [498/3120] nano_547.root
         -> 789 vertices (1,560 trig, 662 trig+kin events)
  [499/3120] nano_548.root
         -> 1,397 vertices (2,809 trig, 1,195 trig+kin events)
  [500/3120] nano_549.root
         -> 1,369 vertices (2,870 trig, 1,238 trig+kin events)
  [501/3120] nano_55.root
         -> 1,263 vertices (2,701 trig, 1,147 trig+kin events)
  [502/3120] nano_550.root
         -> 797 vertices (1,684 trig, 671 trig+kin events)
  [503/3120] nano_551.root
         -> 966 vertices (1,897 trig, 806 trig+kin events)
  [504/3120] nano_552.root
         -> 1,430 vertices (2,848 trig, 1,272 trig+kin events)
  [505/3120] nano_553.root
         -> 1,135 vertices (2,280 trig, 1,000 trig+kin events)
  [506/3120] nano_554.root
         -> 843 vertices (1,637 trig, 724 trig+kin events)
  [507/3120] nano_555.root
         -> 716 vertices (1,463 trig, 624 trig+kin events)
  [508/3120] nano_556.root
         -> 1,359 vertices (2,834 trig, 1,199 trig+kin events)
  [509/3120] nano_557.root
         -> 1,330 vertices (2,802 trig, 1,206 trig+kin events)
  [510/3120] nano_558.root
         -> 1,388 vertices (2,752 trig, 1,205 trig+kin events)
  [511/3120] nano_559.root
         -> 1,503 vertices (2,846 trig, 1,251 trig+kin events)
  [512/3120] nano_56.root
         -> 1,323 vertices (2,820 trig, 1,201 trig+kin events)
  [513/3120] nano_560.root
         -> 1,451 vertices (2,864 trig, 1,256 trig+kin events)
  [514/3120] nano_561.root
         -> 1,408 vertices (2,791 trig, 1,190 trig+kin events)
  [515/3120] nano_562.root
         -> 1,377 vertices (2,787 trig, 1,205 trig+kin events)
  [516/3120] nano_563.root
         -> 1,042 vertices (1,955 trig, 832 trig+kin events)
  [517/3120] nano_564.root
         -> 927 vertices (1,846 trig, 782 trig+kin events)
  [518/3120] nano_565.root
         -> 1,157 vertices (2,253 trig, 969 trig+kin events)
  [519/3120] nano_566.root
         -> 1,452 vertices (2,859 trig, 1,271 trig+kin events)
  [520/3120] nano_567.root
         -> 891 vertices (1,796 trig, 786 trig+kin events)
  [521/3120] nano_568.root
         -> 711 vertices (1,415 trig, 603 trig+kin events)
  [522/3120] nano_569.root
         -> 833 vertices (1,753 trig, 759 trig+kin events)
  [523/3120] nano_57.root
         -> 1,425 vertices (2,811 trig, 1,212 trig+kin events)
  [524/3120] nano_570.root
         -> 1,393 vertices (2,778 trig, 1,192 trig+kin events)
  [525/3120] nano_571.root
         -> 817 vertices (1,581 trig, 711 trig+kin events)
  [526/3120] nano_572.root
         -> 839 vertices (1,703 trig, 710 trig+kin events)
  [527/3120] nano_573.root
         -> 1,383 vertices (2,848 trig, 1,221 trig+kin events)
  [528/3120] nano_574.root
         -> 991 vertices (1,878 trig, 822 trig+kin events)
  [529/3120] nano_575.root
         -> 913 vertices (1,849 trig, 777 trig+kin events)
  [530/3120] nano_576.root
         -> 1,428 vertices (2,814 trig, 1,197 trig+kin events)
  [531/3120] nano_577.root
         -> 1,482 vertices (2,812 trig, 1,300 trig+kin events)
  [532/3120] nano_578.root
         -> 783 vertices (1,495 trig, 658 trig+kin events)
  [533/3120] nano_579.root
         -> 1,312 vertices (2,584 trig, 1,128 trig+kin events)
  [534/3120] nano_58.root
         -> 1,323 vertices (2,792 trig, 1,128 trig+kin events)
  [535/3120] nano_580.root
         -> 1,357 vertices (2,876 trig, 1,182 trig+kin events)
  [536/3120] nano_581.root
         -> 756 vertices (1,507 trig, 630 trig+kin events)
  [537/3120] nano_582.root
         -> 1,439 vertices (2,728 trig, 1,240 trig+kin events)
  [538/3120] nano_583.root
         -> 803 vertices (1,507 trig, 651 trig+kin events)
  [539/3120] nano_584.root
         -> 1,130 vertices (2,137 trig, 948 trig+kin events)
  [540/3120] nano_585.root
         -> 1,048 vertices (1,983 trig, 850 trig+kin events)
  [541/3120] nano_586.root
         -> 859 vertices (1,703 trig, 736 trig+kin events)
  [542/3120] nano_587.root
         -> 918 vertices (1,721 trig, 752 trig+kin events)
  [543/3120] nano_588.root
         -> 1,420 vertices (2,851 trig, 1,207 trig+kin events)
  [544/3120] nano_589.root
         -> 1,370 vertices (2,816 trig, 1,198 trig+kin events)
  [545/3120] nano_59.root
         -> 881 vertices (1,737 trig, 758 trig+kin events)
  [546/3120] nano_590.root
         -> 1,068 vertices (2,091 trig, 927 trig+kin events)
  [547/3120] nano_591.root
         -> 779 vertices (1,509 trig, 656 trig+kin events)
  [548/3120] nano_592.root
         -> 618 vertices (1,349 trig, 551 trig+kin events)
  [549/3120] nano_593.root
         -> 1,466 vertices (2,851 trig, 1,229 trig+kin events)
  [550/3120] nano_594.root
         -> 1,433 vertices (2,796 trig, 1,171 trig+kin events)
  [551/3120] nano_595.root
         -> 364 vertices (819 trig, 364 trig+kin events)
  [552/3120] nano_596.root
         -> 192 vertices (362 trig, 158 trig+kin events)
  [553/3120] nano_597.root
         -> 1,234 vertices (2,325 trig, 1,009 trig+kin events)
  [554/3120] nano_598.root
         -> 576 vertices (1,268 trig, 551 trig+kin events)
  [555/3120] nano_599.root
         -> 1,427 vertices (2,846 trig, 1,265 trig+kin events)
  [556/3120] nano_6.root
         -> 699 vertices (1,400 trig, 627 trig+kin events)
  [557/3120] nano_60.root
         -> 1,341 vertices (2,867 trig, 1,196 trig+kin events)
  [558/3120] nano_600.root
         -> 1,392 vertices (2,760 trig, 1,204 trig+kin events)
  [559/3120] nano_601.root
         -> 1,382 vertices (2,785 trig, 1,174 trig+kin events)
  [560/3120] nano_602.root
         -> 776 vertices (1,712 trig, 710 trig+kin events)
  [561/3120] nano_603.root
         -> 1,301 vertices (2,553 trig, 1,100 trig+kin events)
  [562/3120] nano_604.root
         -> 1,331 vertices (2,823 trig, 1,173 trig+kin events)
  [563/3120] nano_605.root
         -> 719 vertices (1,524 trig, 617 trig+kin events)
  [564/3120] nano_606.root
         -> 1,388 vertices (2,859 trig, 1,193 trig+kin events)
  [565/3120] nano_607.root
         -> 1,407 vertices (2,864 trig, 1,213 trig+kin events)
  [566/3120] nano_608.root
         -> 750 vertices (1,408 trig, 630 trig+kin events)
  [567/3120] nano_609.root
         -> 775 vertices (1,587 trig, 685 trig+kin events)
  [568/3120] nano_61.root
         -> 1,489 vertices (2,856 trig, 1,197 trig+kin events)
  [569/3120] nano_610.root
         -> 1,449 vertices (2,783 trig, 1,189 trig+kin events)
  [570/3120] nano_611.root
         -> 855 vertices (1,644 trig, 722 trig+kin events)
  [571/3120] nano_612.root
         -> 1,292 vertices (2,888 trig, 1,188 trig+kin events)
  [572/3120] nano_613.root
         -> 747 vertices (1,525 trig, 659 trig+kin events)
  [573/3120] nano_614.root
         -> 943 vertices (1,817 trig, 812 trig+kin events)
  [574/3120] nano_615.root
         -> 1,350 vertices (2,756 trig, 1,154 trig+kin events)
  [575/3120] nano_616.root
         -> 751 vertices (1,470 trig, 626 trig+kin events)
  [576/3120] nano_617.root
         -> 1,465 vertices (2,814 trig, 1,223 trig+kin events)
  [577/3120] nano_618.root
         -> 827 vertices (1,723 trig, 735 trig+kin events)
  [578/3120] nano_619.root
         -> 1,345 vertices (2,616 trig, 1,143 trig+kin events)
  [579/3120] nano_62.root
         -> 1,049 vertices (2,060 trig, 888 trig+kin events)
  [580/3120] nano_620.root
         -> 952 vertices (1,873 trig, 806 trig+kin events)
  [581/3120] nano_621.root
         -> 225 vertices (433 trig, 196 trig+kin events)
  [582/3120] nano_622.root
         -> 851 vertices (1,804 trig, 742 trig+kin events)
  [583/3120] nano_623.root
         -> 485 vertices (881 trig, 387 trig+kin events)
  [584/3120] nano_624.root
         -> 797 vertices (1,645 trig, 707 trig+kin events)
  [585/3120] nano_625.root
         -> 832 vertices (1,682 trig, 720 trig+kin events)
  [586/3120] nano_626.root
         -> 1,424 vertices (2,680 trig, 1,157 trig+kin events)
  [587/3120] nano_627.root
         -> 819 vertices (1,538 trig, 662 trig+kin events)
  [588/3120] nano_628.root
         -> 981 vertices (1,940 trig, 826 trig+kin events)
  [589/3120] nano_629.root
         -> 1,411 vertices (2,828 trig, 1,209 trig+kin events)
  [590/3120] nano_63.root
         -> 1,472 vertices (2,776 trig, 1,214 trig+kin events)
  [591/3120] nano_630.root
         -> 1,314 vertices (2,854 trig, 1,229 trig+kin events)
  [592/3120] nano_631.root
         -> 1,394 vertices (2,832 trig, 1,210 trig+kin events)
  [593/3120] nano_632.root
         -> 1,336 vertices (2,821 trig, 1,173 trig+kin events)
  [594/3120] nano_633.root
         -> 978 vertices (1,894 trig, 814 trig+kin events)
  [595/3120] nano_634.root
         -> 1,362 vertices (2,796 trig, 1,187 trig+kin events)
  [596/3120] nano_635.root
         -> 915 vertices (1,765 trig, 747 trig+kin events)
  [597/3120] nano_636.root
         -> 1,445 vertices (2,817 trig, 1,244 trig+kin events)
  [598/3120] nano_637.root
         -> 1,279 vertices (2,766 trig, 1,148 trig+kin events)
  [599/3120] nano_638.root
         -> 928 vertices (1,740 trig, 746 trig+kin events)
  [600/3120] nano_639.root
         -> 860 vertices (1,820 trig, 760 trig+kin events)
  [601/3120] nano_64.root
         -> 830 vertices (1,644 trig, 702 trig+kin events)
  [602/3120] nano_640.root
         -> 855 vertices (1,639 trig, 733 trig+kin events)
  [603/3120] nano_641.root
         -> 1,423 vertices (2,837 trig, 1,245 trig+kin events)
  [604/3120] nano_642.root
         -> 807 vertices (1,606 trig, 681 trig+kin events)
  [605/3120] nano_643.root
         -> 1,443 vertices (2,797 trig, 1,194 trig+kin events)
  [606/3120] nano_644.root
         -> 927 vertices (1,810 trig, 780 trig+kin events)
  [607/3120] nano_645.root
         -> 729 vertices (1,381 trig, 628 trig+kin events)
  [608/3120] nano_646.root
         -> 1,393 vertices (2,825 trig, 1,212 trig+kin events)
  [609/3120] nano_647.root
         -> 785 vertices (1,571 trig, 676 trig+kin events)
  [610/3120] nano_648.root
         -> 1,521 vertices (2,821 trig, 1,231 trig+kin events)
  [611/3120] nano_649.root
         -> 1,361 vertices (2,826 trig, 1,164 trig+kin events)
  [612/3120] nano_65.root
         -> 1,449 vertices (2,790 trig, 1,223 trig+kin events)
  [613/3120] nano_650.root
         -> 838 vertices (1,664 trig, 711 trig+kin events)
  [614/3120] nano_651.root
         -> 744 vertices (1,488 trig, 631 trig+kin events)
  [615/3120] nano_652.root
         -> 1,466 vertices (2,808 trig, 1,193 trig+kin events)
  [616/3120] nano_653.root
         -> 1,489 vertices (2,859 trig, 1,229 trig+kin events)
  [617/3120] nano_654.root
         -> 734 vertices (1,473 trig, 646 trig+kin events)
  [618/3120] nano_655.root
         -> 160 vertices (354 trig, 155 trig+kin events)
  [619/3120] nano_656.root
         -> 891 vertices (1,678 trig, 723 trig+kin events)
  [620/3120] nano_657.root
         -> 1,367 vertices (2,828 trig, 1,210 trig+kin events)
  [621/3120] nano_658.root
         -> 708 vertices (1,507 trig, 646 trig+kin events)
  [622/3120] nano_659.root
         -> 963 vertices (1,952 trig, 827 trig+kin events)
  [623/3120] nano_66.root
         -> 501 vertices (974 trig, 442 trig+kin events)
  [624/3120] nano_660.root
         -> 1,479 vertices (2,860 trig, 1,252 trig+kin events)
  [625/3120] nano_661.root
         -> 1,415 vertices (2,786 trig, 1,247 trig+kin events)
  [626/3120] nano_662.root
         -> 920 vertices (1,942 trig, 820 trig+kin events)
  [627/3120] nano_663.root
         -> 723 vertices (1,407 trig, 597 trig+kin events)
  [628/3120] nano_664.root
         -> 53 vertices (92 trig, 49 trig+kin events)
  [629/3120] nano_665.root
         -> 1,381 vertices (2,741 trig, 1,181 trig+kin events)
  [630/3120] nano_666.root
         -> 827 vertices (1,570 trig, 690 trig+kin events)
  [631/3120] nano_667.root
         -> 809 vertices (1,697 trig, 729 trig+kin events)
  [632/3120] nano_668.root
         -> 1,503 vertices (2,899 trig, 1,267 trig+kin events)
  [633/3120] nano_669.root
         -> 1,450 vertices (2,739 trig, 1,186 trig+kin events)
  [634/3120] nano_67.root
         -> 950 vertices (1,995 trig, 840 trig+kin events)
  [635/3120] nano_670.root
         -> 1,323 vertices (2,814 trig, 1,161 trig+kin events)
  [636/3120] nano_671.root
         -> 1,111 vertices (2,297 trig, 960 trig+kin events)
  [637/3120] nano_672.root
         -> 1,496 vertices (2,833 trig, 1,235 trig+kin events)
  [638/3120] nano_673.root
         -> 1,005 vertices (2,074 trig, 904 trig+kin events)
  [639/3120] nano_674.root
         -> 1,353 vertices (2,858 trig, 1,220 trig+kin events)
  [640/3120] nano_675.root
         -> 1,484 vertices (2,881 trig, 1,284 trig+kin events)
  [641/3120] nano_676.root
         -> 990 vertices (2,161 trig, 911 trig+kin events)
  [642/3120] nano_677.root
         -> 975 vertices (2,103 trig, 874 trig+kin events)
  [643/3120] nano_678.root
         -> 1,418 vertices (2,769 trig, 1,174 trig+kin events)
  [644/3120] nano_679.root
         -> 1,439 vertices (2,843 trig, 1,196 trig+kin events)
  [645/3120] nano_68.root
         -> 235 vertices (449 trig, 195 trig+kin events)
  [646/3120] nano_680.root
         -> 1,444 vertices (2,801 trig, 1,243 trig+kin events)
  [647/3120] nano_681.root
         -> 1,270 vertices (2,523 trig, 1,062 trig+kin events)
  [648/3120] nano_682.root
         -> 986 vertices (2,040 trig, 901 trig+kin events)
  [649/3120] nano_683.root
         -> 1,113 vertices (2,074 trig, 937 trig+kin events)
  [650/3120] nano_684.root
         -> 1,366 vertices (2,777 trig, 1,235 trig+kin events)
  [651/3120] nano_685.root
         -> 1,029 vertices (1,946 trig, 841 trig+kin events)
  [652/3120] nano_686.root
         -> 1,371 vertices (2,763 trig, 1,169 trig+kin events)
  [653/3120] nano_687.root
         -> 841 vertices (1,647 trig, 717 trig+kin events)
  [654/3120] nano_688.root
         -> 1,408 vertices (2,829 trig, 1,186 trig+kin events)
  [655/3120] nano_689.root
         -> 1,015 vertices (2,162 trig, 884 trig+kin events)
  [656/3120] nano_69.root
         -> 1,118 vertices (2,141 trig, 938 trig+kin events)
  [657/3120] nano_690.root
         -> 876 vertices (1,819 trig, 766 trig+kin events)
  [658/3120] nano_691.root
         -> 723 vertices (1,567 trig, 639 trig+kin events)
  [659/3120] nano_692.root
         -> 1,397 vertices (2,828 trig, 1,205 trig+kin events)
  [660/3120] nano_693.root
         -> 1,327 vertices (2,748 trig, 1,114 trig+kin events)
  [661/3120] nano_694.root
         -> 1,199 vertices (2,277 trig, 964 trig+kin events)
  [662/3120] nano_695.root
         -> 1,434 vertices (2,787 trig, 1,182 trig+kin events)
  [663/3120] nano_696.root
         -> 1,218 vertices (2,422 trig, 1,040 trig+kin events)
  [664/3120] nano_697.root
         -> 1,084 vertices (2,132 trig, 922 trig+kin events)
  [665/3120] nano_698.root
         -> 1,241 vertices (2,374 trig, 1,066 trig+kin events)
  [666/3120] nano_699.root
         -> 1,272 vertices (2,603 trig, 1,116 trig+kin events)
  [667/3120] nano_7.root
         -> 769 vertices (1,451 trig, 644 trig+kin events)
  [668/3120] nano_70.root
         -> 814 vertices (1,668 trig, 685 trig+kin events)
  [669/3120] nano_700.root
         -> 1,143 vertices (2,368 trig, 1,013 trig+kin events)
  [670/3120] nano_701.root
         -> 1,439 vertices (2,776 trig, 1,196 trig+kin events)
  [671/3120] nano_702.root
         -> 1,040 vertices (1,939 trig, 844 trig+kin events)
  [672/3120] nano_703.root
         -> 961 vertices (1,803 trig, 817 trig+kin events)
  [673/3120] nano_704.root
         -> 875 vertices (1,846 trig, 782 trig+kin events)
  [674/3120] nano_705.root
         -> 1,462 vertices (2,864 trig, 1,249 trig+kin events)
  [675/3120] nano_706.root
         -> 730 vertices (1,402 trig, 599 trig+kin events)
  [676/3120] nano_707.root
         -> 1,232 vertices (2,569 trig, 1,099 trig+kin events)
  [677/3120] nano_708.root
         -> 966 vertices (2,116 trig, 878 trig+kin events)
  [678/3120] nano_709.root
         -> 1,412 vertices (2,803 trig, 1,203 trig+kin events)
  [679/3120] nano_71.root
         -> 1,439 vertices (2,838 trig, 1,254 trig+kin events)
  [680/3120] nano_710.root
         -> 695 vertices (1,463 trig, 617 trig+kin events)
  [681/3120] nano_711.root
         -> 831 vertices (1,738 trig, 719 trig+kin events)
  [682/3120] nano_712.root
         -> 1,520 vertices (2,859 trig, 1,247 trig+kin events)
  [683/3120] nano_713.root
         -> 1,175 vertices (2,488 trig, 1,083 trig+kin events)
  [684/3120] nano_714.root
         -> 898 vertices (1,699 trig, 730 trig+kin events)
  [685/3120] nano_715.root
         -> 1,297 vertices (2,715 trig, 1,118 trig+kin events)
  [686/3120] nano_716.root
         -> 777 vertices (1,468 trig, 645 trig+kin events)
  [687/3120] nano_717.root
         -> 736 vertices (1,548 trig, 648 trig+kin events)
  [688/3120] nano_718.root
         -> 1,408 vertices (2,830 trig, 1,193 trig+kin events)
  [689/3120] nano_719.root
         -> 1,524 vertices (2,784 trig, 1,216 trig+kin events)
  [690/3120] nano_72.root
         -> 911 vertices (1,730 trig, 766 trig+kin events)
  [691/3120] nano_720.root
         -> 1,314 vertices (2,813 trig, 1,197 trig+kin events)
  [692/3120] nano_721.root
         -> 746 vertices (1,469 trig, 617 trig+kin events)
  [693/3120] nano_722.root
         -> 1,460 vertices (2,843 trig, 1,190 trig+kin events)
  [694/3120] nano_723.root
         -> 614 vertices (1,168 trig, 517 trig+kin events)
  [695/3120] nano_724.root
         -> 1,375 vertices (2,820 trig, 1,184 trig+kin events)
  [696/3120] nano_725.root
         -> 1,511 vertices (2,796 trig, 1,238 trig+kin events)
  [697/3120] nano_726.root
         -> 1,446 vertices (2,916 trig, 1,258 trig+kin events)
  [698/3120] nano_727.root
         -> 1,406 vertices (2,808 trig, 1,176 trig+kin events)
  [699/3120] nano_728.root
         -> 1,422 vertices (2,837 trig, 1,216 trig+kin events)
  [700/3120] nano_729.root
         -> 1,117 vertices (2,310 trig, 948 trig+kin events)
  [701/3120] nano_73.root
         -> 1,433 vertices (2,846 trig, 1,196 trig+kin events)
  [702/3120] nano_730.root
         -> 1,385 vertices (2,755 trig, 1,182 trig+kin events)
  [703/3120] nano_731.root
         -> 1,415 vertices (2,782 trig, 1,197 trig+kin events)
  [704/3120] nano_732.root
         -> 1,355 vertices (2,687 trig, 1,152 trig+kin events)
  [705/3120] nano_733.root
         -> 831 vertices (1,680 trig, 712 trig+kin events)
  [706/3120] nano_734.root
         -> 847 vertices (1,782 trig, 768 trig+kin events)
  [707/3120] nano_735.root
         -> 1,072 vertices (2,057 trig, 899 trig+kin events)
  [708/3120] nano_736.root
         -> 993 vertices (1,881 trig, 829 trig+kin events)
  [709/3120] nano_737.root
         -> 1,417 vertices (2,826 trig, 1,236 trig+kin events)
  [710/3120] nano_738.root
         -> 894 vertices (1,733 trig, 755 trig+kin events)
  [711/3120] nano_739.root
         -> 1,162 vertices (2,209 trig, 966 trig+kin events)
  [712/3120] nano_74.root
         -> 200 vertices (382 trig, 170 trig+kin events)
  [713/3120] nano_740.root
         -> 1,453 vertices (2,810 trig, 1,226 trig+kin events)
  [714/3120] nano_741.root
         -> 1,242 vertices (2,706 trig, 1,107 trig+kin events)
  [715/3120] nano_742.root
         -> 933 vertices (1,963 trig, 809 trig+kin events)
  [716/3120] nano_743.root
         -> 809 vertices (1,521 trig, 677 trig+kin events)
  [717/3120] nano_744.root
         -> 1,191 vertices (2,286 trig, 992 trig+kin events)
  [718/3120] nano_745.root
         -> 1,038 vertices (2,150 trig, 928 trig+kin events)
  [719/3120] nano_746.root
         -> 967 vertices (2,000 trig, 849 trig+kin events)
  [720/3120] nano_747.root
         -> 1,219 vertices (2,537 trig, 1,103 trig+kin events)
  [721/3120] nano_748.root
         -> 913 vertices (1,880 trig, 789 trig+kin events)
  [722/3120] nano_749.root
         -> 1,455 vertices (2,848 trig, 1,215 trig+kin events)
  [723/3120] nano_75.root
         -> 787 vertices (1,618 trig, 675 trig+kin events)
  [724/3120] nano_750.root
         -> 1,356 vertices (2,732 trig, 1,186 trig+kin events)
  [725/3120] nano_751.root
         -> 1,470 vertices (2,843 trig, 1,229 trig+kin events)
  [726/3120] nano_752.root
         -> 1,196 vertices (2,393 trig, 1,045 trig+kin events)
  [727/3120] nano_753.root
         -> 825 vertices (1,739 trig, 724 trig+kin events)
  [728/3120] nano_754.root
         -> 1,057 vertices (2,225 trig, 942 trig+kin events)
  [729/3120] nano_755.root
         -> 1,316 vertices (2,758 trig, 1,200 trig+kin events)
  [730/3120] nano_756.root
         -> 815 vertices (1,573 trig, 705 trig+kin events)
  [731/3120] nano_757.root
         -> 739 vertices (1,481 trig, 663 trig+kin events)
  [732/3120] nano_758.root
         -> 852 vertices (1,628 trig, 719 trig+kin events)
  [733/3120] nano_759.root
         -> 1,468 vertices (2,840 trig, 1,262 trig+kin events)
  [734/3120] nano_76.root
         -> 1,364 vertices (2,765 trig, 1,191 trig+kin events)
  [735/3120] nano_760.root
         -> 1,355 vertices (2,909 trig, 1,220 trig+kin events)
  [736/3120] nano_761.root
         -> 1,374 vertices (2,813 trig, 1,177 trig+kin events)
  [737/3120] nano_762.root
         -> 1,411 vertices (2,743 trig, 1,206 trig+kin events)
  [738/3120] nano_763.root
         -> 741 vertices (1,470 trig, 630 trig+kin events)
  [739/3120] nano_764.root
         -> 658 vertices (1,394 trig, 574 trig+kin events)
  [740/3120] nano_765.root
         -> 1,484 vertices (2,815 trig, 1,256 trig+kin events)
  [741/3120] nano_766.root
         -> 1,322 vertices (2,588 trig, 1,116 trig+kin events)
  [742/3120] nano_767.root
         -> 1,431 vertices (2,814 trig, 1,177 trig+kin events)
  [743/3120] nano_768.root
         -> 973 vertices (1,930 trig, 810 trig+kin events)
  [744/3120] nano_769.root
         -> 1,432 vertices (2,848 trig, 1,235 trig+kin events)
  [745/3120] nano_77.root
         -> 189 vertices (330 trig, 156 trig+kin events)
  [746/3120] nano_770.root
         -> 1,298 vertices (2,414 trig, 1,093 trig+kin events)
  [747/3120] nano_771.root
         -> 816 vertices (1,621 trig, 700 trig+kin events)
  [748/3120] nano_772.root
         -> 912 vertices (1,629 trig, 721 trig+kin events)
  [749/3120] nano_773.root
         -> 1,358 vertices (2,832 trig, 1,218 trig+kin events)
  [750/3120] nano_774.root
         -> 1,040 vertices (2,053 trig, 885 trig+kin events)
  [751/3120] nano_775.root
         -> 1,003 vertices (2,073 trig, 902 trig+kin events)
  [752/3120] nano_776.root
         -> 349 vertices (654 trig, 285 trig+kin events)
  [753/3120] nano_777.root
         -> 822 vertices (1,597 trig, 714 trig+kin events)
  [754/3120] nano_778.root
         -> 1,210 vertices (2,364 trig, 1,034 trig+kin events)
  [755/3120] nano_779.root
         -> 735 vertices (1,473 trig, 625 trig+kin events)
  [756/3120] nano_78.root
         -> 403 vertices (766 trig, 326 trig+kin events)
  [757/3120] nano_780.root
         -> 636 vertices (1,412 trig, 547 trig+kin events)
  [758/3120] nano_781.root
         -> 1,153 vertices (2,324 trig, 982 trig+kin events)
  [759/3120] nano_782.root
         -> 831 vertices (1,641 trig, 732 trig+kin events)
  [760/3120] nano_783.root
         -> 1,199 vertices (2,308 trig, 1,019 trig+kin events)
  [761/3120] nano_784.root
         -> 874 vertices (1,779 trig, 787 trig+kin events)
  [762/3120] nano_785.root
         -> 1,195 vertices (2,353 trig, 994 trig+kin events)
  [763/3120] nano_786.root
         -> 1,460 vertices (2,811 trig, 1,237 trig+kin events)
  [764/3120] nano_787.root
         -> 1,342 vertices (2,856 trig, 1,207 trig+kin events)
  [765/3120] nano_788.root
         -> 1,454 vertices (2,910 trig, 1,231 trig+kin events)
  [766/3120] nano_789.root
         -> 1,122 vertices (2,241 trig, 960 trig+kin events)
  [767/3120] nano_79.root
         -> 892 vertices (1,608 trig, 708 trig+kin events)
  [768/3120] nano_790.root
         -> 823 vertices (1,620 trig, 734 trig+kin events)
  [769/3120] nano_791.root
         -> 1,205 vertices (2,423 trig, 1,039 trig+kin events)
  [770/3120] nano_792.root
         -> 1,463 vertices (2,858 trig, 1,215 trig+kin events)
  [771/3120] nano_793.root
         -> 829 vertices (1,617 trig, 667 trig+kin events)
  [772/3120] nano_794.root
         -> 829 vertices (1,487 trig, 660 trig+kin events)
  [773/3120] nano_795.root
         -> 1,352 vertices (2,855 trig, 1,205 trig+kin events)
  [774/3120] nano_796.root
         -> 1,448 vertices (2,873 trig, 1,220 trig+kin events)
  [775/3120] nano_797.root
         -> 848 vertices (1,703 trig, 768 trig+kin events)
  [776/3120] nano_798.root
         -> 1,043 vertices (1,907 trig, 825 trig+kin events)
  [777/3120] nano_799.root
         -> 761 vertices (1,638 trig, 679 trig+kin events)
  [778/3120] nano_8.root
         -> 748 vertices (1,479 trig, 628 trig+kin events)
  [779/3120] nano_80.root
         -> 669 vertices (1,410 trig, 629 trig+kin events)
  [780/3120] nano_800.root
         -> 535 vertices (1,101 trig, 466 trig+kin events)
  [781/3120] nano_801.root
         -> 787 vertices (1,589 trig, 686 trig+kin events)
  [782/3120] nano_802.root
         -> 1,415 vertices (2,729 trig, 1,150 trig+kin events)
  [783/3120] nano_803.root
         -> 920 vertices (1,838 trig, 769 trig+kin events)
  [784/3120] nano_804.root
         -> 1,373 vertices (2,906 trig, 1,179 trig+kin events)
  [785/3120] nano_805.root
         -> 760 vertices (1,572 trig, 679 trig+kin events)
  [786/3120] nano_806.root
         -> 1,137 vertices (2,350 trig, 948 trig+kin events)
  [787/3120] nano_807.root
         -> 907 vertices (1,730 trig, 747 trig+kin events)
  [788/3120] nano_808.root
         -> 816 vertices (1,614 trig, 706 trig+kin events)
  [789/3120] nano_809.root
         -> 1,524 vertices (2,783 trig, 1,247 trig+kin events)
  [790/3120] nano_81.root
         -> 817 vertices (1,630 trig, 672 trig+kin events)
  [791/3120] nano_810.root
         -> 754 vertices (1,703 trig, 703 trig+kin events)
  [792/3120] nano_811.root
         -> 1,483 vertices (2,759 trig, 1,200 trig+kin events)
  [793/3120] nano_812.root
         -> 815 vertices (1,538 trig, 643 trig+kin events)
  [794/3120] nano_813.root
         -> 1,358 vertices (2,877 trig, 1,195 trig+kin events)
  [795/3120] nano_814.root
         -> 927 vertices (1,829 trig, 769 trig+kin events)
  [796/3120] nano_815.root
         -> 1,465 vertices (2,807 trig, 1,248 trig+kin events)
  [797/3120] nano_816.root
         -> 1,388 vertices (2,781 trig, 1,236 trig+kin events)
  [798/3120] nano_817.root
         -> 133 vertices (279 trig, 115 trig+kin events)
  [799/3120] nano_818.root
         -> 891 vertices (1,869 trig, 790 trig+kin events)
  [800/3120] nano_819.root
         -> 1,359 vertices (2,767 trig, 1,166 trig+kin events)
  [801/3120] nano_82.root
         -> 1,418 vertices (2,704 trig, 1,195 trig+kin events)
  [802/3120] nano_820.root
         -> 1,514 vertices (2,841 trig, 1,275 trig+kin events)
  [803/3120] nano_821.root
         -> 1,343 vertices (2,778 trig, 1,199 trig+kin events)
  [804/3120] nano_822.root
         -> 954 vertices (1,872 trig, 798 trig+kin events)
  [805/3120] nano_823.root
         -> 825 vertices (1,533 trig, 682 trig+kin events)
  [806/3120] nano_824.root
         -> 1,188 vertices (2,533 trig, 1,084 trig+kin events)
  [807/3120] nano_825.root
         -> 762 vertices (1,480 trig, 630 trig+kin events)
  [808/3120] nano_826.root
         -> 989 vertices (1,881 trig, 832 trig+kin events)
  [809/3120] nano_827.root
         -> 1,431 vertices (2,786 trig, 1,222 trig+kin events)
  [810/3120] nano_828.root
         -> 1,496 vertices (2,915 trig, 1,281 trig+kin events)
  [811/3120] nano_829.root
         -> 795 vertices (1,642 trig, 694 trig+kin events)
  [812/3120] nano_83.root
         -> 1,429 vertices (2,769 trig, 1,177 trig+kin events)
  [813/3120] nano_830.root
         -> 1,074 vertices (2,124 trig, 909 trig+kin events)
  [814/3120] nano_831.root
         -> 1,031 vertices (2,072 trig, 867 trig+kin events)
  [815/3120] nano_832.root
         -> 1,364 vertices (2,768 trig, 1,178 trig+kin events)
  [816/3120] nano_833.root
         -> 1,128 vertices (2,464 trig, 1,021 trig+kin events)
  [817/3120] nano_834.root
         -> 1,595 vertices (2,865 trig, 1,292 trig+kin events)
  [818/3120] nano_835.root
         -> 839 vertices (1,845 trig, 768 trig+kin events)
  [819/3120] nano_836.root
         -> 906 vertices (1,858 trig, 796 trig+kin events)
  [820/3120] nano_837.root
         -> 1,428 vertices (2,890 trig, 1,214 trig+kin events)
  [821/3120] nano_838.root
         -> 976 vertices (1,928 trig, 838 trig+kin events)
  [822/3120] nano_839.root
         -> 1,377 vertices (2,821 trig, 1,158 trig+kin events)
  [823/3120] nano_84.root
         -> 1,288 vertices (2,800 trig, 1,162 trig+kin events)
  [824/3120] nano_840.root
         -> 1,539 vertices (2,902 trig, 1,265 trig+kin events)
  [825/3120] nano_841.root
         -> 1,493 vertices (2,805 trig, 1,231 trig+kin events)
  [826/3120] nano_842.root
         -> 1,383 vertices (2,666 trig, 1,146 trig+kin events)
  [827/3120] nano_843.root
         -> 784 vertices (1,465 trig, 632 trig+kin events)
  [828/3120] nano_844.root
         -> 894 vertices (1,706 trig, 720 trig+kin events)
  [829/3120] nano_845.root
         -> 217 vertices (490 trig, 198 trig+kin events)
  [830/3120] nano_846.root
         -> 865 vertices (1,670 trig, 728 trig+kin events)
  [831/3120] nano_847.root
         -> 767 vertices (1,470 trig, 646 trig+kin events)
  [832/3120] nano_848.root
         -> 1,413 vertices (2,798 trig, 1,221 trig+kin events)
  [833/3120] nano_849.root
         -> 1,380 vertices (2,868 trig, 1,246 trig+kin events)
  [834/3120] nano_85.root
         -> 747 vertices (1,465 trig, 674 trig+kin events)
  [835/3120] nano_850.root
         -> 1,464 vertices (2,816 trig, 1,183 trig+kin events)
  [836/3120] nano_851.root
         -> 1,113 vertices (2,044 trig, 906 trig+kin events)
  [837/3120] nano_852.root
         -> 1,099 vertices (2,271 trig, 943 trig+kin events)
  [838/3120] nano_853.root
         -> 1,401 vertices (2,744 trig, 1,197 trig+kin events)
  [839/3120] nano_854.root
         -> 1,063 vertices (1,941 trig, 849 trig+kin events)
  [840/3120] nano_855.root
         -> 1,361 vertices (2,790 trig, 1,203 trig+kin events)
  [841/3120] nano_856.root
         -> 1,387 vertices (2,764 trig, 1,218 trig+kin events)
  [842/3120] nano_857.root
         -> 1,003 vertices (2,002 trig, 860 trig+kin events)
  [843/3120] nano_858.root
         -> 1,209 vertices (2,429 trig, 1,025 trig+kin events)
  [844/3120] nano_859.root
         -> 836 vertices (1,610 trig, 707 trig+kin events)
  [845/3120] nano_86.root
         -> 1,199 vertices (2,387 trig, 1,022 trig+kin events)
  [846/3120] nano_860.root
         -> 1,471 vertices (2,906 trig, 1,228 trig+kin events)
  [847/3120] nano_861.root
         -> 817 vertices (1,623 trig, 688 trig+kin events)
  [848/3120] nano_862.root
         -> 730 vertices (1,512 trig, 632 trig+kin events)
  [849/3120] nano_863.root
         -> 880 vertices (1,768 trig, 728 trig+kin events)
  [850/3120] nano_864.root
         -> 1,106 vertices (2,192 trig, 913 trig+kin events)
  [851/3120] nano_865.root
         -> 864 vertices (1,682 trig, 709 trig+kin events)
  [852/3120] nano_866.root
         -> 965 vertices (1,836 trig, 813 trig+kin events)
  [853/3120] nano_867.root
         -> 1,469 vertices (2,820 trig, 1,232 trig+kin events)
  [854/3120] nano_868.root
         -> 942 vertices (1,974 trig, 821 trig+kin events)
  [855/3120] nano_869.root
         -> 913 vertices (1,799 trig, 771 trig+kin events)
  [856/3120] nano_87.root
         -> 1,032 vertices (1,946 trig, 838 trig+kin events)
  [857/3120] nano_870.root
         -> 1,391 vertices (2,761 trig, 1,199 trig+kin events)
  [858/3120] nano_871.root
         -> 1,369 vertices (2,721 trig, 1,153 trig+kin events)
  [859/3120] nano_872.root
         -> 1,007 vertices (1,953 trig, 852 trig+kin events)
  [860/3120] nano_873.root
         -> 1,159 vertices (2,325 trig, 1,022 trig+kin events)
  [861/3120] nano_874.root
         -> 1,390 vertices (2,728 trig, 1,169 trig+kin events)
  [862/3120] nano_875.root
         -> 1,153 vertices (2,181 trig, 941 trig+kin events)
  [863/3120] nano_876.root
         -> 867 vertices (1,616 trig, 713 trig+kin events)
  [864/3120] nano_877.root
         -> 997 vertices (2,006 trig, 841 trig+kin events)
  [865/3120] nano_878.root
         -> 1,003 vertices (2,032 trig, 900 trig+kin events)
  [866/3120] nano_879.root
         -> 1,021 vertices (1,938 trig, 846 trig+kin events)
  [867/3120] nano_88.root
         -> 1,362 vertices (2,868 trig, 1,231 trig+kin events)
  [868/3120] nano_880.root
         -> 1,374 vertices (2,715 trig, 1,179 trig+kin events)
  [869/3120] nano_881.root
         -> 1,412 vertices (2,785 trig, 1,164 trig+kin events)
  [870/3120] nano_882.root
         -> 695 vertices (1,494 trig, 621 trig+kin events)
  [871/3120] nano_883.root
         -> 1,442 vertices (2,832 trig, 1,246 trig+kin events)
  [872/3120] nano_884.root
         -> 1,003 vertices (1,888 trig, 810 trig+kin events)
  [873/3120] nano_885.root
         -> 821 vertices (1,594 trig, 704 trig+kin events)
  [874/3120] nano_886.root
         -> 1,580 vertices (2,844 trig, 1,245 trig+kin events)
  [875/3120] nano_887.root
         -> 1,312 vertices (2,662 trig, 1,133 trig+kin events)
  [876/3120] nano_888.root
         -> 1,484 vertices (2,869 trig, 1,238 trig+kin events)
  [877/3120] nano_889.root
         -> 1,392 vertices (2,791 trig, 1,203 trig+kin events)
  [878/3120] nano_89.root
         -> 1,316 vertices (2,792 trig, 1,216 trig+kin events)
  [879/3120] nano_890.root
         -> 1,481 vertices (2,722 trig, 1,174 trig+kin events)
  [880/3120] nano_891.root
         -> 805 vertices (1,780 trig, 704 trig+kin events)
  [881/3120] nano_892.root
         -> 859 vertices (1,841 trig, 788 trig+kin events)
  [882/3120] nano_893.root
         -> 1,206 vertices (2,530 trig, 1,057 trig+kin events)
  [883/3120] nano_894.root
         -> 1,143 vertices (2,315 trig, 986 trig+kin events)
  [884/3120] nano_895.root
         -> 1,309 vertices (2,735 trig, 1,153 trig+kin events)
  [885/3120] nano_896.root
         -> 1,297 vertices (2,455 trig, 1,091 trig+kin events)
  [886/3120] nano_897.root
         -> 1,101 vertices (2,271 trig, 991 trig+kin events)
  [887/3120] nano_898.root
         -> 1,199 vertices (2,252 trig, 973 trig+kin events)
  [888/3120] nano_899.root
         -> 1,387 vertices (2,857 trig, 1,215 trig+kin events)
  [889/3120] nano_9.root
         -> 847 vertices (1,717 trig, 747 trig+kin events)
  [890/3120] nano_90.root
         -> 820 vertices (1,639 trig, 702 trig+kin events)
  [891/3120] nano_900.root
         -> 1,467 vertices (2,826 trig, 1,240 trig+kin events)
  [892/3120] nano_901.root
         -> 1,391 vertices (2,797 trig, 1,221 trig+kin events)
  [893/3120] nano_902.root
         -> 1,403 vertices (2,789 trig, 1,213 trig+kin events)
  [894/3120] nano_903.root
         -> 1,354 vertices (2,821 trig, 1,190 trig+kin events)
  [895/3120] nano_904.root
         -> 1,357 vertices (2,873 trig, 1,177 trig+kin events)
  [896/3120] nano_905.root
         -> 1,172 vertices (2,228 trig, 916 trig+kin events)
  [897/3120] nano_906.root
         -> 1,410 vertices (2,858 trig, 1,209 trig+kin events)
  [898/3120] nano_907.root
         -> 982 vertices (2,102 trig, 860 trig+kin events)
  [899/3120] nano_908.root
         -> 1,271 vertices (2,591 trig, 1,075 trig+kin events)
  [900/3120] nano_909.root
         -> 1,350 vertices (2,801 trig, 1,193 trig+kin events)
  [901/3120] nano_91.root
         -> 1,100 vertices (2,062 trig, 888 trig+kin events)
  [902/3120] nano_910.root
         -> 869 vertices (1,625 trig, 712 trig+kin events)
  [903/3120] nano_911.root
         -> 1,439 vertices (2,798 trig, 1,200 trig+kin events)
  [904/3120] nano_912.root
         -> 761 vertices (1,500 trig, 676 trig+kin events)
  [905/3120] nano_913.root
         -> 830 vertices (1,638 trig, 702 trig+kin events)
  [906/3120] nano_914.root
         -> 935 vertices (1,950 trig, 836 trig+kin events)
  [907/3120] nano_915.root
         -> 1,288 vertices (2,634 trig, 1,106 trig+kin events)
  [908/3120] nano_916.root
         -> 1,157 vertices (2,389 trig, 980 trig+kin events)
  [909/3120] nano_917.root
         -> 790 vertices (1,626 trig, 713 trig+kin events)
  [910/3120] nano_918.root
         -> 1,146 vertices (2,203 trig, 942 trig+kin events)
  [911/3120] nano_919.root
         -> 704 vertices (1,424 trig, 618 trig+kin events)
  [912/3120] nano_92.root
         -> 928 vertices (1,781 trig, 782 trig+kin events)
  [913/3120] nano_920.root
         -> 769 vertices (1,487 trig, 646 trig+kin events)
  [914/3120] nano_921.root
         -> 1,235 vertices (2,437 trig, 1,057 trig+kin events)
  [915/3120] nano_922.root
         -> 1,366 vertices (2,827 trig, 1,231 trig+kin events)
  [916/3120] nano_923.root
         -> 1,106 vertices (2,210 trig, 947 trig+kin events)
  [917/3120] nano_924.root
         -> 813 vertices (1,626 trig, 697 trig+kin events)
  [918/3120] nano_925.root
         -> 1,241 vertices (2,337 trig, 1,003 trig+kin events)
  [919/3120] nano_926.root
         -> 840 vertices (1,773 trig, 731 trig+kin events)
  [920/3120] nano_927.root
         -> 1,202 vertices (2,450 trig, 1,089 trig+kin events)
  [921/3120] nano_928.root
         -> 720 vertices (1,436 trig, 623 trig+kin events)
  [922/3120] nano_929.root
         -> 1,391 vertices (2,799 trig, 1,194 trig+kin events)
  [923/3120] nano_93.root
         -> 1,495 vertices (2,885 trig, 1,288 trig+kin events)
  [924/3120] nano_930.root
         -> 1,498 vertices (2,726 trig, 1,177 trig+kin events)
  [925/3120] nano_931.root
         -> 1,419 vertices (2,834 trig, 1,222 trig+kin events)
  [926/3120] nano_932.root
         -> 1,036 vertices (2,001 trig, 860 trig+kin events)
  [927/3120] nano_933.root
         -> 1,335 vertices (2,802 trig, 1,181 trig+kin events)
  [928/3120] nano_934.root
         -> 1,399 vertices (2,842 trig, 1,190 trig+kin events)
  [929/3120] nano_935.root
         -> 1,319 vertices (2,784 trig, 1,169 trig+kin events)
  [930/3120] nano_936.root
         -> 1,034 vertices (2,127 trig, 924 trig+kin events)
  [931/3120] nano_937.root
         -> 1,368 vertices (2,778 trig, 1,207 trig+kin events)
  [932/3120] nano_938.root
         -> 729 vertices (1,511 trig, 645 trig+kin events)
  [933/3120] nano_939.root
         -> 816 vertices (1,544 trig, 689 trig+kin events)
  [934/3120] nano_94.root
         -> 1,007 vertices (2,052 trig, 867 trig+kin events)
  [935/3120] nano_940.root
         -> 1,031 vertices (2,058 trig, 882 trig+kin events)
  [936/3120] nano_941.root
         -> 1,470 vertices (2,832 trig, 1,229 trig+kin events)
  [937/3120] nano_942.root
         -> 134 vertices (286 trig, 113 trig+kin events)
  [938/3120] nano_943.root
         -> 1,057 vertices (2,146 trig, 911 trig+kin events)
  [939/3120] nano_944.root
         -> 1,477 vertices (2,785 trig, 1,219 trig+kin events)
  [940/3120] nano_945.root
         -> 728 vertices (1,542 trig, 645 trig+kin events)
  [941/3120] nano_946.root
         -> 1,467 vertices (2,918 trig, 1,247 trig+kin events)
  [942/3120] nano_947.root
         -> 1,505 vertices (2,867 trig, 1,265 trig+kin events)
  [943/3120] nano_948.root
         -> 1,145 vertices (2,387 trig, 1,028 trig+kin events)
  [944/3120] nano_949.root
         -> 1,265 vertices (2,459 trig, 1,087 trig+kin events)
  [945/3120] nano_95.root
         -> 828 vertices (1,722 trig, 744 trig+kin events)
  [946/3120] nano_950.root
         -> 712 vertices (1,395 trig, 595 trig+kin events)
  [947/3120] nano_951.root
         -> 781 vertices (1,505 trig, 668 trig+kin events)
  [948/3120] nano_952.root
         -> 1,010 vertices (2,101 trig, 899 trig+kin events)
  [949/3120] nano_953.root
         -> 1,083 vertices (2,054 trig, 888 trig+kin events)
  [950/3120] nano_954.root
         -> 864 vertices (1,575 trig, 701 trig+kin events)
  [951/3120] nano_955.root
         -> 1,461 vertices (2,748 trig, 1,190 trig+kin events)
  [952/3120] nano_956.root
         -> 1,353 vertices (2,711 trig, 1,119 trig+kin events)
  [953/3120] nano_957.root
         -> 1,476 vertices (2,779 trig, 1,213 trig+kin events)
  [954/3120] nano_958.root
         -> 1,265 vertices (2,211 trig, 1,001 trig+kin events)
  [955/3120] nano_959.root
         -> 1,164 vertices (2,194 trig, 973 trig+kin events)
  [956/3120] nano_96.root
         -> 1,375 vertices (2,743 trig, 1,172 trig+kin events)
  [957/3120] nano_960.root
         -> 608 vertices (1,154 trig, 517 trig+kin events)
  [958/3120] nano_961.root
         -> 1,417 vertices (2,730 trig, 1,206 trig+kin events)
  [959/3120] nano_962.root
         -> 1,124 vertices (2,194 trig, 952 trig+kin events)
  [960/3120] nano_963.root
         -> 1,479 vertices (2,753 trig, 1,173 trig+kin events)
  [961/3120] nano_964.root
         -> 1,320 vertices (2,548 trig, 1,130 trig+kin events)
  [962/3120] nano_965.root
         -> 1,469 vertices (2,726 trig, 1,199 trig+kin events)
  [963/3120] nano_966.root
         -> 1,390 vertices (2,860 trig, 1,194 trig+kin events)
  [964/3120] nano_967.root
         -> 1,352 vertices (2,833 trig, 1,208 trig+kin events)
  [965/3120] nano_968.root
         -> 1,388 vertices (2,736 trig, 1,178 trig+kin events)
  [966/3120] nano_969.root
         -> 1,358 vertices (2,801 trig, 1,185 trig+kin events)
  [967/3120] nano_97.root
         -> 1,414 vertices (2,796 trig, 1,240 trig+kin events)
  [968/3120] nano_970.root
         -> 1,398 vertices (2,809 trig, 1,221 trig+kin events)
  [969/3120] nano_971.root
         -> 1,040 vertices (1,975 trig, 865 trig+kin events)
  [970/3120] nano_972.root
         -> 1,501 vertices (2,838 trig, 1,269 trig+kin events)
  [971/3120] nano_973.root
         -> 801 vertices (1,651 trig, 683 trig+kin events)
  [972/3120] nano_974.root
         -> 1,183 vertices (2,385 trig, 1,015 trig+kin events)
  [973/3120] nano_975.root
         -> 834 vertices (1,680 trig, 725 trig+kin events)
  [974/3120] nano_976.root
         -> 1,329 vertices (2,508 trig, 1,055 trig+kin events)
  [975/3120] nano_977.root
         -> 1,385 vertices (2,871 trig, 1,220 trig+kin events)
  [976/3120] nano_978.root
         -> 1,403 vertices (2,824 trig, 1,188 trig+kin events)
  [977/3120] nano_979.root
         -> 1,339 vertices (2,815 trig, 1,167 trig+kin events)
  [978/3120] nano_98.root
         -> 1,309 vertices (2,722 trig, 1,123 trig+kin events)
  [979/3120] nano_980.root
         -> 1,437 vertices (2,805 trig, 1,196 trig+kin events)
  [980/3120] nano_981.root
         -> 1,480 vertices (2,873 trig, 1,262 trig+kin events)
  [981/3120] nano_982.root
         -> 1,251 vertices (2,476 trig, 1,095 trig+kin events)
  [982/3120] nano_983.root
         -> 1,472 vertices (2,877 trig, 1,233 trig+kin events)
  [983/3120] nano_984.root
         -> 1,088 vertices (2,110 trig, 930 trig+kin events)
  [984/3120] nano_985.root
         -> 1,410 vertices (2,820 trig, 1,208 trig+kin events)
  [985/3120] nano_986.root
         -> 985 vertices (2,021 trig, 858 trig+kin events)
  [986/3120] nano_987.root
         -> 1,181 vertices (2,273 trig, 1,012 trig+kin events)
  [987/3120] nano_988.root
         -> 1,439 vertices (2,748 trig, 1,227 trig+kin events)
  [988/3120] nano_989.root
         -> 1,058 vertices (2,114 trig, 892 trig+kin events)
  [989/3120] nano_99.root
         -> 753 vertices (1,413 trig, 613 trig+kin events)
  [990/3120] nano_990.root
         -> 761 vertices (1,431 trig, 627 trig+kin events)
  [991/3120] nano_991.root
         -> 840 vertices (1,783 trig, 764 trig+kin events)
  [992/3120] nano_992.root
         -> 1,477 vertices (2,824 trig, 1,223 trig+kin events)
  [993/3120] nano_993.root
         -> 1,460 vertices (2,874 trig, 1,240 trig+kin events)
  [994/3120] nano_994.root
         -> 854 vertices (1,765 trig, 753 trig+kin events)
  [995/3120] nano_995.root
         -> 802 vertices (1,525 trig, 656 trig+kin events)
  [996/3120] nano_996.root
         -> 764 vertices (1,553 trig, 684 trig+kin events)
  [997/3120] nano_997.root
         -> 897 vertices (1,843 trig, 795 trig+kin events)
  [998/3120] nano_998.root
         -> 1,031 vertices (2,068 trig, 883 trig+kin events)
  [999/3120] nano_999.root
         -> 129 vertices (265 trig, 101 trig+kin events)
  [1000/3120] nano_1000.root
         -> 691 vertices (1,455 trig, 610 trig+kin events)
  [1001/3120] nano_1001.root
         -> 907 vertices (1,876 trig, 786 trig+kin events)
  [1002/3120] nano_1002.root
         -> 1,363 vertices (2,714 trig, 1,183 trig+kin events)
  [1003/3120] nano_1003.root
         -> 1,259 vertices (2,496 trig, 1,075 trig+kin events)
  [1004/3120] nano_1004.root
         -> 1,501 vertices (2,860 trig, 1,250 trig+kin events)
  [1005/3120] nano_1005.root
         -> 891 vertices (1,709 trig, 733 trig+kin events)
  [1006/3120] nano_1006.root
         -> 858 vertices (1,707 trig, 709 trig+kin events)
  [1007/3120] nano_1007.root
         -> 1,538 vertices (2,810 trig, 1,263 trig+kin events)
  [1008/3120] nano_1008.root
         -> 49 vertices (147 trig, 56 trig+kin events)
  [1009/3120] nano_1009.root
         -> 948 vertices (1,859 trig, 773 trig+kin events)
  [1010/3120] nano_1010.root
         -> 1,349 vertices (2,780 trig, 1,205 trig+kin events)
  [1011/3120] nano_1011.root
         -> 1,299 vertices (2,590 trig, 1,102 trig+kin events)
  [1012/3120] nano_1012.root
         -> 1,394 vertices (2,846 trig, 1,243 trig+kin events)
  [1013/3120] nano_1013.root
         -> 724 vertices (1,529 trig, 644 trig+kin events)
  [1014/3120] nano_1014.root
         -> 781 vertices (1,454 trig, 648 trig+kin events)
  [1015/3120] nano_1015.root
         -> 1,439 vertices (2,880 trig, 1,244 trig+kin events)
  [1016/3120] nano_1016.root
         -> 1,113 vertices (2,159 trig, 928 trig+kin events)
  [1017/3120] nano_1017.root
         -> 1,417 vertices (2,702 trig, 1,197 trig+kin events)
  [1018/3120] nano_1018.root
         -> 925 vertices (1,728 trig, 738 trig+kin events)
  [1019/3120] nano_1019.root
         -> 1,021 vertices (1,966 trig, 848 trig+kin events)
  [1020/3120] nano_1020.root
         -> 1,289 vertices (2,719 trig, 1,161 trig+kin events)
  [1021/3120] nano_1021.root
         -> 1,267 vertices (2,549 trig, 1,111 trig+kin events)
  [1022/3120] nano_1022.root
         -> 1,265 vertices (2,767 trig, 1,133 trig+kin events)
  [1023/3120] nano_1023.root
         -> 1,354 vertices (2,693 trig, 1,192 trig+kin events)
  [1024/3120] nano_1024.root
         -> 970 vertices (1,867 trig, 795 trig+kin events)
  [1025/3120] nano_1025.root
         -> 1,204 vertices (2,337 trig, 982 trig+kin events)
  [1026/3120] nano_1026.root
         -> 1,401 vertices (2,812 trig, 1,212 trig+kin events)
  [1027/3120] nano_1027.root
         -> 790 vertices (1,696 trig, 707 trig+kin events)
  [1028/3120] nano_1028.root
         -> 152 vertices (296 trig, 119 trig+kin events)
  [1029/3120] nano_1029.root
         -> 1,312 vertices (2,783 trig, 1,196 trig+kin events)
  [1030/3120] nano_1030.root
         -> 733 vertices (1,507 trig, 658 trig+kin events)
  [1031/3120] nano_1031.root
         -> 813 vertices (1,602 trig, 695 trig+kin events)
  [1032/3120] nano_1032.root
         -> 762 vertices (1,466 trig, 606 trig+kin events)
  [1033/3120] nano_1033.root
         -> 801 vertices (1,592 trig, 717 trig+kin events)
  [1034/3120] nano_1034.root
         -> 1,467 vertices (2,871 trig, 1,228 trig+kin events)
  [1035/3120] nano_1035.root
         -> 1,211 vertices (2,268 trig, 1,012 trig+kin events)
  [1036/3120] nano_1036.root
         -> 409 vertices (745 trig, 332 trig+kin events)
  [1037/3120] nano_1037.root
         -> 1,265 vertices (2,496 trig, 1,120 trig+kin events)
  [1038/3120] nano_1038.root
         -> 726 vertices (1,546 trig, 645 trig+kin events)
  [1039/3120] nano_1039.root
         -> 902 vertices (2,005 trig, 832 trig+kin events)
  [1040/3120] nano_1040.root
         -> 1,506 vertices (2,792 trig, 1,212 trig+kin events)
  [1041/3120] nano_1041.root
         -> 1,368 vertices (2,746 trig, 1,176 trig+kin events)
  [1042/3120] nano_1042.root
         -> 1,384 vertices (2,707 trig, 1,176 trig+kin events)
  [1043/3120] nano_1043.root
         -> 786 vertices (1,515 trig, 647 trig+kin events)
  [1044/3120] nano_1044.root
         -> 1,427 vertices (2,785 trig, 1,205 trig+kin events)
  [1045/3120] nano_1045.root
         -> 1,405 vertices (2,806 trig, 1,207 trig+kin events)
  [1046/3120] nano_1046.root
         -> 895 vertices (1,853 trig, 777 trig+kin events)
  [1047/3120] nano_1047.root
         -> 949 vertices (1,891 trig, 818 trig+kin events)
  [1048/3120] nano_1048.root
         -> 1,391 vertices (2,776 trig, 1,167 trig+kin events)
  [1049/3120] nano_1049.root
         -> 1,370 vertices (2,761 trig, 1,185 trig+kin events)
  [1050/3120] nano_1050.root
         -> 1,193 vertices (2,558 trig, 1,081 trig+kin events)
  [1051/3120] nano_1051.root
         -> 957 vertices (1,964 trig, 876 trig+kin events)
  [1052/3120] nano_1052.root
         -> 1,448 vertices (2,795 trig, 1,259 trig+kin events)
  [1053/3120] nano_1053.root
         -> 1,358 vertices (2,775 trig, 1,169 trig+kin events)
  [1054/3120] nano_1054.root
         -> 1,370 vertices (2,754 trig, 1,172 trig+kin events)
  [1055/3120] nano_1055.root
         -> 1,065 vertices (2,007 trig, 899 trig+kin events)
  [1056/3120] nano_1056.root
         -> 887 vertices (1,758 trig, 785 trig+kin events)
  [1057/3120] nano_1057.root
         -> 1,094 vertices (2,127 trig, 937 trig+kin events)
  [1058/3120] nano_1058.root
         -> 1,403 vertices (2,634 trig, 1,139 trig+kin events)
  [1059/3120] nano_1059.root
         -> 1,123 vertices (2,236 trig, 986 trig+kin events)
  [1060/3120] nano_1060.root
         -> 1,429 vertices (2,772 trig, 1,191 trig+kin events)
  [1061/3120] nano_1061.root
         -> 1,239 vertices (2,369 trig, 1,025 trig+kin events)
  [1062/3120] nano_1062.root
         -> 1,326 vertices (2,638 trig, 1,126 trig+kin events)
  [1063/3120] nano_1063.root
         -> 747 vertices (1,538 trig, 656 trig+kin events)
  [1064/3120] nano_1064.root
         -> 783 vertices (1,560 trig, 666 trig+kin events)
  [1065/3120] nano_1065.root
         -> 93 vertices (199 trig, 91 trig+kin events)
  [1066/3120] nano_1066.root
         -> 1,421 vertices (2,832 trig, 1,235 trig+kin events)
  [1067/3120] nano_1067.root
         -> 936 vertices (1,977 trig, 841 trig+kin events)
  [1068/3120] nano_1068.root
         -> 1,016 vertices (2,130 trig, 910 trig+kin events)
  [1069/3120] nano_1069.root
         -> 816 vertices (1,526 trig, 657 trig+kin events)
  [1070/3120] nano_1070.root
         -> 1,051 vertices (2,056 trig, 885 trig+kin events)
  [1071/3120] nano_1071.root
         -> 1,398 vertices (2,815 trig, 1,210 trig+kin events)
  [1072/3120] nano_1072.root
         -> 1,440 vertices (2,799 trig, 1,253 trig+kin events)
  [1073/3120] nano_1073.root
         -> 1,411 vertices (2,795 trig, 1,212 trig+kin events)
  [1074/3120] nano_1074.root
         -> 1,049 vertices (2,078 trig, 912 trig+kin events)
  [1075/3120] nano_1075.root
         -> 1,376 vertices (2,687 trig, 1,166 trig+kin events)
  [1076/3120] nano_1076.root
         -> 1,304 vertices (2,462 trig, 1,099 trig+kin events)
  [1077/3120] nano_1077.root
         -> 572 vertices (1,085 trig, 476 trig+kin events)
  [1078/3120] nano_1078.root
         -> 769 vertices (1,599 trig, 660 trig+kin events)
  [1079/3120] nano_1079.root
         -> 830 vertices (1,704 trig, 737 trig+kin events)
  [1080/3120] nano_1080.root
         -> 1,056 vertices (1,934 trig, 849 trig+kin events)
  [1081/3120] nano_1081.root
         -> 1,397 vertices (2,792 trig, 1,211 trig+kin events)
  [1082/3120] nano_1082.root
         -> 971 vertices (1,931 trig, 832 trig+kin events)
  [1083/3120] nano_1083.root
         -> 957 vertices (1,926 trig, 827 trig+kin events)
  [1084/3120] nano_1084.root
         -> 1,406 vertices (2,775 trig, 1,243 trig+kin events)
  [1085/3120] nano_1085.root
         -> 1,474 vertices (2,939 trig, 1,273 trig+kin events)
  [1086/3120] nano_1086.root
         -> 1,402 vertices (2,781 trig, 1,166 trig+kin events)
  [1087/3120] nano_1087.root
         -> 1,061 vertices (2,234 trig, 937 trig+kin events)
  [1088/3120] nano_1088.root
         -> 1,436 vertices (2,814 trig, 1,240 trig+kin events)
  [1089/3120] nano_1089.root
         -> 720 vertices (1,420 trig, 609 trig+kin events)
  [1090/3120] nano_1090.root
         -> 836 vertices (1,549 trig, 693 trig+kin events)
  [1091/3120] nano_1091.root
         -> 1,441 vertices (2,658 trig, 1,160 trig+kin events)
  [1092/3120] nano_1092.root
         -> 1,490 vertices (2,796 trig, 1,242 trig+kin events)
  [1093/3120] nano_1093.root
         -> 745 vertices (1,525 trig, 621 trig+kin events)
  [1094/3120] nano_1094.root
         -> 1,401 vertices (2,851 trig, 1,205 trig+kin events)
  [1095/3120] nano_1095.root
         -> 695 vertices (1,453 trig, 622 trig+kin events)
  [1096/3120] nano_1096.root
         -> 1,384 vertices (2,728 trig, 1,198 trig+kin events)
  [1097/3120] nano_1097.root
         -> 970 vertices (1,956 trig, 822 trig+kin events)
  [1098/3120] nano_1098.root
         -> 970 vertices (1,718 trig, 742 trig+kin events)
  [1099/3120] nano_1099.root
         -> 1,382 vertices (2,828 trig, 1,227 trig+kin events)
  [1100/3120] nano_1100.root
         -> 1,302 vertices (2,801 trig, 1,211 trig+kin events)
  [1101/3120] nano_1101.root
         -> 1,255 vertices (2,511 trig, 1,048 trig+kin events)
  [1102/3120] nano_1102.root
         -> 1,091 vertices (2,019 trig, 891 trig+kin events)
  [1103/3120] nano_1103.root
         -> 1,424 vertices (2,798 trig, 1,208 trig+kin events)
  [1104/3120] nano_1104.root
         -> 835 vertices (1,649 trig, 706 trig+kin events)
  [1105/3120] nano_1105.root
         -> 1,173 vertices (2,235 trig, 1,028 trig+kin events)
  [1106/3120] nano_1106.root
         -> 868 vertices (1,668 trig, 714 trig+kin events)
  [1107/3120] nano_1107.root
         -> 1,539 vertices (2,823 trig, 1,250 trig+kin events)
  [1108/3120] nano_1108.root
         -> 1,046 vertices (1,935 trig, 844 trig+kin events)
  [1109/3120] nano_1109.root
         -> 1,007 vertices (1,982 trig, 854 trig+kin events)
  [1110/3120] nano_1110.root
         -> 896 vertices (1,882 trig, 788 trig+kin events)
  [1111/3120] nano_1111.root
         -> 915 vertices (1,924 trig, 842 trig+kin events)
  [1112/3120] nano_1112.root
         -> 730 vertices (1,395 trig, 608 trig+kin events)
  [1113/3120] nano_1113.root
         -> 1,424 vertices (2,764 trig, 1,203 trig+kin events)
  [1114/3120] nano_1114.root
         -> 1,464 vertices (2,878 trig, 1,228 trig+kin events)
  [1115/3120] nano_1115.root
         -> 867 vertices (1,718 trig, 772 trig+kin events)
  [1116/3120] nano_1116.root
         -> 1,415 vertices (2,762 trig, 1,209 trig+kin events)
  [1117/3120] nano_1117.root
         -> 1,400 vertices (2,818 trig, 1,206 trig+kin events)
  [1118/3120] nano_1118.root
         -> 1,432 vertices (2,701 trig, 1,188 trig+kin events)
  [1119/3120] nano_1119.root
         -> 1,052 vertices (2,015 trig, 889 trig+kin events)
  [1120/3120] nano_1120.root
         -> 824 vertices (1,570 trig, 667 trig+kin events)
  [1121/3120] nano_1121.root
         -> 718 vertices (1,480 trig, 615 trig+kin events)
  [1122/3120] nano_1122.root
         -> 757 vertices (1,640 trig, 663 trig+kin events)
  [1123/3120] nano_1123.root
         -> 876 vertices (1,772 trig, 724 trig+kin events)
  [1124/3120] nano_1124.root
         -> 779 vertices (1,504 trig, 652 trig+kin events)
  [1125/3120] nano_1125.root
         -> 1,374 vertices (2,799 trig, 1,210 trig+kin events)
  [1126/3120] nano_1126.root
         -> 739 vertices (1,578 trig, 650 trig+kin events)
  [1127/3120] nano_1127.root
         -> 964 vertices (1,957 trig, 812 trig+kin events)
  [1128/3120] nano_1128.root
         -> 1,402 vertices (2,858 trig, 1,201 trig+kin events)
  [1129/3120] nano_1129.root
         -> 1,387 vertices (2,629 trig, 1,115 trig+kin events)
  [1130/3120] nano_1130.root
         -> 1,420 vertices (2,813 trig, 1,214 trig+kin events)
  [1131/3120] nano_1131.root
         -> 1,381 vertices (2,598 trig, 1,123 trig+kin events)
  [1132/3120] nano_1132.root
         -> 1,318 vertices (2,764 trig, 1,178 trig+kin events)
  [1133/3120] nano_1133.root
         -> 929 vertices (1,841 trig, 838 trig+kin events)
  [1134/3120] nano_1134.root
         -> 1,491 vertices (2,830 trig, 1,247 trig+kin events)
  [1135/3120] nano_1135.root
         -> 1,052 vertices (1,984 trig, 850 trig+kin events)
  [1136/3120] nano_1136.root
         -> 1,368 vertices (2,765 trig, 1,194 trig+kin events)
  [1137/3120] nano_1137.root
         -> 787 vertices (1,523 trig, 650 trig+kin events)
  [1138/3120] nano_1138.root
         -> 1,337 vertices (2,766 trig, 1,118 trig+kin events)
  [1139/3120] nano_1139.root
         -> 1,103 vertices (2,433 trig, 1,035 trig+kin events)
  [1140/3120] nano_1140.root
         -> 1,013 vertices (2,015 trig, 868 trig+kin events)
  [1141/3120] nano_1141.root
         -> 754 vertices (1,581 trig, 680 trig+kin events)
  [1142/3120] nano_1142.root
         -> 766 vertices (1,536 trig, 682 trig+kin events)
  [1143/3120] nano_1143.root
         -> 870 vertices (1,711 trig, 731 trig+kin events)
  [1144/3120] nano_1144.root
         -> 929 vertices (1,957 trig, 847 trig+kin events)
  [1145/3120] nano_1145.root
         -> 1,084 vertices (2,080 trig, 893 trig+kin events)
  [1146/3120] nano_1146.root
         -> 767 vertices (1,563 trig, 694 trig+kin events)
  [1147/3120] nano_1147.root
         -> 1,435 vertices (2,841 trig, 1,204 trig+kin events)
  [1148/3120] nano_1148.root
         -> 1,299 vertices (2,453 trig, 1,068 trig+kin events)
  [1149/3120] nano_1149.root
         -> 1,238 vertices (2,328 trig, 1,018 trig+kin events)
  [1150/3120] nano_1150.root
         -> 1,512 vertices (2,875 trig, 1,236 trig+kin events)
  [1151/3120] nano_1151.root
         -> 1,467 vertices (2,812 trig, 1,216 trig+kin events)
  [1152/3120] nano_1152.root
         -> 1,322 vertices (2,770 trig, 1,158 trig+kin events)
  [1153/3120] nano_1153.root
         -> 1,473 vertices (2,887 trig, 1,249 trig+kin events)
  [1154/3120] nano_1154.root
         -> 1,321 vertices (2,760 trig, 1,182 trig+kin events)
  [1155/3120] nano_1155.root
         -> 1,279 vertices (2,492 trig, 1,081 trig+kin events)
  [1156/3120] nano_1156.root
         -> 1,416 vertices (2,785 trig, 1,181 trig+kin events)
  [1157/3120] nano_1157.root
         -> 1,439 vertices (2,741 trig, 1,205 trig+kin events)
  [1158/3120] nano_1158.root
         -> 1,379 vertices (2,751 trig, 1,191 trig+kin events)
  [1159/3120] nano_1159.root
         -> 1,479 vertices (2,778 trig, 1,224 trig+kin events)
  [1160/3120] nano_1160.root
         -> 824 vertices (1,669 trig, 706 trig+kin events)
  [1161/3120] nano_1161.root
         -> 1,411 vertices (2,798 trig, 1,243 trig+kin events)
  [1162/3120] nano_1162.root
         -> 911 vertices (1,760 trig, 755 trig+kin events)
  [1163/3120] nano_1163.root
         -> 1,402 vertices (2,843 trig, 1,238 trig+kin events)
  [1164/3120] nano_1164.root
         -> 837 vertices (1,740 trig, 744 trig+kin events)
  [1165/3120] nano_1165.root
         -> 119 vertices (284 trig, 125 trig+kin events)
  [1166/3120] nano_1166.root
         -> 1,516 vertices (2,838 trig, 1,226 trig+kin events)
  [1167/3120] nano_1167.root
         -> 1,563 vertices (2,903 trig, 1,270 trig+kin events)
  [1168/3120] nano_1168.root
         -> 873 vertices (1,667 trig, 723 trig+kin events)
  [1169/3120] nano_1169.root
         -> 982 vertices (2,084 trig, 881 trig+kin events)
  [1170/3120] nano_1170.root
         -> 1,052 vertices (2,116 trig, 888 trig+kin events)
  [1171/3120] nano_1171.root
         -> 1,455 vertices (2,824 trig, 1,188 trig+kin events)
  [1172/3120] nano_1172.root
         -> 1,312 vertices (2,762 trig, 1,175 trig+kin events)
  [1173/3120] nano_1173.root
         -> 1,447 vertices (2,887 trig, 1,227 trig+kin events)
  [1174/3120] nano_1174.root
         -> 974 vertices (1,894 trig, 837 trig+kin events)
  [1175/3120] nano_1175.root
         -> 1,245 vertices (2,323 trig, 998 trig+kin events)
  [1176/3120] nano_1176.root
         -> 1,349 vertices (2,809 trig, 1,199 trig+kin events)
  [1177/3120] nano_1177.root
         -> 1,157 vertices (2,342 trig, 979 trig+kin events)
  [1178/3120] nano_1178.root
         -> 1,447 vertices (2,872 trig, 1,240 trig+kin events)
  [1179/3120] nano_1179.root
         -> 1,414 vertices (2,828 trig, 1,209 trig+kin events)
  [1180/3120] nano_1180.root
         -> 1,303 vertices (2,745 trig, 1,146 trig+kin events)
  [1181/3120] nano_1181.root
         -> 1,395 vertices (2,777 trig, 1,177 trig+kin events)
  [1182/3120] nano_1182.root
         -> 1,399 vertices (2,818 trig, 1,224 trig+kin events)
  [1183/3120] nano_1183.root
         -> 1,399 vertices (2,845 trig, 1,217 trig+kin events)
  [1184/3120] nano_1184.root
         -> 863 vertices (1,573 trig, 696 trig+kin events)
  [1185/3120] nano_1185.root
         -> 1,508 vertices (2,872 trig, 1,257 trig+kin events)
  [1186/3120] nano_1186.root
         -> 938 vertices (1,977 trig, 829 trig+kin events)
  [1187/3120] nano_1187.root
         -> 1,400 vertices (2,829 trig, 1,212 trig+kin events)
  [1188/3120] nano_1188.root
         -> 1,167 vertices (2,444 trig, 1,029 trig+kin events)
  [1189/3120] nano_1189.root
         -> 1,261 vertices (2,481 trig, 1,087 trig+kin events)
  [1190/3120] nano_1190.root
         -> 1,448 vertices (2,896 trig, 1,216 trig+kin events)
  [1191/3120] nano_1191.root
         -> 1,432 vertices (2,895 trig, 1,243 trig+kin events)
  [1192/3120] nano_1192.root
         -> 946 vertices (1,870 trig, 819 trig+kin events)
  [1193/3120] nano_1193.root
         -> 1,260 vertices (2,768 trig, 1,186 trig+kin events)
  [1194/3120] nano_1194.root
         -> 810 vertices (1,626 trig, 689 trig+kin events)
  [1195/3120] nano_1195.root
         -> 1,420 vertices (2,847 trig, 1,206 trig+kin events)
  [1196/3120] nano_1196.root
         -> 771 vertices (1,482 trig, 645 trig+kin events)
  [1197/3120] nano_1197.root
         -> 1,464 vertices (2,901 trig, 1,233 trig+kin events)
  [1198/3120] nano_1198.root
         -> 349 vertices (712 trig, 308 trig+kin events)
  [1199/3120] nano_1199.root
         -> 1,184 vertices (2,148 trig, 958 trig+kin events)
  [1200/3120] nano_1200.root
         -> 1,498 vertices (2,860 trig, 1,258 trig+kin events)
  [1201/3120] nano_1201.root
         -> 917 vertices (1,862 trig, 822 trig+kin events)
  [1202/3120] nano_1202.root
         -> 979 vertices (1,964 trig, 839 trig+kin events)
  [1203/3120] nano_1203.root
         -> 885 vertices (1,716 trig, 746 trig+kin events)
  [1204/3120] nano_1204.root
         -> 1,512 vertices (2,870 trig, 1,268 trig+kin events)
  [1205/3120] nano_1205.root
         -> 882 vertices (1,743 trig, 724 trig+kin events)
  [1206/3120] nano_1206.root
         -> 1,384 vertices (2,909 trig, 1,212 trig+kin events)
  [1207/3120] nano_1207.root
         -> 1,372 vertices (2,645 trig, 1,120 trig+kin events)
  [1208/3120] nano_1208.root
         -> 771 vertices (1,546 trig, 650 trig+kin events)
  [1209/3120] nano_1209.root
         -> 872 vertices (1,574 trig, 682 trig+kin events)
  [1210/3120] nano_1210.root
         -> 1,386 vertices (2,660 trig, 1,141 trig+kin events)
  [1211/3120] nano_1211.root
         -> 1,419 vertices (2,849 trig, 1,252 trig+kin events)
  [1212/3120] nano_1212.root
         -> 1,312 vertices (2,642 trig, 1,145 trig+kin events)
  [1213/3120] nano_1213.root
         -> 889 vertices (1,735 trig, 762 trig+kin events)
  [1214/3120] nano_1214.root
         -> 1,459 vertices (2,833 trig, 1,231 trig+kin events)
  [1215/3120] nano_1215.root
         -> 1,244 vertices (2,487 trig, 1,106 trig+kin events)
  [1216/3120] nano_1216.root
         -> 1,177 vertices (2,430 trig, 1,046 trig+kin events)
  [1217/3120] nano_1217.root
         -> 81 vertices (157 trig, 69 trig+kin events)
  [1218/3120] nano_1218.root
         -> 799 vertices (1,583 trig, 695 trig+kin events)
  [1219/3120] nano_1219.root
         -> 1,054 vertices (2,007 trig, 863 trig+kin events)
  [1220/3120] nano_1220.root
         -> 1,408 vertices (2,875 trig, 1,176 trig+kin events)
  [1221/3120] nano_1221.root
         -> 1,271 vertices (2,727 trig, 1,186 trig+kin events)
  [1222/3120] nano_1222.root
         -> 1,261 vertices (2,452 trig, 1,054 trig+kin events)
  [1223/3120] nano_1223.root
         -> 1,448 vertices (2,849 trig, 1,241 trig+kin events)
  [1224/3120] nano_1224.root
         -> 119 vertices (320 trig, 112 trig+kin events)
  [1225/3120] nano_1225.root
         -> 681 vertices (1,421 trig, 582 trig+kin events)
  [1226/3120] nano_1226.root
         -> 1,497 vertices (2,764 trig, 1,220 trig+kin events)
  [1227/3120] nano_1227.root
         -> 1,378 vertices (2,766 trig, 1,169 trig+kin events)
  [1228/3120] nano_1228.root
         -> 1,520 vertices (2,852 trig, 1,253 trig+kin events)
  [1229/3120] nano_1229.root
         -> 1,414 vertices (2,753 trig, 1,217 trig+kin events)
  [1230/3120] nano_1230.root
         -> 1,176 vertices (2,374 trig, 993 trig+kin events)
  [1231/3120] nano_1231.root
         -> 1,140 vertices (2,132 trig, 934 trig+kin events)
  [1232/3120] nano_1232.root
         -> 1,465 vertices (2,743 trig, 1,189 trig+kin events)
  [1233/3120] nano_1233.root
         -> 1,223 vertices (2,467 trig, 1,054 trig+kin events)
  [1234/3120] nano_1234.root
         -> 1,326 vertices (2,770 trig, 1,168 trig+kin events)
  [1235/3120] nano_1235.root
         -> 1,481 vertices (2,820 trig, 1,241 trig+kin events)
  [1236/3120] nano_1236.root
         -> 1,322 vertices (2,514 trig, 1,164 trig+kin events)
  [1237/3120] nano_1237.root
         -> 1,499 vertices (2,827 trig, 1,248 trig+kin events)
  [1238/3120] nano_1238.root
         -> 1,385 vertices (2,802 trig, 1,225 trig+kin events)
  [1239/3120] nano_1239.root
         -> 742 vertices (1,473 trig, 643 trig+kin events)
  [1240/3120] nano_1240.root
         -> 1,410 vertices (2,810 trig, 1,251 trig+kin events)
  [1241/3120] nano_1241.root
         -> 1,465 vertices (2,711 trig, 1,157 trig+kin events)
  [1242/3120] nano_1242.root
         -> 772 vertices (1,433 trig, 637 trig+kin events)
  [1243/3120] nano_1243.root
         -> 1,395 vertices (2,830 trig, 1,196 trig+kin events)
  [1244/3120] nano_1244.root
         -> 1,024 vertices (1,978 trig, 858 trig+kin events)
  [1245/3120] nano_1245.root
         -> 783 vertices (1,702 trig, 711 trig+kin events)
  [1246/3120] nano_1246.root
         -> 1,012 vertices (2,108 trig, 899 trig+kin events)
  [1247/3120] nano_1247.root
         -> 1,377 vertices (2,767 trig, 1,177 trig+kin events)
  [1248/3120] nano_1248.root
         -> 1,284 vertices (2,745 trig, 1,164 trig+kin events)
  [1249/3120] nano_1249.root
         -> 905 vertices (1,864 trig, 812 trig+kin events)
  [1250/3120] nano_1250.root
         -> 1,427 vertices (2,788 trig, 1,230 trig+kin events)
  [1251/3120] nano_1251.root
         -> 1,066 vertices (2,135 trig, 928 trig+kin events)
  [1252/3120] nano_1252.root
         -> 1,048 vertices (2,067 trig, 846 trig+kin events)
  [1253/3120] nano_1253.root
         -> 833 vertices (1,753 trig, 731 trig+kin events)
  [1254/3120] nano_1254.root
         -> 1,001 vertices (1,931 trig, 874 trig+kin events)
  [1255/3120] nano_1255.root
         -> 1,417 vertices (2,764 trig, 1,181 trig+kin events)
  [1256/3120] nano_1256.root
         -> 727 vertices (1,529 trig, 679 trig+kin events)
  [1257/3120] nano_1257.root
         -> 1,485 vertices (2,901 trig, 1,242 trig+kin events)
  [1258/3120] nano_1258.root
         -> 795 vertices (1,481 trig, 658 trig+kin events)
  [1259/3120] nano_1259.root
         -> 971 vertices (1,941 trig, 833 trig+kin events)
  [1260/3120] nano_1260.root
         -> 1,356 vertices (2,787 trig, 1,218 trig+kin events)
  [1261/3120] nano_1261.root
         -> 728 vertices (1,447 trig, 619 trig+kin events)
  [1262/3120] nano_1262.root
         -> 884 vertices (1,725 trig, 725 trig+kin events)
  [1263/3120] nano_1263.root
         -> 837 vertices (1,611 trig, 689 trig+kin events)
  [1264/3120] nano_1264.root
         -> 1,070 vertices (2,087 trig, 917 trig+kin events)
  [1265/3120] nano_1265.root
         -> 1,075 vertices (2,114 trig, 889 trig+kin events)
  [1266/3120] nano_1266.root
         -> 1,415 vertices (2,822 trig, 1,175 trig+kin events)
  [1267/3120] nano_1267.root
         -> 1,155 vertices (2,377 trig, 1,001 trig+kin events)
  [1268/3120] nano_1268.root
         -> 373 vertices (719 trig, 319 trig+kin events)
  [1269/3120] nano_1269.root
         -> 1,378 vertices (2,658 trig, 1,142 trig+kin events)
  [1270/3120] nano_1270.root
         -> 1,040 vertices (2,010 trig, 872 trig+kin events)
  [1271/3120] nano_1271.root
         -> 1,495 vertices (2,856 trig, 1,274 trig+kin events)
  [1272/3120] nano_1272.root
         -> 1,506 vertices (2,820 trig, 1,251 trig+kin events)
  [1273/3120] nano_1273.root
         -> 735 vertices (1,545 trig, 653 trig+kin events)
  [1274/3120] nano_1274.root
         -> 760 vertices (1,532 trig, 627 trig+kin events)
  [1275/3120] nano_1275.root
         -> 1,341 vertices (2,463 trig, 1,111 trig+kin events)
  [1276/3120] nano_1276.root
         -> 1,462 vertices (2,810 trig, 1,168 trig+kin events)
  [1277/3120] nano_1277.root
         -> 1,046 vertices (1,803 trig, 830 trig+kin events)
  [1278/3120] nano_1278.root
         -> 1,406 vertices (2,866 trig, 1,208 trig+kin events)
  [1279/3120] nano_1279.root
         -> 957 vertices (2,007 trig, 831 trig+kin events)
  [1280/3120] nano_1280.root
         -> 1,299 vertices (2,579 trig, 1,101 trig+kin events)
  [1281/3120] nano_1281.root
         -> 979 vertices (1,920 trig, 792 trig+kin events)
  [1282/3120] nano_1282.root
         -> 683 vertices (1,481 trig, 608 trig+kin events)
  [1283/3120] nano_1283.root
         -> 1,449 vertices (2,810 trig, 1,223 trig+kin events)
  [1284/3120] nano_1284.root
         -> 1,289 vertices (2,786 trig, 1,190 trig+kin events)
  [1285/3120] nano_1285.root
         -> 1,434 vertices (2,825 trig, 1,221 trig+kin events)
  [1286/3120] nano_1286.root
         -> 1,444 vertices (2,798 trig, 1,223 trig+kin events)
  [1287/3120] nano_1287.root
         -> 1,190 vertices (2,489 trig, 1,066 trig+kin events)
  [1288/3120] nano_1288.root
         -> 745 vertices (1,590 trig, 688 trig+kin events)
  [1289/3120] nano_1289.root
         -> 1,406 vertices (2,837 trig, 1,214 trig+kin events)
  [1290/3120] nano_1290.root
         -> 1,025 vertices (1,859 trig, 812 trig+kin events)
  [1291/3120] nano_1291.root
         -> 972 vertices (1,837 trig, 814 trig+kin events)
  [1292/3120] nano_1292.root
         -> 1,530 vertices (2,887 trig, 1,240 trig+kin events)
  [1293/3120] nano_1293.root
         -> 692 vertices (1,372 trig, 601 trig+kin events)
  [1294/3120] nano_1294.root
         -> 739 vertices (1,480 trig, 640 trig+kin events)
  [1295/3120] nano_1295.root
         -> 846 vertices (1,683 trig, 701 trig+kin events)
  [1296/3120] nano_1296.root
         -> 1,353 vertices (2,906 trig, 1,214 trig+kin events)
  [1297/3120] nano_1297.root
         -> 463 vertices (920 trig, 391 trig+kin events)
  [1298/3120] nano_1298.root
         -> 1,198 vertices (2,533 trig, 1,092 trig+kin events)
  [1299/3120] nano_1299.root
         -> 1,420 vertices (2,815 trig, 1,169 trig+kin events)
  [1300/3120] nano_1300.root
         -> 1,339 vertices (2,767 trig, 1,190 trig+kin events)
  [1301/3120] nano_1301.root
         -> 1,082 vertices (2,104 trig, 903 trig+kin events)
  [1302/3120] nano_1302.root
         -> 1,359 vertices (2,794 trig, 1,174 trig+kin events)
  [1303/3120] nano_1303.root
         -> 1,349 vertices (2,828 trig, 1,199 trig+kin events)
  [1304/3120] nano_1304.root
         -> 121 vertices (223 trig, 100 trig+kin events)
  [1305/3120] nano_1305.root
         -> 1,169 vertices (2,392 trig, 1,022 trig+kin events)
  [1306/3120] nano_1306.root
         -> 759 vertices (1,402 trig, 620 trig+kin events)
  [1307/3120] nano_1307.root
         -> 216 vertices (391 trig, 168 trig+kin events)
  [1308/3120] nano_1308.root
         -> 1,468 vertices (2,869 trig, 1,266 trig+kin events)
  [1309/3120] nano_1309.root
         -> 1,203 vertices (2,374 trig, 1,043 trig+kin events)
  [1310/3120] nano_1310.root
         -> 1,446 vertices (2,899 trig, 1,219 trig+kin events)
  [1311/3120] nano_1311.root
         -> 747 vertices (1,611 trig, 677 trig+kin events)
  [1312/3120] nano_1312.root
         -> 1,366 vertices (2,612 trig, 1,140 trig+kin events)
  [1313/3120] nano_1313.root
         -> 1,459 vertices (2,788 trig, 1,194 trig+kin events)
  [1314/3120] nano_1314.root
         -> 1,342 vertices (2,858 trig, 1,174 trig+kin events)
  [1315/3120] nano_1315.root
         -> 903 vertices (1,947 trig, 812 trig+kin events)
  [1316/3120] nano_1316.root
         -> 1,439 vertices (2,813 trig, 1,223 trig+kin events)
  [1317/3120] nano_1317.root
         -> 1,436 vertices (2,867 trig, 1,261 trig+kin events)
  [1318/3120] nano_1318.root
         -> 1,433 vertices (2,877 trig, 1,202 trig+kin events)
  [1319/3120] nano_1319.root
         -> 1,002 vertices (1,993 trig, 837 trig+kin events)
  [1320/3120] nano_1320.root
         -> 1,215 vertices (2,288 trig, 1,018 trig+kin events)
  [1321/3120] nano_1321.root
         -> 953 vertices (1,963 trig, 866 trig+kin events)
  [1322/3120] nano_1322.root
         -> 1,356 vertices (2,753 trig, 1,192 trig+kin events)
  [1323/3120] nano_1323.root
         -> 1,476 vertices (2,801 trig, 1,196 trig+kin events)
  [1324/3120] nano_1324.root
         -> 1,282 vertices (2,848 trig, 1,194 trig+kin events)
  [1325/3120] nano_1325.root
         -> 1,212 vertices (2,443 trig, 1,040 trig+kin events)
  [1326/3120] nano_1326.root
         -> 774 vertices (1,592 trig, 685 trig+kin events)
  [1327/3120] nano_1327.root
         -> 931 vertices (1,865 trig, 791 trig+kin events)
  [1328/3120] nano_1328.root
         -> 782 vertices (1,756 trig, 717 trig+kin events)
  [1329/3120] nano_1329.root
         -> 1,503 vertices (2,841 trig, 1,228 trig+kin events)
  [1330/3120] nano_1330.root
         -> 1,022 vertices (2,116 trig, 885 trig+kin events)
  [1331/3120] nano_1331.root
         -> 952 vertices (1,845 trig, 815 trig+kin events)
  [1332/3120] nano_1332.root
         -> 706 vertices (1,400 trig, 612 trig+kin events)
  [1333/3120] nano_1333.root
         -> 1,412 vertices (2,714 trig, 1,167 trig+kin events)
  [1334/3120] nano_1334.root
         -> 1,184 vertices (2,384 trig, 1,028 trig+kin events)
  [1335/3120] nano_1335.root
         -> 877 vertices (1,737 trig, 753 trig+kin events)
  [1336/3120] nano_1336.root
         -> 944 vertices (1,925 trig, 838 trig+kin events)
  [1337/3120] nano_1337.root
         -> 1,411 vertices (2,638 trig, 1,176 trig+kin events)
  [1338/3120] nano_1338.root
         -> 844 vertices (1,607 trig, 690 trig+kin events)
  [1339/3120] nano_1339.root
         -> 743 vertices (1,535 trig, 639 trig+kin events)
  [1340/3120] nano_1340.root
         -> 1,102 vertices (2,369 trig, 1,004 trig+kin events)
  [1341/3120] nano_1341.root
         -> 1,381 vertices (2,840 trig, 1,177 trig+kin events)
  [1342/3120] nano_1342.root
         -> 1,312 vertices (2,829 trig, 1,179 trig+kin events)
  [1343/3120] nano_1343.root
         -> 1,349 vertices (2,693 trig, 1,145 trig+kin events)
  [1344/3120] nano_1344.root
         -> 886 vertices (1,620 trig, 744 trig+kin events)
  [1345/3120] nano_1345.root
         -> 917 vertices (1,750 trig, 769 trig+kin events)
  [1346/3120] nano_1346.root
         -> 1,232 vertices (2,451 trig, 1,094 trig+kin events)
  [1347/3120] nano_1347.root
         -> 1,371 vertices (2,794 trig, 1,183 trig+kin events)
  [1348/3120] nano_1348.root
         -> 1,340 vertices (2,807 trig, 1,143 trig+kin events)
  [1349/3120] nano_1349.root
         -> 832 vertices (1,614 trig, 716 trig+kin events)
  [1350/3120] nano_1350.root
         -> 795 vertices (1,522 trig, 676 trig+kin events)
  [1351/3120] nano_1351.root
         -> 1,294 vertices (2,788 trig, 1,182 trig+kin events)
  [1352/3120] nano_1352.root
         -> 847 vertices (1,616 trig, 698 trig+kin events)
  [1353/3120] nano_1353.root
         -> 1,302 vertices (2,375 trig, 1,074 trig+kin events)
  [1354/3120] nano_1354.root
         -> 1,461 vertices (2,771 trig, 1,176 trig+kin events)
  [1355/3120] nano_1355.root
         -> 1,337 vertices (2,723 trig, 1,166 trig+kin events)
  [1356/3120] nano_1356.root
         -> 373 vertices (637 trig, 285 trig+kin events)
  [1357/3120] nano_1357.root
         -> 1,077 vertices (2,075 trig, 930 trig+kin events)
  [1358/3120] nano_1358.root
         -> 821 vertices (1,563 trig, 658 trig+kin events)
  [1359/3120] nano_1359.root
         -> 1,423 vertices (2,808 trig, 1,266 trig+kin events)
  [1360/3120] nano_1360.root
         -> 1,463 vertices (2,921 trig, 1,272 trig+kin events)
  [1361/3120] nano_1361.root
         -> 922 vertices (1,854 trig, 777 trig+kin events)
  [1362/3120] nano_1362.root
         -> 741 vertices (1,547 trig, 636 trig+kin events)
  [1363/3120] nano_1363.root
         -> 1,388 vertices (2,779 trig, 1,194 trig+kin events)
  [1364/3120] nano_1364.root
         -> 1,434 vertices (2,874 trig, 1,236 trig+kin events)
  [1365/3120] nano_1365.root
         -> 782 vertices (1,651 trig, 712 trig+kin events)
  [1366/3120] nano_1366.root
         -> 1,345 vertices (2,801 trig, 1,183 trig+kin events)
  [1367/3120] nano_1367.root
         -> 995 vertices (1,894 trig, 826 trig+kin events)
  [1368/3120] nano_1368.root
         -> 1,463 vertices (2,844 trig, 1,236 trig+kin events)
  [1369/3120] nano_1369.root
         -> 891 vertices (1,806 trig, 768 trig+kin events)
  [1370/3120] nano_1370.root
         -> 833 vertices (1,790 trig, 757 trig+kin events)
  [1371/3120] nano_1371.root
         -> 1,090 vertices (2,055 trig, 908 trig+kin events)
  [1372/3120] nano_1372.root
         -> 711 vertices (1,406 trig, 615 trig+kin events)
  [1373/3120] nano_1373.root
         -> 982 vertices (2,122 trig, 871 trig+kin events)
  [1374/3120] nano_1374.root
         -> 1,226 vertices (2,541 trig, 1,072 trig+kin events)
  [1375/3120] nano_1375.root
         -> 1,381 vertices (2,785 trig, 1,198 trig+kin events)
  [1376/3120] nano_1376.root
         -> 850 vertices (1,691 trig, 733 trig+kin events)
  [1377/3120] nano_1377.root
         -> 1,471 vertices (2,846 trig, 1,260 trig+kin events)
  [1378/3120] nano_1378.root
         -> 960 vertices (1,771 trig, 803 trig+kin events)
  [1379/3120] nano_1379.root
         -> 745 vertices (1,488 trig, 630 trig+kin events)
  [1380/3120] nano_1380.root
         -> 1,486 vertices (2,848 trig, 1,246 trig+kin events)
  [1381/3120] nano_1381.root
         -> 1,479 vertices (2,806 trig, 1,221 trig+kin events)
  [1382/3120] nano_1382.root
         -> 830 vertices (1,484 trig, 664 trig+kin events)
  [1383/3120] nano_1383.root
         -> 763 vertices (1,480 trig, 643 trig+kin events)
  [1384/3120] nano_1384.root
         -> 1,032 vertices (2,008 trig, 888 trig+kin events)
  [1385/3120] nano_1385.root
         -> 903 vertices (1,871 trig, 793 trig+kin events)
  [1386/3120] nano_1386.root
         -> 1,492 vertices (2,854 trig, 1,209 trig+kin events)
  [1387/3120] nano_1387.root
         -> 739 vertices (1,425 trig, 617 trig+kin events)
  [1388/3120] nano_1388.root
         -> 1,525 vertices (2,840 trig, 1,249 trig+kin events)
  [1389/3120] nano_1389.root
         -> 765 vertices (1,453 trig, 625 trig+kin events)
  [1390/3120] nano_1390.root
         -> 1,110 vertices (2,225 trig, 955 trig+kin events)
  [1391/3120] nano_1391.root
         -> 1,186 vertices (2,212 trig, 965 trig+kin events)
  [1392/3120] nano_1392.root
         -> 1,366 vertices (2,734 trig, 1,164 trig+kin events)
  [1393/3120] nano_1393.root
         -> 1,382 vertices (2,814 trig, 1,191 trig+kin events)
  [1394/3120] nano_1394.root
         -> 1,442 vertices (2,871 trig, 1,256 trig+kin events)
  [1395/3120] nano_1395.root
         -> 1,483 vertices (2,771 trig, 1,213 trig+kin events)
  [1396/3120] nano_1396.root
         -> 822 vertices (1,626 trig, 709 trig+kin events)
  [1397/3120] nano_1397.root
         -> 1,242 vertices (2,608 trig, 1,133 trig+kin events)
  [1398/3120] nano_1398.root
         -> 814 vertices (1,505 trig, 682 trig+kin events)
  [1399/3120] nano_1399.root
         -> 1,232 vertices (2,696 trig, 1,103 trig+kin events)
  [1400/3120] nano_1400.root
         -> 778 vertices (1,472 trig, 647 trig+kin events)
  [1401/3120] nano_1401.root
         -> 861 vertices (1,674 trig, 720 trig+kin events)
  [1402/3120] nano_1402.root
         -> 1,388 vertices (2,852 trig, 1,217 trig+kin events)
  [1403/3120] nano_1403.root
         -> 1,264 vertices (2,553 trig, 1,104 trig+kin events)
  [1404/3120] nano_1404.root
         -> 1,410 vertices (2,844 trig, 1,208 trig+kin events)
  [1405/3120] nano_1405.root
         -> 740 vertices (1,562 trig, 669 trig+kin events)
  [1406/3120] nano_1406.root
         -> 986 vertices (1,782 trig, 794 trig+kin events)
  [1407/3120] nano_1407.root
         -> 1,450 vertices (2,863 trig, 1,229 trig+kin events)
  [1408/3120] nano_1408.root
         -> 800 vertices (1,582 trig, 713 trig+kin events)
  [1409/3120] nano_1409.root
         -> 1,403 vertices (2,897 trig, 1,261 trig+kin events)
  [1410/3120] nano_1410.root
         -> 1,433 vertices (2,739 trig, 1,168 trig+kin events)
  [1411/3120] nano_1411.root
         -> 798 vertices (1,449 trig, 637 trig+kin events)
  [1412/3120] nano_1412.root
         -> 1,499 vertices (2,777 trig, 1,214 trig+kin events)
  [1413/3120] nano_1413.root
         -> 879 vertices (1,766 trig, 783 trig+kin events)
  [1414/3120] nano_1414.root
         -> 806 vertices (1,663 trig, 715 trig+kin events)
  [1415/3120] nano_1415.root
         -> 1,373 vertices (2,789 trig, 1,152 trig+kin events)
  [1416/3120] nano_1416.root
         -> 1,355 vertices (2,758 trig, 1,186 trig+kin events)
  [1417/3120] nano_1417.root
         -> 692 vertices (1,468 trig, 612 trig+kin events)
  [1418/3120] nano_1418.root
         -> 1,447 vertices (2,806 trig, 1,236 trig+kin events)
  [1419/3120] nano_1419.root
         -> 1,431 vertices (2,849 trig, 1,239 trig+kin events)
  [1420/3120] nano_1420.root
         -> 1,051 vertices (2,124 trig, 913 trig+kin events)
  [1421/3120] nano_1421.root
         -> 1,371 vertices (2,571 trig, 1,102 trig+kin events)
  [1422/3120] nano_1422.root
         -> 1,462 vertices (2,868 trig, 1,261 trig+kin events)
  [1423/3120] nano_1423.root
         -> 798 vertices (1,612 trig, 684 trig+kin events)
  [1424/3120] nano_1424.root
         -> 1,446 vertices (2,817 trig, 1,202 trig+kin events)
  [1425/3120] nano_1425.root
         -> 1,433 vertices (2,862 trig, 1,234 trig+kin events)
  [1426/3120] nano_1426.root
         -> 1,332 vertices (2,761 trig, 1,135 trig+kin events)
  [1427/3120] nano_1427.root
         -> 925 vertices (1,990 trig, 807 trig+kin events)
  [1428/3120] nano_1428.root
         -> 1,392 vertices (2,788 trig, 1,223 trig+kin events)
  [1429/3120] nano_1429.root
         -> 1,251 vertices (2,632 trig, 1,099 trig+kin events)
  [1430/3120] nano_1430.root
         -> 1,452 vertices (2,839 trig, 1,217 trig+kin events)
  [1431/3120] nano_1431.root
         -> 1,421 vertices (2,819 trig, 1,196 trig+kin events)
  [1432/3120] nano_1432.root
         -> 1,397 vertices (2,799 trig, 1,185 trig+kin events)
  [1433/3120] nano_1433.root
         -> 1,405 vertices (2,793 trig, 1,186 trig+kin events)
  [1434/3120] nano_1434.root
         -> 1,374 vertices (2,757 trig, 1,176 trig+kin events)
  [1435/3120] nano_1435.root
         -> 841 vertices (1,757 trig, 766 trig+kin events)
  [1436/3120] nano_1436.root
         -> 892 vertices (1,837 trig, 773 trig+kin events)
  [1437/3120] nano_1437.root
         -> 1,340 vertices (2,819 trig, 1,211 trig+kin events)
  [1438/3120] nano_1438.root
         -> 1,459 vertices (2,878 trig, 1,215 trig+kin events)
  [1439/3120] nano_1439.root
         -> 1,441 vertices (2,826 trig, 1,196 trig+kin events)
  [1440/3120] nano_1440.root
         -> 1,182 vertices (2,454 trig, 1,054 trig+kin events)
  [1441/3120] nano_1441.root
         -> 1,515 vertices (2,788 trig, 1,234 trig+kin events)
  [1442/3120] nano_1442.root
         -> 758 vertices (1,573 trig, 674 trig+kin events)
  [1443/3120] nano_1443.root
         -> 1,347 vertices (2,799 trig, 1,159 trig+kin events)
  [1444/3120] nano_1444.root
         -> 896 vertices (1,798 trig, 782 trig+kin events)
  [1445/3120] nano_1445.root
         -> 1,466 vertices (2,805 trig, 1,214 trig+kin events)
  [1446/3120] nano_1446.root
         -> 1,010 vertices (2,004 trig, 858 trig+kin events)
  [1447/3120] nano_1447.root
         -> 1,092 vertices (2,111 trig, 931 trig+kin events)
  [1448/3120] nano_1448.root
         -> 1,542 vertices (2,845 trig, 1,265 trig+kin events)
  [1449/3120] nano_1449.root
         -> 1,467 vertices (2,840 trig, 1,209 trig+kin events)
  [1450/3120] nano_1450.root
         -> 807 vertices (1,696 trig, 740 trig+kin events)
  [1451/3120] nano_1451.root
         -> 994 vertices (1,955 trig, 859 trig+kin events)
  [1452/3120] nano_1452.root
         -> 1,381 vertices (2,838 trig, 1,232 trig+kin events)
  [1453/3120] nano_1453.root
         -> 1,001 vertices (2,078 trig, 890 trig+kin events)
  [1454/3120] nano_1454.root
         -> 800 vertices (1,636 trig, 694 trig+kin events)
  [1455/3120] nano_1455.root
         -> 1,514 vertices (2,820 trig, 1,258 trig+kin events)
  [1456/3120] nano_1456.root
         -> 1,368 vertices (2,848 trig, 1,250 trig+kin events)
  [1457/3120] nano_1457.root
         -> 1,380 vertices (2,795 trig, 1,210 trig+kin events)
  [1458/3120] nano_1458.root
         -> 1,415 vertices (2,821 trig, 1,185 trig+kin events)
  [1459/3120] nano_1459.root
         -> 946 vertices (1,916 trig, 821 trig+kin events)
  [1460/3120] nano_1460.root
         -> 1,345 vertices (2,778 trig, 1,192 trig+kin events)
  [1461/3120] nano_1461.root
         -> 1,378 vertices (2,874 trig, 1,235 trig+kin events)
  [1462/3120] nano_1462.root
         -> 1,413 vertices (2,884 trig, 1,240 trig+kin events)
  [1463/3120] nano_1463.root
         -> 829 vertices (1,681 trig, 732 trig+kin events)
  [1464/3120] nano_1464.root
         -> 1,354 vertices (2,754 trig, 1,215 trig+kin events)
  [1465/3120] nano_1465.root
         -> 1,473 vertices (2,810 trig, 1,221 trig+kin events)
  [1466/3120] nano_1466.root
         -> 1,402 vertices (2,842 trig, 1,195 trig+kin events)
  [1467/3120] nano_1467.root
         -> 1,432 vertices (2,829 trig, 1,225 trig+kin events)
  [1468/3120] nano_1468.root
         -> 875 vertices (1,587 trig, 706 trig+kin events)
  [1469/3120] nano_1469.root
         -> 1,342 vertices (2,617 trig, 1,122 trig+kin events)
  [1470/3120] nano_1470.root
         -> 795 vertices (1,471 trig, 657 trig+kin events)
  [1471/3120] nano_1471.root
         -> 1,406 vertices (2,742 trig, 1,171 trig+kin events)
  [1472/3120] nano_1472.root
         -> 1,463 vertices (2,780 trig, 1,215 trig+kin events)
  [1473/3120] nano_1473.root
         -> 1,484 vertices (2,844 trig, 1,257 trig+kin events)
  [1474/3120] nano_1474.root
         -> 1,331 vertices (2,678 trig, 1,167 trig+kin events)
  [1475/3120] nano_1475.root
         -> 860 vertices (1,634 trig, 734 trig+kin events)
  [1476/3120] nano_1476.root
         -> 1,310 vertices (2,836 trig, 1,147 trig+kin events)
  [1477/3120] nano_1477.root
         -> 848 vertices (1,869 trig, 785 trig+kin events)
  [1478/3120] nano_1478.root
         -> 1,442 vertices (2,791 trig, 1,211 trig+kin events)
  [1479/3120] nano_1479.root
         -> 1,382 vertices (2,803 trig, 1,226 trig+kin events)
  [1480/3120] nano_1480.root
         -> 1,452 vertices (2,845 trig, 1,236 trig+kin events)
  [1481/3120] nano_1481.root
         -> 1,406 vertices (2,780 trig, 1,175 trig+kin events)
  [1482/3120] nano_1482.root
         -> 1,371 vertices (2,840 trig, 1,252 trig+kin events)
  [1483/3120] nano_1483.root
         -> 1,444 vertices (2,818 trig, 1,243 trig+kin events)
  [1484/3120] nano_1484.root
         -> 970 vertices (1,850 trig, 801 trig+kin events)
  [1485/3120] nano_1485.root
         -> 795 vertices (1,622 trig, 695 trig+kin events)
  [1486/3120] nano_1486.root
         -> 855 vertices (1,720 trig, 750 trig+kin events)
  [1487/3120] nano_1487.root
         -> 966 vertices (1,996 trig, 845 trig+kin events)
  [1488/3120] nano_1488.root
         -> 1,474 vertices (2,877 trig, 1,219 trig+kin events)
  [1489/3120] nano_1489.root
         -> 1,129 vertices (2,264 trig, 985 trig+kin events)
  [1490/3120] nano_1490.root
         -> 1,341 vertices (2,781 trig, 1,163 trig+kin events)
  [1491/3120] nano_1491.root
         -> 982 vertices (2,071 trig, 868 trig+kin events)
  [1492/3120] nano_1492.root
         -> 1,470 vertices (2,705 trig, 1,181 trig+kin events)
  [1493/3120] nano_1493.root
         -> 1,228 vertices (2,179 trig, 1,006 trig+kin events)
  [1494/3120] nano_1494.root
         -> 839 vertices (1,659 trig, 726 trig+kin events)
  [1495/3120] nano_1495.root
         -> 1,409 vertices (2,792 trig, 1,186 trig+kin events)
  [1496/3120] nano_1496.root
         -> 1,438 vertices (2,791 trig, 1,207 trig+kin events)
  [1497/3120] nano_1497.root
         -> 779 vertices (1,504 trig, 657 trig+kin events)
  [1498/3120] nano_1498.root
         -> 1,518 vertices (2,905 trig, 1,297 trig+kin events)
  [1499/3120] nano_1499.root
         -> 1,470 vertices (2,836 trig, 1,246 trig+kin events)
  [1500/3120] nano_1500.root
         -> 1,469 vertices (2,839 trig, 1,204 trig+kin events)
  [1501/3120] nano_1501.root
         -> 916 vertices (1,799 trig, 757 trig+kin events)
  [1502/3120] nano_1502.root
         -> 1,001 vertices (1,940 trig, 838 trig+kin events)
  [1503/3120] nano_1503.root
         -> 1,259 vertices (2,650 trig, 1,105 trig+kin events)
  [1504/3120] nano_1504.root
         -> 835 vertices (1,555 trig, 664 trig+kin events)
  [1505/3120] nano_1505.root
         -> 1,396 vertices (2,706 trig, 1,186 trig+kin events)
  [1506/3120] nano_1506.root
         -> 1,385 vertices (2,747 trig, 1,177 trig+kin events)
  [1507/3120] nano_1507.root
         -> 1,351 vertices (2,568 trig, 1,133 trig+kin events)
  [1508/3120] nano_1508.root
         -> 1,352 vertices (2,816 trig, 1,218 trig+kin events)
  [1509/3120] nano_1509.root
         -> 1,137 vertices (2,154 trig, 963 trig+kin events)
  [1510/3120] nano_1510.root
         -> 1,330 vertices (2,861 trig, 1,187 trig+kin events)
  [1511/3120] nano_1511.root
         -> 1,129 vertices (2,293 trig, 951 trig+kin events)
  [1512/3120] nano_1512.root
         -> 1,346 vertices (2,708 trig, 1,148 trig+kin events)
  [1513/3120] nano_1513.root
         -> 1,304 vertices (2,736 trig, 1,139 trig+kin events)
  [1514/3120] nano_1514.root
         -> 778 vertices (1,474 trig, 663 trig+kin events)
  [1515/3120] nano_1515.root
         -> 1,413 vertices (2,875 trig, 1,226 trig+kin events)
  [1516/3120] nano_1516.root
         -> 1,474 vertices (2,862 trig, 1,272 trig+kin events)
  [1517/3120] nano_1517.root
         -> 644 vertices (1,412 trig, 593 trig+kin events)
  [1518/3120] nano_1518.root
         -> 1,391 vertices (2,828 trig, 1,260 trig+kin events)
  [1519/3120] nano_1519.root
         -> 1,341 vertices (2,719 trig, 1,172 trig+kin events)
  [1520/3120] nano_1520.root
         -> 1,458 vertices (2,804 trig, 1,225 trig+kin events)
  [1521/3120] nano_1521.root
         -> 1,015 vertices (2,046 trig, 867 trig+kin events)
  [1522/3120] nano_1522.root
         -> 973 vertices (1,866 trig, 836 trig+kin events)
  [1523/3120] nano_1523.root
         -> 1,388 vertices (2,645 trig, 1,150 trig+kin events)
  [1524/3120] nano_1524.root
         -> 1,439 vertices (2,813 trig, 1,219 trig+kin events)
  [1525/3120] nano_1525.root
         -> 913 vertices (1,769 trig, 787 trig+kin events)
  [1526/3120] nano_1526.root
         -> 1,410 vertices (2,816 trig, 1,225 trig+kin events)
  [1527/3120] nano_1527.root
         -> 1,411 vertices (2,840 trig, 1,254 trig+kin events)
  [1528/3120] nano_1528.root
         -> 1,377 vertices (2,827 trig, 1,175 trig+kin events)
  [1529/3120] nano_1529.root
         -> 1,263 vertices (2,490 trig, 1,074 trig+kin events)
  [1530/3120] nano_1530.root
         -> 844 vertices (1,670 trig, 708 trig+kin events)
  [1531/3120] nano_1531.root
         -> 1,418 vertices (2,813 trig, 1,250 trig+kin events)
  [1532/3120] nano_1532.root
         -> 1,375 vertices (2,793 trig, 1,161 trig+kin events)
  [1533/3120] nano_1533.root
         -> 822 vertices (1,778 trig, 738 trig+kin events)
  [1534/3120] nano_1534.root
         -> 1,124 vertices (2,207 trig, 979 trig+kin events)
  [1535/3120] nano_1535.root
         -> 1,475 vertices (2,800 trig, 1,249 trig+kin events)
  [1536/3120] nano_1536.root
         -> 1,371 vertices (2,691 trig, 1,204 trig+kin events)
  [1537/3120] nano_1537.root
         -> 930 vertices (1,901 trig, 822 trig+kin events)
  [1538/3120] nano_1538.root
         -> 1,431 vertices (2,823 trig, 1,257 trig+kin events)
  [1539/3120] nano_1539.root
         -> 969 vertices (2,063 trig, 898 trig+kin events)
  [1540/3120] nano_1540.root
         -> 1,384 vertices (2,785 trig, 1,173 trig+kin events)
  [1541/3120] nano_1541.root
         -> 727 vertices (1,520 trig, 661 trig+kin events)
  [1542/3120] nano_1542.root
         -> 1,543 vertices (2,823 trig, 1,259 trig+kin events)
  [1543/3120] nano_1543.root
         -> 1,477 vertices (2,796 trig, 1,217 trig+kin events)
  [1544/3120] nano_1544.root
         -> 1,379 vertices (2,821 trig, 1,188 trig+kin events)
  [1545/3120] nano_1545.root
         -> 1,412 vertices (2,709 trig, 1,186 trig+kin events)
  [1546/3120] nano_1546.root
         -> 1,496 vertices (2,811 trig, 1,245 trig+kin events)
  [1547/3120] nano_1547.root
         -> 1,452 vertices (2,781 trig, 1,224 trig+kin events)
  [1548/3120] nano_1548.root
         -> 1,477 vertices (2,810 trig, 1,222 trig+kin events)
  [1549/3120] nano_1549.root
         -> 1,394 vertices (2,839 trig, 1,188 trig+kin events)
  [1550/3120] nano_1550.root
         -> 1,459 vertices (2,798 trig, 1,249 trig+kin events)
  [1551/3120] nano_1551.root
         -> 1,034 vertices (2,217 trig, 913 trig+kin events)
  [1552/3120] nano_1552.root
         -> 1,107 vertices (2,206 trig, 975 trig+kin events)
  [1553/3120] nano_1553.root
         -> 1,177 vertices (2,260 trig, 976 trig+kin events)
  [1554/3120] nano_1554.root
         -> 1,405 vertices (2,790 trig, 1,193 trig+kin events)
  [1555/3120] nano_1555.root
         -> 1,464 vertices (2,904 trig, 1,266 trig+kin events)
  [1556/3120] nano_1556.root
         -> 1,282 vertices (2,408 trig, 1,076 trig+kin events)
  [1557/3120] nano_1557.root
         -> 1,493 vertices (2,861 trig, 1,249 trig+kin events)
  [1558/3120] nano_1558.root
         -> 1,275 vertices (2,513 trig, 1,099 trig+kin events)
  [1559/3120] nano_1559.root
         -> 1,165 vertices (2,385 trig, 1,013 trig+kin events)
  [1560/3120] nano_1560.root
         -> 1,412 vertices (2,861 trig, 1,233 trig+kin events)
  [1561/3120] nano_1561.root
         -> 697 vertices (1,468 trig, 625 trig+kin events)
  [1562/3120] nano_1562.root
         -> 1,430 vertices (2,956 trig, 1,237 trig+kin events)
  [1563/3120] nano_1563.root
         -> 1,490 vertices (2,879 trig, 1,271 trig+kin events)
  [1564/3120] nano_1564.root
         -> 1,416 vertices (2,842 trig, 1,224 trig+kin events)
  [1565/3120] nano_1565.root
         -> 952 vertices (1,948 trig, 854 trig+kin events)
  [1566/3120] nano_1566.root
         -> 859 vertices (1,679 trig, 736 trig+kin events)
  [1567/3120] nano_1567.root
         -> 803 vertices (1,546 trig, 677 trig+kin events)
  [1568/3120] nano_1568.root
         -> 1,393 vertices (2,770 trig, 1,210 trig+kin events)
  [1569/3120] nano_1569.root
         -> 1,143 vertices (2,104 trig, 914 trig+kin events)
  [1570/3120] nano_1570.root
         -> 1,398 vertices (2,761 trig, 1,193 trig+kin events)
  [1571/3120] nano_1571.root
         -> 1,276 vertices (2,769 trig, 1,185 trig+kin events)
  [1572/3120] nano_1572.root
         -> 904 vertices (2,060 trig, 839 trig+kin events)
  [1573/3120] nano_1573.root
         -> 917 vertices (1,957 trig, 822 trig+kin events)
  [1574/3120] nano_1574.root
         -> 1,522 vertices (2,848 trig, 1,221 trig+kin events)
  [1575/3120] nano_1575.root
         -> 764 vertices (1,453 trig, 613 trig+kin events)
  [1576/3120] nano_1576.root
         -> 1,353 vertices (2,748 trig, 1,192 trig+kin events)
  [1577/3120] nano_1577.root
         -> 1,357 vertices (2,852 trig, 1,218 trig+kin events)
  [1578/3120] nano_1578.root
         -> 1,374 vertices (2,752 trig, 1,189 trig+kin events)
  [1579/3120] nano_1579.root
         -> 1,457 vertices (2,743 trig, 1,163 trig+kin events)
  [1580/3120] nano_1580.root
         -> 1,397 vertices (2,853 trig, 1,234 trig+kin events)
  [1581/3120] nano_1581.root
         -> 1,383 vertices (2,812 trig, 1,216 trig+kin events)
  [1582/3120] nano_1582.root
         -> 1,561 vertices (2,870 trig, 1,295 trig+kin events)
  [1583/3120] nano_1583.root
         -> 931 vertices (1,688 trig, 752 trig+kin events)
  [1584/3120] nano_1584.root
         -> 865 vertices (1,743 trig, 753 trig+kin events)
  [1585/3120] nano_1585.root
         -> 1,381 vertices (2,740 trig, 1,178 trig+kin events)
  [1586/3120] nano_1586.root
         -> 1,230 vertices (2,250 trig, 1,009 trig+kin events)
  [1587/3120] nano_1587.root
         -> 773 vertices (1,613 trig, 695 trig+kin events)
  [1588/3120] nano_1588.root
         -> 916 vertices (1,797 trig, 775 trig+kin events)
  [1589/3120] nano_1589.root
         -> 1,440 vertices (2,824 trig, 1,257 trig+kin events)
  [1590/3120] nano_1590.root
         -> 1,426 vertices (2,802 trig, 1,209 trig+kin events)
  [1591/3120] nano_1591.root
         -> 1,427 vertices (2,847 trig, 1,197 trig+kin events)
  [1592/3120] nano_1592.root
         -> 1,449 vertices (2,798 trig, 1,195 trig+kin events)
  [1593/3120] nano_1593.root
         -> 1,400 vertices (2,773 trig, 1,181 trig+kin events)
  [1594/3120] nano_1594.root
         -> 1,490 vertices (2,870 trig, 1,255 trig+kin events)
  [1595/3120] nano_1595.root
         -> 1,358 vertices (2,795 trig, 1,216 trig+kin events)
  [1596/3120] nano_1596.root
         -> 1,451 vertices (2,828 trig, 1,223 trig+kin events)
  [1597/3120] nano_1597.root
         -> 1,280 vertices (2,793 trig, 1,170 trig+kin events)
  [1598/3120] nano_1598.root
         -> 1,353 vertices (2,722 trig, 1,172 trig+kin events)
  [1599/3120] nano_1599.root
         -> 697 vertices (1,417 trig, 583 trig+kin events)
  [1600/3120] nano_1600.root
         -> 1,419 vertices (2,751 trig, 1,201 trig+kin events)
  [1601/3120] nano_1601.root
         -> 1,440 vertices (2,788 trig, 1,209 trig+kin events)
  [1602/3120] nano_1602.root
         -> 1,164 vertices (2,238 trig, 1,014 trig+kin events)
  [1603/3120] nano_1603.root
         -> 988 vertices (1,810 trig, 813 trig+kin events)
  [1604/3120] nano_1604.root
         -> 830 vertices (1,740 trig, 756 trig+kin events)
  [1605/3120] nano_1605.root
         -> 1,404 vertices (2,819 trig, 1,274 trig+kin events)
  [1606/3120] nano_1606.root
         -> 1,422 vertices (2,789 trig, 1,173 trig+kin events)
  [1607/3120] nano_1607.root
         -> 1,332 vertices (2,630 trig, 1,130 trig+kin events)
  [1608/3120] nano_1608.root
         -> 881 vertices (1,896 trig, 828 trig+kin events)
  [1609/3120] nano_1609.root
         -> 1,372 vertices (2,873 trig, 1,215 trig+kin events)
  [1610/3120] nano_1610.root
         -> 1,480 vertices (2,812 trig, 1,234 trig+kin events)
  [1611/3120] nano_1611.root
         -> 729 vertices (1,434 trig, 633 trig+kin events)
  [1612/3120] nano_1612.root
         -> 1,397 vertices (2,838 trig, 1,167 trig+kin events)
  [1613/3120] nano_1613.root
         -> 1,009 vertices (1,964 trig, 847 trig+kin events)
  [1614/3120] nano_1614.root
         -> 1,244 vertices (2,379 trig, 1,032 trig+kin events)
  [1615/3120] nano_1615.root
         -> 1,485 vertices (2,791 trig, 1,206 trig+kin events)
  [1616/3120] nano_1616.root
         -> 849 vertices (1,633 trig, 743 trig+kin events)
  [1617/3120] nano_1617.root
         -> 1,398 vertices (2,764 trig, 1,168 trig+kin events)
  [1618/3120] nano_1618.root
         -> 1,335 vertices (2,796 trig, 1,200 trig+kin events)
  [1619/3120] nano_1619.root
         -> 816 vertices (1,679 trig, 727 trig+kin events)
  [1620/3120] nano_1620.root
         -> 937 vertices (1,863 trig, 835 trig+kin events)
  [1621/3120] nano_1621.root
         -> 1,226 vertices (2,450 trig, 1,077 trig+kin events)
  [1622/3120] nano_1622.root
         -> 1,378 vertices (2,711 trig, 1,194 trig+kin events)
  [1623/3120] nano_1623.root
         -> 752 vertices (1,507 trig, 635 trig+kin events)
  [1624/3120] nano_1624.root
         -> 1,062 vertices (2,128 trig, 945 trig+kin events)
  [1625/3120] nano_1625.root
         -> 1,443 vertices (2,832 trig, 1,222 trig+kin events)
  [1626/3120] nano_1626.root
         -> 1,434 vertices (2,901 trig, 1,283 trig+kin events)
  [1627/3120] nano_1627.root
         -> 1,251 vertices (2,790 trig, 1,171 trig+kin events)
  [1628/3120] nano_1628.root
         -> 1,171 vertices (2,406 trig, 1,029 trig+kin events)
  [1629/3120] nano_1629.root
         -> 1,382 vertices (2,692 trig, 1,187 trig+kin events)
  [1630/3120] nano_1630.root
         -> 1,496 vertices (2,907 trig, 1,280 trig+kin events)
  [1631/3120] nano_1631.root
         -> 985 vertices (1,974 trig, 869 trig+kin events)
  [1632/3120] nano_1632.root
         -> 1,353 vertices (2,772 trig, 1,179 trig+kin events)
  [1633/3120] nano_1633.root
         -> 1,344 vertices (2,854 trig, 1,197 trig+kin events)
  [1634/3120] nano_1634.root
         -> 898 vertices (1,721 trig, 754 trig+kin events)
  [1635/3120] nano_1635.root
         -> 847 vertices (1,550 trig, 701 trig+kin events)
  [1636/3120] nano_1636.root
         -> 1,448 vertices (2,848 trig, 1,226 trig+kin events)
  [1637/3120] nano_1637.root
         -> 1,397 vertices (2,923 trig, 1,275 trig+kin events)
  [1638/3120] nano_1638.root
         -> 1,406 vertices (2,747 trig, 1,159 trig+kin events)
  [1639/3120] nano_1639.root
         -> 1,323 vertices (2,809 trig, 1,191 trig+kin events)
  [1640/3120] nano_1640.root
         -> 1,406 vertices (2,848 trig, 1,199 trig+kin events)
  [1641/3120] nano_1641.root
         -> 1,446 vertices (2,841 trig, 1,239 trig+kin events)
  [1642/3120] nano_1642.root
         -> 702 vertices (1,389 trig, 583 trig+kin events)
  [1643/3120] nano_1643.root
         -> 841 vertices (1,717 trig, 748 trig+kin events)
  [1644/3120] nano_1644.root
         -> 1,312 vertices (2,809 trig, 1,211 trig+kin events)
  [1645/3120] nano_1645.root
         -> 1,267 vertices (2,723 trig, 1,167 trig+kin events)
  [1646/3120] nano_1646.root
         -> 1,219 vertices (2,451 trig, 1,017 trig+kin events)
  [1647/3120] nano_1647.root
         -> 1,414 vertices (2,824 trig, 1,205 trig+kin events)
  [1648/3120] nano_1648.root
         -> 1,590 vertices (2,889 trig, 1,262 trig+kin events)
  [1649/3120] nano_1649.root
         -> 1,093 vertices (2,190 trig, 941 trig+kin events)
  [1650/3120] nano_1650.root
         -> 1,326 vertices (2,797 trig, 1,180 trig+kin events)
  [1651/3120] nano_1651.root
         -> 1,434 vertices (2,769 trig, 1,227 trig+kin events)
  [1652/3120] nano_1652.root
         -> 1,508 vertices (2,802 trig, 1,259 trig+kin events)
  [1653/3120] nano_1653.root
         -> 909 vertices (1,691 trig, 731 trig+kin events)
  [1654/3120] nano_1654.root
         -> 1,115 vertices (2,208 trig, 988 trig+kin events)
  [1655/3120] nano_1655.root
         -> 1,011 vertices (2,117 trig, 960 trig+kin events)
  [1656/3120] nano_1656.root
         -> 1,342 vertices (2,767 trig, 1,187 trig+kin events)
  [1657/3120] nano_1657.root
         -> 1,416 vertices (2,823 trig, 1,208 trig+kin events)
  [1658/3120] nano_1658.root
         -> 1,405 vertices (2,847 trig, 1,195 trig+kin events)
  [1659/3120] nano_1659.root
         -> 1,102 vertices (2,184 trig, 947 trig+kin events)
  [1660/3120] nano_1660.root
         -> 1,065 vertices (2,290 trig, 963 trig+kin events)
  [1661/3120] nano_1661.root
         -> 1,134 vertices (2,119 trig, 948 trig+kin events)
  [1662/3120] nano_1662.root
         -> 1,360 vertices (2,760 trig, 1,167 trig+kin events)
  [1663/3120] nano_1663.root
         -> 666 vertices (1,373 trig, 578 trig+kin events)
  [1664/3120] nano_1664.root
         -> 742 vertices (1,556 trig, 673 trig+kin events)
  [1665/3120] nano_1665.root
         -> 665 vertices (1,490 trig, 596 trig+kin events)
  [1666/3120] nano_1666.root
         -> 1,129 vertices (2,303 trig, 1,001 trig+kin events)
  [1667/3120] nano_1667.root
         -> 1,047 vertices (2,050 trig, 904 trig+kin events)
  [1668/3120] nano_1668.root
         -> 843 vertices (1,847 trig, 745 trig+kin events)
  [1669/3120] nano_1669.root
         -> 1,281 vertices (2,451 trig, 1,067 trig+kin events)
  [1670/3120] nano_1670.root
         -> 1,439 vertices (2,790 trig, 1,175 trig+kin events)
  [1671/3120] nano_1671.root
         -> 871 vertices (1,733 trig, 767 trig+kin events)
  [1672/3120] nano_1672.root
         -> 986 vertices (1,938 trig, 828 trig+kin events)
  [1673/3120] nano_1673.root
         -> 1,480 vertices (2,893 trig, 1,251 trig+kin events)
  [1674/3120] nano_1674.root
         -> 1,417 vertices (2,851 trig, 1,238 trig+kin events)
  [1675/3120] nano_1675.root
         -> 830 vertices (1,604 trig, 710 trig+kin events)
  [1676/3120] nano_1676.root
         -> 1,260 vertices (2,511 trig, 1,063 trig+kin events)
  [1677/3120] nano_1677.root
         -> 1,418 vertices (2,750 trig, 1,160 trig+kin events)
  [1678/3120] nano_1678.root
         -> 1,507 vertices (2,875 trig, 1,274 trig+kin events)
  [1679/3120] nano_1679.root
         -> 1,087 vertices (2,072 trig, 925 trig+kin events)
  [1680/3120] nano_1680.root
         -> 909 vertices (1,937 trig, 812 trig+kin events)
  [1681/3120] nano_1681.root
         -> 1,433 vertices (2,803 trig, 1,199 trig+kin events)
  [1682/3120] nano_1682.root
         -> 1,431 vertices (2,841 trig, 1,219 trig+kin events)
  [1683/3120] nano_1683.root
         -> 864 vertices (1,612 trig, 694 trig+kin events)
  [1684/3120] nano_1684.root
         -> 844 vertices (1,706 trig, 719 trig+kin events)
  [1685/3120] nano_1685.root
         -> 785 vertices (1,476 trig, 684 trig+kin events)
  [1686/3120] nano_1686.root
         -> 1,014 vertices (1,993 trig, 882 trig+kin events)
  [1687/3120] nano_1687.root
         -> 1,375 vertices (2,743 trig, 1,194 trig+kin events)
  [1688/3120] nano_1688.root
         -> 1,400 vertices (2,808 trig, 1,226 trig+kin events)
  [1689/3120] nano_1689.root
         -> 1,474 vertices (2,738 trig, 1,193 trig+kin events)
  [1690/3120] nano_1690.root
         -> 1,398 vertices (2,779 trig, 1,198 trig+kin events)
  [1691/3120] nano_1691.root
         -> 719 vertices (1,504 trig, 638 trig+kin events)
  [1692/3120] nano_1692.root
         -> 918 vertices (1,813 trig, 789 trig+kin events)
  [1693/3120] nano_1693.root
         -> 1,432 vertices (2,734 trig, 1,232 trig+kin events)
  [1694/3120] nano_1694.root
         -> 1,311 vertices (2,723 trig, 1,160 trig+kin events)
  [1695/3120] nano_1695.root
         -> 1,580 vertices (2,915 trig, 1,292 trig+kin events)
  [1696/3120] nano_1696.root
         -> 1,439 vertices (2,817 trig, 1,192 trig+kin events)
  [1697/3120] nano_1697.root
         -> 1,230 vertices (2,567 trig, 1,063 trig+kin events)
  [1698/3120] nano_1698.root
         -> 1,387 vertices (2,793 trig, 1,218 trig+kin events)
  [1699/3120] nano_1699.root
         -> 901 vertices (1,681 trig, 745 trig+kin events)
  [1700/3120] nano_1700.root
         -> 944 vertices (1,852 trig, 782 trig+kin events)
  [1701/3120] nano_1701.root
         -> 1,550 vertices (2,905 trig, 1,283 trig+kin events)
  [1702/3120] nano_1702.root
         -> 1,321 vertices (2,675 trig, 1,160 trig+kin events)
  [1703/3120] nano_1703.root
         -> 1,003 vertices (2,099 trig, 904 trig+kin events)
  [1704/3120] nano_1704.root
         -> 1,335 vertices (2,787 trig, 1,171 trig+kin events)
  [1705/3120] nano_1705.root
         -> 1,394 vertices (2,792 trig, 1,198 trig+kin events)
  [1706/3120] nano_1706.root
         -> 1,358 vertices (2,688 trig, 1,195 trig+kin events)
  [1707/3120] nano_1707.root
         -> 1,493 vertices (2,831 trig, 1,219 trig+kin events)
  [1708/3120] nano_1708.root
         -> 1,048 vertices (2,117 trig, 898 trig+kin events)
  [1709/3120] nano_1709.root
         -> 928 vertices (1,953 trig, 807 trig+kin events)
  [1710/3120] nano_1710.root
         -> 826 vertices (1,806 trig, 756 trig+kin events)
  [1711/3120] nano_1711.root
         -> 854 vertices (1,801 trig, 758 trig+kin events)
  [1712/3120] nano_1712.root
         -> 1,500 vertices (2,833 trig, 1,249 trig+kin events)
  [1713/3120] nano_1713.root
         -> 1,422 vertices (2,799 trig, 1,189 trig+kin events)
  [1714/3120] nano_1714.root
         -> 1,092 vertices (2,032 trig, 889 trig+kin events)
  [1715/3120] nano_1715.root
         -> 1,331 vertices (2,729 trig, 1,171 trig+kin events)
  [1716/3120] nano_1716.root
         -> 1,388 vertices (2,844 trig, 1,220 trig+kin events)
  [1717/3120] nano_1717.root
         -> 1,414 vertices (2,781 trig, 1,176 trig+kin events)
  [1718/3120] nano_1718.root
         -> 1,121 vertices (2,187 trig, 937 trig+kin events)
  [1719/3120] nano_1719.root
         -> 690 vertices (1,422 trig, 590 trig+kin events)
  [1720/3120] nano_1720.root
         -> 1,439 vertices (2,826 trig, 1,235 trig+kin events)
  [1721/3120] nano_1721.root
         -> 1,450 vertices (2,795 trig, 1,231 trig+kin events)
  [1722/3120] nano_1722.root
         -> 1,363 vertices (2,751 trig, 1,155 trig+kin events)
  [1723/3120] nano_1723.root
         -> 1,424 vertices (2,731 trig, 1,198 trig+kin events)
  [1724/3120] nano_1724.root
         -> 1,226 vertices (2,685 trig, 1,093 trig+kin events)
  [1725/3120] nano_1725.root
         -> 1,482 vertices (2,910 trig, 1,233 trig+kin events)
  [1726/3120] nano_1726.root
         -> 929 vertices (1,801 trig, 782 trig+kin events)
  [1727/3120] nano_1727.root
         -> 1,395 vertices (2,801 trig, 1,191 trig+kin events)
  [1728/3120] nano_1728.root
         -> 985 vertices (1,760 trig, 781 trig+kin events)
  [1729/3120] nano_1729.root
         -> 1,500 vertices (2,775 trig, 1,212 trig+kin events)
  [1730/3120] nano_1730.root
         -> 1,474 vertices (2,882 trig, 1,258 trig+kin events)
  [1731/3120] nano_1731.root
         -> 1,011 vertices (2,197 trig, 915 trig+kin events)
  [1732/3120] nano_1732.root
         -> 1,398 vertices (2,811 trig, 1,223 trig+kin events)
  [1733/3120] nano_1733.root
         -> 1,160 vertices (2,304 trig, 956 trig+kin events)
  [1734/3120] nano_1734.root
         -> 860 vertices (1,770 trig, 766 trig+kin events)
  [1735/3120] nano_1735.root
         -> 1,420 vertices (2,831 trig, 1,216 trig+kin events)
  [1736/3120] nano_1736.root
         -> 1,376 vertices (2,843 trig, 1,238 trig+kin events)
  [1737/3120] nano_1737.root
         -> 1,411 vertices (2,837 trig, 1,203 trig+kin events)
  [1738/3120] nano_1738.root
         -> 964 vertices (1,884 trig, 835 trig+kin events)
  [1739/3120] nano_1739.root
         -> 1,375 vertices (2,726 trig, 1,196 trig+kin events)
  [1740/3120] nano_1740.root
         -> 1,446 vertices (2,834 trig, 1,227 trig+kin events)
  [1741/3120] nano_1741.root
         -> 931 vertices (1,831 trig, 781 trig+kin events)
  [1742/3120] nano_1742.root
         -> 1,453 vertices (2,836 trig, 1,250 trig+kin events)
  [1743/3120] nano_1743.root
         -> 732 vertices (1,490 trig, 651 trig+kin events)
  [1744/3120] nano_1744.root
         -> 815 vertices (1,517 trig, 666 trig+kin events)
  [1745/3120] nano_1745.root
         -> 886 vertices (1,712 trig, 726 trig+kin events)
  [1746/3120] nano_1746.root
         -> 1,451 vertices (2,779 trig, 1,208 trig+kin events)
  [1747/3120] nano_1747.root
         -> 1,273 vertices (2,769 trig, 1,182 trig+kin events)
  [1748/3120] nano_1748.root
         -> 1,472 vertices (2,819 trig, 1,213 trig+kin events)
  [1749/3120] nano_1749.root
         -> 1,369 vertices (2,778 trig, 1,168 trig+kin events)
  [1750/3120] nano_1750.root
         -> 968 vertices (1,890 trig, 817 trig+kin events)
  [1751/3120] nano_1751.root
         -> 1,489 vertices (2,812 trig, 1,197 trig+kin events)
  [1752/3120] nano_1752.root
         -> 1,471 vertices (2,767 trig, 1,218 trig+kin events)
  [1753/3120] nano_1753.root
         -> 1,376 vertices (2,753 trig, 1,180 trig+kin events)
  [1754/3120] nano_1754.root
         -> 1,372 vertices (2,730 trig, 1,205 trig+kin events)
  [1755/3120] nano_1755.root
         -> 1,319 vertices (2,681 trig, 1,130 trig+kin events)
  [1756/3120] nano_1756.root
         -> 1,387 vertices (2,910 trig, 1,256 trig+kin events)
  [1757/3120] nano_1757.root
         -> 1,442 vertices (2,808 trig, 1,207 trig+kin events)
  [1758/3120] nano_1758.root
         -> 1,085 vertices (2,266 trig, 969 trig+kin events)
  [1759/3120] nano_1759.root
         -> 1,513 vertices (2,933 trig, 1,306 trig+kin events)
  [1760/3120] nano_1760.root
         -> 1,422 vertices (2,766 trig, 1,227 trig+kin events)
  [1761/3120] nano_1761.root
         -> 1,363 vertices (2,847 trig, 1,210 trig+kin events)
  [1762/3120] nano_1762.root
         -> 1,284 vertices (2,761 trig, 1,199 trig+kin events)
  [1763/3120] nano_1763.root
         -> 1,436 vertices (2,833 trig, 1,255 trig+kin events)
  [1764/3120] nano_1764.root
         -> 1,410 vertices (2,764 trig, 1,213 trig+kin events)
  [1765/3120] nano_1765.root
         -> 1,395 vertices (2,752 trig, 1,201 trig+kin events)
  [1766/3120] nano_1766.root
         -> 1,118 vertices (2,267 trig, 952 trig+kin events)
  [1767/3120] nano_1767.root
         -> 661 vertices (1,424 trig, 605 trig+kin events)
  [1768/3120] nano_1768.root
         -> 796 vertices (1,654 trig, 713 trig+kin events)
  [1769/3120] nano_1769.root
         -> 1,386 vertices (2,793 trig, 1,188 trig+kin events)
  [1770/3120] nano_1770.root
         -> 1,425 vertices (2,808 trig, 1,234 trig+kin events)
  [1771/3120] nano_1771.root
         -> 1,366 vertices (2,697 trig, 1,164 trig+kin events)
  [1772/3120] nano_1772.root
         -> 1,090 vertices (2,216 trig, 943 trig+kin events)
  [1773/3120] nano_1773.root
         -> 1,059 vertices (2,120 trig, 898 trig+kin events)
  [1774/3120] nano_1774.root
         -> 1,506 vertices (2,874 trig, 1,258 trig+kin events)
  [1775/3120] nano_1775.root
         -> 1,100 vertices (2,204 trig, 956 trig+kin events)
  [1776/3120] nano_1776.root
         -> 919 vertices (1,872 trig, 817 trig+kin events)
  [1777/3120] nano_1777.root
         -> 1,396 vertices (2,828 trig, 1,230 trig+kin events)
  [1778/3120] nano_1778.root
         -> 991 vertices (2,115 trig, 891 trig+kin events)
  [1779/3120] nano_1779.root
         -> 1,170 vertices (2,275 trig, 965 trig+kin events)
  [1780/3120] nano_1780.root
         -> 717 vertices (1,520 trig, 642 trig+kin events)
  [1781/3120] nano_1781.root
         -> 1,418 vertices (2,821 trig, 1,245 trig+kin events)
  [1782/3120] nano_1782.root
         -> 786 vertices (1,526 trig, 667 trig+kin events)
  [1783/3120] nano_1783.root
         -> 1,476 vertices (2,762 trig, 1,258 trig+kin events)
  [1784/3120] nano_1784.root
         -> 707 vertices (1,490 trig, 657 trig+kin events)
  [1785/3120] nano_1785.root
         -> 816 vertices (1,635 trig, 689 trig+kin events)
  [1786/3120] nano_1786.root
         -> 1,480 vertices (2,817 trig, 1,238 trig+kin events)
  [1787/3120] nano_1787.root
         -> 1,404 vertices (2,899 trig, 1,177 trig+kin events)
  [1788/3120] nano_1788.root
         -> 1,403 vertices (2,832 trig, 1,193 trig+kin events)
  [1789/3120] nano_1789.root
         -> 804 vertices (1,533 trig, 666 trig+kin events)
  [1790/3120] nano_1790.root
         -> 1,376 vertices (2,851 trig, 1,206 trig+kin events)
  [1791/3120] nano_1791.root
         -> 1,230 vertices (2,308 trig, 1,011 trig+kin events)
  [1792/3120] nano_1792.root
         -> 1,002 vertices (2,066 trig, 874 trig+kin events)
  [1793/3120] nano_1793.root
         -> 851 vertices (1,697 trig, 716 trig+kin events)
  [1794/3120] nano_1794.root
         -> 946 vertices (1,924 trig, 810 trig+kin events)
  [1795/3120] nano_1795.root
         -> 770 vertices (1,458 trig, 629 trig+kin events)
  [1796/3120] nano_1796.root
         -> 1,362 vertices (2,603 trig, 1,113 trig+kin events)
  [1797/3120] nano_1797.root
         -> 874 vertices (1,716 trig, 748 trig+kin events)
  [1798/3120] nano_1798.root
         -> 1,393 vertices (2,809 trig, 1,219 trig+kin events)
  [1799/3120] nano_1799.root
         -> 1,393 vertices (2,729 trig, 1,183 trig+kin events)
  [1800/3120] nano_1800.root
         -> 1,370 vertices (2,816 trig, 1,200 trig+kin events)
  [1801/3120] nano_1801.root
         -> 1,277 vertices (2,544 trig, 1,089 trig+kin events)
  [1802/3120] nano_1802.root
         -> 1,393 vertices (2,813 trig, 1,214 trig+kin events)
  [1803/3120] nano_1803.root
         -> 1,151 vertices (2,341 trig, 960 trig+kin events)
  [1804/3120] nano_1804.root
         -> 1,440 vertices (2,825 trig, 1,217 trig+kin events)
  [1805/3120] nano_1805.root
         -> 1,437 vertices (2,848 trig, 1,224 trig+kin events)
  [1806/3120] nano_1806.root
         -> 1,041 vertices (2,020 trig, 884 trig+kin events)
  [1807/3120] nano_1807.root
         -> 1,326 vertices (2,808 trig, 1,198 trig+kin events)
  [1808/3120] nano_1808.root
         -> 705 vertices (1,496 trig, 640 trig+kin events)
  [1809/3120] nano_1809.root
         -> 1,445 vertices (2,843 trig, 1,240 trig+kin events)
  [1810/3120] nano_1810.root
         -> 940 vertices (1,858 trig, 784 trig+kin events)
  [1811/3120] nano_1811.root
         -> 929 vertices (1,815 trig, 795 trig+kin events)
  [1812/3120] nano_1812.root
         -> 1,533 vertices (2,938 trig, 1,271 trig+kin events)
  [1813/3120] nano_1813.root
         -> 1,359 vertices (2,819 trig, 1,161 trig+kin events)
  [1814/3120] nano_1814.root
         -> 1,285 vertices (2,802 trig, 1,169 trig+kin events)
  [1815/3120] nano_1815.root
         -> 1,357 vertices (2,734 trig, 1,161 trig+kin events)
  [1816/3120] nano_1816.root
         -> 1,524 vertices (2,838 trig, 1,278 trig+kin events)
  [1817/3120] nano_1817.root
         -> 1,287 vertices (2,698 trig, 1,142 trig+kin events)
  [1818/3120] nano_1818.root
         -> 893 vertices (1,817 trig, 797 trig+kin events)
  [1819/3120] nano_1819.root
         -> 1,434 vertices (2,808 trig, 1,183 trig+kin events)
  [1820/3120] nano_1820.root
         -> 1,379 vertices (2,783 trig, 1,178 trig+kin events)
  [1821/3120] nano_1821.root
         -> 1,537 vertices (2,919 trig, 1,254 trig+kin events)
  [1822/3120] nano_1822.root
         -> 1,216 vertices (2,376 trig, 972 trig+kin events)
  [1823/3120] nano_1823.root
         -> 1,015 vertices (2,010 trig, 821 trig+kin events)
  [1824/3120] nano_1824.root
         -> 1,478 vertices (2,853 trig, 1,218 trig+kin events)
  [1825/3120] nano_1825.root
         -> 1,022 vertices (2,004 trig, 876 trig+kin events)
  [1826/3120] nano_1826.root
         -> 1,328 vertices (2,803 trig, 1,180 trig+kin events)
  [1827/3120] nano_1827.root
         -> 1,438 vertices (2,789 trig, 1,218 trig+kin events)
  [1828/3120] nano_1828.root
         -> 1,289 vertices (2,707 trig, 1,132 trig+kin events)
  [1829/3120] nano_1829.root
         -> 821 vertices (1,627 trig, 707 trig+kin events)
  [1830/3120] nano_1830.root
         -> 1,074 vertices (2,086 trig, 919 trig+kin events)
  [1831/3120] nano_1831.root
         -> 1,470 vertices (2,825 trig, 1,223 trig+kin events)
  [1832/3120] nano_1832.root
         -> 1,481 vertices (2,893 trig, 1,263 trig+kin events)
  [1833/3120] nano_1833.root
         -> 1,477 vertices (2,910 trig, 1,266 trig+kin events)
  [1834/3120] nano_1834.root
         -> 1,332 vertices (2,718 trig, 1,167 trig+kin events)
  [1835/3120] nano_1835.root
         -> 1,509 vertices (2,875 trig, 1,300 trig+kin events)
  [1836/3120] nano_1836.root
         -> 1,197 vertices (2,357 trig, 1,046 trig+kin events)
  [1837/3120] nano_1837.root
         -> 1,483 vertices (2,842 trig, 1,230 trig+kin events)
  [1838/3120] nano_1838.root
         -> 1,319 vertices (2,824 trig, 1,182 trig+kin events)
  [1839/3120] nano_1839.root
         -> 1,538 vertices (2,794 trig, 1,231 trig+kin events)
  [1840/3120] nano_1840.root
         -> 1,487 vertices (2,919 trig, 1,254 trig+kin events)
  [1841/3120] nano_1841.root
         -> 1,197 vertices (2,285 trig, 1,024 trig+kin events)
  [1842/3120] nano_1842.root
         -> 1,032 vertices (2,019 trig, 866 trig+kin events)
  [1843/3120] nano_1843.root
         -> 1,334 vertices (2,685 trig, 1,148 trig+kin events)
  [1844/3120] nano_1844.root
         -> 831 vertices (1,681 trig, 721 trig+kin events)
  [1845/3120] nano_1845.root
         -> 1,389 vertices (2,740 trig, 1,197 trig+kin events)
  [1846/3120] nano_1846.root
         -> 1,396 vertices (2,832 trig, 1,197 trig+kin events)
  [1847/3120] nano_1847.root
         -> 1,201 vertices (2,424 trig, 1,049 trig+kin events)
  [1848/3120] nano_1848.root
         -> 1,347 vertices (2,769 trig, 1,162 trig+kin events)
  [1849/3120] nano_1849.root
         -> 1,408 vertices (2,838 trig, 1,202 trig+kin events)
  [1850/3120] nano_1850.root
         -> 1,346 vertices (2,842 trig, 1,216 trig+kin events)
  [1851/3120] nano_1851.root
         -> 1,279 vertices (2,504 trig, 1,081 trig+kin events)
  [1852/3120] nano_1852.root
         -> 1,481 vertices (2,825 trig, 1,231 trig+kin events)
  [1853/3120] nano_1853.root
         -> 1,449 vertices (2,745 trig, 1,174 trig+kin events)
  [1854/3120] nano_1854.root
         -> 935 vertices (1,938 trig, 831 trig+kin events)
  [1855/3120] nano_1855.root
         -> 1,294 vertices (2,559 trig, 1,115 trig+kin events)
  [1856/3120] nano_1856.root
         -> 818 vertices (1,460 trig, 628 trig+kin events)
  [1857/3120] nano_1857.root
         -> 1,409 vertices (2,876 trig, 1,254 trig+kin events)
  [1858/3120] nano_1858.root
         -> 1,333 vertices (2,742 trig, 1,134 trig+kin events)
  [1859/3120] nano_1859.root
         -> 1,373 vertices (2,740 trig, 1,207 trig+kin events)
  [1860/3120] nano_1860.root
         -> 1,436 vertices (2,879 trig, 1,221 trig+kin events)
  [1861/3120] nano_1861.root
         -> 1,371 vertices (2,827 trig, 1,192 trig+kin events)
  [1862/3120] nano_1862.root
         -> 1,395 vertices (2,835 trig, 1,195 trig+kin events)
  [1863/3120] nano_1863.root
         -> 1,337 vertices (2,725 trig, 1,177 trig+kin events)
  [1864/3120] nano_1864.root
         -> 1,272 vertices (2,646 trig, 1,128 trig+kin events)
  [1865/3120] nano_1865.root
         -> 699 vertices (1,477 trig, 634 trig+kin events)
  [1866/3120] nano_1866.root
         -> 1,019 vertices (2,022 trig, 850 trig+kin events)
  [1867/3120] nano_1867.root
         -> 1,390 vertices (2,775 trig, 1,180 trig+kin events)
  [1868/3120] nano_1868.root
         -> 1,438 vertices (2,886 trig, 1,212 trig+kin events)
  [1869/3120] nano_1869.root
         -> 1,376 vertices (2,758 trig, 1,125 trig+kin events)
  [1870/3120] nano_1870.root
         -> 1,423 vertices (2,791 trig, 1,205 trig+kin events)
  [1871/3120] nano_1871.root
         -> 1,485 vertices (2,828 trig, 1,250 trig+kin events)
  [1872/3120] nano_1872.root
         -> 1,298 vertices (2,653 trig, 1,140 trig+kin events)
  [1873/3120] nano_1873.root
         -> 1,355 vertices (2,845 trig, 1,194 trig+kin events)
  [1874/3120] nano_1874.root
         -> 1,127 vertices (2,118 trig, 914 trig+kin events)
  [1875/3120] nano_1875.root
         -> 711 vertices (1,364 trig, 590 trig+kin events)
  [1876/3120] nano_1876.root
         -> 1,360 vertices (2,744 trig, 1,181 trig+kin events)
  [1877/3120] nano_1877.root
         -> 1,374 vertices (2,767 trig, 1,199 trig+kin events)
  [1878/3120] nano_1878.root
         -> 1,515 vertices (2,857 trig, 1,287 trig+kin events)
  [1879/3120] nano_1879.root
         -> 1,470 vertices (2,875 trig, 1,252 trig+kin events)
  [1880/3120] nano_1880.root
         -> 1,370 vertices (2,588 trig, 1,137 trig+kin events)
  [1881/3120] nano_1881.root
         -> 1,432 vertices (2,868 trig, 1,194 trig+kin events)
  [1882/3120] nano_1882.root
         -> 813 vertices (1,730 trig, 758 trig+kin events)
  [1883/3120] nano_1883.root
         -> 1,425 vertices (2,748 trig, 1,177 trig+kin events)
  [1884/3120] nano_1884.root
         -> 785 vertices (1,591 trig, 677 trig+kin events)
  [1885/3120] nano_1885.root
         -> 1,418 vertices (2,846 trig, 1,212 trig+kin events)
  [1886/3120] nano_1886.root
         -> 1,385 vertices (2,714 trig, 1,177 trig+kin events)
  [1887/3120] nano_1887.root
         -> 1,545 vertices (2,919 trig, 1,281 trig+kin events)
  [1888/3120] nano_1888.root
         -> 1,373 vertices (2,883 trig, 1,186 trig+kin events)
  [1889/3120] nano_1889.root
         -> 1,186 vertices (2,575 trig, 1,079 trig+kin events)
  [1890/3120] nano_1890.root
         -> 1,417 vertices (2,806 trig, 1,213 trig+kin events)
  [1891/3120] nano_1891.root
         -> 818 vertices (1,505 trig, 682 trig+kin events)
  [1892/3120] nano_1892.root
         -> 1,194 vertices (2,287 trig, 1,011 trig+kin events)
  [1893/3120] nano_1893.root
         -> 1,430 vertices (2,795 trig, 1,244 trig+kin events)
  [1894/3120] nano_1894.root
         -> 1,346 vertices (2,840 trig, 1,225 trig+kin events)
  [1895/3120] nano_1895.root
         -> 1,015 vertices (1,904 trig, 822 trig+kin events)
  [1896/3120] nano_1896.root
         -> 1,405 vertices (2,770 trig, 1,190 trig+kin events)
  [1897/3120] nano_1897.root
         -> 1,480 vertices (2,882 trig, 1,287 trig+kin events)
  [1898/3120] nano_1898.root
         -> 1,399 vertices (2,777 trig, 1,171 trig+kin events)
  [1899/3120] nano_1899.root
         -> 779 vertices (1,417 trig, 611 trig+kin events)
  [1900/3120] nano_1900.root
         -> 1,329 vertices (2,692 trig, 1,181 trig+kin events)
  [1901/3120] nano_1901.root
         -> 1,453 vertices (2,885 trig, 1,242 trig+kin events)
  [1902/3120] nano_1902.root
         -> 1,052 vertices (2,045 trig, 899 trig+kin events)
  [1903/3120] nano_1903.root
         -> 1,362 vertices (2,858 trig, 1,217 trig+kin events)
  [1904/3120] nano_1904.root
         -> 1,415 vertices (2,783 trig, 1,225 trig+kin events)
  [1905/3120] nano_1905.root
         -> 1,444 vertices (2,839 trig, 1,232 trig+kin events)
  [1906/3120] nano_1906.root
         -> 1,495 vertices (2,846 trig, 1,273 trig+kin events)
  [1907/3120] nano_1907.root
         -> 1,421 vertices (2,799 trig, 1,227 trig+kin events)
  [1908/3120] nano_1908.root
         -> 861 vertices (1,566 trig, 695 trig+kin events)
  [1909/3120] nano_1909.root
         -> 1,402 vertices (2,879 trig, 1,258 trig+kin events)
  [1910/3120] nano_1910.root
         -> 1,497 vertices (2,768 trig, 1,242 trig+kin events)
  [1911/3120] nano_1911.root
         -> 1,408 vertices (2,899 trig, 1,192 trig+kin events)
  [1912/3120] nano_1912.root
         -> 1,412 vertices (2,859 trig, 1,196 trig+kin events)
  [1913/3120] nano_1913.root
         -> 1,135 vertices (2,086 trig, 914 trig+kin events)
  [1914/3120] nano_1914.root
         -> 1,272 vertices (2,517 trig, 1,086 trig+kin events)
  [1915/3120] nano_1915.root
         -> 798 vertices (1,586 trig, 680 trig+kin events)
  [1916/3120] nano_1916.root
         -> 1,315 vertices (2,774 trig, 1,185 trig+kin events)
  [1917/3120] nano_1917.root
         -> 1,420 vertices (2,807 trig, 1,262 trig+kin events)
  [1918/3120] nano_1918.root
         -> 1,035 vertices (2,085 trig, 909 trig+kin events)
  [1919/3120] nano_1919.root
         -> 1,460 vertices (2,785 trig, 1,219 trig+kin events)
  [1920/3120] nano_1920.root
         -> 1,416 vertices (2,829 trig, 1,243 trig+kin events)
  [1921/3120] nano_1921.root
         -> 1,438 vertices (2,757 trig, 1,207 trig+kin events)
  [1922/3120] nano_1922.root
         -> 1,281 vertices (2,452 trig, 1,053 trig+kin events)
  [1923/3120] nano_1923.root
         -> 1,447 vertices (2,828 trig, 1,199 trig+kin events)
  [1924/3120] nano_1924.root
         -> 1,471 vertices (2,838 trig, 1,218 trig+kin events)
  [1925/3120] nano_1925.root
         -> 786 vertices (1,456 trig, 664 trig+kin events)
  [1926/3120] nano_1926.root
         -> 1,070 vertices (2,208 trig, 991 trig+kin events)
  [1927/3120] nano_1927.root
         -> 1,479 vertices (2,846 trig, 1,220 trig+kin events)
  [1928/3120] nano_1928.root
         -> 1,110 vertices (2,235 trig, 972 trig+kin events)
  [1929/3120] nano_1929.root
         -> 1,103 vertices (2,243 trig, 931 trig+kin events)
  [1930/3120] nano_1930.root
         -> 730 vertices (1,444 trig, 623 trig+kin events)
  [1931/3120] nano_1931.root
         -> 1,403 vertices (2,761 trig, 1,202 trig+kin events)
  [1932/3120] nano_1932.root
         -> 1,405 vertices (2,828 trig, 1,204 trig+kin events)
  [1933/3120] nano_1933.root
         -> 1,374 vertices (2,814 trig, 1,169 trig+kin events)
  [1934/3120] nano_1934.root
         -> 985 vertices (2,032 trig, 854 trig+kin events)
  [1935/3120] nano_1935.root
         -> 867 vertices (1,676 trig, 705 trig+kin events)
  [1936/3120] nano_1936.root
         -> 729 vertices (1,451 trig, 625 trig+kin events)
  [1937/3120] nano_1937.root
         -> 1,001 vertices (1,820 trig, 816 trig+kin events)
  [1938/3120] nano_1938.root
         -> 705 vertices (1,386 trig, 578 trig+kin events)
  [1939/3120] nano_1939.root
         -> 1,433 vertices (2,770 trig, 1,208 trig+kin events)
  [1940/3120] nano_1940.root
         -> 1,094 vertices (2,151 trig, 924 trig+kin events)
  [1941/3120] nano_1941.root
         -> 1,517 vertices (2,774 trig, 1,255 trig+kin events)
  [1942/3120] nano_1942.root
         -> 1,445 vertices (2,813 trig, 1,226 trig+kin events)
  [1943/3120] nano_1943.root
         -> 1,287 vertices (2,518 trig, 1,100 trig+kin events)
  [1944/3120] nano_1944.root
         -> 1,415 vertices (2,757 trig, 1,179 trig+kin events)
  [1945/3120] nano_1945.root
         -> 1,108 vertices (2,180 trig, 925 trig+kin events)
  [1946/3120] nano_1946.root
         -> 1,017 vertices (1,966 trig, 860 trig+kin events)
  [1947/3120] nano_1947.root
         -> 1,381 vertices (2,841 trig, 1,183 trig+kin events)
  [1948/3120] nano_1948.root
         -> 952 vertices (1,817 trig, 778 trig+kin events)
  [1949/3120] nano_1949.root
         -> 1,453 vertices (2,842 trig, 1,189 trig+kin events)
  [1950/3120] nano_1950.root
         -> 1,391 vertices (2,817 trig, 1,189 trig+kin events)
  [1951/3120] nano_1951.root
         -> 909 vertices (1,912 trig, 830 trig+kin events)
  [1952/3120] nano_1952.root
         -> 1,497 vertices (2,782 trig, 1,204 trig+kin events)
  [1953/3120] nano_1953.root
         -> 818 vertices (1,495 trig, 678 trig+kin events)
  [1954/3120] nano_1954.root
         -> 1,417 vertices (2,856 trig, 1,258 trig+kin events)
  [1955/3120] nano_1955.root
         -> 1,443 vertices (2,789 trig, 1,203 trig+kin events)
  [1956/3120] nano_1956.root
         -> 1,399 vertices (2,823 trig, 1,215 trig+kin events)
  [1957/3120] nano_1957.root
         -> 841 vertices (1,749 trig, 742 trig+kin events)
  [1958/3120] nano_1958.root
         -> 1,495 vertices (2,890 trig, 1,307 trig+kin events)
  [1959/3120] nano_1959.root
         -> 1,591 vertices (2,873 trig, 1,308 trig+kin events)
  [1960/3120] nano_1960.root
         -> 1,503 vertices (2,876 trig, 1,239 trig+kin events)
  [1961/3120] nano_1961.root
         -> 721 vertices (1,542 trig, 655 trig+kin events)
  [1962/3120] nano_1962.root
         -> 1,451 vertices (2,875 trig, 1,259 trig+kin events)
  [1963/3120] nano_1963.root
         -> 1,264 vertices (2,601 trig, 1,092 trig+kin events)
  [1964/3120] nano_1964.root
         -> 1,491 vertices (2,843 trig, 1,241 trig+kin events)
  [1965/3120] nano_1965.root
         -> 1,437 vertices (2,803 trig, 1,222 trig+kin events)
  [1966/3120] nano_1966.root
         -> 1,372 vertices (2,746 trig, 1,169 trig+kin events)
  [1967/3120] nano_1967.root
         -> 785 vertices (1,618 trig, 697 trig+kin events)
  [1968/3120] nano_1968.root
         -> 1,363 vertices (2,805 trig, 1,194 trig+kin events)
  [1969/3120] nano_1969.root
         -> 1,071 vertices (2,127 trig, 906 trig+kin events)
  [1970/3120] nano_1970.root
         -> 1,426 vertices (2,794 trig, 1,196 trig+kin events)
  [1971/3120] nano_1971.root
         -> 1,072 vertices (2,230 trig, 934 trig+kin events)
  [1972/3120] nano_1972.root
         -> 1,260 vertices (2,425 trig, 1,077 trig+kin events)
  [1973/3120] nano_1973.root
         -> 1,241 vertices (2,734 trig, 1,139 trig+kin events)
  [1974/3120] nano_1974.root
         -> 758 vertices (1,514 trig, 661 trig+kin events)
  [1975/3120] nano_1975.root
         -> 1,507 vertices (2,822 trig, 1,251 trig+kin events)
  [1976/3120] nano_1976.root
         -> 893 vertices (1,552 trig, 693 trig+kin events)
  [1977/3120] nano_1977.root
         -> 1,101 vertices (2,117 trig, 926 trig+kin events)
  [1978/3120] nano_1978.root
         -> 1,378 vertices (2,733 trig, 1,164 trig+kin events)
  [1979/3120] nano_1979.root
         -> 1,402 vertices (2,884 trig, 1,240 trig+kin events)
  [1980/3120] nano_1980.root
         -> 1,430 vertices (2,842 trig, 1,231 trig+kin events)
  [1981/3120] nano_1981.root
         -> 1,474 vertices (2,872 trig, 1,261 trig+kin events)
  [1982/3120] nano_1982.root
         -> 1,230 vertices (2,375 trig, 1,008 trig+kin events)
  [1983/3120] nano_1983.root
         -> 1,331 vertices (2,797 trig, 1,166 trig+kin events)
  [1984/3120] nano_1984.root
         -> 1,159 vertices (2,222 trig, 989 trig+kin events)
  [1985/3120] nano_1985.root
         -> 1,469 vertices (2,858 trig, 1,214 trig+kin events)
  [1986/3120] nano_1986.root
         -> 836 vertices (1,613 trig, 712 trig+kin events)
  [1987/3120] nano_1987.root
         -> 1,442 vertices (2,831 trig, 1,243 trig+kin events)
  [1988/3120] nano_1988.root
         -> 1,205 vertices (2,280 trig, 974 trig+kin events)
  [1989/3120] nano_1989.root
         -> 1,223 vertices (2,421 trig, 1,022 trig+kin events)
  [1990/3120] nano_1990.root
         -> 1,252 vertices (2,631 trig, 1,116 trig+kin events)
  [1991/3120] nano_1991.root
         -> 1,318 vertices (2,831 trig, 1,188 trig+kin events)
  [1992/3120] nano_1992.root
         -> 1,407 vertices (2,799 trig, 1,205 trig+kin events)
  [1993/3120] nano_1993.root
         -> 1,501 vertices (2,832 trig, 1,268 trig+kin events)
  [1994/3120] nano_1994.root
         -> 1,085 vertices (2,134 trig, 924 trig+kin events)
  [1995/3120] nano_1995.root
         -> 759 vertices (1,553 trig, 671 trig+kin events)
  [1996/3120] nano_1996.root
         -> 1,380 vertices (2,868 trig, 1,233 trig+kin events)
  [1997/3120] nano_1997.root
         -> 1,460 vertices (2,784 trig, 1,188 trig+kin events)
  [1998/3120] nano_1998.root
         -> 1,374 vertices (2,840 trig, 1,183 trig+kin events)
  [1999/3120] nano_1999.root
         -> 1,526 vertices (2,889 trig, 1,289 trig+kin events)
  [2000/3120] nano_2000.root
         -> 1,430 vertices (2,819 trig, 1,199 trig+kin events)
  [2001/3120] nano_2001.root
         -> 1,386 vertices (2,844 trig, 1,196 trig+kin events)
  [2002/3120] nano_2002.root
         -> 1,394 vertices (2,859 trig, 1,232 trig+kin events)
  [2003/3120] nano_2003.root
         -> 1,269 vertices (2,503 trig, 1,076 trig+kin events)
  [2004/3120] nano_2004.root
         -> 932 vertices (1,747 trig, 761 trig+kin events)
  [2005/3120] nano_2005.root
         -> 1,267 vertices (2,770 trig, 1,169 trig+kin events)
  [2006/3120] nano_2006.root
         -> 1,282 vertices (2,696 trig, 1,178 trig+kin events)
  [2007/3120] nano_2007.root
         -> 785 vertices (1,595 trig, 697 trig+kin events)
  [2008/3120] nano_2008.root
         -> 1,568 vertices (2,829 trig, 1,240 trig+kin events)
  [2009/3120] nano_2009.root
         -> 1,240 vertices (2,394 trig, 1,027 trig+kin events)
  [2010/3120] nano_2010.root
         -> 752 vertices (1,506 trig, 635 trig+kin events)
  [2011/3120] nano_2011.root
         -> 1,361 vertices (2,681 trig, 1,167 trig+kin events)
  [2012/3120] nano_2012.root
         -> 1,392 vertices (2,805 trig, 1,195 trig+kin events)
  [2013/3120] nano_2013.root
         -> 1,304 vertices (2,798 trig, 1,205 trig+kin events)
  [2014/3120] nano_2014.root
         -> 739 vertices (1,656 trig, 675 trig+kin events)
  [2015/3120] nano_2015.root
         -> 1,306 vertices (2,593 trig, 1,132 trig+kin events)
  [2016/3120] nano_2016.root
         -> 718 vertices (1,593 trig, 668 trig+kin events)
  [2017/3120] nano_2017.root
         -> 1,416 vertices (2,863 trig, 1,229 trig+kin events)
  [2018/3120] nano_2018.root
         -> 739 vertices (1,408 trig, 606 trig+kin events)
  [2019/3120] nano_2019.root
         -> 1,062 vertices (2,170 trig, 886 trig+kin events)
  [2020/3120] nano_2020.root
         -> 780 vertices (1,482 trig, 651 trig+kin events)
  [2021/3120] nano_2021.root
         -> 908 vertices (1,748 trig, 742 trig+kin events)
  [2022/3120] nano_2022.root
         -> 1,400 vertices (2,795 trig, 1,200 trig+kin events)
  [2023/3120] nano_2023.root
         -> 1,387 vertices (2,781 trig, 1,170 trig+kin events)
  [2024/3120] nano_2024.root
         -> 1,460 vertices (2,879 trig, 1,240 trig+kin events)
  [2025/3120] nano_2025.root
         -> 1,391 vertices (2,826 trig, 1,210 trig+kin events)
  [2026/3120] nano_2026.root
         -> 1,442 vertices (2,607 trig, 1,158 trig+kin events)
  [2027/3120] nano_2027.root
         -> 927 vertices (1,949 trig, 805 trig+kin events)
  [2028/3120] nano_2028.root
         -> 1,515 vertices (2,875 trig, 1,253 trig+kin events)
  [2029/3120] nano_2029.root
         -> 1,388 vertices (2,759 trig, 1,198 trig+kin events)
  [2030/3120] nano_2030.root
         -> 772 vertices (1,662 trig, 679 trig+kin events)
  [2031/3120] nano_2031.root
         -> 1,404 vertices (2,840 trig, 1,246 trig+kin events)
  [2032/3120] nano_2032.root
         -> 1,401 vertices (2,804 trig, 1,186 trig+kin events)
  [2033/3120] nano_2033.root
         -> 775 vertices (1,761 trig, 743 trig+kin events)
  [2034/3120] nano_2034.root
         -> 1,388 vertices (2,808 trig, 1,203 trig+kin events)
  [2035/3120] nano_2035.root
         -> 1,385 vertices (2,841 trig, 1,190 trig+kin events)
  [2036/3120] nano_2036.root
         -> 1,334 vertices (2,776 trig, 1,184 trig+kin events)
  [2037/3120] nano_2037.root
         -> 1,296 vertices (2,671 trig, 1,169 trig+kin events)
  [2038/3120] nano_2038.root
         -> 865 vertices (1,751 trig, 740 trig+kin events)
  [2039/3120] nano_2039.root
         -> 1,437 vertices (2,954 trig, 1,279 trig+kin events)
  [2040/3120] nano_2040.root
         -> 1,490 vertices (2,895 trig, 1,278 trig+kin events)
  [2041/3120] nano_2041.root
         -> 1,494 vertices (2,884 trig, 1,260 trig+kin events)
  [2042/3120] nano_2042.root
         -> 1,444 vertices (2,808 trig, 1,222 trig+kin events)
  [2043/3120] nano_2043.root
         -> 1,020 vertices (2,030 trig, 854 trig+kin events)
  [2044/3120] nano_2044.root
         -> 1,373 vertices (2,737 trig, 1,184 trig+kin events)
  [2045/3120] nano_2045.root
         -> 1,262 vertices (2,666 trig, 1,125 trig+kin events)
  [2046/3120] nano_2046.root
         -> 999 vertices (1,926 trig, 834 trig+kin events)
  [2047/3120] nano_2047.root
         -> 1,339 vertices (2,727 trig, 1,153 trig+kin events)
  [2048/3120] nano_2048.root
         -> 1,344 vertices (2,817 trig, 1,188 trig+kin events)
  [2049/3120] nano_2049.root
         -> 1,522 vertices (2,863 trig, 1,283 trig+kin events)
  [2050/3120] nano_2050.root
         -> 846 vertices (1,693 trig, 738 trig+kin events)
  [2051/3120] nano_2051.root
         -> 1,374 vertices (2,716 trig, 1,159 trig+kin events)
  [2052/3120] nano_2052.root
         -> 1,377 vertices (2,753 trig, 1,214 trig+kin events)
  [2053/3120] nano_2053.root
         -> 1,335 vertices (2,660 trig, 1,148 trig+kin events)
  [2054/3120] nano_2054.root
         -> 928 vertices (1,751 trig, 764 trig+kin events)
  [2055/3120] nano_2055.root
         -> 1,413 vertices (2,801 trig, 1,143 trig+kin events)
  [2056/3120] nano_2056.root
         -> 1,153 vertices (2,348 trig, 986 trig+kin events)
  [2057/3120] nano_2057.root
         -> 1,097 vertices (2,040 trig, 872 trig+kin events)
  [2058/3120] nano_2058.root
         -> 1,256 vertices (2,643 trig, 1,113 trig+kin events)
  [2059/3120] nano_2059.root
         -> 1,338 vertices (2,840 trig, 1,208 trig+kin events)
  [2060/3120] nano_2060.root
         -> 688 vertices (1,442 trig, 611 trig+kin events)
  [2061/3120] nano_2061.root
         -> 1,408 vertices (2,781 trig, 1,253 trig+kin events)
  [2062/3120] nano_2062.root
         -> 1,354 vertices (2,761 trig, 1,167 trig+kin events)
  [2063/3120] nano_2063.root
         -> 1,148 vertices (2,365 trig, 989 trig+kin events)
  [2064/3120] nano_2064.root
         -> 1,348 vertices (2,794 trig, 1,168 trig+kin events)
  [2065/3120] nano_2065.root
         -> 1,396 vertices (2,747 trig, 1,201 trig+kin events)
  [2066/3120] nano_2066.root
         -> 799 vertices (1,563 trig, 694 trig+kin events)
  [2067/3120] nano_2067.root
         -> 1,287 vertices (2,685 trig, 1,127 trig+kin events)
  [2068/3120] nano_2068.root
         -> 1,230 vertices (2,431 trig, 1,034 trig+kin events)
  [2069/3120] nano_2069.root
         -> 1,345 vertices (2,781 trig, 1,208 trig+kin events)
  [2070/3120] nano_2070.root
         -> 1,395 vertices (2,757 trig, 1,201 trig+kin events)
  [2071/3120] nano_2071.root
         -> 890 vertices (1,729 trig, 742 trig+kin events)
  [2072/3120] nano_2072.root
         -> 1,383 vertices (2,740 trig, 1,171 trig+kin events)
  [2073/3120] nano_2073.root
         -> 689 vertices (1,452 trig, 629 trig+kin events)
  [2074/3120] nano_2074.root
         -> 1,213 vertices (2,418 trig, 1,013 trig+kin events)
  [2075/3120] nano_2075.root
         -> 663 vertices (1,406 trig, 597 trig+kin events)
  [2076/3120] nano_2076.root
         -> 675 vertices (1,432 trig, 577 trig+kin events)
  [2077/3120] nano_2077.root
         -> 1,518 vertices (2,883 trig, 1,278 trig+kin events)
  [2078/3120] nano_2078.root
         -> 1,459 vertices (2,845 trig, 1,229 trig+kin events)
  [2079/3120] nano_2079.root
         -> 780 vertices (1,597 trig, 660 trig+kin events)
  [2080/3120] nano_2080.root
         -> 1,489 vertices (2,814 trig, 1,194 trig+kin events)
  [2081/3120] nano_2081.root
         -> 1,157 vertices (2,463 trig, 1,023 trig+kin events)
  [2082/3120] nano_2082.root
         -> 1,385 vertices (2,886 trig, 1,181 trig+kin events)
  [2083/3120] nano_2083.root
         -> 795 vertices (1,534 trig, 678 trig+kin events)
  [2084/3120] nano_2084.root
         -> 1,163 vertices (2,088 trig, 935 trig+kin events)
  [2085/3120] nano_2085.root
         -> 1,232 vertices (2,474 trig, 1,065 trig+kin events)
  [2086/3120] nano_2086.root
         -> 1,418 vertices (2,770 trig, 1,195 trig+kin events)
  [2087/3120] nano_2087.root
         -> 1,386 vertices (2,835 trig, 1,213 trig+kin events)
  [2088/3120] nano_2088.root
         -> 982 vertices (2,043 trig, 837 trig+kin events)
  [2089/3120] nano_2089.root
         -> 1,433 vertices (2,788 trig, 1,178 trig+kin events)
  [2090/3120] nano_2090.root
         -> 1,401 vertices (2,822 trig, 1,165 trig+kin events)
  [2091/3120] nano_2091.root
         -> 1,326 vertices (2,829 trig, 1,217 trig+kin events)
  [2092/3120] nano_2092.root
         -> 804 vertices (1,509 trig, 667 trig+kin events)
  [2093/3120] nano_2093.root
         -> 1,335 vertices (2,803 trig, 1,182 trig+kin events)
  [2094/3120] nano_2094.root
         -> 1,043 vertices (2,108 trig, 918 trig+kin events)
  [2095/3120] nano_2095.root
         -> 1,456 vertices (2,847 trig, 1,188 trig+kin events)
  [2096/3120] nano_2096.root
         -> 1,064 vertices (2,141 trig, 911 trig+kin events)
  [2097/3120] nano_2097.root
         -> 1,427 vertices (2,796 trig, 1,184 trig+kin events)
  [2098/3120] nano_2098.root
         -> 1,087 vertices (2,017 trig, 881 trig+kin events)
  [2099/3120] nano_2099.root
         -> 864 vertices (1,775 trig, 713 trig+kin events)
  [2100/3120] nano_2100.root
         -> 1,345 vertices (2,718 trig, 1,152 trig+kin events)
  [2101/3120] nano_2101.root
         -> 1,424 vertices (2,856 trig, 1,186 trig+kin events)
  [2102/3120] nano_2102.root
         -> 718 vertices (1,416 trig, 584 trig+kin events)
  [2103/3120] nano_2103.root
         -> 920 vertices (1,869 trig, 812 trig+kin events)
  [2104/3120] nano_2104.root
         -> 1,481 vertices (2,797 trig, 1,206 trig+kin events)
  [2105/3120] nano_2105.root
         -> 1,165 vertices (2,332 trig, 1,040 trig+kin events)
  [2106/3120] nano_2106.root
         -> 1,506 vertices (2,817 trig, 1,230 trig+kin events)
  [2107/3120] nano_2107.root
         -> 1,504 vertices (2,895 trig, 1,285 trig+kin events)
  [2108/3120] nano_2108.root
         -> 1,446 vertices (2,723 trig, 1,190 trig+kin events)
  [2109/3120] nano_2109.root
         -> 1,417 vertices (2,826 trig, 1,211 trig+kin events)
  [2110/3120] nano_2110.root
         -> 1,432 vertices (2,809 trig, 1,223 trig+kin events)
  [2111/3120] nano_2111.root
         -> 1,320 vertices (2,594 trig, 1,119 trig+kin events)
  [2112/3120] nano_2112.root
         -> 1,022 vertices (1,778 trig, 809 trig+kin events)
  [2113/3120] nano_2113.root
         -> 902 vertices (1,882 trig, 804 trig+kin events)
  [2114/3120] nano_2114.root
         -> 1,424 vertices (2,876 trig, 1,258 trig+kin events)
  [2115/3120] nano_2115.root
         -> 1,335 vertices (2,751 trig, 1,179 trig+kin events)
  [2116/3120] nano_2116.root
         -> 1,199 vertices (2,333 trig, 1,032 trig+kin events)
  [2117/3120] nano_2117.root
         -> 1,082 vertices (2,188 trig, 924 trig+kin events)
  [2118/3120] nano_2118.root
         -> 1,474 vertices (2,914 trig, 1,228 trig+kin events)
  [2119/3120] nano_2119.root
         -> 1,313 vertices (2,759 trig, 1,157 trig+kin events)
  [2120/3120] nano_2120.root
         -> 891 vertices (1,711 trig, 753 trig+kin events)
  [2121/3120] nano_2121.root
         -> 1,513 vertices (2,910 trig, 1,257 trig+kin events)
  [2122/3120] nano_2122.root
         -> 1,051 vertices (1,986 trig, 865 trig+kin events)
  [2123/3120] nano_2123.root
         -> 1,481 vertices (2,835 trig, 1,262 trig+kin events)
  [2124/3120] nano_2124.root
         -> 1,349 vertices (2,816 trig, 1,176 trig+kin events)
  [2125/3120] nano_2125.root
         -> 1,432 vertices (2,821 trig, 1,209 trig+kin events)
  [2126/3120] nano_2126.root
         -> 945 vertices (1,984 trig, 869 trig+kin events)
  [2127/3120] nano_2127.root
         -> 1,381 vertices (2,851 trig, 1,188 trig+kin events)
  [2128/3120] nano_2128.root
         -> 1,396 vertices (2,757 trig, 1,171 trig+kin events)
  [2129/3120] nano_2129.root
         -> 1,024 vertices (2,234 trig, 930 trig+kin events)
  [2130/3120] nano_2130.root
         -> 1,158 vertices (2,311 trig, 961 trig+kin events)
  [2131/3120] nano_2131.root
         -> 782 vertices (1,584 trig, 682 trig+kin events)
  [2132/3120] nano_2132.root
         -> 1,038 vertices (1,926 trig, 848 trig+kin events)
  [2133/3120] nano_2133.root
         -> 659 vertices (1,387 trig, 582 trig+kin events)
  [2134/3120] nano_2134.root
         -> 832 vertices (1,577 trig, 679 trig+kin events)
  [2135/3120] nano_2135.root
         -> 973 vertices (1,991 trig, 820 trig+kin events)
  [2136/3120] nano_2136.root
         -> 1,080 vertices (1,975 trig, 886 trig+kin events)
  [2137/3120] nano_2137.root
         -> 912 vertices (1,823 trig, 771 trig+kin events)
  [2138/3120] nano_2138.root
         -> 1,356 vertices (2,814 trig, 1,173 trig+kin events)
  [2139/3120] nano_2139.root
         -> 1,475 vertices (2,955 trig, 1,238 trig+kin events)
  [2140/3120] nano_2140.root
         -> 1,391 vertices (2,803 trig, 1,179 trig+kin events)
  [2141/3120] nano_2141.root
         -> 732 vertices (1,421 trig, 607 trig+kin events)
  [2142/3120] nano_2142.root
         -> 1,424 vertices (2,809 trig, 1,189 trig+kin events)
  [2143/3120] nano_2143.root
         -> 1,482 vertices (2,881 trig, 1,229 trig+kin events)
  [2144/3120] nano_2144.root
         -> 1,025 vertices (2,113 trig, 882 trig+kin events)
  [2145/3120] nano_2145.root
         -> 809 vertices (1,479 trig, 655 trig+kin events)
  [2146/3120] nano_2146.root
         -> 1,456 vertices (2,764 trig, 1,191 trig+kin events)
  [2147/3120] nano_2147.root
         -> 732 vertices (1,501 trig, 648 trig+kin events)
  [2148/3120] nano_2148.root
         -> 714 vertices (1,409 trig, 594 trig+kin events)
  [2149/3120] nano_2149.root
         -> 762 vertices (1,423 trig, 622 trig+kin events)
  [2150/3120] nano_2150.root
         -> 1,493 vertices (2,803 trig, 1,239 trig+kin events)
  [2151/3120] nano_2151.root
         -> 900 vertices (1,803 trig, 768 trig+kin events)
  [2152/3120] nano_2152.root
         -> 800 vertices (1,574 trig, 670 trig+kin events)
  [2153/3120] nano_2153.root
         -> 1,454 vertices (2,903 trig, 1,325 trig+kin events)
  [2154/3120] nano_2154.root
         -> 827 vertices (1,665 trig, 709 trig+kin events)
  [2155/3120] nano_2155.root
         -> 1,482 vertices (2,838 trig, 1,233 trig+kin events)
  [2156/3120] nano_2156.root
         -> 851 vertices (1,754 trig, 748 trig+kin events)
  [2157/3120] nano_2157.root
         -> 1,408 vertices (2,784 trig, 1,197 trig+kin events)
  [2158/3120] nano_2158.root
         -> 785 vertices (1,476 trig, 634 trig+kin events)
  [2159/3120] nano_2159.root
         -> 852 vertices (1,858 trig, 770 trig+kin events)
  [2160/3120] nano_2160.root
         -> 1,381 vertices (2,800 trig, 1,205 trig+kin events)
  [2161/3120] nano_2161.root
         -> 1,474 vertices (2,833 trig, 1,227 trig+kin events)
  [2162/3120] nano_2162.root
         -> 1,302 vertices (2,730 trig, 1,134 trig+kin events)
  [2163/3120] nano_2163.root
         -> 1,320 vertices (2,894 trig, 1,190 trig+kin events)
  [2164/3120] nano_2164.root
         -> 1,444 vertices (2,818 trig, 1,214 trig+kin events)
  [2165/3120] nano_2165.root
         -> 1,194 vertices (2,209 trig, 955 trig+kin events)
  [2166/3120] nano_2166.root
         -> 804 vertices (1,601 trig, 686 trig+kin events)
  [2167/3120] nano_2167.root
         -> 741 vertices (1,512 trig, 626 trig+kin events)
  [2168/3120] nano_2168.root
         -> 1,477 vertices (2,877 trig, 1,249 trig+kin events)
  [2169/3120] nano_2169.root
         -> 963 vertices (1,940 trig, 840 trig+kin events)
  [2170/3120] nano_2170.root
         -> 1,422 vertices (2,737 trig, 1,184 trig+kin events)
  [2171/3120] nano_2171.root
         -> 819 vertices (1,629 trig, 708 trig+kin events)
  [2172/3120] nano_2172.root
         -> 1,497 vertices (2,816 trig, 1,242 trig+kin events)
  [2173/3120] nano_2173.root
         -> 1,402 vertices (2,994 trig, 1,225 trig+kin events)
  [2174/3120] nano_2174.root
         -> 1,438 vertices (2,876 trig, 1,278 trig+kin events)
  [2175/3120] nano_2175.root
         -> 880 vertices (1,686 trig, 707 trig+kin events)
  [2176/3120] nano_2176.root
         -> 1,012 vertices (1,994 trig, 882 trig+kin events)
  [2177/3120] nano_2177.root
         -> 1,131 vertices (2,332 trig, 965 trig+kin events)
  [2178/3120] nano_2178.root
         -> 1,174 vertices (2,333 trig, 998 trig+kin events)
  [2179/3120] nano_2179.root
         -> 746 vertices (1,507 trig, 611 trig+kin events)
  [2180/3120] nano_2180.root
         -> 1,435 vertices (2,775 trig, 1,226 trig+kin events)
  [2181/3120] nano_2181.root
         -> 968 vertices (1,828 trig, 800 trig+kin events)
  [2182/3120] nano_2182.root
         -> 1,467 vertices (2,809 trig, 1,233 trig+kin events)
  [2183/3120] nano_2183.root
         -> 1,151 vertices (2,307 trig, 968 trig+kin events)
  [2184/3120] nano_2184.root
         -> 1,494 vertices (2,860 trig, 1,241 trig+kin events)
  [2185/3120] nano_2185.root
         -> 1,449 vertices (2,876 trig, 1,275 trig+kin events)
  [2186/3120] nano_2186.root
         -> 1,400 vertices (2,776 trig, 1,204 trig+kin events)
  [2187/3120] nano_2187.root
         -> 1,506 vertices (2,865 trig, 1,229 trig+kin events)
  [2188/3120] nano_2188.root
         -> 1,436 vertices (2,809 trig, 1,213 trig+kin events)
  [2189/3120] nano_2189.root
         -> 1,409 vertices (2,873 trig, 1,232 trig+kin events)
  [2190/3120] nano_2190.root
         -> 1,394 vertices (2,814 trig, 1,194 trig+kin events)
  [2191/3120] nano_2191.root
         -> 1,371 vertices (2,816 trig, 1,216 trig+kin events)
  [2192/3120] nano_2192.root
         -> 790 vertices (1,567 trig, 675 trig+kin events)
  [2193/3120] nano_2193.root
         -> 1,233 vertices (2,466 trig, 1,032 trig+kin events)
  [2194/3120] nano_2194.root
         -> 1,423 vertices (2,850 trig, 1,252 trig+kin events)
  [2195/3120] nano_2195.root
         -> 997 vertices (1,853 trig, 827 trig+kin events)
  [2196/3120] nano_2196.root
         -> 1,410 vertices (2,765 trig, 1,217 trig+kin events)
  [2197/3120] nano_2197.root
         -> 1,508 vertices (2,831 trig, 1,250 trig+kin events)
  [2198/3120] nano_2198.root
         -> 1,387 vertices (2,662 trig, 1,156 trig+kin events)
  [2199/3120] nano_2199.root
         -> 1,445 vertices (2,869 trig, 1,268 trig+kin events)
  [2200/3120] nano_2200.root
         -> 1,454 vertices (2,841 trig, 1,230 trig+kin events)
  [2201/3120] nano_2201.root
         -> 1,457 vertices (2,852 trig, 1,234 trig+kin events)
  [2202/3120] nano_2202.root
         -> 1,481 vertices (2,809 trig, 1,213 trig+kin events)
  [2203/3120] nano_2203.root
         -> 1,420 vertices (2,813 trig, 1,197 trig+kin events)
  [2204/3120] nano_2204.root
         -> 1,002 vertices (2,109 trig, 900 trig+kin events)
  [2205/3120] nano_2205.root
         -> 1,222 vertices (2,500 trig, 1,082 trig+kin events)
  [2206/3120] nano_2206.root
         -> 1,359 vertices (2,767 trig, 1,196 trig+kin events)
  [2207/3120] nano_2207.root
         -> 1,472 vertices (2,841 trig, 1,236 trig+kin events)
  [2208/3120] nano_2208.root
         -> 1,313 vertices (2,811 trig, 1,201 trig+kin events)
  [2209/3120] nano_2209.root
         -> 818 vertices (1,692 trig, 681 trig+kin events)
  [2210/3120] nano_2210.root
         -> 1,440 vertices (2,804 trig, 1,191 trig+kin events)
  [2211/3120] nano_2211.root
         -> 1,144 vertices (2,214 trig, 943 trig+kin events)
  [2212/3120] nano_2212.root
         -> 1,446 vertices (2,651 trig, 1,192 trig+kin events)
  [2213/3120] nano_2213.root
         -> 1,508 vertices (2,913 trig, 1,269 trig+kin events)
  [2214/3120] nano_2214.root
         -> 1,429 vertices (2,791 trig, 1,219 trig+kin events)
  [2215/3120] nano_2215.root
         -> 1,448 vertices (2,778 trig, 1,217 trig+kin events)
  [2216/3120] nano_2216.root
         -> 839 vertices (1,698 trig, 708 trig+kin events)
  [2217/3120] nano_2217.root
         -> 1,467 vertices (2,837 trig, 1,232 trig+kin events)
  [2218/3120] nano_2218.root
         -> 1,480 vertices (2,881 trig, 1,259 trig+kin events)
  [2219/3120] nano_2219.root
         -> 1,492 vertices (2,755 trig, 1,220 trig+kin events)
  [2220/3120] nano_2220.root
         -> 859 vertices (1,641 trig, 708 trig+kin events)
  [2221/3120] nano_2221.root
         -> 1,058 vertices (2,049 trig, 899 trig+kin events)
  [2222/3120] nano_2222.root
         -> 1,431 vertices (2,813 trig, 1,226 trig+kin events)
  [2223/3120] nano_2223.root
         -> 1,215 vertices (2,233 trig, 1,025 trig+kin events)
  [2224/3120] nano_2224.root
         -> 799 vertices (1,671 trig, 727 trig+kin events)
  [2225/3120] nano_2225.root
         -> 1,458 vertices (2,827 trig, 1,221 trig+kin events)
  [2226/3120] nano_2226.root
         -> 732 vertices (1,508 trig, 651 trig+kin events)
  [2227/3120] nano_2227.root
         -> 792 vertices (1,414 trig, 667 trig+kin events)
  [2228/3120] nano_2228.root
         -> 1,311 vertices (2,754 trig, 1,166 trig+kin events)
  [2229/3120] nano_2229.root
         -> 1,000 vertices (2,006 trig, 862 trig+kin events)
  [2230/3120] nano_2230.root
         -> 1,058 vertices (2,080 trig, 911 trig+kin events)
  [2231/3120] nano_2231.root
         -> 694 vertices (1,525 trig, 617 trig+kin events)
  [2232/3120] nano_2232.root
         -> 889 vertices (1,602 trig, 718 trig+kin events)
  [2233/3120] nano_2233.root
         -> 1,438 vertices (2,880 trig, 1,253 trig+kin events)
  [2234/3120] nano_2234.root
         -> 871 vertices (1,498 trig, 650 trig+kin events)
  [2235/3120] nano_2235.root
         -> 863 vertices (1,627 trig, 695 trig+kin events)
  [2236/3120] nano_2236.root
         -> 1,341 vertices (2,856 trig, 1,200 trig+kin events)
  [2237/3120] nano_2237.root
         -> 1,460 vertices (2,692 trig, 1,200 trig+kin events)
  [2238/3120] nano_2238.root
         -> 1,448 vertices (2,846 trig, 1,255 trig+kin events)
  [2239/3120] nano_2239.root
         -> 919 vertices (1,818 trig, 789 trig+kin events)
  [2240/3120] nano_2240.root
         -> 1,450 vertices (2,797 trig, 1,196 trig+kin events)
  [2241/3120] nano_2241.root
         -> 1,233 vertices (2,613 trig, 1,115 trig+kin events)
  [2242/3120] nano_2242.root
         -> 999 vertices (1,828 trig, 833 trig+kin events)
  [2243/3120] nano_2243.root
         -> 676 vertices (1,430 trig, 610 trig+kin events)
  [2244/3120] nano_2244.root
         -> 1,491 vertices (2,839 trig, 1,217 trig+kin events)
  [2245/3120] nano_2245.root
         -> 690 vertices (1,469 trig, 602 trig+kin events)
  [2246/3120] nano_2246.root
         -> 1,356 vertices (2,763 trig, 1,213 trig+kin events)
  [2247/3120] nano_2247.root
         -> 721 vertices (1,486 trig, 633 trig+kin events)
  [2248/3120] nano_2248.root
         -> 1,294 vertices (2,522 trig, 1,106 trig+kin events)
  [2249/3120] nano_2249.root
         -> 785 vertices (1,497 trig, 657 trig+kin events)
  [2250/3120] nano_2250.root
         -> 1,516 vertices (2,876 trig, 1,280 trig+kin events)
  [2251/3120] nano_2251.root
         -> 1,468 vertices (2,806 trig, 1,201 trig+kin events)
  [2252/3120] nano_2252.root
         -> 1,532 vertices (2,896 trig, 1,269 trig+kin events)
  [2253/3120] nano_2253.root
         -> 1,091 vertices (2,164 trig, 957 trig+kin events)
  [2254/3120] nano_2254.root
         -> 1,128 vertices (2,097 trig, 962 trig+kin events)
  [2255/3120] nano_2255.root
         -> 21 vertices (52 trig, 22 trig+kin events)
  [2256/3120] nano_2256.root
         -> 1,069 vertices (2,249 trig, 949 trig+kin events)
  [2257/3120] nano_2257.root
         -> 1,338 vertices (2,813 trig, 1,200 trig+kin events)
  [2258/3120] nano_2258.root
         -> 716 vertices (1,461 trig, 610 trig+kin events)
  [2259/3120] nano_2259.root
         -> 1,560 vertices (2,840 trig, 1,249 trig+kin events)
  [2260/3120] nano_2260.root
         -> 162 vertices (352 trig, 156 trig+kin events)
  [2261/3120] nano_2261.root
         -> 851 vertices (1,811 trig, 766 trig+kin events)
  [2262/3120] nano_2262.root
         -> 1,217 vertices (2,467 trig, 1,014 trig+kin events)
  [2263/3120] nano_2263.root
         -> 1,443 vertices (2,786 trig, 1,178 trig+kin events)
  [2264/3120] nano_2264.root
         -> 1,296 vertices (2,672 trig, 1,128 trig+kin events)
  [2265/3120] nano_2265.root
         -> 1,459 vertices (2,842 trig, 1,186 trig+kin events)
  [2266/3120] nano_2266.root
         -> 1,382 vertices (2,818 trig, 1,206 trig+kin events)
  [2267/3120] nano_2267.root
         -> 996 vertices (1,910 trig, 824 trig+kin events)
  [2268/3120] nano_2268.root
         -> 900 vertices (1,920 trig, 805 trig+kin events)
  [2269/3120] nano_2269.root
         -> 100 vertices (184 trig, 77 trig+kin events)
  [2270/3120] nano_2270.root
         -> 1,463 vertices (2,897 trig, 1,290 trig+kin events)
  [2271/3120] nano_2271.root
         -> 1,392 vertices (2,630 trig, 1,154 trig+kin events)
  [2272/3120] nano_2272.root
         -> 871 vertices (1,642 trig, 716 trig+kin events)
  [2273/3120] nano_2273.root
         -> 1,403 vertices (2,889 trig, 1,239 trig+kin events)
  [2274/3120] nano_2274.root
         -> 814 vertices (1,598 trig, 670 trig+kin events)
  [2275/3120] nano_2275.root
         -> 809 vertices (1,581 trig, 686 trig+kin events)
  [2276/3120] nano_2276.root
         -> 1,194 vertices (2,506 trig, 1,094 trig+kin events)
  [2277/3120] nano_2277.root
         -> 1,234 vertices (2,465 trig, 1,033 trig+kin events)
  [2278/3120] nano_2278.root
         -> 1,442 vertices (2,810 trig, 1,236 trig+kin events)
  [2279/3120] nano_2279.root
         -> 1,390 vertices (2,744 trig, 1,187 trig+kin events)
  [2280/3120] nano_2280.root
         -> 1,055 vertices (2,128 trig, 892 trig+kin events)
  [2281/3120] nano_2281.root
         -> 1,494 vertices (2,764 trig, 1,216 trig+kin events)
  [2282/3120] nano_2282.root
         -> 1,366 vertices (2,875 trig, 1,241 trig+kin events)
  [2283/3120] nano_2283.root
         -> 1,059 vertices (2,115 trig, 940 trig+kin events)
  [2284/3120] nano_2284.root
         -> 1,409 vertices (2,789 trig, 1,215 trig+kin events)
  [2285/3120] nano_2285.root
         -> 753 vertices (1,441 trig, 627 trig+kin events)
  [2286/3120] nano_2286.root
         -> 1,319 vertices (2,866 trig, 1,187 trig+kin events)
  [2287/3120] nano_2287.root
         -> 1,430 vertices (2,822 trig, 1,204 trig+kin events)
  [2288/3120] nano_2288.root
         -> 1,361 vertices (2,870 trig, 1,211 trig+kin events)
  [2289/3120] nano_2289.root
         -> 1,240 vertices (2,526 trig, 1,056 trig+kin events)
  [2290/3120] nano_2290.root
         -> 1,332 vertices (2,770 trig, 1,165 trig+kin events)
  [2291/3120] nano_2291.root
         -> 1,326 vertices (2,657 trig, 1,136 trig+kin events)
  [2292/3120] nano_2292.root
         -> 1,006 vertices (2,085 trig, 883 trig+kin events)
  [2293/3120] nano_2293.root
         -> 1,424 vertices (2,812 trig, 1,229 trig+kin events)
  [2294/3120] nano_2294.root
         -> 1,206 vertices (2,272 trig, 991 trig+kin events)
  [2295/3120] nano_2295.root
         -> 1,134 vertices (2,215 trig, 964 trig+kin events)
  [2296/3120] nano_2296.root
         -> 753 vertices (1,559 trig, 640 trig+kin events)
  [2297/3120] nano_2297.root
         -> 1,052 vertices (2,117 trig, 918 trig+kin events)
  [2298/3120] nano_2298.root
         -> 991 vertices (1,975 trig, 844 trig+kin events)
  [2299/3120] nano_2299.root
         -> 1,384 vertices (2,750 trig, 1,197 trig+kin events)
  [2300/3120] nano_2300.root
         -> 1,406 vertices (2,698 trig, 1,168 trig+kin events)
  [2301/3120] nano_2301.root
         -> 1,062 vertices (2,066 trig, 867 trig+kin events)
  [2302/3120] nano_2302.root
         -> 1,000 vertices (1,859 trig, 808 trig+kin events)
  [2303/3120] nano_2303.root
         -> 972 vertices (1,965 trig, 868 trig+kin events)
  [2304/3120] nano_2304.root
         -> 1,465 vertices (2,840 trig, 1,241 trig+kin events)
  [2305/3120] nano_2305.root
         -> 1,419 vertices (2,852 trig, 1,243 trig+kin events)
  [2306/3120] nano_2306.root
         -> 1,428 vertices (2,789 trig, 1,237 trig+kin events)
  [2307/3120] nano_2307.root
         -> 1,571 vertices (2,828 trig, 1,231 trig+kin events)
  [2308/3120] nano_2308.root
         -> 1,361 vertices (2,832 trig, 1,205 trig+kin events)
  [2309/3120] nano_2309.root
         -> 842 vertices (1,665 trig, 703 trig+kin events)
  [2310/3120] nano_2310.root
         -> 879 vertices (1,617 trig, 685 trig+kin events)
  [2311/3120] nano_2311.root
         -> 1,359 vertices (2,857 trig, 1,223 trig+kin events)
  [2312/3120] nano_2312.root
         -> 1,195 vertices (2,346 trig, 1,015 trig+kin events)
  [2313/3120] nano_2313.root
         -> 1,413 vertices (2,796 trig, 1,187 trig+kin events)
  [2314/3120] nano_2314.root
         -> 774 vertices (1,516 trig, 666 trig+kin events)
  [2315/3120] nano_2315.root
         -> 761 vertices (1,501 trig, 622 trig+kin events)
  [2316/3120] nano_2316.root
         -> 753 vertices (1,476 trig, 613 trig+kin events)
  [2317/3120] nano_2317.root
         -> 1,350 vertices (2,774 trig, 1,174 trig+kin events)
  [2318/3120] nano_2318.root
         -> 961 vertices (1,708 trig, 765 trig+kin events)
  [2319/3120] nano_2319.root
         -> 1,246 vertices (2,379 trig, 1,020 trig+kin events)
  [2320/3120] nano_2320.root
         -> 1,363 vertices (2,801 trig, 1,216 trig+kin events)
  [2321/3120] nano_2321.root
         -> 760 vertices (1,601 trig, 689 trig+kin events)
  [2322/3120] nano_2322.root
         -> 952 vertices (1,955 trig, 843 trig+kin events)
  [2323/3120] nano_2323.root
         -> 760 vertices (1,437 trig, 621 trig+kin events)
  [2324/3120] nano_2324.root
         -> 958 vertices (1,969 trig, 805 trig+kin events)
  [2325/3120] nano_2325.root
         -> 1,209 vertices (2,400 trig, 1,027 trig+kin events)
  [2326/3120] nano_2326.root
         -> 1,186 vertices (2,229 trig, 957 trig+kin events)
  [2327/3120] nano_2327.root
         -> 1,245 vertices (2,527 trig, 1,077 trig+kin events)
  [2328/3120] nano_2328.root
         -> 1,164 vertices (2,229 trig, 988 trig+kin events)
  [2329/3120] nano_2329.root
         -> 1,394 vertices (2,882 trig, 1,216 trig+kin events)
  [2330/3120] nano_2330.root
         -> 1,469 vertices (2,951 trig, 1,300 trig+kin events)
  [2331/3120] nano_2331.root
         -> 1,363 vertices (2,838 trig, 1,183 trig+kin events)
  [2332/3120] nano_2332.root
         -> 761 vertices (1,382 trig, 613 trig+kin events)
  [2333/3120] nano_2333.root
         -> 805 vertices (1,550 trig, 687 trig+kin events)
  [2334/3120] nano_2334.root
         -> 903 vertices (1,702 trig, 762 trig+kin events)
  [2335/3120] nano_2335.root
         -> 1,382 vertices (2,806 trig, 1,203 trig+kin events)
  [2336/3120] nano_2336.root
         -> 1,407 vertices (2,804 trig, 1,212 trig+kin events)
  [2337/3120] nano_2337.root
         -> 1,147 vertices (2,262 trig, 959 trig+kin events)
  [2338/3120] nano_2338.root
         -> 1,421 vertices (2,810 trig, 1,257 trig+kin events)
  [2339/3120] nano_2339.root
         -> 1,369 vertices (2,812 trig, 1,172 trig+kin events)
  [2340/3120] nano_2340.root
         -> 1,483 vertices (2,801 trig, 1,251 trig+kin events)
  [2341/3120] nano_2341.root
         -> 1,232 vertices (2,330 trig, 1,024 trig+kin events)
  [2342/3120] nano_2342.root
         -> 1,303 vertices (2,783 trig, 1,177 trig+kin events)
  [2343/3120] nano_2343.root
         -> 1,340 vertices (2,603 trig, 1,133 trig+kin events)
  [2344/3120] nano_2344.root
         -> 1,024 vertices (1,988 trig, 884 trig+kin events)
  [2345/3120] nano_2345.root
         -> 875 vertices (1,566 trig, 682 trig+kin events)
  [2346/3120] nano_2346.root
         -> 1,401 vertices (2,792 trig, 1,226 trig+kin events)
  [2347/3120] nano_2347.root
         -> 1,351 vertices (2,790 trig, 1,203 trig+kin events)
  [2348/3120] nano_2348.root
         -> 1,387 vertices (2,750 trig, 1,204 trig+kin events)
  [2349/3120] nano_2349.root
         -> 1,337 vertices (2,832 trig, 1,211 trig+kin events)
  [2350/3120] nano_2350.root
         -> 1,144 vertices (2,175 trig, 938 trig+kin events)
  [2351/3120] nano_2351.root
         -> 595 vertices (1,245 trig, 548 trig+kin events)
  [2352/3120] nano_2352.root
         -> 1,384 vertices (2,751 trig, 1,176 trig+kin events)
  [2353/3120] nano_2353.root
         -> 1,347 vertices (2,765 trig, 1,160 trig+kin events)
  [2354/3120] nano_2354.root
         -> 1,074 vertices (2,069 trig, 929 trig+kin events)
  [2355/3120] nano_2355.root
         -> 375 vertices (699 trig, 324 trig+kin events)
  [2356/3120] nano_2356.root
         -> 408 vertices (776 trig, 336 trig+kin events)
  [2357/3120] nano_2357.root
         -> 1,028 vertices (2,006 trig, 906 trig+kin events)
  [2358/3120] nano_2358.root
         -> 1,047 vertices (2,032 trig, 897 trig+kin events)
  [2359/3120] nano_2359.root
         -> 866 vertices (1,813 trig, 769 trig+kin events)
  [2360/3120] nano_2360.root
         -> 758 vertices (1,497 trig, 628 trig+kin events)
  [2361/3120] nano_2361.root
         -> 1,463 vertices (2,970 trig, 1,282 trig+kin events)
  [2362/3120] nano_2362.root
         -> 1,442 vertices (2,880 trig, 1,187 trig+kin events)
  [2363/3120] nano_2363.root
         -> 915 vertices (1,793 trig, 778 trig+kin events)
  [2364/3120] nano_2364.root
         -> 1,385 vertices (2,784 trig, 1,175 trig+kin events)
  [2365/3120] nano_2365.root
         -> 1,379 vertices (2,820 trig, 1,201 trig+kin events)
  [2366/3120] nano_2366.root
         -> 1,486 vertices (2,770 trig, 1,248 trig+kin events)
  [2367/3120] nano_2367.root
         -> 880 vertices (1,759 trig, 767 trig+kin events)
  [2368/3120] nano_2368.root
         -> 880 vertices (1,592 trig, 683 trig+kin events)
  [2369/3120] nano_2369.root
         -> 1,415 vertices (2,783 trig, 1,172 trig+kin events)
  [2370/3120] nano_2370.root
         -> 1,403 vertices (2,885 trig, 1,195 trig+kin events)
  [2371/3120] nano_2371.root
         -> 1,431 vertices (2,793 trig, 1,176 trig+kin events)
  [2372/3120] nano_2372.root
         -> 1,371 vertices (2,730 trig, 1,153 trig+kin events)
  [2373/3120] nano_2373.root
         -> 845 vertices (1,745 trig, 738 trig+kin events)
  [2374/3120] nano_2374.root
         -> 1,343 vertices (2,766 trig, 1,180 trig+kin events)
  [2375/3120] nano_2375.root
         -> 1,386 vertices (2,999 trig, 1,279 trig+kin events)
  [2376/3120] nano_2376.root
         -> 759 vertices (1,412 trig, 626 trig+kin events)
  [2377/3120] nano_2377.root
         -> 1,510 vertices (2,767 trig, 1,192 trig+kin events)
  [2378/3120] nano_2378.root
         -> 1,449 vertices (2,875 trig, 1,245 trig+kin events)
  [2379/3120] nano_2379.root
         -> 1,289 vertices (2,862 trig, 1,196 trig+kin events)
  [2380/3120] nano_2380.root
         -> 624 vertices (1,296 trig, 555 trig+kin events)
  [2381/3120] nano_2381.root
         -> 1,289 vertices (2,307 trig, 1,056 trig+kin events)
  [2382/3120] nano_2382.root
         -> 1,326 vertices (2,818 trig, 1,193 trig+kin events)
  [2383/3120] nano_2383.root
         -> 1,418 vertices (2,799 trig, 1,194 trig+kin events)
  [2384/3120] nano_2384.root
         -> 1,067 vertices (2,144 trig, 911 trig+kin events)
  [2385/3120] nano_2385.root
         -> 1,402 vertices (2,763 trig, 1,184 trig+kin events)
  [2386/3120] nano_2386.root
         -> 798 vertices (1,558 trig, 635 trig+kin events)
  [2387/3120] nano_2387.root
         -> 468 vertices (886 trig, 383 trig+kin events)
  [2388/3120] nano_2388.root
         -> 864 vertices (1,705 trig, 724 trig+kin events)
  [2389/3120] nano_2389.root
         -> 541 vertices (910 trig, 414 trig+kin events)
  [2390/3120] nano_2390.root
         -> 1,155 vertices (2,279 trig, 998 trig+kin events)
  [2391/3120] nano_2391.root
         -> 1,442 vertices (2,850 trig, 1,203 trig+kin events)
  [2392/3120] nano_2392.root
         -> 118 vertices (220 trig, 94 trig+kin events)
  [2393/3120] nano_2393.root
         -> 1,327 vertices (2,739 trig, 1,148 trig+kin events)
  [2394/3120] nano_2394.root
         -> 853 vertices (1,560 trig, 694 trig+kin events)
  [2395/3120] nano_2395.root
         -> 1,394 vertices (2,801 trig, 1,206 trig+kin events)
  [2396/3120] nano_2396.root
         -> 1,335 vertices (2,694 trig, 1,146 trig+kin events)
  [2397/3120] nano_2397.root
         -> 1,471 vertices (2,867 trig, 1,209 trig+kin events)
  [2398/3120] nano_2398.root
         -> 1,406 vertices (2,837 trig, 1,185 trig+kin events)
  [2399/3120] nano_2399.root
         -> 1,403 vertices (2,829 trig, 1,242 trig+kin events)
  [2400/3120] nano_2400.root
         -> 764 vertices (1,631 trig, 701 trig+kin events)
  [2401/3120] nano_2401.root
         -> 1,434 vertices (2,831 trig, 1,238 trig+kin events)
  [2402/3120] nano_2402.root
         -> 1,465 vertices (2,845 trig, 1,217 trig+kin events)
  [2403/3120] nano_2403.root
         -> 997 vertices (1,978 trig, 810 trig+kin events)
  [2404/3120] nano_2404.root
         -> 1,330 vertices (2,783 trig, 1,195 trig+kin events)
  [2405/3120] nano_2405.root
         -> 756 vertices (1,560 trig, 667 trig+kin events)
  [2406/3120] nano_2406.root
         -> 793 vertices (1,796 trig, 757 trig+kin events)
  [2407/3120] nano_2407.root
         -> 1,362 vertices (2,792 trig, 1,227 trig+kin events)
  [2408/3120] nano_2408.root
         -> 1,368 vertices (2,856 trig, 1,212 trig+kin events)
  [2409/3120] nano_2409.root
         -> 441 vertices (857 trig, 363 trig+kin events)
  [2410/3120] nano_2410.root
         -> 121 vertices (266 trig, 103 trig+kin events)
  [2411/3120] nano_2411.root
         -> 647 vertices (1,178 trig, 481 trig+kin events)
  [2412/3120] nano_2412.root
         -> 848 vertices (1,584 trig, 710 trig+kin events)
  [2413/3120] nano_2413.root
         -> 1,373 vertices (2,509 trig, 1,096 trig+kin events)
  [2414/3120] nano_2414.root
         -> 836 vertices (1,783 trig, 763 trig+kin events)
  [2415/3120] nano_2415.root
         -> 1,429 vertices (2,832 trig, 1,210 trig+kin events)
  [2416/3120] nano_2416.root
         -> 712 vertices (1,440 trig, 626 trig+kin events)
  [2417/3120] nano_2417.root
         -> 1,473 vertices (2,887 trig, 1,266 trig+kin events)
  [2418/3120] nano_2418.root
         -> 1,507 vertices (2,861 trig, 1,229 trig+kin events)
  [2419/3120] nano_2419.root
         -> 428 vertices (812 trig, 366 trig+kin events)
  [2420/3120] nano_2420.root
         -> 1,414 vertices (2,852 trig, 1,219 trig+kin events)
  [2421/3120] nano_2421.root
         -> 279 vertices (562 trig, 243 trig+kin events)
  [2422/3120] nano_2422.root
         -> 995 vertices (2,129 trig, 873 trig+kin events)
  [2423/3120] nano_2423.root
         -> 1,013 vertices (2,152 trig, 896 trig+kin events)
  [2424/3120] nano_2424.root
         -> 699 vertices (1,488 trig, 611 trig+kin events)
  [2425/3120] nano_2425.root
         -> 1,406 vertices (2,820 trig, 1,236 trig+kin events)
  [2426/3120] nano_2426.root
         -> 1,399 vertices (2,835 trig, 1,223 trig+kin events)
  [2427/3120] nano_2427.root
         -> 1,292 vertices (2,824 trig, 1,140 trig+kin events)
  [2428/3120] nano_2428.root
         -> 912 vertices (1,887 trig, 815 trig+kin events)
  [2429/3120] nano_2429.root
         -> 951 vertices (1,789 trig, 765 trig+kin events)
  [2430/3120] nano_2430.root
         -> 1,399 vertices (2,783 trig, 1,196 trig+kin events)
  [2431/3120] nano_2431.root
         -> 1,369 vertices (2,922 trig, 1,247 trig+kin events)
  [2432/3120] nano_2432.root
         -> 1,452 vertices (2,827 trig, 1,209 trig+kin events)
  [2433/3120] nano_2433.root
         -> 762 vertices (1,545 trig, 645 trig+kin events)
  [2434/3120] nano_2434.root
         -> 1,363 vertices (2,773 trig, 1,197 trig+kin events)
  [2435/3120] nano_2435.root
         -> 1,559 vertices (2,818 trig, 1,259 trig+kin events)
  [2436/3120] nano_2436.root
         -> 1,455 vertices (2,843 trig, 1,243 trig+kin events)
  [2437/3120] nano_2437.root
         -> 1,018 vertices (1,990 trig, 856 trig+kin events)
  [2438/3120] nano_2438.root
         -> 1,442 vertices (2,898 trig, 1,221 trig+kin events)
  [2439/3120] nano_2439.root
         -> 913 vertices (1,783 trig, 759 trig+kin events)
  [2440/3120] nano_2440.root
         -> 767 vertices (1,465 trig, 632 trig+kin events)
  [2441/3120] nano_2441.root
         -> 1,355 vertices (2,749 trig, 1,172 trig+kin events)
  [2442/3120] nano_2442.root
         -> 858 vertices (1,755 trig, 747 trig+kin events)
  [2443/3120] nano_2443.root
         -> 952 vertices (2,040 trig, 861 trig+kin events)
  [2444/3120] nano_2444.root
         -> 960 vertices (1,895 trig, 831 trig+kin events)
  [2445/3120] nano_2445.root
         -> 879 vertices (1,874 trig, 783 trig+kin events)
  [2446/3120] nano_2446.root
         -> 1,092 vertices (2,194 trig, 947 trig+kin events)
  [2447/3120] nano_2447.root
         -> 1,186 vertices (2,355 trig, 1,052 trig+kin events)
  [2448/3120] nano_2448.root
         -> 607 vertices (1,229 trig, 509 trig+kin events)
  [2449/3120] nano_2449.root
         -> 1,329 vertices (2,778 trig, 1,167 trig+kin events)
  [2450/3120] nano_2450.root
         -> 1,403 vertices (2,877 trig, 1,192 trig+kin events)
  [2451/3120] nano_2451.root
         -> 1,070 vertices (2,090 trig, 927 trig+kin events)
  [2452/3120] nano_2452.root
         -> 633 vertices (1,195 trig, 499 trig+kin events)
  [2453/3120] nano_2453.root
         -> 915 vertices (1,653 trig, 743 trig+kin events)
  [2454/3120] nano_2454.root
         -> 1,377 vertices (2,846 trig, 1,238 trig+kin events)
  [2455/3120] nano_2455.root
         -> 1,431 vertices (2,775 trig, 1,227 trig+kin events)
  [2456/3120] nano_2456.root
         -> 846 vertices (1,626 trig, 711 trig+kin events)
  [2457/3120] nano_2457.root
         -> 1,418 vertices (2,782 trig, 1,190 trig+kin events)
  [2458/3120] nano_2458.root
         -> 1,439 vertices (2,856 trig, 1,231 trig+kin events)
  [2459/3120] nano_2459.root
         -> 743 vertices (1,477 trig, 646 trig+kin events)
  [2460/3120] nano_2460.root
         -> 1,490 vertices (2,776 trig, 1,224 trig+kin events)
  [2461/3120] nano_2461.root
         -> 796 vertices (1,639 trig, 734 trig+kin events)
  [2462/3120] nano_2462.root
         -> 858 vertices (1,771 trig, 746 trig+kin events)
  [2463/3120] nano_2463.root
         -> 789 vertices (1,616 trig, 696 trig+kin events)
  [2464/3120] nano_2464.root
         -> 342 vertices (694 trig, 303 trig+kin events)
  [2465/3120] nano_2465.root
         -> 469 vertices (800 trig, 350 trig+kin events)
  [2466/3120] nano_2466.root
         -> 1,386 vertices (2,720 trig, 1,116 trig+kin events)
  [2467/3120] nano_2467.root
         -> 1,007 vertices (1,880 trig, 854 trig+kin events)
  [2468/3120] nano_2468.root
         -> 1,353 vertices (2,708 trig, 1,173 trig+kin events)
  [2469/3120] nano_2469.root
         -> 1,455 vertices (2,816 trig, 1,242 trig+kin events)
  [2470/3120] nano_2470.root
         -> 896 vertices (1,668 trig, 746 trig+kin events)
  [2471/3120] nano_2471.root
         -> 1,207 vertices (2,431 trig, 1,033 trig+kin events)
  [2472/3120] nano_2472.root
         -> 1,446 vertices (2,800 trig, 1,238 trig+kin events)
  [2473/3120] nano_2473.root
         -> 1,378 vertices (2,809 trig, 1,221 trig+kin events)
  [2474/3120] nano_2474.root
         -> 1,404 vertices (2,860 trig, 1,273 trig+kin events)
  [2475/3120] nano_2475.root
         -> 1,269 vertices (2,386 trig, 1,045 trig+kin events)
  [2476/3120] nano_2476.root
         -> 871 vertices (1,763 trig, 757 trig+kin events)
  [2477/3120] nano_2477.root
         -> 1,464 vertices (2,834 trig, 1,241 trig+kin events)
  [2478/3120] nano_2478.root
         -> 814 vertices (1,622 trig, 709 trig+kin events)
  [2479/3120] nano_2479.root
         -> 605 vertices (1,153 trig, 509 trig+kin events)
  [2480/3120] nano_2480.root
         -> 1,350 vertices (2,782 trig, 1,254 trig+kin events)
  [2481/3120] nano_2481.root
         -> 1,337 vertices (2,708 trig, 1,138 trig+kin events)
  [2482/3120] nano_2482.root
         -> 1,180 vertices (2,374 trig, 1,045 trig+kin events)
  [2483/3120] nano_2483.root
         -> 1,370 vertices (2,797 trig, 1,197 trig+kin events)
  [2484/3120] nano_2484.root
         -> 1,379 vertices (2,754 trig, 1,196 trig+kin events)
  [2485/3120] nano_2485.root
         -> 845 vertices (1,766 trig, 725 trig+kin events)
  [2486/3120] nano_2486.root
         -> 767 vertices (1,480 trig, 667 trig+kin events)
  [2487/3120] nano_2487.root
         -> 423 vertices (845 trig, 351 trig+kin events)
  [2488/3120] nano_2488.root
         -> 724 vertices (1,519 trig, 618 trig+kin events)
  [2489/3120] nano_2489.root
         -> 788 vertices (1,560 trig, 676 trig+kin events)
  [2490/3120] nano_2490.root
         -> 796 vertices (1,575 trig, 690 trig+kin events)
  [2491/3120] nano_2491.root
         -> 833 vertices (1,604 trig, 677 trig+kin events)
  [2492/3120] nano_2492.root
         -> 838 vertices (1,671 trig, 737 trig+kin events)
  [2493/3120] nano_2493.root
         -> 818 vertices (1,611 trig, 702 trig+kin events)
  [2494/3120] nano_2494.root
         -> 282 vertices (567 trig, 242 trig+kin events)
  [2495/3120] nano_2495.root
         -> 865 vertices (1,630 trig, 721 trig+kin events)
  [2496/3120] nano_2496.root
         -> 792 vertices (1,575 trig, 672 trig+kin events)
  [2497/3120] nano_2497.root
         -> 887 vertices (1,704 trig, 734 trig+kin events)
  [2498/3120] nano_2498.root
         -> 849 vertices (1,580 trig, 694 trig+kin events)
  [2499/3120] nano_2499.root
         -> 790 vertices (1,406 trig, 619 trig+kin events)
  [2500/3120] nano_2500.root
         -> 807 vertices (1,622 trig, 698 trig+kin events)
  [2501/3120] nano_2501.root
         -> 779 vertices (1,472 trig, 674 trig+kin events)
  [2502/3120] nano_2502.root
         -> 100 vertices (191 trig, 81 trig+kin events)
  [2503/3120] nano_2503.root
         -> 815 vertices (1,506 trig, 657 trig+kin events)
  [2504/3120] nano_2504.root
         -> 877 vertices (1,707 trig, 726 trig+kin events)
  [2505/3120] nano_2505.root
         -> 708 vertices (1,505 trig, 616 trig+kin events)
  [2506/3120] nano_2506.root
         -> 353 vertices (638 trig, 280 trig+kin events)
  [2507/3120] nano_2507.root
         -> 550 vertices (1,048 trig, 484 trig+kin events)
  [2508/3120] nano_2508.root
         -> 728 vertices (1,479 trig, 637 trig+kin events)
  [2509/3120] nano_2509.root
         -> 734 vertices (1,425 trig, 606 trig+kin events)
  [2510/3120] nano_2510.root
         -> 774 vertices (1,604 trig, 693 trig+kin events)
  [2511/3120] nano_2511.root
         -> 723 vertices (1,527 trig, 631 trig+kin events)
  [2512/3120] nano_2512.root
         -> 719 vertices (1,436 trig, 604 trig+kin events)
  [2513/3120] nano_2513.root
         -> 1,038 vertices (2,088 trig, 884 trig+kin events)
  [2514/3120] nano_2514.root
         -> 780 vertices (1,464 trig, 653 trig+kin events)
  [2515/3120] nano_2515.root
         -> 660 vertices (1,415 trig, 591 trig+kin events)
  [2516/3120] nano_2516.root
         -> 822 vertices (1,789 trig, 764 trig+kin events)
  [2517/3120] nano_2517.root
         -> 1,055 vertices (2,070 trig, 914 trig+kin events)
  [2518/3120] nano_2518.root
         -> 372 vertices (651 trig, 296 trig+kin events)
  [2519/3120] nano_2519.root
         -> 901 vertices (1,829 trig, 772 trig+kin events)
  [2520/3120] nano_2520.root
         -> 795 vertices (1,533 trig, 674 trig+kin events)
  [2521/3120] nano_2521.root
         -> 803 vertices (1,581 trig, 685 trig+kin events)
  [2522/3120] nano_2522.root
         -> 871 vertices (1,664 trig, 691 trig+kin events)
  [2523/3120] nano_2523.root
         -> 641 vertices (1,499 trig, 597 trig+kin events)
  [2524/3120] nano_2524.root
         -> 1,178 vertices (2,238 trig, 956 trig+kin events)
  [2525/3120] nano_2525.root
         -> 738 vertices (1,458 trig, 618 trig+kin events)
  [2526/3120] nano_2526.root
         -> 803 vertices (1,614 trig, 686 trig+kin events)
  [2527/3120] nano_2527.root
         -> 845 vertices (1,618 trig, 706 trig+kin events)
  [2528/3120] nano_2528.root
         -> 856 vertices (1,610 trig, 703 trig+kin events)
  [2529/3120] nano_2529.root
         -> 846 vertices (1,631 trig, 702 trig+kin events)
  [2530/3120] nano_2530.root
         -> 801 vertices (1,543 trig, 668 trig+kin events)
  [2531/3120] nano_2531.root
         -> 74 vertices (161 trig, 72 trig+kin events)
  [2532/3120] nano_2532.root
         -> 878 vertices (1,627 trig, 717 trig+kin events)
  [2533/3120] nano_2533.root
         -> 792 vertices (1,492 trig, 616 trig+kin events)
  [2534/3120] nano_2534.root
         -> 971 vertices (1,842 trig, 828 trig+kin events)
  [2535/3120] nano_2535.root
         -> 834 vertices (1,564 trig, 680 trig+kin events)
  [2536/3120] nano_2536.root
         -> 951 vertices (1,929 trig, 842 trig+kin events)
  [2537/3120] nano_2537.root
         -> 805 vertices (1,667 trig, 697 trig+kin events)
  [2538/3120] nano_2538.root
         -> 292 vertices (657 trig, 261 trig+kin events)
  [2539/3120] nano_2539.root
         -> 835 vertices (1,624 trig, 673 trig+kin events)
  [2540/3120] nano_2540.root
         -> 1,067 vertices (2,026 trig, 895 trig+kin events)
  [2541/3120] nano_2541.root
         -> 733 vertices (1,508 trig, 665 trig+kin events)
  [2542/3120] nano_2542.root
         -> 1,097 vertices (2,224 trig, 969 trig+kin events)
  [2543/3120] nano_2543.root
         -> 754 vertices (1,492 trig, 672 trig+kin events)
  [2544/3120] nano_2544.root
         -> 887 vertices (1,717 trig, 761 trig+kin events)
  [2545/3120] nano_2545.root
         -> 1,150 vertices (2,262 trig, 994 trig+kin events)
  [2546/3120] nano_2546.root
         -> 816 vertices (1,795 trig, 735 trig+kin events)
  [2547/3120] nano_2547.root
         -> 939 vertices (1,890 trig, 793 trig+kin events)
  [2548/3120] nano_2548.root
         -> 843 vertices (1,601 trig, 697 trig+kin events)
  [2549/3120] nano_2549.root
         -> 603 vertices (1,111 trig, 491 trig+kin events)
  [2550/3120] nano_2550.root
         -> 757 vertices (1,483 trig, 629 trig+kin events)
  [2551/3120] nano_2551.root
         -> 939 vertices (1,768 trig, 778 trig+kin events)
  [2552/3120] nano_2552.root
         -> 755 vertices (1,524 trig, 661 trig+kin events)
  [2553/3120] nano_2553.root
         -> 767 vertices (1,461 trig, 627 trig+kin events)
  [2554/3120] nano_2554.root
         -> 736 vertices (1,454 trig, 641 trig+kin events)
  [2555/3120] nano_2555.root
         -> 706 vertices (1,506 trig, 661 trig+kin events)
  [2556/3120] nano_2556.root
         -> 813 vertices (1,557 trig, 687 trig+kin events)
  [2557/3120] nano_2557.root
         -> 833 vertices (1,684 trig, 714 trig+kin events)
  [2558/3120] nano_2558.root
         -> 814 vertices (1,709 trig, 759 trig+kin events)
  [2559/3120] nano_2559.root
         -> 1,212 vertices (2,383 trig, 1,032 trig+kin events)
  [2560/3120] nano_2560.root
         -> 770 vertices (1,379 trig, 628 trig+kin events)
  [2561/3120] nano_2561.root
         -> 956 vertices (1,882 trig, 834 trig+kin events)
  [2562/3120] nano_2562.root
         -> 782 vertices (1,581 trig, 657 trig+kin events)
  [2563/3120] nano_2563.root
         -> 1,253 vertices (2,501 trig, 1,091 trig+kin events)
  [2564/3120] nano_2564.root
         -> 1,106 vertices (2,277 trig, 928 trig+kin events)
  [2565/3120] nano_2565.root
         -> 1,311 vertices (2,407 trig, 1,088 trig+kin events)
  [2566/3120] nano_2566.root
         -> 790 vertices (1,567 trig, 654 trig+kin events)
  [2567/3120] nano_2567.root
         -> 693 vertices (1,513 trig, 614 trig+kin events)
  [2568/3120] nano_2568.root
         -> 1,115 vertices (2,228 trig, 983 trig+kin events)
  [2569/3120] nano_2569.root
         -> 972 vertices (2,072 trig, 851 trig+kin events)
  [2570/3120] nano_2570.root
         -> 1,229 vertices (2,350 trig, 1,006 trig+kin events)
  [2571/3120] nano_2571.root
         -> 226 vertices (460 trig, 194 trig+kin events)
  [2572/3120] nano_2572.root
         -> 907 vertices (1,762 trig, 768 trig+kin events)
  [2573/3120] nano_2573.root
         -> 1,214 vertices (2,409 trig, 1,009 trig+kin events)
  [2574/3120] nano_2574.root
         -> 751 vertices (1,511 trig, 642 trig+kin events)
  [2575/3120] nano_2575.root
         -> 760 vertices (1,620 trig, 697 trig+kin events)
  [2576/3120] nano_2576.root
         -> 914 vertices (1,684 trig, 746 trig+kin events)
  [2577/3120] nano_2577.root
         -> 1,147 vertices (2,238 trig, 934 trig+kin events)
  [2578/3120] nano_2578.root
         -> 748 vertices (1,635 trig, 701 trig+kin events)
  [2579/3120] nano_2579.root
         -> 878 vertices (1,712 trig, 759 trig+kin events)
  [2580/3120] nano_2580.root
         -> 1,503 vertices (2,662 trig, 1,201 trig+kin events)
  [2581/3120] nano_2581.root
         -> 898 vertices (1,903 trig, 798 trig+kin events)
  [2582/3120] nano_2582.root
         -> 1,518 vertices (2,940 trig, 1,247 trig+kin events)
  [2583/3120] nano_2583.root
         -> 994 vertices (2,082 trig, 845 trig+kin events)
  [2584/3120] nano_2584.root
         -> 1,410 vertices (2,745 trig, 1,204 trig+kin events)
  [2585/3120] nano_2585.root
         -> 1,068 vertices (2,200 trig, 950 trig+kin events)
  [2586/3120] nano_2586.root
         -> 1,239 vertices (2,262 trig, 1,012 trig+kin events)
  [2587/3120] nano_2587.root
         -> 921 vertices (1,874 trig, 821 trig+kin events)
  [2588/3120] nano_2588.root
         -> 1,054 vertices (1,949 trig, 865 trig+kin events)
  [2589/3120] nano_2589.root
         -> 920 vertices (1,782 trig, 740 trig+kin events)
  [2590/3120] nano_2590.root
         -> 930 vertices (1,947 trig, 852 trig+kin events)
  [2591/3120] nano_2591.root
         -> 882 vertices (1,758 trig, 765 trig+kin events)
  [2592/3120] nano_2592.root
         -> 807 vertices (1,741 trig, 706 trig+kin events)
  [2593/3120] nano_2593.root
         -> 1,274 vertices (2,507 trig, 1,127 trig+kin events)
  [2594/3120] nano_2594.root
         -> 735 vertices (1,496 trig, 635 trig+kin events)
  [2595/3120] nano_2595.root
         -> 1,351 vertices (2,773 trig, 1,207 trig+kin events)
  [2596/3120] nano_2596.root
         -> 824 vertices (1,578 trig, 701 trig+kin events)
  [2597/3120] nano_2597.root
         -> 1,286 vertices (2,663 trig, 1,123 trig+kin events)
  [2598/3120] nano_2598.root
         -> 1,030 vertices (2,065 trig, 884 trig+kin events)
  [2599/3120] nano_2599.root
         -> 1,281 vertices (2,367 trig, 1,033 trig+kin events)
  [2600/3120] nano_2600.root
         -> 1,448 vertices (2,829 trig, 1,238 trig+kin events)
  [2601/3120] nano_2601.root
         -> 1,076 vertices (2,009 trig, 864 trig+kin events)
  [2602/3120] nano_2602.root
         -> 949 vertices (2,029 trig, 824 trig+kin events)
  [2603/3120] nano_2603.root
         -> 1,101 vertices (2,117 trig, 912 trig+kin events)
  [2604/3120] nano_2604.root
         -> 901 vertices (1,870 trig, 817 trig+kin events)
  [2605/3120] nano_2605.root
         -> 1,106 vertices (2,187 trig, 957 trig+kin events)
  [2606/3120] nano_2606.root
         -> 1,303 vertices (2,750 trig, 1,140 trig+kin events)
  [2607/3120] nano_2607.root
         -> 1,278 vertices (2,705 trig, 1,123 trig+kin events)
  [2608/3120] nano_2608.root
         -> 1,259 vertices (2,391 trig, 1,010 trig+kin events)
  [2609/3120] nano_2609.root
         -> 680 vertices (1,432 trig, 615 trig+kin events)
  [2610/3120] nano_2610.root
         -> 37 vertices (108 trig, 43 trig+kin events)
  [2611/3120] nano_2611.root
         -> 1,016 vertices (2,027 trig, 865 trig+kin events)
  [2612/3120] nano_2612.root
         -> 889 vertices (1,832 trig, 784 trig+kin events)
  [2613/3120] nano_2613.root
         -> 1,043 vertices (2,038 trig, 881 trig+kin events)
  [2614/3120] nano_2614.root
         -> 1,209 vertices (2,480 trig, 1,064 trig+kin events)
  [2615/3120] nano_2615.root
         -> 752 vertices (1,446 trig, 628 trig+kin events)
  [2616/3120] nano_2616.root
         -> 1,412 vertices (2,868 trig, 1,261 trig+kin events)
  [2617/3120] nano_2617.root
         -> 1,348 vertices (2,701 trig, 1,156 trig+kin events)
  [2618/3120] nano_2618.root
         -> 831 vertices (1,615 trig, 693 trig+kin events)
  [2619/3120] nano_2619.root
         -> 926 vertices (1,806 trig, 811 trig+kin events)
  [2620/3120] nano_2620.root
         -> 293 vertices (639 trig, 263 trig+kin events)
  [2621/3120] nano_2621.root
         -> 383 vertices (733 trig, 328 trig+kin events)
  [2622/3120] nano_2622.root
         -> 754 vertices (1,499 trig, 671 trig+kin events)
  [2623/3120] nano_2623.root
         -> 160 vertices (283 trig, 136 trig+kin events)
  [2624/3120] nano_2624.root
         -> 705 vertices (1,389 trig, 571 trig+kin events)
  [2625/3120] nano_2625.root
         -> 723 vertices (1,413 trig, 627 trig+kin events)
  [2626/3120] nano_2626.root
         -> 801 vertices (1,442 trig, 668 trig+kin events)
  [2627/3120] nano_2627.root
         -> 436 vertices (876 trig, 369 trig+kin events)
  [2628/3120] nano_2628.root
         -> 1,343 vertices (2,617 trig, 1,095 trig+kin events)
  [2629/3120] nano_2629.root
         -> 1,235 vertices (2,309 trig, 1,009 trig+kin events)
  [2630/3120] nano_2630.root
         -> 1,138 vertices (2,189 trig, 931 trig+kin events)
  [2631/3120] nano_2631.root
         -> 1,140 vertices (2,175 trig, 970 trig+kin events)
  [2632/3120] nano_2632.root
         -> 1,427 vertices (2,905 trig, 1,247 trig+kin events)
  [2633/3120] nano_2633.root
         -> 913 vertices (1,869 trig, 819 trig+kin events)
  [2634/3120] nano_2634.root
         -> 1,376 vertices (2,725 trig, 1,228 trig+kin events)
  [2635/3120] nano_2635.root
         -> 799 vertices (1,567 trig, 673 trig+kin events)
  [2636/3120] nano_2636.root
         -> 855 vertices (1,764 trig, 775 trig+kin events)
  [2637/3120] nano_2637.root
         -> 1,239 vertices (2,465 trig, 1,070 trig+kin events)
  [2638/3120] nano_2638.root
         -> 1,416 vertices (2,763 trig, 1,186 trig+kin events)
  [2639/3120] nano_2639.root
         -> 1,249 vertices (2,570 trig, 1,070 trig+kin events)
  [2640/3120] nano_2640.root
         -> 1,395 vertices (2,786 trig, 1,253 trig+kin events)
  [2641/3120] nano_2641.root
         -> 1,458 vertices (2,768 trig, 1,199 trig+kin events)
  [2642/3120] nano_2642.root
         -> 1,328 vertices (2,703 trig, 1,176 trig+kin events)
  [2643/3120] nano_2643.root
         -> 1,119 vertices (2,129 trig, 923 trig+kin events)
  [2644/3120] nano_2644.root
         -> 1,166 vertices (2,424 trig, 1,027 trig+kin events)
  [2645/3120] nano_2645.root
         -> 1,394 vertices (2,801 trig, 1,229 trig+kin events)
  [2646/3120] nano_2646.root
         -> 1,442 vertices (2,834 trig, 1,241 trig+kin events)
  [2647/3120] nano_2647.root
         -> 1,503 vertices (2,878 trig, 1,223 trig+kin events)
  [2648/3120] nano_2648.root
         -> 723 vertices (1,505 trig, 638 trig+kin events)
  [2649/3120] nano_2649.root
         -> 914 vertices (1,771 trig, 800 trig+kin events)
  [2650/3120] nano_2650.root
         -> 1,075 vertices (2,168 trig, 915 trig+kin events)
  [2651/3120] nano_2651.root
         -> 1,347 vertices (2,520 trig, 1,064 trig+kin events)
  [2652/3120] nano_2652.root
         -> 843 vertices (1,833 trig, 798 trig+kin events)
  [2653/3120] nano_2653.root
         -> 833 vertices (1,603 trig, 690 trig+kin events)
  [2654/3120] nano_2654.root
         -> 1,210 vertices (2,294 trig, 991 trig+kin events)
  [2655/3120] nano_2655.root
         -> 571 vertices (1,072 trig, 475 trig+kin events)
  [2656/3120] nano_2656.root
         -> 992 vertices (1,825 trig, 818 trig+kin events)
  [2657/3120] nano_2657.root
         -> 959 vertices (1,739 trig, 770 trig+kin events)
  [2658/3120] nano_2658.root
         -> 816 vertices (1,680 trig, 732 trig+kin events)
  [2659/3120] nano_2659.root
         -> 1,532 vertices (2,830 trig, 1,251 trig+kin events)
  [2660/3120] nano_2660.root
         -> 787 vertices (1,537 trig, 651 trig+kin events)
  [2661/3120] nano_2661.root
         -> 810 vertices (1,781 trig, 739 trig+kin events)
  [2662/3120] nano_2662.root
         -> 1,026 vertices (1,960 trig, 846 trig+kin events)
  [2663/3120] nano_2663.root
         -> 723 vertices (1,536 trig, 654 trig+kin events)
  [2664/3120] nano_2664.root
         -> 1,512 vertices (2,841 trig, 1,245 trig+kin events)
  [2665/3120] nano_2665.root
         -> 844 vertices (1,610 trig, 700 trig+kin events)
  [2666/3120] nano_2666.root
         -> 1,278 vertices (2,749 trig, 1,179 trig+kin events)
  [2667/3120] nano_2667.root
         -> 1,143 vertices (2,388 trig, 1,009 trig+kin events)
  [2668/3120] nano_2668.root
         -> 1,041 vertices (2,033 trig, 853 trig+kin events)
  [2669/3120] nano_2669.root
         -> 1,035 vertices (2,029 trig, 841 trig+kin events)
  [2670/3120] nano_2670.root
         -> 968 vertices (1,974 trig, 853 trig+kin events)
  [2671/3120] nano_2671.root
         -> 1,325 vertices (2,644 trig, 1,086 trig+kin events)
  [2672/3120] nano_2672.root
         -> 884 vertices (1,709 trig, 776 trig+kin events)
  [2673/3120] nano_2673.root
         -> 932 vertices (1,837 trig, 793 trig+kin events)
  [2674/3120] nano_2674.root
         -> 1,185 vertices (2,425 trig, 1,029 trig+kin events)
  [2675/3120] nano_2675.root
         -> 935 vertices (1,790 trig, 777 trig+kin events)
  [2676/3120] nano_2676.root
         -> 1,356 vertices (2,785 trig, 1,202 trig+kin events)
  [2677/3120] nano_2677.root
         -> 1,013 vertices (2,047 trig, 882 trig+kin events)
  [2678/3120] nano_2678.root
         -> 1,115 vertices (2,127 trig, 914 trig+kin events)
  [2679/3120] nano_2679.root
         -> 799 vertices (1,562 trig, 668 trig+kin events)
  [2680/3120] nano_2680.root
         -> 1,218 vertices (2,494 trig, 1,045 trig+kin events)
  [2681/3120] nano_2681.root
         -> 1,096 vertices (2,375 trig, 965 trig+kin events)
  [2682/3120] nano_2682.root
         -> 989 vertices (2,145 trig, 899 trig+kin events)
  [2683/3120] nano_2683.root
         -> 817 vertices (1,629 trig, 715 trig+kin events)
  [2684/3120] nano_2684.root
         -> 729 vertices (1,562 trig, 665 trig+kin events)
  [2685/3120] nano_2685.root
         -> 876 vertices (1,864 trig, 791 trig+kin events)
  [2686/3120] nano_2686.root
         -> 710 vertices (1,407 trig, 608 trig+kin events)
  [2687/3120] nano_2687.root
         -> 881 vertices (1,905 trig, 793 trig+kin events)
  [2688/3120] nano_2688.root
         -> 1,448 vertices (2,818 trig, 1,193 trig+kin events)
  [2689/3120] nano_2689.root
         -> 1,336 vertices (2,820 trig, 1,171 trig+kin events)
  [2690/3120] nano_2690.root
         -> 1,360 vertices (2,704 trig, 1,168 trig+kin events)
  [2691/3120] nano_2691.root
         -> 1,403 vertices (2,883 trig, 1,202 trig+kin events)
  [2692/3120] nano_2692.root
         -> 1,389 vertices (2,886 trig, 1,228 trig+kin events)
  [2693/3120] nano_2693.root
         -> 1,379 vertices (2,726 trig, 1,178 trig+kin events)
  [2694/3120] nano_2694.root
         -> 1,463 vertices (2,835 trig, 1,233 trig+kin events)
  [2695/3120] nano_2695.root
         -> 1,503 vertices (2,743 trig, 1,176 trig+kin events)
  [2696/3120] nano_2696.root
         -> 1,303 vertices (2,465 trig, 1,060 trig+kin events)
  [2697/3120] nano_2697.root
         -> 1,364 vertices (2,828 trig, 1,180 trig+kin events)
  [2698/3120] nano_2698.root
         -> 1,329 vertices (2,714 trig, 1,134 trig+kin events)
  [2699/3120] nano_2699.root
         -> 1,113 vertices (2,084 trig, 906 trig+kin events)
  [2700/3120] nano_2700.root
         -> 860 vertices (1,557 trig, 694 trig+kin events)
  [2701/3120] nano_2701.root
         -> 740 vertices (1,604 trig, 660 trig+kin events)
  [2702/3120] nano_2702.root
         -> 1,267 vertices (2,690 trig, 1,126 trig+kin events)
  [2703/3120] nano_2703.root
         -> 1,533 vertices (2,825 trig, 1,229 trig+kin events)
  [2704/3120] nano_2704.root
         -> 887 vertices (1,740 trig, 722 trig+kin events)
  [2705/3120] nano_2705.root
         -> 653 vertices (1,459 trig, 613 trig+kin events)
  [2706/3120] nano_2706.root
         -> 1,400 vertices (2,815 trig, 1,183 trig+kin events)
  [2707/3120] nano_2707.root
         -> 1,408 vertices (2,817 trig, 1,229 trig+kin events)
  [2708/3120] nano_2708.root
         -> 1,413 vertices (2,802 trig, 1,212 trig+kin events)
  [2709/3120] nano_2709.root
         -> 1,491 vertices (2,788 trig, 1,234 trig+kin events)
  [2710/3120] nano_2710.root
         -> 1,462 vertices (2,844 trig, 1,253 trig+kin events)
  [2711/3120] nano_2711.root
         -> 1,473 vertices (2,784 trig, 1,245 trig+kin events)
  [2712/3120] nano_2712.root
         -> 1,223 vertices (2,246 trig, 1,007 trig+kin events)
  [2713/3120] nano_2713.root
         -> 980 vertices (2,035 trig, 854 trig+kin events)
  [2714/3120] nano_2714.root
         -> 1,253 vertices (2,372 trig, 1,066 trig+kin events)
  [2715/3120] nano_2715.root
         -> 1,469 vertices (2,779 trig, 1,199 trig+kin events)
  [2716/3120] nano_2716.root
         -> 1,026 vertices (1,957 trig, 841 trig+kin events)
  [2717/3120] nano_2717.root
         -> 1,373 vertices (2,819 trig, 1,209 trig+kin events)
  [2718/3120] nano_2718.root
         -> 1,444 vertices (2,741 trig, 1,155 trig+kin events)
  [2719/3120] nano_2719.root
         -> 130 vertices (246 trig, 105 trig+kin events)
  [2720/3120] nano_2720.root
         -> 1,304 vertices (2,727 trig, 1,168 trig+kin events)
  [2721/3120] nano_2721.root
         -> 1,470 vertices (2,796 trig, 1,224 trig+kin events)
  [2722/3120] nano_2722.root
         -> 1,357 vertices (2,780 trig, 1,178 trig+kin events)
  [2723/3120] nano_2723.root
         -> 1,485 vertices (2,742 trig, 1,191 trig+kin events)
  [2724/3120] nano_2724.root
         -> 1,253 vertices (2,474 trig, 1,050 trig+kin events)
  [2725/3120] nano_2725.root
         -> 1,347 vertices (2,787 trig, 1,181 trig+kin events)
  [2726/3120] nano_2726.root
         -> 1,523 vertices (2,819 trig, 1,241 trig+kin events)
  [2727/3120] nano_2727.root
         -> 869 vertices (1,781 trig, 771 trig+kin events)
  [2728/3120] nano_2728.root
         -> 1,538 vertices (2,857 trig, 1,250 trig+kin events)
  [2729/3120] nano_2729.root
         -> 1,465 vertices (2,859 trig, 1,222 trig+kin events)
  [2730/3120] nano_2730.root
         -> 1,343 vertices (2,544 trig, 1,142 trig+kin events)
  [2731/3120] nano_2731.root
         -> 1,420 vertices (2,713 trig, 1,162 trig+kin events)
  [2732/3120] nano_2732.root
         -> 1,442 vertices (2,831 trig, 1,205 trig+kin events)
  [2733/3120] nano_2733.root
         -> 1,506 vertices (2,770 trig, 1,253 trig+kin events)
  [2734/3120] nano_2734.root
         -> 968 vertices (1,963 trig, 851 trig+kin events)
  [2735/3120] nano_2735.root
         -> 1,386 vertices (2,840 trig, 1,211 trig+kin events)
  [2736/3120] nano_2736.root
         -> 1,551 vertices (2,865 trig, 1,270 trig+kin events)
  [2737/3120] nano_2737.root
         -> 1,498 vertices (2,808 trig, 1,243 trig+kin events)
  [2738/3120] nano_2738.root
         -> 1,525 vertices (2,873 trig, 1,266 trig+kin events)
  [2739/3120] nano_2739.root
         -> 1,404 vertices (2,890 trig, 1,228 trig+kin events)
  [2740/3120] nano_2740.root
         -> 1,490 vertices (2,866 trig, 1,258 trig+kin events)
  [2741/3120] nano_2741.root
         -> 1,449 vertices (2,900 trig, 1,268 trig+kin events)
  [2742/3120] nano_2742.root
         -> 1,410 vertices (2,759 trig, 1,218 trig+kin events)
  [2743/3120] nano_2743.root
         -> 1,520 vertices (2,873 trig, 1,272 trig+kin events)
  [2744/3120] nano_2744.root
         -> 1,402 vertices (2,828 trig, 1,235 trig+kin events)
  [2745/3120] nano_2745.root
         -> 1,556 vertices (2,936 trig, 1,296 trig+kin events)
  [2746/3120] nano_2746.root
         -> 1,424 vertices (2,736 trig, 1,177 trig+kin events)
  [2747/3120] nano_2747.root
         -> 1,322 vertices (2,756 trig, 1,176 trig+kin events)
  [2748/3120] nano_2748.root
         -> 1,452 vertices (2,838 trig, 1,216 trig+kin events)
  [2749/3120] nano_2749.root
         -> 1,477 vertices (2,852 trig, 1,241 trig+kin events)
  [2750/3120] nano_2750.root
         -> 936 vertices (1,782 trig, 769 trig+kin events)
  [2751/3120] nano_2751.root
         -> 1,417 vertices (2,812 trig, 1,208 trig+kin events)
  [2752/3120] nano_2752.root
         -> 1,311 vertices (2,540 trig, 1,106 trig+kin events)
  [2753/3120] nano_2753.root
         -> 1,403 vertices (2,772 trig, 1,213 trig+kin events)
  [2754/3120] nano_2754.root
         -> 1,334 vertices (2,803 trig, 1,209 trig+kin events)
  [2755/3120] nano_2755.root
         -> 1,473 vertices (2,860 trig, 1,229 trig+kin events)
  [2756/3120] nano_2756.root
         -> 1,563 vertices (2,838 trig, 1,224 trig+kin events)
  [2757/3120] nano_2757.root
         -> 1,039 vertices (1,915 trig, 840 trig+kin events)
  [2758/3120] nano_2758.root
         -> 1,412 vertices (2,853 trig, 1,187 trig+kin events)
  [2759/3120] nano_2759.root
         -> 953 vertices (1,890 trig, 829 trig+kin events)
  [2760/3120] nano_2760.root
         -> 1,417 vertices (2,763 trig, 1,224 trig+kin events)
  [2761/3120] nano_2761.root
         -> 1,460 vertices (2,833 trig, 1,253 trig+kin events)
  [2762/3120] nano_2762.root
         -> 758 vertices (1,530 trig, 654 trig+kin events)
  [2763/3120] nano_2763.root
         -> 1,214 vertices (2,394 trig, 1,028 trig+kin events)
  [2764/3120] nano_2764.root
         -> 1,217 vertices (2,557 trig, 1,079 trig+kin events)
  [2765/3120] nano_2765.root
         -> 1,367 vertices (2,785 trig, 1,168 trig+kin events)
  [2766/3120] nano_2766.root
         -> 1,301 vertices (2,803 trig, 1,164 trig+kin events)
  [2767/3120] nano_2767.root
         -> 1,446 vertices (2,688 trig, 1,157 trig+kin events)
  [2768/3120] nano_2768.root
         -> 1,350 vertices (2,789 trig, 1,191 trig+kin events)
  [2769/3120] nano_2769.root
         -> 1,421 vertices (2,768 trig, 1,156 trig+kin events)
  [2770/3120] nano_2770.root
         -> 1,079 vertices (2,084 trig, 889 trig+kin events)
  [2771/3120] nano_2771.root
         -> 965 vertices (1,847 trig, 813 trig+kin events)
  [2772/3120] nano_2772.root
         -> 1,283 vertices (2,712 trig, 1,148 trig+kin events)
  [2773/3120] nano_2773.root
         -> 1,424 vertices (2,809 trig, 1,214 trig+kin events)
  [2774/3120] nano_2774.root
         -> 1,410 vertices (2,712 trig, 1,151 trig+kin events)
  [2775/3120] nano_2775.root
         -> 1,344 vertices (2,733 trig, 1,141 trig+kin events)
  [2776/3120] nano_2776.root
         -> 1,441 vertices (2,854 trig, 1,222 trig+kin events)
  [2777/3120] nano_2777.root
         -> 1,440 vertices (2,863 trig, 1,210 trig+kin events)
  [2778/3120] nano_2778.root
         -> 1,448 vertices (2,827 trig, 1,232 trig+kin events)
  [2779/3120] nano_2779.root
         -> 1,221 vertices (2,473 trig, 1,054 trig+kin events)
  [2780/3120] nano_2780.root
         -> 1,440 vertices (2,819 trig, 1,206 trig+kin events)
  [2781/3120] nano_2781.root
         -> 733 vertices (1,487 trig, 677 trig+kin events)
  [2782/3120] nano_2782.root
         -> 1,381 vertices (2,821 trig, 1,184 trig+kin events)
  [2783/3120] nano_2783.root
         -> 1,309 vertices (2,774 trig, 1,187 trig+kin events)
  [2784/3120] nano_2784.root
         -> 1,292 vertices (2,601 trig, 1,080 trig+kin events)
  [2785/3120] nano_2785.root
         -> 1,379 vertices (2,794 trig, 1,216 trig+kin events)
  [2786/3120] nano_2786.root
         -> 1,509 vertices (2,801 trig, 1,237 trig+kin events)
  [2787/3120] nano_2787.root
         -> 941 vertices (1,730 trig, 761 trig+kin events)
  [2788/3120] nano_2788.root
         -> 766 vertices (1,660 trig, 694 trig+kin events)
  [2789/3120] nano_2789.root
         -> 1,412 vertices (2,732 trig, 1,168 trig+kin events)
  [2790/3120] nano_2790.root
         -> 1,443 vertices (2,899 trig, 1,233 trig+kin events)
  [2791/3120] nano_2791.root
         -> 1,176 vertices (2,230 trig, 971 trig+kin events)
  [2792/3120] nano_2792.root
         -> 1,387 vertices (2,861 trig, 1,200 trig+kin events)
  [2793/3120] nano_2793.root
         -> 1,406 vertices (2,808 trig, 1,171 trig+kin events)
  [2794/3120] nano_2794.root
         -> 1,165 vertices (2,269 trig, 995 trig+kin events)
  [2795/3120] nano_2795.root
         -> 1,331 vertices (2,630 trig, 1,134 trig+kin events)
  [2796/3120] nano_2796.root
         -> 1,521 vertices (2,896 trig, 1,298 trig+kin events)
  [2797/3120] nano_2797.root
         -> 1,275 vertices (2,743 trig, 1,142 trig+kin events)
  [2798/3120] nano_2798.root
         -> 1,032 vertices (2,014 trig, 866 trig+kin events)
  [2799/3120] nano_2799.root
         -> 1,475 vertices (2,835 trig, 1,274 trig+kin events)
  [2800/3120] nano_2800.root
         -> 1,482 vertices (2,866 trig, 1,280 trig+kin events)
  [2801/3120] nano_2801.root
         -> 1,130 vertices (2,272 trig, 930 trig+kin events)
  [2802/3120] nano_2802.root
         -> 798 vertices (1,493 trig, 680 trig+kin events)
  [2803/3120] nano_2803.root
         -> 1,495 vertices (2,857 trig, 1,240 trig+kin events)
  [2804/3120] nano_2804.root
         -> 1,425 vertices (2,678 trig, 1,185 trig+kin events)
  [2805/3120] nano_2805.root
         -> 685 vertices (1,448 trig, 610 trig+kin events)
  [2806/3120] nano_2806.root
         -> 1,357 vertices (2,785 trig, 1,217 trig+kin events)
  [2807/3120] nano_2807.root
         -> 1,455 vertices (2,828 trig, 1,228 trig+kin events)
  [2808/3120] nano_2808.root
         -> 658 vertices (1,446 trig, 567 trig+kin events)
  [2809/3120] nano_2809.root
         -> 1,353 vertices (2,848 trig, 1,231 trig+kin events)
  [2810/3120] nano_2810.root
         -> 1,498 vertices (2,820 trig, 1,238 trig+kin events)
  [2811/3120] nano_2811.root
         -> 930 vertices (1,921 trig, 814 trig+kin events)
  [2812/3120] nano_2812.root
         -> 779 vertices (1,479 trig, 624 trig+kin events)
  [2813/3120] nano_2813.root
         -> 1,476 vertices (2,853 trig, 1,205 trig+kin events)
  [2814/3120] nano_2814.root
         -> 1,322 vertices (2,750 trig, 1,152 trig+kin events)
  [2815/3120] nano_2815.root
         -> 1,140 vertices (2,230 trig, 945 trig+kin events)
  [2816/3120] nano_2816.root
         -> 1,432 vertices (2,791 trig, 1,197 trig+kin events)
  [2817/3120] nano_2817.root
         -> 1,479 vertices (2,840 trig, 1,230 trig+kin events)
  [2818/3120] nano_2818.root
         -> 1,491 vertices (2,902 trig, 1,264 trig+kin events)
  [2819/3120] nano_2819.root
         -> 1,364 vertices (2,782 trig, 1,182 trig+kin events)
  [2820/3120] nano_2820.root
         -> 788 vertices (1,585 trig, 699 trig+kin events)
  [2821/3120] nano_2821.root
         -> 1,389 vertices (2,740 trig, 1,151 trig+kin events)
  [2822/3120] nano_2822.root
         -> 1,413 vertices (2,845 trig, 1,224 trig+kin events)
  [2823/3120] nano_2823.root
         -> 1,102 vertices (2,005 trig, 885 trig+kin events)
  [2824/3120] nano_2824.root
         -> 1,327 vertices (2,792 trig, 1,196 trig+kin events)
  [2825/3120] nano_2825.root
         -> 1,358 vertices (2,834 trig, 1,128 trig+kin events)
  [2826/3120] nano_2826.root
         -> 1,483 vertices (2,773 trig, 1,236 trig+kin events)
  [2827/3120] nano_2827.root
         -> 947 vertices (1,912 trig, 796 trig+kin events)
  [2828/3120] nano_2828.root
         -> 1,450 vertices (2,779 trig, 1,222 trig+kin events)
  [2829/3120] nano_2829.root
         -> 1,401 vertices (2,810 trig, 1,171 trig+kin events)
  [2830/3120] nano_2830.root
         -> 1,390 vertices (2,804 trig, 1,232 trig+kin events)
  [2831/3120] nano_2831.root
         -> 754 vertices (1,497 trig, 635 trig+kin events)
  [2832/3120] nano_2832.root
         -> 1,144 vertices (2,314 trig, 1,005 trig+kin events)
  [2833/3120] nano_2833.root
         -> 1,385 vertices (2,709 trig, 1,196 trig+kin events)
  [2834/3120] nano_2834.root
         -> 1,414 vertices (2,729 trig, 1,214 trig+kin events)
  [2835/3120] nano_2835.root
         -> 1,386 vertices (2,746 trig, 1,181 trig+kin events)
  [2836/3120] nano_2836.root
         -> 1,257 vertices (2,501 trig, 1,094 trig+kin events)
  [2837/3120] nano_2837.root
         -> 238 vertices (460 trig, 202 trig+kin events)
  [2838/3120] nano_2838.root
         -> 1,324 vertices (2,770 trig, 1,180 trig+kin events)
  [2839/3120] nano_2839.root
         -> 1,452 vertices (2,835 trig, 1,237 trig+kin events)
  [2840/3120] nano_2840.root
         -> 790 vertices (1,479 trig, 651 trig+kin events)
  [2841/3120] nano_2841.root
         -> 1,570 vertices (2,833 trig, 1,227 trig+kin events)
  [2842/3120] nano_2842.root
         -> 1,410 vertices (2,833 trig, 1,201 trig+kin events)
  [2843/3120] nano_2843.root
         -> 724 vertices (1,475 trig, 602 trig+kin events)
  [2844/3120] nano_2844.root
         -> 944 vertices (1,891 trig, 837 trig+kin events)
  [2845/3120] nano_2845.root
         -> 793 vertices (1,477 trig, 663 trig+kin events)
  [2846/3120] nano_2846.root
         -> 977 vertices (2,086 trig, 883 trig+kin events)
  [2847/3120] nano_2847.root
         -> 1,103 vertices (2,149 trig, 940 trig+kin events)
  [2848/3120] nano_2848.root
         -> 1,405 vertices (2,760 trig, 1,197 trig+kin events)
  [2849/3120] nano_2849.root
         -> 1,366 vertices (2,837 trig, 1,180 trig+kin events)
  [2850/3120] nano_2850.root
         -> 1,388 vertices (2,860 trig, 1,228 trig+kin events)
  [2851/3120] nano_2851.root
         -> 1,418 vertices (2,784 trig, 1,190 trig+kin events)
  [2852/3120] nano_2852.root
         -> 1,542 vertices (2,882 trig, 1,271 trig+kin events)
  [2853/3120] nano_2853.root
         -> 1,373 vertices (2,838 trig, 1,161 trig+kin events)
  [2854/3120] nano_2854.root
         -> 967 vertices (2,044 trig, 852 trig+kin events)
  [2855/3120] nano_2855.root
         -> 52 vertices (95 trig, 38 trig+kin events)
  [2856/3120] nano_2856.root
         -> 77 vertices (140 trig, 59 trig+kin events)
  [2857/3120] nano_2857.root
         -> 576 vertices (1,138 trig, 495 trig+kin events)
  [2858/3120] nano_2858.root
         -> 534 vertices (1,096 trig, 471 trig+kin events)
  [2859/3120] nano_2859.root
         -> 771 vertices (1,648 trig, 696 trig+kin events)
  [2860/3120] nano_2860.root
         -> 743 vertices (1,502 trig, 646 trig+kin events)
  [2861/3120] nano_2861.root
         -> 888 vertices (1,706 trig, 764 trig+kin events)
  [2862/3120] nano_2862.root
         -> 898 vertices (1,788 trig, 748 trig+kin events)
  [2863/3120] nano_2863.root
         -> 1,151 vertices (2,237 trig, 959 trig+kin events)
  [2864/3120] nano_2864.root
         -> 1,403 vertices (2,784 trig, 1,201 trig+kin events)
  [2865/3120] nano_2865.root
         -> 1,063 vertices (1,945 trig, 880 trig+kin events)
  [2866/3120] nano_2866.root
         -> 845 vertices (1,753 trig, 733 trig+kin events)
  [2867/3120] nano_2867.root
         -> 873 vertices (1,697 trig, 747 trig+kin events)
  [2868/3120] nano_2868.root
         -> 861 vertices (1,741 trig, 775 trig+kin events)
  [2869/3120] nano_2869.root
         -> 786 vertices (1,468 trig, 602 trig+kin events)
  [2870/3120] nano_2870.root
         -> 774 vertices (1,450 trig, 650 trig+kin events)
  [2871/3120] nano_2871.root
         -> 739 vertices (1,436 trig, 633 trig+kin events)
  [2872/3120] nano_2872.root
         -> 809 vertices (1,508 trig, 669 trig+kin events)
  [2873/3120] nano_2873.root
         -> 806 vertices (1,606 trig, 688 trig+kin events)
  [2874/3120] nano_2874.root
         -> 717 vertices (1,437 trig, 613 trig+kin events)
  [2875/3120] nano_2875.root
         -> 721 vertices (1,562 trig, 644 trig+kin events)
  [2876/3120] nano_2876.root
         -> 812 vertices (1,504 trig, 658 trig+kin events)
  [2877/3120] nano_2877.root
         -> 36 vertices (50 trig, 29 trig+kin events)
  [2878/3120] nano_2878.root
         -> 720 vertices (1,491 trig, 621 trig+kin events)
  [2879/3120] nano_2879.root
         -> 875 vertices (1,635 trig, 718 trig+kin events)
  [2880/3120] nano_2880.root
         -> 752 vertices (1,502 trig, 627 trig+kin events)
  [2881/3120] nano_2881.root
         -> 743 vertices (1,521 trig, 653 trig+kin events)
  [2882/3120] nano_2882.root
         -> 797 vertices (1,619 trig, 722 trig+kin events)
  [2883/3120] nano_2883.root
         -> 1,136 vertices (2,331 trig, 1,009 trig+kin events)
  [2884/3120] nano_2884.root
         -> 688 vertices (1,487 trig, 610 trig+kin events)
  [2885/3120] nano_2885.root
         -> 732 vertices (1,497 trig, 637 trig+kin events)
  [2886/3120] nano_2886.root
         -> 447 vertices (865 trig, 370 trig+kin events)
  [2887/3120] nano_2887.root
         -> 797 vertices (1,533 trig, 670 trig+kin events)
  [2888/3120] nano_2888.root
         -> 888 vertices (1,766 trig, 762 trig+kin events)
  [2889/3120] nano_2889.root
         -> 942 vertices (1,820 trig, 795 trig+kin events)
  [2890/3120] nano_2890.root
         -> 767 vertices (1,465 trig, 620 trig+kin events)
  [2891/3120] nano_2891.root
         -> 804 vertices (1,555 trig, 673 trig+kin events)
  [2892/3120] nano_2892.root
         -> 814 vertices (1,526 trig, 683 trig+kin events)
  [2893/3120] nano_2893.root
         -> 794 vertices (1,601 trig, 718 trig+kin events)
  [2894/3120] nano_2894.root
         -> 652 vertices (1,382 trig, 599 trig+kin events)
  [2895/3120] nano_2895.root
         -> 521 vertices (1,095 trig, 467 trig+kin events)
  [2896/3120] nano_2896.root
         -> 731 vertices (1,487 trig, 619 trig+kin events)
  [2897/3120] nano_2897.root
         -> 1,118 vertices (2,191 trig, 930 trig+kin events)
  [2898/3120] nano_2898.root
         -> 1,110 vertices (2,218 trig, 955 trig+kin events)
  [2899/3120] nano_2899.root
         -> 816 vertices (1,485 trig, 647 trig+kin events)
  [2900/3120] nano_2900.root
         -> 724 vertices (1,468 trig, 635 trig+kin events)
  [2901/3120] nano_2901.root
         -> 205 vertices (374 trig, 172 trig+kin events)
  [2902/3120] nano_2902.root
         -> 862 vertices (1,680 trig, 733 trig+kin events)
  [2903/3120] nano_2903.root
         -> 945 vertices (1,737 trig, 755 trig+kin events)
  [2904/3120] nano_2904.root
         -> 1,163 vertices (2,239 trig, 976 trig+kin events)
  [2905/3120] nano_2905.root
         -> 886 vertices (1,671 trig, 715 trig+kin events)
  [2906/3120] nano_2906.root
         -> 1,237 vertices (2,302 trig, 989 trig+kin events)
  [2907/3120] nano_2907.root
         -> 1,163 vertices (2,342 trig, 984 trig+kin events)
  [2908/3120] nano_2908.root
         -> 1,520 vertices (2,898 trig, 1,266 trig+kin events)
  [2909/3120] nano_2909.root
         -> 695 vertices (1,490 trig, 619 trig+kin events)
  [2910/3120] nano_2910.root
         -> 1,154 vertices (2,472 trig, 1,028 trig+kin events)
  [2911/3120] nano_2911.root
         -> 943 vertices (1,948 trig, 833 trig+kin events)
  [2912/3120] nano_2912.root
         -> 1,040 vertices (2,186 trig, 889 trig+kin events)
  [2913/3120] nano_2913.root
         -> 1,192 vertices (2,206 trig, 990 trig+kin events)
  [2914/3120] nano_2914.root
         -> 1,236 vertices (2,331 trig, 1,009 trig+kin events)
  [2915/3120] nano_2915.root
         -> 871 vertices (1,855 trig, 793 trig+kin events)
  [2916/3120] nano_2916.root
         -> 885 vertices (1,665 trig, 696 trig+kin events)
  [2917/3120] nano_2917.root
         -> 1,245 vertices (2,548 trig, 1,076 trig+kin events)
  [2918/3120] nano_2918.root
         -> 785 vertices (1,588 trig, 670 trig+kin events)
  [2919/3120] nano_2919.root
         -> 1,136 vertices (2,303 trig, 978 trig+kin events)
  [2920/3120] nano_2920.root
         -> 1,116 vertices (2,218 trig, 958 trig+kin events)
  [2921/3120] nano_2921.root
         -> 903 vertices (1,744 trig, 744 trig+kin events)
  [2922/3120] nano_2922.root
         -> 1,100 vertices (2,149 trig, 948 trig+kin events)
  [2923/3120] nano_2923.root
         -> 873 vertices (1,743 trig, 724 trig+kin events)
  [2924/3120] nano_2924.root
         -> 1,041 vertices (2,166 trig, 895 trig+kin events)
  [2925/3120] nano_2925.root
         -> 1,044 vertices (2,261 trig, 963 trig+kin events)
  [2926/3120] nano_2926.root
         -> 1,476 vertices (2,943 trig, 1,271 trig+kin events)
  [2927/3120] nano_2927.root
         -> 916 vertices (1,681 trig, 781 trig+kin events)
  [2928/3120] nano_2928.root
         -> 1,115 vertices (2,372 trig, 999 trig+kin events)
  [2929/3120] nano_2929.root
         -> 1,137 vertices (2,284 trig, 961 trig+kin events)
  [2930/3120] nano_2930.root
         -> 839 vertices (1,761 trig, 750 trig+kin events)
  [2931/3120] nano_2931.root
         -> 939 vertices (1,858 trig, 783 trig+kin events)
  [2932/3120] nano_2932.root
         -> 851 vertices (1,603 trig, 712 trig+kin events)
  [2933/3120] nano_2933.root
         -> 449 vertices (879 trig, 365 trig+kin events)
  [2934/3120] nano_2934.root
         -> 1,059 vertices (2,116 trig, 938 trig+kin events)
  [2935/3120] nano_2935.root
         -> 1,031 vertices (2,125 trig, 877 trig+kin events)
  [2936/3120] nano_2936.root
         -> 1,125 vertices (2,232 trig, 960 trig+kin events)
  [2937/3120] nano_2937.root
         -> 1,493 vertices (2,809 trig, 1,221 trig+kin events)
  [2938/3120] nano_2938.root
         -> 743 vertices (1,550 trig, 641 trig+kin events)
  [2939/3120] nano_2939.root
         -> 762 vertices (1,459 trig, 653 trig+kin events)
  [2940/3120] nano_2940.root
         -> 1,068 vertices (1,982 trig, 883 trig+kin events)
  [2941/3120] nano_2941.root
         -> 995 vertices (1,920 trig, 847 trig+kin events)
  [2942/3120] nano_2942.root
         -> 1,039 vertices (2,031 trig, 860 trig+kin events)
  [2943/3120] nano_2943.root
         -> 1,409 vertices (2,831 trig, 1,210 trig+kin events)
  [2944/3120] nano_2944.root
         -> 912 vertices (1,731 trig, 740 trig+kin events)
  [2945/3120] nano_2945.root
         -> 1,371 vertices (2,802 trig, 1,199 trig+kin events)
  [2946/3120] nano_2946.root
         -> 1,319 vertices (2,580 trig, 1,110 trig+kin events)
  [2947/3120] nano_2947.root
         -> 1,280 vertices (2,408 trig, 1,087 trig+kin events)
  [2948/3120] nano_2948.root
         -> 1,421 vertices (2,714 trig, 1,214 trig+kin events)
  [2949/3120] nano_2949.root
         -> 853 vertices (1,681 trig, 714 trig+kin events)
  [2950/3120] nano_2950.root
         -> 837 vertices (1,673 trig, 712 trig+kin events)
  [2951/3120] nano_2951.root
         -> 1,396 vertices (2,788 trig, 1,161 trig+kin events)
  [2952/3120] nano_2952.root
         -> 1,457 vertices (2,803 trig, 1,182 trig+kin events)
  [2953/3120] nano_2953.root
         -> 1,376 vertices (2,798 trig, 1,216 trig+kin events)
  [2954/3120] nano_2954.root
         -> 114 vertices (189 trig, 82 trig+kin events)
  [2955/3120] nano_2955.root
         -> 1,415 vertices (2,731 trig, 1,196 trig+kin events)
  [2956/3120] nano_2956.root
         -> 845 vertices (1,732 trig, 722 trig+kin events)
  [2957/3120] nano_2957.root
         -> 1,255 vertices (2,566 trig, 1,107 trig+kin events)
  [2958/3120] nano_2958.root
         -> 1,465 vertices (2,830 trig, 1,235 trig+kin events)
  [2959/3120] nano_2959.root
         -> 946 vertices (1,934 trig, 813 trig+kin events)
  [2960/3120] nano_2960.root
         -> 797 vertices (1,572 trig, 674 trig+kin events)
  [2961/3120] nano_2961.root
         -> 877 vertices (1,680 trig, 727 trig+kin events)
  [2962/3120] nano_2962.root
         -> 806 vertices (1,527 trig, 690 trig+kin events)
  [2963/3120] nano_2963.root
         -> 1,355 vertices (2,677 trig, 1,190 trig+kin events)
  [2964/3120] nano_2964.root
         -> 991 vertices (2,069 trig, 862 trig+kin events)
  [2965/3120] nano_2965.root
         -> 1,090 vertices (2,097 trig, 896 trig+kin events)
  [2966/3120] nano_2966.root
         -> 738 vertices (1,452 trig, 617 trig+kin events)
  [2967/3120] nano_2967.root
         -> 1,217 vertices (2,345 trig, 1,028 trig+kin events)
  [2968/3120] nano_2968.root
         -> 1,459 vertices (2,879 trig, 1,247 trig+kin events)
  [2969/3120] nano_2969.root
         -> 1,309 vertices (2,685 trig, 1,104 trig+kin events)
  [2970/3120] nano_2970.root
         -> 1,230 vertices (2,569 trig, 1,097 trig+kin events)
  [2971/3120] nano_2971.root
         -> 1,232 vertices (2,371 trig, 1,035 trig+kin events)
  [2972/3120] nano_2972.root
         -> 1,395 vertices (2,800 trig, 1,241 trig+kin events)
  [2973/3120] nano_2973.root
         -> 1,323 vertices (2,562 trig, 1,103 trig+kin events)
  [2974/3120] nano_2974.root
         -> 1,102 vertices (2,216 trig, 952 trig+kin events)
  [2975/3120] nano_2975.root
         -> 1,413 vertices (2,654 trig, 1,195 trig+kin events)
  [2976/3120] nano_2976.root
         -> 1,288 vertices (2,594 trig, 1,108 trig+kin events)
  [2977/3120] nano_2977.root
         -> 1,402 vertices (2,780 trig, 1,202 trig+kin events)
  [2978/3120] nano_2978.root
         -> 975 vertices (1,965 trig, 821 trig+kin events)
  [2979/3120] nano_2979.root
         -> 977 vertices (1,974 trig, 837 trig+kin events)
  [2980/3120] nano_2980.root
         -> 1,338 vertices (2,788 trig, 1,184 trig+kin events)
  [2981/3120] nano_2981.root
         -> 1,450 vertices (2,723 trig, 1,199 trig+kin events)
  [2982/3120] nano_2982.root
         -> 1,396 vertices (2,796 trig, 1,207 trig+kin events)
  [2983/3120] nano_2983.root
         -> 1,123 vertices (2,191 trig, 941 trig+kin events)
  [2984/3120] nano_2984.root
         -> 1,515 vertices (2,965 trig, 1,260 trig+kin events)
  [2985/3120] nano_2985.root
         -> 1,024 vertices (2,186 trig, 891 trig+kin events)
  [2986/3120] nano_2986.root
         -> 1,158 vertices (2,428 trig, 1,034 trig+kin events)
  [2987/3120] nano_2987.root
         -> 1,020 vertices (1,865 trig, 809 trig+kin events)
  [2988/3120] nano_2988.root
         -> 1,141 vertices (2,335 trig, 1,016 trig+kin events)
  [2989/3120] nano_2989.root
         -> 1,325 vertices (2,745 trig, 1,181 trig+kin events)
  [2990/3120] nano_2990.root
         -> 1,515 vertices (2,829 trig, 1,205 trig+kin events)
  [2991/3120] nano_2991.root
         -> 1,405 vertices (2,802 trig, 1,180 trig+kin events)
  [2992/3120] nano_2992.root
         -> 1,446 vertices (2,854 trig, 1,214 trig+kin events)
  [2993/3120] nano_2993.root
         -> 1,130 vertices (2,301 trig, 956 trig+kin events)
  [2994/3120] nano_2994.root
         -> 1,205 vertices (2,302 trig, 1,004 trig+kin events)
  [2995/3120] nano_2995.root
         -> 1,416 vertices (2,837 trig, 1,232 trig+kin events)
  [2996/3120] nano_2996.root
         -> 959 vertices (1,928 trig, 814 trig+kin events)
  [2997/3120] nano_2997.root
         -> 1,001 vertices (1,954 trig, 842 trig+kin events)
  [2998/3120] nano_2998.root
         -> 1,384 vertices (2,818 trig, 1,200 trig+kin events)
  [2999/3120] nano_2999.root
         -> 753 vertices (1,563 trig, 690 trig+kin events)
  [3000/3120] nano_3000.root
         -> 783 vertices (1,516 trig, 649 trig+kin events)
  [3001/3120] nano_3001.root
         -> 1,422 vertices (2,813 trig, 1,235 trig+kin events)
  [3002/3120] nano_3002.root
         -> 1,086 vertices (2,234 trig, 967 trig+kin events)
  [3003/3120] nano_3003.root
         -> 934 vertices (1,814 trig, 823 trig+kin events)
  [3004/3120] nano_3004.root
         -> 1,422 vertices (2,719 trig, 1,177 trig+kin events)
  [3005/3120] nano_3005.root
         -> 780 vertices (1,549 trig, 671 trig+kin events)
  [3006/3120] nano_3006.root
         -> 1,022 vertices (2,094 trig, 899 trig+kin events)
  [3007/3120] nano_3007.root
         -> 1,133 vertices (2,254 trig, 972 trig+kin events)
  [3008/3120] nano_3008.root
         -> 1,074 vertices (2,256 trig, 950 trig+kin events)
  [3009/3120] nano_3009.root
         -> 735 vertices (1,447 trig, 639 trig+kin events)
  [3010/3120] nano_3010.root
         -> 218 vertices (420 trig, 172 trig+kin events)
  [3011/3120] nano_3011.root
         -> 755 vertices (1,539 trig, 651 trig+kin events)
  [3012/3120] nano_3012.root
         -> 1,083 vertices (2,193 trig, 931 trig+kin events)
  [3013/3120] nano_3013.root
         -> 1,365 vertices (2,596 trig, 1,116 trig+kin events)
  [3014/3120] nano_3014.root
         -> 1,439 vertices (2,782 trig, 1,167 trig+kin events)
  [3015/3120] nano_3015.root
         -> 926 vertices (1,813 trig, 768 trig+kin events)
  [3016/3120] nano_3016.root
         -> 1,195 vertices (2,350 trig, 1,018 trig+kin events)
  [3017/3120] nano_3017.root
         -> 843 vertices (1,652 trig, 731 trig+kin events)
  [3018/3120] nano_3018.root
         -> 741 vertices (1,571 trig, 627 trig+kin events)
  [3019/3120] nano_3019.root
         -> 726 vertices (1,544 trig, 659 trig+kin events)
  [3020/3120] nano_3020.root
         -> 932 vertices (1,797 trig, 779 trig+kin events)
  [3021/3120] nano_3021.root
         -> 1,187 vertices (2,287 trig, 993 trig+kin events)
  [3022/3120] nano_3022.root
         -> 1,280 vertices (2,442 trig, 1,104 trig+kin events)
  [3023/3120] nano_3023.root
         -> 867 vertices (1,801 trig, 781 trig+kin events)
  [3024/3120] nano_3024.root
         -> 1,380 vertices (2,706 trig, 1,159 trig+kin events)
  [3025/3120] nano_3025.root
         -> 861 vertices (1,643 trig, 692 trig+kin events)
  [3026/3120] nano_3026.root
         -> 1,307 vertices (2,650 trig, 1,147 trig+kin events)
  [3027/3120] nano_3027.root
         -> 1,200 vertices (2,451 trig, 1,017 trig+kin events)
  [3028/3120] nano_3028.root
         -> 898 vertices (1,767 trig, 754 trig+kin events)
  [3029/3120] nano_3029.root
         -> 863 vertices (1,737 trig, 730 trig+kin events)
  [3030/3120] nano_3030.root
         -> 1,468 vertices (2,736 trig, 1,190 trig+kin events)
  [3031/3120] nano_3031.root
         -> 722 vertices (1,500 trig, 643 trig+kin events)
  [3032/3120] nano_3032.root
         -> 950 vertices (1,878 trig, 807 trig+kin events)
  [3033/3120] nano_3033.root
         -> 212 vertices (431 trig, 188 trig+kin events)
  [3034/3120] nano_3034.root
         -> 835 vertices (1,653 trig, 720 trig+kin events)
  [3035/3120] nano_3035.root
         -> 774 vertices (1,512 trig, 628 trig+kin events)
  [3036/3120] nano_3036.root
         -> 893 vertices (1,717 trig, 749 trig+kin events)
  [3037/3120] nano_3037.root
         -> 905 vertices (1,612 trig, 721 trig+kin events)
  [3038/3120] nano_3038.root
         -> 1,153 vertices (2,304 trig, 1,003 trig+kin events)
  [3039/3120] nano_3039.root
         -> 1,339 vertices (2,746 trig, 1,182 trig+kin events)
  [3040/3120] nano_3040.root
         -> 924 vertices (1,815 trig, 769 trig+kin events)
  [3041/3120] nano_3041.root
         -> 736 vertices (1,444 trig, 623 trig+kin events)
  [3042/3120] nano_3042.root
         -> 142 vertices (238 trig, 120 trig+kin events)
  [3043/3120] nano_3043.root
         -> 751 vertices (1,525 trig, 636 trig+kin events)
  [3044/3120] nano_3044.root
         -> 1,153 vertices (2,178 trig, 961 trig+kin events)
  [3045/3120] nano_3045.root
         -> 886 vertices (1,711 trig, 728 trig+kin events)
  [3046/3120] nano_3046.root
         -> 745 vertices (1,538 trig, 672 trig+kin events)
  [3047/3120] nano_3047.root
         -> 1,208 vertices (2,470 trig, 1,041 trig+kin events)
  [3048/3120] nano_3048.root
         -> 744 vertices (1,540 trig, 661 trig+kin events)
  [3049/3120] nano_3049.root
         -> 1,014 vertices (1,984 trig, 863 trig+kin events)
  [3050/3120] nano_3050.root
         -> 993 vertices (1,847 trig, 789 trig+kin events)
  [3051/3120] nano_3051.root
         -> 974 vertices (1,841 trig, 808 trig+kin events)
  [3052/3120] nano_3052.root
         -> 882 vertices (1,609 trig, 713 trig+kin events)
  [3053/3120] nano_3053.root
         -> 1,223 vertices (2,479 trig, 1,080 trig+kin events)
  [3054/3120] nano_3054.root
         -> 314 vertices (638 trig, 274 trig+kin events)
  [3055/3120] nano_3055.root
         -> 585 vertices (1,109 trig, 496 trig+kin events)
  [3056/3120] nano_3056.root
         -> 1,410 vertices (2,744 trig, 1,209 trig+kin events)
  [3057/3120] nano_3057.root
         -> 156 vertices (353 trig, 141 trig+kin events)
  [3058/3120] nano_3058.root
         -> 845 vertices (1,679 trig, 733 trig+kin events)
  [3059/3120] nano_3059.root
         -> 881 vertices (1,742 trig, 756 trig+kin events)
  [3060/3120] nano_3060.root
         -> 912 vertices (1,734 trig, 762 trig+kin events)
  [3061/3120] nano_3061.root
         -> 1,442 vertices (2,817 trig, 1,232 trig+kin events)
  [3062/3120] nano_3062.root
         -> 997 vertices (2,035 trig, 896 trig+kin events)
  [3063/3120] nano_3063.root
         -> 1,043 vertices (1,893 trig, 829 trig+kin events)
  [3064/3120] nano_3064.root
         -> 1,171 vertices (2,413 trig, 1,029 trig+kin events)
  [3065/3120] nano_3065.root
         -> 877 vertices (1,661 trig, 731 trig+kin events)
  [3066/3120] nano_3066.root
         -> 747 vertices (1,447 trig, 628 trig+kin events)
  [3067/3120] nano_3067.root
         -> 767 vertices (1,418 trig, 614 trig+kin events)
  [3068/3120] nano_3068.root
         -> 751 vertices (1,717 trig, 690 trig+kin events)
  [3069/3120] nano_3069.root
         -> 764 vertices (1,633 trig, 687 trig+kin events)
  [3070/3120] nano_3070.root
         -> 921 vertices (1,545 trig, 669 trig+kin events)
  [3071/3120] nano_3071.root
         -> 538 vertices (1,131 trig, 473 trig+kin events)
  [3072/3120] nano_3072.root
         -> 137 vertices (275 trig, 124 trig+kin events)
  [3073/3120] nano_3073.root
         -> 831 vertices (1,634 trig, 693 trig+kin events)
  [3074/3120] nano_3074.root
         -> 1,494 vertices (2,847 trig, 1,259 trig+kin events)
  [3075/3120] nano_3075.root
         -> 914 vertices (1,912 trig, 862 trig+kin events)
  [3076/3120] nano_3076.root
         -> 1,515 vertices (2,863 trig, 1,252 trig+kin events)
  [3077/3120] nano_3077.root
         -> 20 vertices (39 trig, 19 trig+kin events)
  [3078/3120] nano_3078.root
         -> 974 vertices (1,937 trig, 807 trig+kin events)
  [3079/3120] nano_3079.root
         -> 1,339 vertices (2,827 trig, 1,190 trig+kin events)
  [3080/3120] nano_3080.root
         -> 210 vertices (391 trig, 162 trig+kin events)
  [3081/3120] nano_3081.root
         -> 1,447 vertices (2,785 trig, 1,229 trig+kin events)
  [3082/3120] nano_3082.root
         -> 198 vertices (354 trig, 153 trig+kin events)
  [3083/3120] nano_3083.root
         -> 1,079 vertices (2,186 trig, 919 trig+kin events)
  [3084/3120] nano_3084.root
         -> 1,548 vertices (2,951 trig, 1,299 trig+kin events)
  [3085/3120] nano_3085.root
         -> 1,038 vertices (1,997 trig, 877 trig+kin events)
  [3086/3120] nano_3086.root
         -> 1,404 vertices (2,822 trig, 1,188 trig+kin events)
  [3087/3120] nano_3087.root
         -> 1,477 vertices (2,837 trig, 1,244 trig+kin events)
  [3088/3120] nano_3088.root
         -> 847 vertices (1,636 trig, 720 trig+kin events)
  [3089/3120] nano_3089.root
         -> 926 vertices (1,838 trig, 791 trig+kin events)
  [3090/3120] nano_3090.root
         -> 1,406 vertices (2,721 trig, 1,143 trig+kin events)
  [3091/3120] nano_3091.root
         -> 1,387 vertices (2,880 trig, 1,207 trig+kin events)
  [3092/3120] nano_3092.root
         -> 850 vertices (1,542 trig, 672 trig+kin events)
  [3093/3120] nano_3093.root
         -> 847 vertices (1,764 trig, 751 trig+kin events)
  [3094/3120] nano_3094.root
         -> 799 vertices (1,559 trig, 668 trig+kin events)
  [3095/3120] nano_3095.root
         -> 702 vertices (1,483 trig, 658 trig+kin events)
  [3096/3120] nano_3096.root
         -> 1,169 vertices (2,295 trig, 1,013 trig+kin events)
  [3097/3120] nano_3097.root
         -> 1,113 vertices (2,163 trig, 942 trig+kin events)
  [3098/3120] nano_3098.root
         -> 1,027 vertices (2,087 trig, 928 trig+kin events)
  [3099/3120] nano_3099.root
         -> 823 vertices (1,700 trig, 727 trig+kin events)
  [3100/3120] nano_3100.root
         -> 111 vertices (187 trig, 84 trig+kin events)
  [3101/3120] nano_3101.root
         -> 1,517 vertices (2,777 trig, 1,174 trig+kin events)
  [3102/3120] nano_3102.root
         -> 1,381 vertices (2,717 trig, 1,189 trig+kin events)
  [3103/3120] nano_3103.root
         -> 1,338 vertices (2,761 trig, 1,199 trig+kin events)
  [3104/3120] nano_3104.root
         -> 1,410 vertices (2,788 trig, 1,200 trig+kin events)
  [3105/3120] nano_3105.root
         -> 1,095 vertices (2,196 trig, 940 trig+kin events)
  [3106/3120] nano_3106.root
         -> 1,215 vertices (2,265 trig, 999 trig+kin events)
  [3107/3120] nano_3107.root
         -> 746 vertices (1,433 trig, 661 trig+kin events)
  [3108/3120] nano_3108.root
         -> 662 vertices (1,424 trig, 622 trig+kin events)
  [3109/3120] nano_3109.root
         -> 857 vertices (1,769 trig, 752 trig+kin events)
  [3110/3120] nano_3110.root
         -> 739 vertices (1,648 trig, 682 trig+kin events)
  [3111/3120] nano_3111.root
         -> 1,048 vertices (1,915 trig, 874 trig+kin events)
  [3112/3120] nano_3112.root
         -> 1,371 vertices (2,823 trig, 1,221 trig+kin events)
  [3113/3120] nano_3113.root
         -> 1,427 vertices (2,818 trig, 1,206 trig+kin events)
  [3114/3120] nano_3114.root
         -> 1,413 vertices (2,743 trig, 1,197 trig+kin events)
  [3115/3120] nano_3115.root
         -> 1,511 vertices (2,814 trig, 1,221 trig+kin events)
  [3116/3120] nano_3116.root
         -> 1,321 vertices (2,881 trig, 1,233 trig+kin events)
  [3117/3120] nano_3117.root
         -> 1,408 vertices (2,787 trig, 1,189 trig+kin events)
  [3118/3120] nano_3118.root
         -> 1,088 vertices (2,136 trig, 918 trig+kin events)
  [3119/3120] nano_3119.root
         -> 433 vertices (922 trig, 394 trig+kin events)
  [3120/3120] nano_3120.root
         -> 1,423 vertices (2,800 trig, 1,202 trig+kin events)

Saved QCD shard: /vols/cms/jtafoyav/parking/nanoaod_base_analysis_13/dqcd/_tools/shards_local/.tmp_1270478_qcd_QCD_Bin-PT-120to170_Fil-MuEnriched_TuneCP5_13p6TeV_pythia8.npz  (QCD_Bin-PT-120to170_Fil-MuEnriched_TuneCP5_13p6TeV_pythia8, 3,491,525 vertices)
